id_cliente,nombre,correo,telefono,ciudad,fecha_alta,canal_registro,es_premium,telefono_secundario,fax,codigo_interno_legacy,usuario_sistema
2006,Itzel Ramirez,itzel.ramirez@yahoo.com.mx,5564883266,Qro.,2025-03-07,app_movil,No,5539586348,559331,LEG-15150,
1942,Citlali Martinez,citlali.martinez@outlook.com,5569217862,Veracruz,09/01/2024,web,False,5518843721,557926,LEG-10248,
3,Alonso Ortiz,alonso.ortiz@yahoo.com.mx,,Monterrey,2025-03-31,tienda_fisica,false,5516004985,556146,LEG-87261,
1125,Victor Ramirez,victor.ramirez@outlook.com,5534536938,Guad.,04/21/2025,web,No,5568827276,555515,LEG-24375,
1173,Natalia Navarro,natalia.navarro@hotmail.com,5560406256,Ciudad de Mexico,2025-06-03,tienda_fisica,False,5562735655,554558,LEG-99752,
1993,Regina Rodriguez,regina.rodriguez@yahoo.com.mx,5572292358,Tijuana,2025-04-03,tienda_fisica,0,5544231399,551574,LEG-67751,
1026,Paola Herrera,paola.herrera@gmail.com,5562114361,GUADALAJARA,16/03/2024,app_movil,1,5531942198,557759,LEG-43422,usr_1026
1183,ERNESTO VEGA,ernesto.vega@novatech.mx,5551759300,leon,2025-07-28 00:00:00,app_movil,No,5563034381,559974,LEG-44985,
1623,Leandro Ortiz,leandro.ortiz@novatech.mx,5522605452,Puebla de Zaragoza,2024-11-26,tienda_fisica,No,5518922709,555135,LEG-73616,
1324,Ricardo Cruz,ricardo.cruz@gmail.com,5538979016,leon,26-04-2024,app_movil,false,5534201931,553091,LEG-12527,
512,Leticia Perez,leticia.perez@hotmail.com,5511779048,Ver.,22 de septiembre de 2024,app_movil,Si,5522454660,557869,LEG-31176,usr_512
698,Javier Solis,javier.solis@novatech.mx,5588828683,TIJUANA,11-05-2025,tienda_fisica,1,5556691834,554296,LEG-11823,
1774,Diana Cruz,diana.cruz@hotmail.com,5514053539,GDL,16 de enero de 2024,app_movil,TRUE,5515792752,557935,LEG-58547,
1631,Lorena Rodriguez,lorena.rodriguez@outlook.com,5566663639,guadalajara,08-11-2024,app_movil,true,5522414427,556356,LEG-60368,usr_1631
427,Natalia Castillo,natalia.castillo@outlook.com,5565414553,cancun,2024-10-07 00:00:00,web,false,5515174899,552431,LEG-73952,
942,Daniela Flores,daniela.flores@novatech.mx,5519408031, querétaro ,2024-12-24 00:00:00,tienda_fisica,false,5534136045,554846,LEG-49749,
846,Hector Cardona,hector.cardona@yahoo.com.mx,5554135808,monterrey,4 de marzo de 2025,web,Si,5555734834,552071,LEG-74048,usr_846
448,Octavio Lozano,octavio.lozano@yahoo.com.mx,5563489275,Mérida,2024-01-15,app_movil,No,5527346950,559117,LEG-18944,
148,CARLOS RODRIGUEZ,carlos.rodriguez@yahoo.com.mx,5529159624,MÉRIDA,2024-11-01,app_movil,0,5536512690,559162,LEG-77195,
1902,GERARDO REYES,gerardo.reyes@outlook.com,5546414044, Mexico D.F. ,03/05/2024,app_movil,true,5572604938,558874,LEG-80491,
363,Sofia Martinez,sofia.martinez@yahoo.com.mx,5528212942,merida,03/01/2024,tienda_fisica,1,5584161758,559719,LEG-79616,
362,Paola Herrera,paola.herrera@outlook.com,5594067312,leon,15 de enero de 2025,web,1,5556011634,552508,LEG-89957,
1276,Briana Gonzalez,briana.gonzalez@outlook.com,5596546817,VERACRUZ,2024-04-18,web,False,5539945181,555857,LEG-28741,
1651,Emmanuel Morales,emmanuel.morales@outlook.com,5542223701,Tijuana,04-07-2025,tienda_fisica,true,5550785944,559716,LEG-65730,usr_1651
716,OSCAR REYES,oscar.reyes@novatech.mx,5528654939,Cancun,2024-04-14,app_movil,False,5562144037,556872,LEG-57217,usr_716
184,Norma Guerrero,norma.guerrero@hotmail.com,5579192227,Puebla,2025-06-20,app_movil,Si,5585006036,554972,LEG-71256,usr_184
1108,ignacio lozano,ignacio.lozano@novatech.mx,5516356123, querétaro ,2024-04-02,web,0,5535034860,554171,LEG-43785,usr_1108
851,Lorena Rivera,lorena.rivera@hotmail.com,5596996787,QUERÉTARO,2024-02-14 00:00:00,web,1,5558792793,558722,LEG-11117,
1121,Diana Reyes,diana.reyes@hotmail.com,5554819052,Queretaro,2025-05-05,app_movil,true,5547407012,554081,LEG-53944,
1857,Ricardo Rivera,ricardo.rivera@gmail.com,5537344681,Qro.,03/01/2024,app_movil,0,5599556817,554032,LEG-98293,
284,Raul Martinez,raul.martinez@gmail.com,5584331400,guadalajara,14-05-2025,web,1,5554924899,555459,LEG-55171,usr_284
608,Sofia Mendez,sofia.mendez@gmail.com,5540962270,MÉRIDA,08/14/2025,web,TRUE,5563869002,557546,LEG-46562,usr_608
1990,Fernanda Diaz,fernanda.diaz@gmail.com,5536664727,Merida,25/01/2025,tienda_fisica,TRUE,5597074288,555939,LEG-72812,usr_1990
1343,Javier Rodriguez,javier.rodriguez@hotmail.com,5513013835,Mérida,02/06/2024,tienda_fisica,False,5564453471,552282,LEG-38259,
1209,Ernesto Iglesias,ernesto.iglesias@novatech.mx,5549119834,Cancún,09/04/2025,web,Si,5597345518,558625,LEG-50155,
1904,Camila Gomez,camila.gomez@hotmail.com,5591653251,MERIDA,14/04/2025,web,0,5564476357,551740,LEG-77388,
377,Diana Flores,diana.flores@outlook.com,5550229034,guadalajara,19-02-2025,tienda_fisica,Si,5584959083,554931,LEG-79063,
821,Diego Ruiz,diego.ruiz@yahoo.com.mx,5583747365,  Veracruz  ,2024-07-05 00:00:00,app_movil,0,5522551116,551223,LEG-68717,usr_821
712,OCTAVIO TORRES,octavio.torres@hotmail.com,5547311115,cancun,28-11-2024,tienda_fisica,true,5552256394,559788,LEG-85544,
244,Regina Campos,regina.campos@hotmail.com,5525934960,Monterrey,2025-06-24 00:00:00,app_movil,No,5544279519,551360,LEG-80638,
325,Paulina Rodriguez,paulina.rodriguez@outlook.com,5584018283,Monterrey,2024-10-15,app_movil,False,5571194145,553348,LEG-44361,
885,Octavio Sanchez,octavio.sanchez@novatech.mx,5516843355,guadalajara,24/12/2024,tienda_fisica,true,5576692441,557166,LEG-83716,
1943,Emiliano Navarro,emiliano.navarro@gmail.com,5582015667,leon,15/06/2024,tienda_fisica,TRUE,5577723482,558271,LEG-71232,usr_1943
1914,Oscar Torres,oscar.torres@outlook.com,5520584963,Cancun,2024-02-17 00:00:00,web,Si,5537278409,559206,LEG-33851,
1053,VICTOR TORRES,victor.torres@novatech.mx,5567379537,puebla,04/27/2025,web,0,5547228207,555474,LEG-24818,
1597,Maria Delgado,maria.delgado@yahoo.com.mx,5544804232,QUERÉTARO,02/12/2024,tienda_fisica,Si,5518603331,559794,LEG-24293,
1352,hector lozano,hector.lozano@gmail.com,5561783669,Ver.,4 de mayo de 2024,app_movil,No,5578409359,551555,LEG-73101,
1435,Abril Hernandez,abril.hernandez@novatech.mx,5585585229,merida,2025-04-23,web,No,5551735045,555984,LEG-18449,usr_1435
837,ernesto aguilar,ernesto.aguilar@gmail.com,5529827979,Monterrey NL,2024-01-26 00:00:00,tienda_fisica,Si,5514292869,551161,LEG-98557,
1812,Ricardo Delgado,ricardo.delgado@gmail.com,5591702016,monterrey,08/03/2025,tienda_fisica,False,5567318324,552309,LEG-62491,
204,Andres Salazar,andres.salazar@yahoo.com.mx,5522694978,Guad.,10/03/2024,app_movil,TRUE,5593653512,559046,LEG-77133,
1010,NATALIA LOPEZ,natalia.lopez@outlook.com,5547187888,Qro.,23 de septiembre de 2024,app_movil,true,5556541513,551327,LEG-56602,usr_1010
458,Sofia Morales,sofia.morales@outlook.com,5571368527,Monterrey,03-03-2025,web,false,5580333841,551615,LEG-99736,
1381,Guillermo Cardona,guillermo.cardona@hotmail.com,5568003114,Monterrey,16 de enero de 2025,tienda_fisica,false,5559605222,554555,LEG-64893,
598,Diego Contreras,diego.contreras@hotmail.com,5545019120,Puebla de Zaragoza,4 de marzo de 2025,app_movil,true,5512101244,554005,LEG-38356,
304,Ernesto Alvarez,ernesto.alvarez@yahoo.com.mx,5558454355,CANCÚN,2024-06-26,tienda_fisica,Si,5558062404,559259,LEG-45299,usr_304
1727,Sofia Diaz,sofia.diaz@yahoo.com.mx,5517708886,leon,12 de junio de 2024,tienda_fisica,0,5557572889,555131,LEG-36467,
419,Ximena Vega,ximena.vega@hotmail.com,5582636519,QUERÉTARO,20-05-2025,tienda_fisica,Si,5571841007,559848,LEG-80873,
652,Rodrigo Ortiz,rodrigo.ortiz@outlook.com,5511167990,Cancun,29/07/2024,app_movil,TRUE,5557383410,557475,LEG-15860,
647,Daniela Torres,daniela.torres@outlook.com,5570998982,TIJUANA,2025-06-04 00:00:00,tienda_fisica,TRUE,5515822966,552668,LEG-46974,
162,citlali rivera,citlali.rivera@novatech.mx,5532425606,Mexico D.F.,24 de agosto de 2024,app_movil,1,5544445193,558107,LEG-74162,usr_162
1413,Diana Gonzalez,diana.gonzalez@yahoo.com.mx,5575787556,Veracruz,20 de septiembre de 2024,tienda_fisica,true,5531147846,556016,LEG-64596,usr_1413
222,GABRIELA CASTILLO,gabriela.castillo@hotmail.com,5524042073,LEÓN,2024-03-13 00:00:00,web,TRUE,5574766566,553245,LEG-81944,
210,DIANA RIVERA,diana.rivera@yahoo.com.mx,5530316027,CDMX,2025-02-12,web,1,5526811249,558971,LEG-35701,usr_210
477,Victor Salazar,victor.salazar@yahoo.com.mx,5559725596, Mexico D.F. ,2024-06-25 00:00:00,app_movil,Si,5570826271,554659,LEG-43336,
1063,Diego Cardona,diego.cardona@novatech.mx,5595847394,Puebla de Zaragoza,3 de marzo de 2025,web,1,5545761565,554523,LEG-22368,
1934,Samantha Aguilar,samantha.aguilar@yahoo.com.mx,5529916826, Mexico D.F. ,08/09/2024,web,No,5519015318,559720,LEG-49096,
1264,Victor Molina,victor.molina@hotmail.com,5591268963,León Gto,2024-06-14,web,false,5531275315,554541,LEG-25709,
29,itzel aguilar,itzel.aguilar@yahoo.com.mx,5546059982,Puebla de Zaragoza,21/08/2024,tienda_fisica,true,5559169633,553918,LEG-44037,
987,Daniela Campos,daniela.campos@novatech.mx,5530753137,Qro.,2024-12-18,tienda_fisica,0,5583711626,554533,LEG-88132,
903,Regina Solis,regina.solis@outlook.com,5542388473,PUE,31/01/2025,tienda_fisica,False,5533247253,554718,LEG-41792,
1162,Leticia Flores,leticia.flores@hotmail.com,5516752509,León Gto,29 de abril de 2025,app_movil,No,5594068571,554323,LEG-54296,
1788,Paulina Sanchez,paulina.sanchez@outlook.com,5543816080,MTY,2 de abril de 2024,tienda_fisica,true,5543411645,551101,LEG-73216,
16,Fernanda Reyes,fernanda.reyes@outlook.com,5513193675,Ver.,2024-11-29 00:00:00,app_movil,true,5534307343,553363,LEG-59563,
965,Octavio Flores,octavio.flores@outlook.com,5534639828,Tijuana,2024-11-29 00:00:00,web,Si,5590252277,556098,LEG-29574,usr_965
1474,Briana Sanchez,briana.sanchez@hotmail.com,5536164691,PUE,2024-05-11,web,Si,5573943985,551411,LEG-34315,usr_1474
1430,Andres Rojas,andres.rojas@outlook.com,5586491630,MERIDA,07/29/2024,tienda_fisica,0,5516459796,558199,LEG-44483,usr_1430
401,SAMANTHA VARGAS,samantha.vargas@yahoo.com.mx,5522276807,Qro.,01/09/2024,app_movil,No,5572165094,559342,LEG-38693,usr_401
8,Javier Lozano,javier.lozano@hotmail.com,5558355195,CDMX,24-05-2025,app_movil,true,5539238491,551489,LEG-86485,usr_8
1700,IGNACIO SANCHEZ,ignacio.sanchez@hotmail.com,5541109940,QUERÉTARO,14 de mayo de 2025,tienda_fisica,TRUE,5523753141,554783,LEG-77150,
1803,Renata Pineda,renata.pineda@outlook.com,5526219373,Tijuana,2025-02-08,tienda_fisica,Si,5565372010,555464,LEG-27349,
721,SOFIA CAMPOS,sofia.campos@novatech.mx,5565983699,Puebla de Zaragoza,02/01/2025,app_movil,false,5516699756,557971,LEG-90807,
1838,itzel torres,itzel.torres@novatech.mx,5564671857,Tijuana,07/04/2025,web,Si,5590229289,558373,LEG-49270,
686,Gabriela Rendon,gabriela.rendon@outlook.com,5538244840,León Gto,16/06/2025,tienda_fisica,false,5551109584,553139,LEG-10624,usr_686
587,Natalia Alvarez,natalia.alvarez@novatech.mx,5535621706,MÉRIDA,2024-05-20,app_movil,1,5543432354,559518,LEG-88330,
1628,Victor Molina,victor.molina@outlook.com,5556929947,puebla,28 de febrero de 2024,tienda_fisica,TRUE,5595961383,551839,LEG-54749,
408,diana navarro,diana.navarro@gmail.com,5561794104,Ver.,28 de junio de 2025,web,Si,5557325350,559058,LEG-13772,
919,Diana Rendon,diana.rendon@gmail.com,5535099524,cancun,2024-12-28,app_movil,Si,5525929894,556272,LEG-72897,usr_919
1795,Ignacio Cardona,ignacio.cardona@outlook.com,5588631712,Monterrey NL,09-06-2025,web,1,5586302616,556010,LEG-24020,
1051,fernanda rendon,fernanda.rendon@hotmail.com,5516808359, querétaro ,06/03/2024,app_movil,false,5529873981,559929,LEG-95038,usr_1051
1011,Julio Cruz,julio.cruz@yahoo.com.mx,5525807956,MTY,18/02/2025,app_movil,0,5590315955,552613,LEG-71054,usr_1011
268,Julio Vargas,julio.vargas@novatech.mx,5519618019,VERACRUZ,2024-11-13,web,true,5568763845,555879,LEG-29904,usr_268
1502,Itzel Perez,itzel.perez@novatech.mx,5524237101,monterrey,2025-05-10 00:00:00,tienda_fisica,1,5550849255,552118,LEG-99938,usr_1502
1841,Javier Contreras,javier.contreras@novatech.mx,5541184054,LEÓN,2025-02-15 00:00:00,web,TRUE,5547519935,558219,LEG-72594,usr_1841
1422,Guillermo Diaz,guillermo.diaz@gmail.com,5582986352,Merida,18-03-2024,web,False,5553823537,555644,LEG-69629,
1032,Renata Rendon,renata.rendon@gmail.com,5540498593,Monterrey,2025-07-31,tienda_fisica,No,5520415220,553469,LEG-61419,usr_1032
273,RAUL SANCHEZ,raul.sanchez@novatech.mx,5525151315,TIJUANA,06-06-2024,app_movil,False,5594458388,551798,LEG-56723,
156,Valeria Ramirez,valeria.ramirez@outlook.com,5520059719,TIJUANA,22 de marzo de 2025,web,true,5598179756,557524,LEG-63043,
1171,Carlos Bautista,carlos.bautista@yahoo.com.mx,5579711939,  Veracruz  ,2024-08-03,web,No,5550324725,551926,LEG-44350,
319,Diana Hernandez,diana.hernandez@novatech.mx,5589313105,Puebla,09-05-2025,app_movil,No,5534994897,553645,LEG-30444,usr_319
1641,miguel vargas,miguel.vargas@gmail.com,5557034019,GDL,09/02/2024,tienda_fisica,No,5577077014,554860,LEG-38119,usr_1641
1821,Leandro Martinez,leandro.martinez@novatech.mx,5547457223,Mérida,05/03/2025,tienda_fisica,0,5586453771,553373,LEG-49225,
122,Diana Rodriguez,diana.rodriguez@novatech.mx,5516855065,  Veracruz  ,2024-07-24,tienda_fisica,true,5535041247,552442,LEG-73394,
1659,Ignacio Gomez,ignacio.gomez@yahoo.com.mx,5588383502,GUADALAJARA,13/08/2025,web,true,5570774904,552935,LEG-43127,
739,sergio campos,sergio.campos@outlook.com,5547751277,Monterrey,2024-08-23,tienda_fisica,true,5578225172,559427,LEG-70154,usr_739
653,Maria Diaz,maria.diaz@novatech.mx,5572239733,cdmx,2025-05-29,app_movil,0,5526823499,555053,LEG-74896,
659,camila reyes,camila.reyes@novatech.mx,5546861597,Monterrey NL,2024-06-13,app_movil,Si,5561878466,552941,LEG-98459,
1292,Valeria Rojas,valeria.rojas@novatech.mx,5529409964,merida,16/12/2024,app_movil,false,5524989147,556472,LEG-19990,
217,Paulina Delgado,paulina.delgado@yahoo.com.mx,5555843020,Ciudad de Mexico,2025-07-21,app_movil,false,5594176222,555666,LEG-87916,usr_217
379,Gerardo Aguilar,gerardo.aguilar@hotmail.com,5576921335,CDMX,04/15/2024,tienda_fisica,TRUE,5585002800,554131,LEG-25850,usr_379
727,Alonso Reyes,alonso.reyes@yahoo.com.mx,5519722802,Cancun,2024-01-18,app_movil,0,5538155402,551831,LEG-18821,
1765,Regina Castillo,regina.castillo@novatech.mx,5510431731,Guadalajara,18-12-2024,web,1,5541766233,551172,LEG-94440,
772,Raul Lozano,raul.lozano@hotmail.com,5525894092,CANCÚN,23/05/2025,web,true,5514178686,551569,LEG-94467,usr_772
1350,Diana Vega,diana.vega@hotmail.com,5596653809,GUADALAJARA,28 de enero de 2025,tienda_fisica,false,5543873180,555015,LEG-79208,
1956,Lorena Cardona,lorena.cardona@hotmail.com,5564343112,cancun,2024-06-05,tienda_fisica,false,5588303532,555347,LEG-77356,usr_1956
1997,Rodrigo Martinez,rodrigo.martinez@outlook.com,5564123389,  Veracruz  ,20/08/2025,tienda_fisica,No,5591352339,559812,LEG-40991,
899,diego ramirez,diego.ramirez@novatech.mx,5550255086,LEÓN,20/08/2025,web,No,5599987060,551015,LEG-79076,usr_899
1414,Paulina Iglesias,paulina.iglesias@gmail.com,5516769990,Mexico D.F.,2025-07-12 00:00:00,app_movil,0,5523904108,551954,LEG-79393,
1843,Camila Ramirez,camila.ramirez@hotmail.com,5576561373,Puebla,08/07/2024,tienda_fisica,true,5526532091,559809,LEG-47278,usr_1843
1416,Mariana Molina,mariana.molina@novatech.mx,5512697179,Queretaro,06-08-2024,web,False,5573782004,556666,LEG-92038,
660,citlali cruz,citlali.cruz@gmail.com,5594289503,Veracruz City,2025-03-31,tienda_fisica,TRUE,5546035921,555497,LEG-40922,
1913,Guillermo Gomez,guillermo.gomez@outlook.com,5549887182,MTY,2025-01-01 00:00:00,web,false,5521159309,558774,LEG-55405,
200,Gerardo Perez,gerardo.perez@yahoo.com.mx,5584104797,Cancún,27/10/2024,web,false,5585614044,555710,LEG-72278,
1815,Mariana Guerrero,mariana.guerrero@gmail.com,5576728312,guadalajara,07/10/2024,tienda_fisica,true,5560277779,551555,LEG-33031,
905,Emiliano Torres,emiliano.torres@outlook.com,5594936359,Tijuana,2025-05-21,web,0,5511335170,554315,LEG-68909,usr_905
2045,Briana Rodriguez,briana.rodriguez@hotmail.com,5510253372,Guadalajara,12 de marzo de 2024,app_movil,1,5519028653,556135,LEG-26411,
335,Ernesto Ruiz,ernesto.ruiz@novatech.mx,5567303190,cancun,2025-02-06,app_movil,0,5535019390,559563,LEG-68698,usr_335
516,Maria Perez,maria.perez@yahoo.com.mx,5533842756,Tijuana,15/01/2025,tienda_fisica,False,5537497924,551989,LEG-51351,
1928,Ximena Campos,ximena.campos@yahoo.com.mx,5569263514,Mérida,2024-10-31,tienda_fisica,False,5565421463,556099,LEG-48347,
53,natalia solis,natalia.solis@hotmail.com,5584702644,TIJUANA,13-01-2025,web,Si,5565555475,551460,LEG-84921,usr_53
1193,Daniela Ortiz,daniela.ortiz@hotmail.com,5577502434,Qro.,09/09/2024,web,TRUE,5562129122,558598,LEG-65450,
683,Emmanuel Alvarez,emmanuel.alvarez@novatech.mx,5519542793,Puebla,10/15/2024,tienda_fisica,false,5592516162,559544,LEG-35155,
74,ximena castillo,ximena.castillo@yahoo.com.mx,5568634555, querétaro ,16/07/2025,web,true,5586878763,557674,LEG-89151,usr_74
1944,Victor Rojas,victor.rojas@outlook.com,5522047794,Leon,2024-11-25,app_movil,0,5566482558,552646,LEG-51721,
1737,Norma Ramirez,norma.ramirez@outlook.com,5510262716,Puebla,07/22/2024,app_movil,0,5532251888,553236,LEG-85929,usr_1737
1415,Diana Perez,diana.perez@novatech.mx,5585784369,Tijuana,2024-05-08,app_movil,0,5550449839,559897,LEG-98863,
1677,Natalia Iglesias,natalia.iglesias@yahoo.com.mx,5581666087,tijuana,2025-07-30,tienda_fisica,1,5511436659,556590,LEG-63152,
1303,Rodrigo Delgado,rodrigo.delgado@outlook.com,5527151949,tijuana,21-08-2024,web,true,5594672231,558401,LEG-48172,usr_1303
998,Diana Jimenez,diana.jimenez@yahoo.com.mx,5515687809,CDMX,2024-08-09,tienda_fisica,true,5543715854,556076,LEG-26145,
625,Abril Lozano,abril.lozano@novatech.mx,5568546680,Puebla de Zaragoza,2024-02-11 00:00:00,web,true,5510041543,558546,LEG-44010,
511,Ana Solis,ana.solis@novatech.mx,5536775945,Monterrey NL,2025-06-01,tienda_fisica,false,5553311364,551585,LEG-64875,usr_511
404,Alonso Ortiz,alonso.ortiz@yahoo.com.mx,5593117107,León Gto,2025-03-02,tienda_fisica,true,5513667106,551963,LEG-57863,usr_404
2008,Victor Molina,victor.molina@hotmail.com,5591268963,León Gto,2024-06-14,web,false,5531275315,554541,LEG-25709,
1635,Mariana Garcia,mariana.garcia@hotmail.com,5581813304,Veracruz,2025-06-14 00:00:00,tienda_fisica,False,5561649532,551617,LEG-93217,
1875,Leticia Torres,leticia.torres@hotmail.com,5570071851,queretaro,2025-03-24 00:00:00,web,TRUE,5511869978,554134,LEG-60425,
612,Natalia Rendon,natalia.rendon@yahoo.com.mx,5551318914,tijuana,11 de julio de 2025,app_movil,Si,5518678881,556935,LEG-22885,
1323,Luis Mendez,luis.mendez@yahoo.com.mx,5588316097,puebla,10/03/2025,web,False,5544603321,552033,LEG-17740,usr_1323
618,norma rodriguez,norma.rodriguez@yahoo.com.mx,5566039641,Puebla de Zaragoza,10/08/2024,app_movil,false,5539665133,551899,LEG-85664,
1263,Lorena Rojas,lorena.rojas@yahoo.com.mx,5526645738,queretaro,01-02-2024,web,No,5553996969,553567,LEG-65650,usr_1263
1161,samantha navarro,samantha.navarro@gmail.com,5599553925,leon,19-02-2025,tienda_fisica,0,5560457464,558943,LEG-21106,
1245,ximena jimenez,ximena.jimenez@gmail.com,5558552303,Qro.,2025-07-08,tienda_fisica,False,5549821522,551682,LEG-70088,usr_1245
774,sofia molina,sofia.molina@outlook.com,5510906191,Qro.,2024-02-03 00:00:00,tienda_fisica,0,5565685423,555407,LEG-75943,
1127,Ignacio Alvarez,ignacio.alvarez@gmail.com,5550768183,MÉRIDA,8 de agosto de 2025,web,1,5544374371,559997,LEG-84032,
1225,Regina Lopez,regina.lopez@yahoo.com.mx,5567819293,MERIDA,14-05-2025,tienda_fisica,No,5572466087,554433,LEG-77984,
868,Diana Rojas,diana.rojas@outlook.com,5583546519,Monterrey NL,2024-02-08,web,No,5574796918,555494,LEG-18327,
1688,Julio Mendez,julio.mendez@yahoo.com.mx,5573851710,queretaro,2025-02-07,tienda_fisica,No,5527033176,557503,LEG-26443,
26,Javier Rojas,javier.rojas@outlook.com,5530187527,MEXICO DF,22/02/2024,tienda_fisica,False,5517887677,554307,LEG-18941,usr_26
1233,Lorena Salazar,lorena.salazar@hotmail.com,5566516522,TIJUANA,2025-05-27,app_movil,False,5511185954,551370,LEG-72236,usr_1233
1238,Samantha Reyes,samantha.reyes@novatech.mx,5585668076,GUADALAJARA,09-04-2025,app_movil,TRUE,5547026772,555094,LEG-69722,
1462,Hector Hernandez,hector.hernandez@hotmail.com,5516092154,Tijuana,01/02/2024,app_movil,false,5510473133,551558,LEG-73592,usr_1462
1747,Mariana Vargas,mariana.vargas@gmail.com,5583451069, Mexico D.F. ,13-04-2025,web,true,5517124316,555950,LEG-43175,
1141,Mariana Diaz,mariana.diaz@gmail.com,5532131053,Cancún,2024-01-07,tienda_fisica,0,5532914034,553254,LEG-92144,
707,VALERIA FLORES,valeria.flores@yahoo.com.mx,5566884084, Mexico D.F. ,2024-05-22,app_movil,true,5524858490,557213,LEG-46240,usr_707
523,samantha sanchez,samantha.sanchez@outlook.com,5547677376,CANCÚN,20/11/2024,app_movil,False,5543541292,551486,LEG-76789,usr_523
1428,ignacio ramirez,ignacio.ramirez@outlook.com,5514819813,Veracruz,03/09/2025,web,false,5548492094,553432,LEG-16151,
824,victor cardona,victor.cardona@outlook.com,5566515577,Cancun,2024-06-23,app_movil,0,5544118607,555367,LEG-52474,
300,Ignacio Ramirez,ignacio.ramirez@outlook.com,5561028057,Puebla de Zaragoza,02/10/2025,web,False,5566314173,559320,LEG-41204,
445,Mariana Hernandez,mariana.hernandez@outlook.com,5579012384,Monterrey,2025-02-13,app_movil,No,5550615989,551522,LEG-35760,
1572,Mariana Cruz,mariana.cruz@hotmail.com,5550274181,Qro.,2024-02-07,app_movil,False,5561451914,551744,LEG-55977,
1866,rodrigo hernandez,rodrigo.hernandez@outlook.com,5522335044,MÉRIDA,07/06/2025,app_movil,0,5553725925,554566,LEG-76979,
116,luis solis,luis.solis@yahoo.com.mx,NULL,Tijuana,04/01/2025,web,false,5573576311,556766,LEG-48794,usr_116
694,Regina Torres,regina.torres@novatech.mx,5574909879,Ciudad de Mexico,20 de junio de 2025,web,TRUE,5576864445,555723,LEG-20259,usr_694
792,oscar castillo,oscar.castillo@hotmail.com,5543595727,MEXICO DF,01-10-2024,web,true,5542754594,555123,LEG-63644,
941,Emiliano Cruz,emiliano.cruz@outlook.com,5594736138,Tijuana,2024-06-16,app_movil,0,5563619300,555920,LEG-36729,usr_941
1526,Paola Torres,paola.torres@hotmail.com,5518498707,cdmx,07-08-2025,web,TRUE,5579851934,555178,LEG-90504,
1273,Itzel Solis,itzel.solis@gmail.com,5579697669,QUERÉTARO,06/01/2025,tienda_fisica,0,5564756201,558288,LEG-93829,
601,Natalia Diaz,natalia.diaz@outlook.com,5577252659,puebla,08-07-2025,tienda_fisica,false,5547707413,554443,LEG-60500,
160,LETICIA CONTRERAS,leticia.contreras@hotmail.com,5575966087,guadalajara,2024-10-05,tienda_fisica,No,5571059052,554794,LEG-95672,
1062,Leticia Iglesias,leticia.iglesias@hotmail.com,5566179964,tijuana,14/06/2024,tienda_fisica,TRUE,5515952451,555611,LEG-89044,usr_1062
1266,ernesto ramirez,ernesto.ramirez@yahoo.com.mx,5585371842,MERIDA,2024-08-08,web,0,5593957746,553750,LEG-12784,
1457,Valeria Garcia,valeria.garcia@yahoo.com.mx,5557604059,guadalajara,5 de febrero de 2024,app_movil,0,5567615016,551409,LEG-55930,
1061,Luis Ortiz,luis.ortiz@outlook.com,5526064070,TIJUANA,7 de agosto de 2025,web,No,5540337796,552455,LEG-53038,
974,Gabriela Jimenez,gabriela.jimenez@novatech.mx,5580207614,CANCÚN,2024-06-12 00:00:00,app_movil,No,5561833382,557687,LEG-84841,
787,Briana Molina,briana.molina@gmail.com,5546852721,MERIDA,04/03/2025,tienda_fisica,1,5576652888,551145,LEG-79488,
1341,Valeria Ruiz,valeria.ruiz@outlook.com,5553204013,MÉRIDA,06-03-2024,web,true,5534289509,557569,LEG-15459,
1006,Maria Rivera,maria.rivera@gmail.com,5545341869,León Gto,2024-05-18,tienda_fisica,false,5548157906,557410,LEG-93172,
260,Gabriela Mendez,gabriela.mendez@novatech.mx,5544603638,leon,2024-09-30,app_movil,true,5530486970,553900,LEG-42216,
1561,Hector Perez,hector.perez@outlook.com,5558136357,  Veracruz  ,21/06/2024,tienda_fisica,true,5561445261,559983,LEG-72530,
1095,Mariana Rendon,mariana.rendon@novatech.mx,5561381773,Ciudad de Mexico,2025-01-05,tienda_fisica,true,5567705713,551696,LEG-14867,usr_1095
1570,Samantha Vega,samantha.vega@outlook.com,5519009457,Veracruz,2024-04-23 00:00:00,app_movil,Si,5553307837,556984,LEG-41043,
1312,Alejandra Sanchez,alejandra.sanchez@yahoo.com.mx,5511209387,Ver.,2024-03-18 00:00:00,web,False,5591904724,554598,LEG-42638,
1477,Fernanda Ramirez,fernanda.ramirez@novatech.mx,5591883592,Monterrey NL,2024-01-26,tienda_fisica,Si,5549078436,553645,LEG-27280,usr_1477
1544,Julio Garcia,julio.garcia@outlook.com,5591963650,Guad.,18 de enero de 2024,app_movil,1,5526092482,552260,LEG-98345,usr_1544
1441,Victor Rendon,victor.rendon@yahoo.com.mx,5577591321,leon,01/08/2024,tienda_fisica,false,5573314086,553139,LEG-55825,usr_1441
98,Oscar Ortiz,oscar.ortiz@outlook.com,5580841981,QUERÉTARO,15 de septiembre de 2024,app_movil,true,5550318524,555490,LEG-32934,
1180,Ricardo Molina,ricardo.molina@outlook.com,5560588179,queretaro,2024-01-05 00:00:00,tienda_fisica,1,5535714326,556320,LEG-61664,
415,Samantha Perez,samantha.perez@gmail.com,5548979854,leon,2025-08-07,tienda_fisica,False,5527308091,558118,LEG-92701,usr_415
1875,Leticia Torres,leticia.torres@hotmail.com,5570071851,queretaro,2025-03-24 00:00:00,web,TRUE,5511869978,554134,LEG-60425,
857,gerardo lopez,gerardo.lopez@hotmail.com,5554752415,VERACRUZ,01-02-2025,tienda_fisica,true,5544194586,551506,LEG-55511,
1069,Gabriela Solis,gabriela.solis@gmail.com,5581136496,TIJUANA,02/29/2024,app_movil,Si,5563326595,557636,LEG-37153,usr_1069
1657,Natalia Molina,natalia.molina@hotmail.com,5553216572,TIJUANA,27 de septiembre de 2024,web,False,5581014519,551389,LEG-55280,
1523,Octavio Campos,octavio.campos@hotmail.com,5589234610,Mérida,2024-09-11,app_movil,true,5539448747,556590,LEG-11853,usr_1523
640,Abril Iglesias,abril.iglesias@hotmail.com,5536289809,León Gto,27-05-2025,app_movil,False,5559018694,555626,LEG-65389,
261,Citlali Navarro,citlali.navarro@novatech.mx,5539871150,Ver.,03/23/2025,tienda_fisica,0,5533764428,555332,LEG-72233,
191,LETICIA CARDONA,leticia.cardona@outlook.com,5533213270,Monterrey NL,03/31/2024,tienda_fisica,False,5564892153,551763,LEG-18952,usr_191
1097,Alonso Gomez,alonso.gomez@gmail.com,5537713252,MTY,2025-06-02,tienda_fisica,1,5550548279,554740,LEG-41919,
474,Raul Vega,raul.vega@novatech.mx,5529296019,leon,2024-11-10,web,No,5557401642,559568,LEG-59966,
485,Hector Delgado,hector.delgado@novatech.mx,5581882093,TIJUANA,2024-09-15,app_movil,False,5577983154,559127,LEG-17696,
450,Emmanuel Delgado,emmanuel.delgado@gmail.com,5521971635,Mexico D.F.,2025-01-30,app_movil,No,5510821958,558567,LEG-61313,
581,Leandro Molina,leandro.molina@yahoo.com.mx,5550606817,GDL,29-11-2024,web,false,5565555111,559002,LEG-63061,
1669,Abril Hernandez,abril.hernandez@hotmail.com,5553026818, Mexico D.F. ,2025-06-08,web,0,5511925107,557468,LEG-25580,
1685,Hector Ruiz,hector.ruiz@yahoo.com.mx,5586229943,Cancún,05/07/2025,app_movil,1,5554396666,559895,LEG-38425,
2000,Maria Delgado,maria.delgado@hotmail.com,5543129518,Leon,2024-03-19,app_movil,No,5593867094,556947,LEG-35741,
1604,Leticia Contreras,leticia.contreras@gmail.com,5538591913,Veracruz,07/08/2025,app_movil,Si,5514064573,554369,LEG-89706,
481,Sergio Flores,sergio.flores@outlook.com,5517462774,Veracruz,26/07/2025,web,true,5545308048,554483,LEG-36945,
1483,Alberto Ramirez,alberto.ramirez@hotmail.com,5584927191,guadalajara,07/01/2024,web,Si,5548836221,555775,LEG-41519,
117,fernanda guerrero,fernanda.guerrero@yahoo.com.mx,5594152376,LEÓN,27-09-2024,tienda_fisica,true,5596652626,557643,LEG-21051,
118,Lorena Guerrero,lorena.guerrero@outlook.com,,MÉRIDA,07/04/2024,tienda_fisica,1,5547967115,556235,LEG-27300,usr_118
1822,Sergio Vargas,sergio.vargas@gmail.com,5552006002,PUE,2024-08-22 00:00:00,web,False,5538691353,552645,LEG-98154,
1953,Citlali Contreras,citlali.contreras@gmail.com,5550283834,CDMX,19/05/2024,web,No,5583913525,553379,LEG-46666,
1210,Paola Rojas,paola.rojas@yahoo.com.mx,5527488748,Puebla,30 de enero de 2024,web,false,5568426415,557689,LEG-95171,
277,Leandro Cardona,leandro.cardona@outlook.com,5526558704,guadalajara,25 de febrero de 2024,web,Si,5553916181,558869,LEG-31654,
1290,Renata Martinez,renata.martinez@outlook.com,5575725594,LEÓN,13 de mayo de 2025,tienda_fisica,1,5596013603,555371,LEG-84521,usr_1290
1103,Carlos Herrera,carlos.herrera@yahoo.com.mx,5556382740,TIJUANA,2025-03-22 00:00:00,tienda_fisica,0,5513202509,557797,LEG-47710,usr_1103
1237,Camila Aguilar,camila.aguilar@outlook.com,5548152477,Cancún,2025-06-22,tienda_fisica,1,5584015654,551346,LEG-96565,
183,victor vega,victor.vega@yahoo.com.mx,5588438958,  Veracruz  ,2024-03-19 00:00:00,web,1,5571115142,554723,LEG-96862,usr_183
508,Alejandra Rendon,alejandra.rendon@yahoo.com.mx,5591121394,Cancun,2025-07-13,web,False,5554607637,556546,LEG-32703,
2037,Ana Sanchez,ana.sanchez@novatech.mx,5544577758,merida,2025-04-02 00:00:00,app_movil,Si,5545251198,557726,LEG-98969,
816,CARLOS MARTINEZ,carlos.martinez@gmail.com,5560536809,Ciudad de Mexico,07/06/2024,tienda_fisica,0,5573454556,557808,LEG-97873,
535,Citlali Hernandez,citlali.hernandez@hotmail.com,5559273680,CDMX,2025-02-06,tienda_fisica,0,5556323528,557484,LEG-39808,
1985,Norma Pineda,norma.pineda@novatech.mx,5531599706,  Veracruz  ,2024-01-16,app_movil,False,5562144736,558041,LEG-63154,usr_1985
1211,Citlali Campos,citlali.campos@hotmail.com,5561159459,leon,10-05-2025,app_movil,0,5543167774,554636,LEG-47107,usr_1211
1316,Ana Rojas,ana.rojas@gmail.com,5524587858,cdmx,29/12/2024,tienda_fisica,TRUE,5577549994,557141,LEG-98028,usr_1316
1912,Guillermo Rojas,guillermo.rojas@gmail.com,5558288028, Mexico D.F. ,2025-08-13,tienda_fisica,0,5544108318,556605,LEG-17188,
416,Octavio Rivera,octavio.rivera@gmail.com,5583179978,MEXICO DF,03/06/2024,tienda_fisica,true,5552384312,555373,LEG-98155,
1518,Maria Solis,maria.solis@gmail.com,5532265409,Mexico D.F.,2025-06-29,tienda_fisica,1,5588537995,552661,LEG-36145,
1339,Ana Navarro,ana.navarro@yahoo.com.mx,5542893080,Ciudad de Mexico,2024-10-16,tienda_fisica,Si,5549281135,558160,LEG-65436,
994,Renata Salazar,renata.salazar@hotmail.com,5513586563,Monterrey,04/21/2025,tienda_fisica,true,5529188888,553884,LEG-77708,usr_994
141,valeria molina,valeria.molina@yahoo.com.mx,5571047036,cancun,06/12/2025,app_movil,TRUE,5578628299,555279,LEG-68408,
1941,Itzel Guerrero,itzel.guerrero@hotmail.com,5543184728,Ciudad de Mexico,13/05/2025,tienda_fisica,false,5542916771,553657,LEG-13152,usr_1941
1592,Paulina Cardona,paulina.cardona@outlook.com,5553571051,cancun,2025-07-11 00:00:00,web,true,5596362421,556278,LEG-20557,
726,Samantha Vargas,samantha.vargas@hotmail.com,5590665873,Monterrey,14 de agosto de 2024,tienda_fisica,False,5528508045,555043,LEG-63876,
447,Oscar Vega,oscar.vega@novatech.mx,5511366343,TIJUANA,2024-07-21,app_movil,TRUE,5515005896,556672,LEG-40090,
1677,Natalia Iglesias,natalia.iglesias@yahoo.com.mx,5581666087,tijuana,2025-07-30,tienda_fisica,1,5511436659,556590,LEG-63152,
1351,Samantha Castillo,samantha.castillo@novatech.mx,5597338596,Qro.,2025-06-27,app_movil,TRUE,5579828133,557589,LEG-58922,usr_1351
344,Octavio Contreras,octavio.contreras@novatech.mx,5583087352,Tijuana,2024-02-11,web,False,5510394862,551738,LEG-92604,
1533,Paola Garcia,paola.garcia@yahoo.com.mx,5510904416,MERIDA,2024-02-18,app_movil,false,5537309442,558627,LEG-89429,
820,Alberto Guerrero,alberto.guerrero@hotmail.com,5565452843,Ver.,2025-07-04 00:00:00,app_movil,TRUE,5558004818,556770,LEG-61614,
212,Oscar Guerrero,oscar.guerrero@novatech.mx,5539453697,GDL,14 de julio de 2024,web,true,5545005026,551325,LEG-47725,
311,citlali lozano,citlali.lozano@hotmail.com,5577391148,CANCÚN,02/17/2024,app_movil,1,5581488512,559531,LEG-54316,
572,Rodrigo Sanchez,rodrigo.sanchez@outlook.com,5512164270,GUADALAJARA,07/15/2025,tienda_fisica,Si,5522291251,555289,LEG-85175,
358,regina molina,regina.molina@yahoo.com.mx,5529394095,GUADALAJARA,2025-08-11 00:00:00,app_movil,false,5535845357,555274,LEG-34573,usr_358
1500,Fernanda Rojas,fernanda.rojas@outlook.com,5597163987,tijuana,2024-09-14,app_movil,true,5576212165,555923,LEG-70151,usr_1500
394,Lorena Torres,lorena.torres@novatech.mx,5560393037,cdmx,05-07-2024,tienda_fisica,1,5532744876,551580,LEG-36370,
1601,GABRIELA MENDEZ,gabriela.mendez@outlook.com,5596789099,Monterrey NL,2025-05-30,web,0,5527214102,556702,LEG-28492,usr_1601
1535,Renata Martinez,renata.martinez@hotmail.com,5595491198,leon,11/03/2025,web,No,5512688988,559023,LEG-72518,
1079,Itzel Pineda,itzel.pineda@yahoo.com.mx,5561477362,Queretaro,08/09/2024,web,true,5540133171,559466,LEG-72969,
841,Alonso Diaz,alonso.diaz@outlook.com,5522313765,CDMX,2025-01-14,app_movil,false,5544886527,558069,LEG-39111,usr_841
1330,PAOLA HERRERA,paola.herrera@outlook.com,5530939470,Monterrey NL,2025-03-23,app_movil,TRUE,5582884545,559986,LEG-70988,
1067,Natalia Guerrero,natalia.guerrero@hotmail.com,5531342495,Puebla de Zaragoza,27/07/2024,tienda_fisica,No,5519049985,558711,LEG-66724,
375,Leticia Aguilar,leticia.aguilar@hotmail.com,5564491867,GUADALAJARA,19/07/2024,app_movil,False,5518907130,552928,LEG-44638,
36,REGINA DELGADO,regina.delgado@hotmail.com,5529981228,Cancún,2024-10-07 00:00:00,tienda_fisica,1,5525795962,556066,LEG-56138,
886,Valeria Ortiz,valeria.ortiz@novatech.mx,5586236823,cdmx,11-11-2024,app_movil,TRUE,5516721896,559599,LEG-84623,usr_886
749,Emmanuel Solis,emmanuel.solis@outlook.com,5588119958,TIJUANA,12/31/2024,app_movil,1,5533054507,552984,LEG-59088,
457,EMILIANO CASTILLO,emiliano.castillo@hotmail.com,5532118428,Guadalajara,2025-03-26,app_movil,1,5592865170,556552,LEG-36845,usr_457
983,Rodrigo Solis,rodrigo.solis@yahoo.com.mx,5528001271,Tijuana,2025-04-18,tienda_fisica,TRUE,5584676835,555662,LEG-86892,
947,Ricardo Molina,ricardo.molina@hotmail.com,5549305217,Merida,2024-09-02 00:00:00,app_movil,1,5565339653,558175,LEG-80713,
52,Alberto Navarro,alberto.navarro@hotmail.com,5524535907,Cancún,20/06/2024,app_movil,Si,5542691999,559216,LEG-61519,
1176,Gerardo Iglesias,gerardo.iglesias@yahoo.com.mx,5555735044,Cancún,28-04-2024,app_movil,TRUE,5539005303,557115,LEG-29163,
738,Fernanda Campos,fernanda.campos@hotmail.com,5581764318,León Gto,19-12-2024,tienda_fisica,true,5510867219,557749,LEG-29108,usr_738
826,Luis Molina,luis.molina@outlook.com,5524988419,Merida,22 de abril de 2025,web,Si,5551239501,555925,LEG-20438,usr_826
1516,LUIS NAVARRO,luis.navarro@hotmail.com,5533631072,monterrey,13/09/2024,web,No,5542516377,551796,LEG-68389,usr_1516
235,LETICIA GONZALEZ,leticia.gonzalez@hotmail.com,5580245428,CANCÚN,2024-02-23 00:00:00,app_movil,TRUE,5565543429,559708,LEG-17175,usr_235
155,emiliano jimenez,emiliano.jimenez@novatech.mx,5526488681,Mérida,2024-11-02,web,1,5579082034,557156,LEG-42123,usr_155
538,Maria Gomez,maria.gomez@gmail.com,5552749502,Queretaro,15 de junio de 2024,app_movil,false,5553769143,554757,LEG-64229,
1581,Gabriela Delgado,gabriela.delgado@yahoo.com.mx,5531736884,LEÓN,05/09/2025,tienda_fisica,No,5574161015,559291,LEG-52240,usr_1581
596,Emmanuel Garcia,emmanuel.garcia@outlook.com,5521842730,Veracruz,14 de marzo de 2025,tienda_fisica,0,5598893662,559926,LEG-63699,usr_596
897,Valeria Alvarez,valeria.alvarez@yahoo.com.mx,5569935409,guadalajara,26 de enero de 2025,app_movil,false,5546116480,554208,LEG-34661,
322,alberto herrera,alberto.herrera@novatech.mx,5576401356,tijuana,04/12/2024,tienda_fisica,TRUE,5529194865,552080,LEG-52577,
280,RICARDO CRUZ,ricardo.cruz@hotmail.com,5555029120,Cancun,2024-05-04,tienda_fisica,true,5574372698,557751,LEG-46645,usr_280
57,Luis Diaz,luis.diaz@gmail.com,5529821899,tijuana,05/22/2025,app_movil,TRUE,5552165440,558778,LEG-15840,usr_57
234,diego alvarez,diego.alvarez@gmail.com,5546484487,Mérida,15/07/2025,app_movil,False,5520729564,552318,LEG-44910,usr_234
676,sofia ruiz,sofia.ruiz@novatech.mx,5519052288,Puebla,2024-10-08 00:00:00,app_movil,TRUE,5546422962,558652,LEG-66824,
1446,Ernesto Vega,ernesto.vega@hotmail.com,5595237718,merida,04/03/2025,app_movil,TRUE,5523388461,559210,LEG-28452,usr_1446
1918,Ricardo Ortiz,ricardo.ortiz@hotmail.com,5597804538,Mexico D.F.,17/04/2025,web,Si,5560649510,552603,LEG-21548,
238,paulina reyes,paulina.reyes@yahoo.com.mx,5558575026,Monterrey,27-06-2025,tienda_fisica,true,5529463441,557757,LEG-52539,usr_238
765,Mariana Vargas,mariana.vargas@gmail.com,5574153794,CANCÚN,24 de junio de 2024,web,false,5514915312,555280,LEG-61459,
1001,Abril Gomez,abril.gomez@yahoo.com.mx,5573296571,GUADALAJARA,2024-01-12 00:00:00,web,No,5528604160,556164,LEG-34478,usr_1001
1060,Mariana Castillo,mariana.castillo@outlook.com,5530435627,LEÓN,2024-07-24,app_movil,0,5515561211,559867,LEG-64591,
224,Ximena Alvarez,ximena.alvarez@outlook.com,5523921987,GUADALAJARA,06/20/2025,web,Si,5535227568,554182,LEG-47413,usr_224
1964,Renata Cruz,renata.cruz@outlook.com,5531502301,cdmx,2024-12-22,tienda_fisica,true,5594226978,554112,LEG-90465,
872,Samantha Ramirez,samantha.ramirez@outlook.com,5547539829,Tijuana,2024-04-09 00:00:00,app_movil,TRUE,5583873336,557924,LEG-24767,
742,Leticia Vega,leticia.vega@yahoo.com.mx,5551643269,TIJUANA,2025-03-23,tienda_fisica,false,5558801255,554980,LEG-86030,
239,ITZEL LOPEZ,itzel.lopez@yahoo.com.mx,5560442654,León Gto,17 de marzo de 2025,app_movil,TRUE,5581793298,553562,LEG-22099,
1837,Natalia Diaz,natalia.diaz@yahoo.com.mx,5522679095,Mexico D.F.,2024-07-22,web,No,5566227790,551386,LEG-17337,usr_1837
1739,Maria Contreras,maria.contreras@outlook.com,5548143843,Veracruz City,03/09/2024,web,False,5530924283,552544,LEG-27511,
1335,Samantha Herrera,samantha.herrera@outlook.com,5574774302,LEÓN,17-03-2024,web,true,5525503538,554319,LEG-79905,
1119,sofia lozano,sofia.lozano@novatech.mx,5536958099,Queretaro,2025-06-26,tienda_fisica,1,5598274107,555396,LEG-59100,
63,Alberto Cruz,alberto.cruz@gmail.com,5564692247,Queretaro,2025-03-02,web,1,5540324818,559661,LEG-40620,usr_63
1008,Samantha Solis,samantha.solis@outlook.com,5547706883,Leon,2025-07-18 00:00:00,tienda_fisica,Si,5557831901,553396,LEG-73743,usr_1008
1364,Ricardo Navarro,ricardo.navarro@yahoo.com.mx,5598349389,QUERÉTARO,29 de mayo de 2024,tienda_fisica,Si,5534668169,558387,LEG-53208,usr_1364
1859,Leticia Herrera,leticia.herrera@outlook.com,5546332084,Cancun,12/07/2024,tienda_fisica,true,5556209631,552018,LEG-73424,
1742,Diana Vargas,diana.vargas@outlook.com,5542878176,Ver.,28 de julio de 2024,tienda_fisica,No,5563936076,553069,LEG-72047,
384,Paulina Castillo,paulina.castillo@novatech.mx,5555666753,Queretaro,2024-11-30 00:00:00,app_movil,No,5569807078,558190,LEG-50346,
1617,Mariana Campos,mariana.campos@hotmail.com,5522013480,Cancun,12/17/2024,tienda_fisica,No,5597465623,556751,LEG-56279,usr_1617
773,natalia salazar,natalia.salazar@novatech.mx,5554927335,PUE,07/07/2025,tienda_fisica,Si,5571448156,559298,LEG-38986,
1220,Briana Alvarez,briana.alvarez@hotmail.com,5599242150,  Veracruz  ,30/06/2024,tienda_fisica,False,5523993133,555726,LEG-68459,usr_1220
2022,RODRIGO MOLINA,rodrigo.molina@hotmail.com,5543762372,Guadalajara,2025-06-22,tienda_fisica,False,5579805752,559377,LEG-34411,usr_1792
405,NORMA CARDONA,norma.cardona@gmail.com,5587756638,Guadalajara,2024-11-10,tienda_fisica,1,5598045676,551374,LEG-56420,usr_405
1258,Emmanuel Gonzalez,emmanuel.gonzalez@outlook.com,5591534461,Tijuana,2024-03-06,app_movil,No,5586775743,556733,LEG-66864,
542,Hector Rodriguez,hector.rodriguez@novatech.mx,5549812292,QUERÉTARO,11-01-2024,web,Si,5582339573,551447,LEG-74822,
56,Rodrigo Lozano,rodrigo.lozano@hotmail.com,5538428956,puebla,07/15/2024,web,TRUE,5586976353,553163,LEG-26150,
1142,LORENA GUERRERO,lorena.guerrero@outlook.com,5588411202,LEÓN,01/01/2025,tienda_fisica,TRUE,5524925399,557552,LEG-23056,
520,Gabriela Lopez,gabriela.lopez@outlook.com,5564042757,GDL,2024-01-04 00:00:00,tienda_fisica,true,5515367721,552037,LEG-31537,
1766,Samantha Rodriguez,samantha.rodriguez@hotmail.com,5575163742,veracruz,10 de enero de 2025,app_movil,Si,5530445119,556929,LEG-87092,
2014,Abril Molina,abril.molina@hotmail.com,5562224551,QUERÉTARO,12/24/2024,app_movil,true,5515945935,558613,LEG-20124,usr_1762
846,Hector Cardona,hector.cardona@yahoo.com.mx,5554135808,monterrey,4 de marzo de 2025,web,Si,5555734834,552071,LEG-74048,usr_846
1897,Oscar Lozano,oscar.lozano@yahoo.com.mx,5528242580,Cancun,25/02/2025,tienda_fisica,true,5543362175,555508,LEG-15303,usr_1897
1174,Samantha Flores,samantha.flores@gmail.com,5562975065,Puebla,07/14/2025,web,No,5522262648,557578,LEG-99257,
164,sofia ruiz,sofia.ruiz@hotmail.com,5539126609,TIJUANA,2025-06-17,web,true,5518432213,557506,LEG-12686,
2027,Fernanda Reyes,fernanda.reyes@hotmail.com,5572058999,Mérida,4 de junio de 2025,app_movil,TRUE,5517281468,552669,LEG-54537,
1508,VICTOR CAMPOS,victor.campos@novatech.mx,5538737829,Guadalajara,01/09/2025,app_movil,No,5577052641,553536,LEG-54925,
2023,Gabriela Morales,gabriela.morales@novatech.mx,5569592298,MERIDA,21/09/2024,web,0,5571336240,558228,LEG-53694,usr_59
14,regina iglesias,regina.iglesias@novatech.mx,5596366030,QUERÉTARO,18 de agosto de 2024,web,TRUE,5540048412,552986,LEG-39410,usr_14
340,Camila Contreras,camila.contreras@yahoo.com.mx,5533057881,León Gto,2024-12-01,tienda_fisica,1,5533978132,557746,LEG-13543,usr_340
1357,Ricardo Solis,ricardo.solis@hotmail.com,5533139949,Puebla,17-02-2024,web,1,5561683472,555806,LEG-44385,usr_1357
1834,Sofia Delgado,sofia.delgado@hotmail.com,5563341200,GUADALAJARA,17 de junio de 2024,tienda_fisica,False,5530952244,551792,LEG-82505,
97,Diana Diaz,diana.diaz@yahoo.com.mx,5595356751,guadalajara,17-05-2024,app_movil,Si,5570549237,553958,LEG-14939,usr_97
849,Valeria Reyes,valeria.reyes@novatech.mx,5570581510,TIJUANA,07/01/2024,app_movil,TRUE,5516909152,555433,LEG-82814,usr_849
1217,Emiliano Lopez,emiliano.lopez@yahoo.com.mx,5558705516, Mexico D.F. ,2024-07-24,web,No,5525009987,552754,LEG-30417,
106,Ximena Cruz,ximena.cruz@gmail.com,5518619903,GUADALAJARA,2025-03-12,app_movil,No,5523246623,555498,LEG-99586,usr_106
550,Ana Diaz,ana.diaz@gmail.com,5561037218,Veracruz City,7 de enero de 2024,app_movil,TRUE,5591819682,556109,LEG-34130,
788,Renata Rendon,renata.rendon@outlook.com,5546264343,Merida,2025-02-20 00:00:00,web,1,5563281940,558165,LEG-93773,
472,XIMENA REYES,ximena.reyes@novatech.mx,5585559790,MTY,2024-04-16,web,Si,5522136195,556989,LEG-61451,
719,gerardo ramirez,gerardo.ramirez@yahoo.com.mx,5558826979,Guad.,2024-04-30,app_movil,False,5584152298,554230,LEG-65999,
969,Sofia Mendez,sofia.mendez@yahoo.com.mx,5574641135,puebla,20 de abril de 2025,tienda_fisica,Si,5545981424,558613,LEG-80206,
1451,Oscar Aguilar,oscar.aguilar@hotmail.com,5559017623,Leon,23/06/2025,web,1,5525844760,558487,LEG-48046,
1282,Camila Campos,camila.campos@yahoo.com.mx,5515409381,Cancún,2024-02-16 00:00:00,tienda_fisica,1,5583363000,552577,LEG-55659,
848,Sofia Contreras,sofia.contreras@yahoo.com.mx,5533195332,leon,2024-09-01 00:00:00,web,false,5575391158,554028,LEG-78692,
24,JULIO AGUILAR,,NULL,Veracruz,30/05/2025,web,true,5589875637,556663,LEG-84732,
665,Ana Salazar,ana.salazar@gmail.com,5578402489,cdmx,2024-04-02 00:00:00,app_movil,true,5547205339,554634,LEG-51777,
951,Norma Ruiz,norma.ruiz@hotmail.com,5556501122,Mérida,30-06-2024,tienda_fisica,Si,5523742419,554862,LEG-43603,usr_951
181,Itzel Gomez,itzel.gomez@novatech.mx,5553852641,Mérida,23/05/2024,web,0,5531685528,558470,LEG-21958,usr_181
682,Gabriela Gonzalez,gabriela.gonzalez@novatech.mx,5568522292,leon,2024-01-17,web,Si,5580338750,554317,LEG-33159,
1423,Renata Rendon,renata.rendon@yahoo.com.mx,5522871847,Merida,2024-11-07,web,TRUE,5590058995,555382,LEG-51736,
561,ignacio solis,ignacio.solis@novatech.mx,5581398798,Queretaro,8 de agosto de 2024,web,False,5532032228,555080,LEG-23096,
1055,Renata Vega,renata.vega@hotmail.com,5591248749,Guadalajara,2024-09-17,web,1,5540489634,556882,LEG-86672,
706,Regina Salazar,regina.salazar@gmail.com,5554656533,tijuana,30-05-2025,app_movil,Si,5589584255,558451,LEG-76343,
159,alonso flores,alonso.flores@novatech.mx,5584167650,veracruz,2025-02-15 00:00:00,tienda_fisica,TRUE,5532013786,555235,LEG-54565,
216,Camila Vargas,camila.vargas@novatech.mx,5561382907,cancun,2025-04-25,web,0,5542267092,558618,LEG-36682,
1729,Itzel Cardona,itzel.cardona@hotmail.com,5589764212,Ciudad de Mexico,23/02/2025,web,No,5521103293,557728,LEG-33315,
1076,Alberto Vargas,alberto.vargas@yahoo.com.mx,5560139982,merida,2025-05-24,tienda_fisica,0,5519711804,555544,LEG-30512,
72,Ximena Vargas,ximena.vargas@gmail.com,,QUERÉTARO,08/13/2025,app_movil,0,5598418444,558702,LEG-48737,
628,Paola Flores,paola.flores@hotmail.com,5524102130,VERACRUZ,2025-04-10 00:00:00,tienda_fisica,False,5555082765,555383,LEG-37469,usr_628
1488,Mariana Mendez,mariana.mendez@novatech.mx,5530574670,guadalajara,2025-04-15,web,No,5572032698,555894,LEG-93848,
130,Alberto Martinez,alberto.martinez@hotmail.com,5555925800,Veracruz City,15-01-2024,web,0,5594723360,557853,LEG-97722,
121,maria castillo,maria.castillo@novatech.mx,5542658838,GDL,28-01-2024,web,0,5554748119,555657,LEG-71311,usr_121
1973,Citlali Perez,citlali.perez@hotmail.com,5576782300,PUE,2024-12-11,web,1,5546165161,551591,LEG-85549,usr_1973
1763,Mariana Garcia,mariana.garcia@gmail.com,5515028253,Cancun,22/04/2025,tienda_fisica,true,5526241044,555483,LEG-16507,
39,Valeria Pineda,N/A,5555698744,LEÓN,03/11/2024,tienda_fisica,False,5532466803,551702,LEG-68651,
1887,Ana Reyes,ana.reyes@novatech.mx,5524343478,MEXICO DF,05/03/2025,tienda_fisica,1,5583259763,552228,LEG-70446,
253,Miguel Ortiz,miguel.ortiz@outlook.com,5512317134,Cancún,2024-08-14 00:00:00,tienda_fisica,Si,5591954096,551088,LEG-19559,
321,maria gomez,maria.gomez@yahoo.com.mx,5574212292,Puebla de Zaragoza,2025-04-27,app_movil,false,5591605026,557537,LEG-16963,usr_321
814,briana perez,briana.perez@yahoo.com.mx,5511207294,MTY,05/02/2024,app_movil,False,5587073202,557178,LEG-46999,
1417,Diana Gomez,diana.gomez@novatech.mx,5584323427,Veracruz City,28 de noviembre de 2024,web,0,5548238108,553647,LEG-83464,
751,Carlos Navarro,carlos.navarro@outlook.com,5535961496,Leon,2025-05-13,app_movil,true,5515311629,556391,LEG-13489,
733,Mariana Iglesias,mariana.iglesias@gmail.com,5549635046,Guadalajara,08-12-2024,tienda_fisica,Si,5579877597,556260,LEG-79864,
1989,andres garcia,andres.garcia@outlook.com,5532652720,Ciudad de Mexico,20/02/2025,tienda_fisica,TRUE,5599806163,551643,LEG-95659,usr_1989
639,Regina Torres,regina.torres@hotmail.com,5521834202,Tijuana,11/23/2024,web,TRUE,5562477295,552250,LEG-17125,
195,Victor Campos,victor.campos@yahoo.com.mx,5598097113,Mexico D.F.,13 de diciembre de 2024,tienda_fisica,true,5575071904,554668,LEG-54905,
1714,Valeria Vargas,valeria.vargas@novatech.mx,5521788363,GUADALAJARA,2024-01-11,tienda_fisica,Si,5528697586,552039,LEG-33569,
669,hector bautista,hector.bautista@hotmail.com,5530763021,Cancun,02/03/2025,web,TRUE,5541521811,553641,LEG-11785,
1366,Alejandra Campos,alejandra.campos@hotmail.com,5570349245,Monterrey NL,14/06/2025,app_movil,false,5550268429,551635,LEG-26230,usr_1366
330,octavio castillo,octavio.castillo@novatech.mx,5552261559,Monterrey NL,2024-11-08,app_movil,1,5587571904,551296,LEG-29457,
1046,natalia aguilar,natalia.aguilar@outlook.com,5533768958,Leon,23-05-2025,app_movil,Si,5514409184,559373,LEG-52396,usr_1046
643,Diego Diaz,diego.diaz@hotmail.com,5546663799,queretaro,05/24/2025,web,true,5527788336,557052,LEG-34290,
133,Lorena Vargas,lorena.vargas@outlook.com,5549911166,Puebla de Zaragoza,2025-03-30,web,TRUE,5531811753,557814,LEG-20221,
226,Miguel Rojas,miguel.rojas@outlook.com,5533577226,MTY,2 de enero de 2024,tienda_fisica,0,5589627691,554215,LEG-19367,
1854,Ana Molina,ana.molina@hotmail.com,5562741830,monterrey,29/09/2024,tienda_fisica,1,5530876008,557986,LEG-41082,usr_1854
1796,Diana Diaz,diana.diaz@novatech.mx,5563411221,guadalajara,12-05-2024,tienda_fisica,Si,5593526673,552917,LEG-40598,usr_1796
1226,victor rendon,victor.rendon@gmail.com,5574576878, querétaro ,2024-01-11 00:00:00,tienda_fisica,Si,5565588325,554824,LEG-69850,
978,Emiliano Cardona,emiliano.cardona@gmail.com,5572851704,PUE,2025-08-15,app_movil,Si,5516941251,556369,LEG-30196,
526,Gabriela Contreras,gabriela.contreras@outlook.com,5579211856,QUERÉTARO,01/05/2024,app_movil,0,5565091726,555817,LEG-64166,
225,Regina Alvarez,regina.alvarez@gmail.com,5557719268,Mérida,2024-04-19 00:00:00,app_movil,1,5580668014,559911,LEG-31937,
1553,Paulina Molina,paulina.molina@hotmail.com,5563942585,Monterrey,14/01/2025,tienda_fisica,0,5517982703,553161,LEG-84616,usr_1553
1733,Ana Cruz,ana.cruz@novatech.mx,5522952264,Mérida,2024-02-13 00:00:00,app_movil,False,5561751255,552930,LEG-37591,usr_1733
562,Victor Jimenez,victor.jimenez@gmail.com,5574397521,Cancun,08/06/2025,tienda_fisica,0,5522521999,552277,LEG-94651,usr_562
1785,Paulina Contreras,paulina.contreras@yahoo.com.mx,5511655786,León Gto,23-08-2024,web,true,5517085425,552180,LEG-23360,
1201,Mariana Vega,mariana.vega@outlook.com,5538133319,QUERÉTARO,2024-12-30,app_movil,TRUE,5528936535,557174,LEG-44481,
1622,Raul Cardona,raul.cardona@gmail.com,5572323746,GUADALAJARA,13/05/2025,tienda_fisica,true,5586977299,554296,LEG-27778,usr_1622
376,Valeria Diaz,valeria.diaz@hotmail.com,5574166230,Merida,2025-03-27,tienda_fisica,0,5528417005,553378,LEG-18886,
1753,Sergio Perez,sergio.perez@yahoo.com.mx,5588586572,GUADALAJARA,30 de enero de 2025,web,1,5524657646,554190,LEG-89156,
1943,Emiliano Navarro,emiliano.navarro@gmail.com,5582015667,leon,15/06/2024,tienda_fisica,TRUE,5577723482,558271,LEG-71232,usr_1943
441,Ernesto Mendez,ernesto.mendez@outlook.com,5514433479,Veracruz City,2024-01-09,web,false,5531321766,558632,LEG-66263,
1738,Carlos Mendez,carlos.mendez@yahoo.com.mx,5570551025, querétaro ,12/29/2024,app_movil,1,5521444599,553667,LEG-38959,
554,Alberto Bautista,alberto.bautista@gmail.com,5551657798,MTY,7 de febrero de 2025,app_movil,No,5593796481,553041,LEG-12495,
306,ana campos,ana.campos@gmail.com,5533749451,Ciudad de Mexico,2025-06-09,app_movil,False,5568969724,556398,LEG-72827,usr_306
898,Diego Solis,diego.solis@gmail.com,5593011764,LEÓN,21/12/2024,web,False,5532428791,552451,LEG-27472,usr_898
588,Alberto Salazar,alberto.salazar@hotmail.com,5533005951,merida,12/02/2024,web,0,5553565592,554046,LEG-59701,usr_588
1561,Hector Perez,hector.perez@outlook.com,5558136357,  Veracruz  ,21/06/2024,tienda_fisica,true,5561445261,559983,LEG-72530,
310,Lorena Flores,lorena.flores@gmail.com,5565818229,Merida,2025-03-12,tienda_fisica,true,5594989836,556618,LEG-65710,usr_310
385,REGINA RIVERA,regina.rivera@yahoo.com.mx,5571932098,monterrey,11/04/2025,web,false,5587334619,557260,LEG-91404,
590,Fernanda Rodriguez,fernanda.rodriguez@novatech.mx,5572062042,Puebla de Zaragoza,2025-02-10,app_movil,False,5517976140,553076,LEG-80039,
1938,Leandro Cardona,leandro.cardona@yahoo.com.mx,5514783183,tijuana,2024-07-06,web,Si,5586321243,552859,LEG-51166,
1680,Andres Jimenez,andres.jimenez@outlook.com,5533294867,Mexico D.F.,25/07/2025,app_movil,1,5535051566,551415,LEG-22596,usr_1680
434,Raul Flores,raul.flores@hotmail.com,5514826504,PUE,21/10/2024,tienda_fisica,true,5587353405,557588,LEG-81559,
1861,Diego Contreras,diego.contreras@novatech.mx,5592101339,TIJUANA,27/09/2024,app_movil,False,5590755376,552199,LEG-13186,usr_1861
1820,sergio rendon,sergio.rendon@novatech.mx,5557746976,cancun,2024-08-27,app_movil,false,5526603621,555469,LEG-64210,usr_1820
650,NATALIA SOLIS,natalia.solis@novatech.mx,5565627895,merida,6 de septiembre de 2024,tienda_fisica,false,5544926868,553766,LEG-96804,
1131,Diana Vega,diana.vega@outlook.com,5518916952,LEÓN,2024-08-01 00:00:00,web,1,5557634973,555080,LEG-44230,usr_1131
1294,Regina Cardona,regina.cardona@yahoo.com.mx,5596593603, querétaro ,10-05-2025,web,1,5516435271,552272,LEG-92314,
374,Daniela Pineda,daniela.pineda@gmail.com,5564602025,Ciudad de Mexico,11 de mayo de 2024,web,0,5590981474,555055,LEG-30507,
939,RODRIGO GARCIA,rodrigo.garcia@yahoo.com.mx,5510664953,tijuana,24 de mayo de 2024,app_movil,Si,5512333545,552262,LEG-28194,
1886,Gabriela Rodriguez,gabriela.rodriguez@outlook.com,5510172840,Cancún,13 de febrero de 2025,app_movil,No,5567274242,553252,LEG-69572,
23,Raul Pineda,raul.pineda@yahoo.com.mx,N/A,LEÓN,2025-03-02 00:00:00,tienda_fisica,0,5544435753,551188,LEG-50173,usr_23
1377,Hector Alvarez,hector.alvarez@hotmail.com,5597655774,Ciudad de Mexico,2 de abril de 2025,tienda_fisica,False,5544574943,552018,LEG-40515,
585,Samantha Molina,samantha.molina@novatech.mx,5555467721,veracruz,31-05-2024,web,false,5528018802,553428,LEG-63859,
2050,Briana Contreras,briana.contreras@yahoo.com.mx,5521013728,Queretaro,01-09-2024,tienda_fisica,1,5543554528,556525,LEG-17533,
1221,Abril Perez,abril.perez@outlook.com,5538671938,queretaro,01/12/2025,tienda_fisica,Si,5525781399,553032,LEG-45951,
1851,Guillermo Sanchez,guillermo.sanchez@outlook.com,5560456921,tijuana,2024-07-08,tienda_fisica,0,5542477559,557259,LEG-58055,usr_1851
1496,Leticia Guerrero,leticia.guerrero@yahoo.com.mx,5575111055,MTY,30 de diciembre de 2024,tienda_fisica,false,5514787239,551115,LEG-79014,usr_1496
129,Abril Rendon,abril.rendon@gmail.com,5587898965, querétaro ,12-06-2024,web,No,5548343615,553907,LEG-84778,usr_129
1956,Lorena Cardona,lorena.cardona@hotmail.com,5564343112,cancun,2024-06-05,tienda_fisica,false,5588303532,555347,LEG-77356,usr_1956
421,EMMANUEL RAMIREZ,emmanuel.ramirez@hotmail.com,5579642279,Veracruz,09/03/2024,app_movil,0,5576084355,557112,LEG-66965,
923,maria vargas,maria.vargas@novatech.mx,5552148663,cancun,09/12/2024,app_movil,true,5585094836,557167,LEG-91877,usr_923
221,Camila Solis,camila.solis@outlook.com,5558924657,Monterrey,2025-08-06,web,No,5559763701,553276,LEG-87931,
435,Paulina Delgado,paulina.delgado@outlook.com,5575874278,puebla,2024-05-10,app_movil,Si,5585225702,554572,LEG-24164,usr_435
407,Octavio Pineda,octavio.pineda@novatech.mx,5525139718,GDL,06/15/2025,app_movil,No,5555876591,559803,LEG-42686,
991,Lorena Martinez,lorena.martinez@novatech.mx,5598105646,tijuana,12 de mayo de 2024,tienda_fisica,0,5597402885,556104,LEG-68926,
142,Lorena Rendon,lorena.rendon@hotmail.com,5527909929,Guad.,2025-02-07,tienda_fisica,0,5511668835,558997,LEG-48618,
386,MARIA ALVAREZ,maria.alvarez@yahoo.com.mx,5565147848,Veracruz City,2024-10-04,app_movil,Si,5595466589,556054,LEG-50696,usr_386
1882,Guillermo Aguilar,guillermo.aguilar@outlook.com,5595152460,Puebla,24/03/2025,app_movil,False,5512847056,552210,LEG-30952,usr_1882
1621,Octavio Pineda,octavio.pineda@yahoo.com.mx,5533842006,LEÓN,07/11/2024,web,0,5587633983,554719,LEG-30800,
1567,Daniela Molina,daniela.molina@hotmail.com,5596304318,Merida,2025-02-23 00:00:00,tienda_fisica,1,5556855026,559617,LEG-12886,
1160,Samantha Martinez,samantha.martinez@yahoo.com.mx,5513652991,Mexico D.F.,26-11-2024,tienda_fisica,true,5564036341,554281,LEG-22356,
391,Octavio Martinez,octavio.martinez@hotmail.com,5551709960,tijuana,28/03/2024,web,0,5519384966,557030,LEG-89905,
371,ignacio delgado,ignacio.delgado@outlook.com,5561182450,monterrey,14/08/2024,web,TRUE,5534139726,553736,LEG-35442,usr_371
853,ITZEL GUERRERO,itzel.guerrero@outlook.com,5549655589,Queretaro,07/11/2025,app_movil,true,5563456787,555258,LEG-41035,usr_853
935,daniela morales,daniela.morales@novatech.mx,5564357395,Puebla de Zaragoza,2025-04-03,app_movil,False,5571274652,558905,LEG-66985,
1717,Abril Pineda,abril.pineda@outlook.com,5572502600,merida,2024-04-12,web,TRUE,5546178811,555431,LEG-26219,
720,Daniela Jimenez,daniela.jimenez@hotmail.com,5574441600,PUE,2024-05-25,app_movil,0,5575386846,559988,LEG-44137,
359,Ignacio Salazar,ignacio.salazar@yahoo.com.mx,5592348357,CDMX,04/02/2024,web,Si,5574901423,557061,LEG-14390,
282,Briana Gonzalez,briana.gonzalez@gmail.com,5591801571,CANCÚN,2024-09-20,tienda_fisica,true,5519465674,553805,LEG-76658,
542,Hector Rodriguez,hector.rodriguez@novatech.mx,5549812292,QUERÉTARO,11-01-2024,web,Si,5582339573,551447,LEG-74822,
143,Alejandra Navarro,alejandra.navarro@gmail.com,5575631933, Mexico D.F. ,2024-04-20,web,False,5542131685,553283,LEG-77830,
1152,Ignacio Ramirez,ignacio.ramirez@yahoo.com.mx,5523489665,puebla,12-08-2024,tienda_fisica,true,5550093226,557563,LEG-48416,
907,Briana Salazar,briana.salazar@gmail.com,5568735800,Ver.,09/12/2024,web,TRUE,5535465416,555937,LEG-24123,
1466,DIANA GOMEZ,diana.gomez@hotmail.com,5558313193,CANCÚN,2024-01-16,tienda_fisica,Si,5539797042,551913,LEG-32560,
71,Ana Aguilar,ana.aguilar@outlook.com,5584453944,GDL,13-06-2024,web,False,5572633417,551897,LEG-24155,
1750,Gabriela Torres,gabriela.torres@novatech.mx,5589607553, Mexico D.F. ,19-07-2024,web,0,5597144981,556237,LEG-15421,usr_1750
638,Emiliano Vega,emiliano.vega@gmail.com,5572528916,TIJUANA,2025-02-12,app_movil,1,5578788740,552284,LEG-12816,usr_638
1764,Julio Mendez,julio.mendez@outlook.com,5554895246,GUADALAJARA,08-06-2024,web,true,5525217609,557802,LEG-23642,usr_1764
593,norma flores,norma.flores@gmail.com,5530972432,Veracruz City,30-05-2024,tienda_fisica,false,5581698229,559908,LEG-74183,
501,Javier Ruiz,javier.ruiz@gmail.com,5552849590,cancun,2025-01-21 00:00:00,tienda_fisica,false,5528373825,554613,LEG-72234,usr_501
1433,Leandro Delgado,leandro.delgado@novatech.mx,5557817310,Puebla de Zaragoza,2025-07-03,web,Si,5542897487,554382,LEG-26264,
1398,Diego Morales,diego.morales@outlook.com,5513089615,Mexico D.F.,03/31/2024,app_movil,true,5579052323,558503,LEG-51505,
59,Gabriela Morales,gabriela.morales@novatech.mx,5569592298,MERIDA,21/09/2024,web,0,5571336240,558228,LEG-53694,usr_59
943,Renata Molina,renata.molina@gmail.com,5589507835,Guad.,01/19/2025,app_movil,Si,5525105579,558179,LEG-60835,
1439,Diana Bautista,diana.bautista@outlook.com,5582185468,Cancun,2024-07-31 00:00:00,app_movil,TRUE,5584113879,556421,LEG-40647,usr_1439
1177,Raul Cardona,raul.cardona@outlook.com,5573853648,Queretaro,2025-01-23 00:00:00,tienda_fisica,No,5586247829,558343,LEG-14725,
1178,Paulina Garcia,paulina.garcia@yahoo.com.mx,5518213635,monterrey,29-05-2024,app_movil,1,5518055807,559264,LEG-66085,
1239,OCTAVIO DIAZ,octavio.diaz@yahoo.com.mx,5525831696,Veracruz,29/08/2024,web,No,5560137174,559198,LEG-25728,
976,Miguel Rodriguez,miguel.rodriguez@outlook.com,5571488395,veracruz,2024-10-26,tienda_fisica,1,5598396961,556097,LEG-76422,
1976,DANIELA GOMEZ,daniela.gomez@gmail.com,5521236784,CANCÚN,2024-02-12,web,Si,5510162705,556945,LEG-68689,
666,Javier Navarro,javier.navarro@gmail.com,5544895215,GDL,10 de mayo de 2024,app_movil,true,5570622771,559625,LEG-47908,
1291,Mariana Lozano,mariana.lozano@novatech.mx,5531091695,Ciudad de Mexico,25-01-2025,app_movil,Si,5519828855,559043,LEG-81925,usr_1291
1286,Rodrigo Vargas,rodrigo.vargas@outlook.com,5566436662,LEÓN,20 de febrero de 2024,web,false,5557365192,553418,LEG-99501,
1905,Javier Vargas,javier.vargas@hotmail.com,5585896844,Cancún,05-04-2024,tienda_fisica,0,5555731274,558285,LEG-57565,
1455,Alonso Gonzalez,alonso.gonzalez@yahoo.com.mx,5512904649,CDMX,06-07-2024,tienda_fisica,No,5565122588,556079,LEG-78654,
823,Guillermo Jimenez,guillermo.jimenez@gmail.com,5548166285,Leon,01-01-2024,web,1,5565963294,553631,LEG-21194,
1299,Lorena Martinez,lorena.martinez@hotmail.com,5559158568,merida,6 de diciembre de 2024,tienda_fisica,TRUE,5547776712,557728,LEG-43178,
286,Ricardo Reyes,ricardo.reyes@yahoo.com.mx,5599387743,puebla,2024-12-21,web,true,5577526835,551025,LEG-54850,
1752,Renata Pineda,renata.pineda@hotmail.com,5577245712,Tijuana,2025-01-10,app_movil,False,5540663444,554455,LEG-19303,
1484,Leticia Torres,leticia.torres@novatech.mx,5544646190,TIJUANA,2025-04-11,app_movil,TRUE,5532679987,555978,LEG-82604,
1034,Valeria Aguilar,valeria.aguilar@gmail.com,5564535877,TIJUANA,11/24/2024,web,TRUE,5589263672,555384,LEG-70300,
1707,miguel torres,miguel.torres@gmail.com,5568307529,  Veracruz  ,2025-05-17 00:00:00,tienda_fisica,0,5521433343,559205,LEG-66242,usr_1707
1836,Gabriela Solis,gabriela.solis@novatech.mx,5584438599,monterrey,2024-08-18,web,0,5522847164,551821,LEG-32280,usr_1836
1594,Hector Cardona,hector.cardona@yahoo.com.mx,5583646668,Leon,6 de agosto de 2024,tienda_fisica,No,5579728476,555469,LEG-28103,usr_1594
922,Diana Martinez,diana.martinez@novatech.mx,5578979905,Monterrey,06/24/2024,tienda_fisica,Si,5589532684,558312,LEG-83909,usr_922
1757,Gabriela Hernandez,gabriela.hernandez@hotmail.com,5524004747,Guadalajara,06-07-2025,tienda_fisica,1,5582511463,557008,LEG-98806,
622,Fernanda Ortiz,fernanda.ortiz@hotmail.com,5516686530,PUE,2025-01-11 00:00:00,web,TRUE,5515781153,559092,LEG-80236,usr_622
1535,Renata Martinez,renata.martinez@hotmail.com,5595491198,leon,11/03/2025,web,No,5512688988,559023,LEG-72518,
793,Maria Lopez,maria.lopez@hotmail.com,5540715763,TIJUANA,2025-06-07,web,true,5573429727,551391,LEG-24196,usr_793
692,Gerardo Cruz,gerardo.cruz@novatech.mx,5548746404,merida,2024-02-02,tienda_fisica,0,5552242616,558312,LEG-99467,usr_692
381,Gabriela Jimenez,gabriela.jimenez@gmail.com,5521608788,Tijuana,2024-10-31,app_movil,0,5529716706,559710,LEG-34624,
373,Miguel Rivera,miguel.rivera@novatech.mx,5577808331,León Gto,21 de enero de 2024,tienda_fisica,0,5599338490,557843,LEG-19686,
177,Itzel Garcia,itzel.garcia@yahoo.com.mx,5517559265,merida,8 de noviembre de 2024,tienda_fisica,true,5572337418,554218,LEG-70797,
810,Gerardo Lopez,gerardo.lopez@hotmail.com,5529087905,TIJUANA,30 de marzo de 2024,web,TRUE,5538999139,559493,LEG-19398,usr_810
360,ERNESTO RUIZ,ernesto.ruiz@novatech.mx,5599121418,TIJUANA,2024-01-02,tienda_fisica,TRUE,5559977034,555039,LEG-48851,usr_360
710,Paulina Aguilar,paulina.aguilar@gmail.com,5550172797,Mexico D.F.,2024-12-30,tienda_fisica,true,5566149907,553294,LEG-99558,
1981,Ana Cardona,ana.cardona@hotmail.com,5579182806,puebla,2024-06-27 00:00:00,app_movil,False,5518385929,556630,LEG-46119,
1721,Rodrigo Salazar,rodrigo.salazar@novatech.mx,5570675061,TIJUANA,2025-06-03,tienda_fisica,Si,5569506949,552937,LEG-60165,usr_1721
1,Ernesto Diaz,ernesto.diaz@yahoo.com.mx,5542054008,Puebla de Zaragoza,2024-10-24,web,TRUE,5575593781,557193,LEG-98995,usr_1
390,leticia cardona,leticia.cardona@hotmail.com,5562714190,Veracruz,2024-01-26,web,1,5532299653,555228,LEG-47280,
920,Hector Martinez,hector.martinez@outlook.com,5543338272,Monterrey NL,2024-08-18,app_movil,true,5543224516,553569,LEG-54929,
1014,Norma Flores,norma.flores@yahoo.com.mx,5528246965,Cancun,2024-05-18,web,1,5557882884,559745,LEG-78208,
1907,Renata Reyes,renata.reyes@outlook.com,5597231847,monterrey,27/02/2025,tienda_fisica,TRUE,5599343450,552015,LEG-75019,usr_1907
1960,Guillermo Diaz,guillermo.diaz@outlook.com,5544319294,Veracruz City,07/16/2024,tienda_fisica,true,5548068133,552641,LEG-44672,
390,leticia cardona,leticia.cardona@hotmail.com,5562714190,Veracruz,2024-01-26,web,1,5532299653,555228,LEG-47280,
2046,Oscar Martinez,oscar.martinez@hotmail.com,5550757430,TIJUANA,09/11/2024,web,1,5548956222,556296,LEG-75940,
170,Ana Lozano,ana.lozano@outlook.com,5517065989,PUE,26/04/2024,tienda_fisica,Si,5596156550,558534,LEG-94459,
1495,Valeria Pineda,valeria.pineda@novatech.mx,5577697505,cancun,2024-02-08,web,No,5561807360,558078,LEG-13664,usr_1495
140,Guillermo Rendon,guillermo.rendon@hotmail.com,5555954670,Leon,2025-03-30 00:00:00,tienda_fisica,0,5530585132,553549,LEG-22718,
99,Alejandra Garcia,alejandra.garcia@hotmail.com,5536877805,Qro.,2024-09-14,app_movil,No,5515858698,558770,LEG-52407,
893,Samantha Rojas,samantha.rojas@outlook.com,5516931459,PUE,03/14/2024,app_movil,0,5533205474,559616,LEG-17537,
1740,Mariana Perez,mariana.perez@hotmail.com,5593461025,GUADALAJARA,06-04-2024,app_movil,False,5517199974,558076,LEG-85779,
197,Oscar Delgado,oscar.delgado@novatech.mx,5567964374,Mexico D.F.,03/07/2024,app_movil,TRUE,5545892961,559569,LEG-43147,
1492,javier gonzalez,javier.gonzalez@hotmail.com,5550727623,Tijuana,24/05/2024,app_movil,TRUE,5523755320,555524,LEG-33489,usr_1492
649,Miguel Garcia,miguel.garcia@hotmail.com,5530724964,LEÓN,28-04-2025,web,1,5575599901,554767,LEG-29004,usr_649
1676,Gerardo Morales,gerardo.morales@hotmail.com,5597493906,MERIDA,2024-12-16,tienda_fisica,1,5526243790,559490,LEG-58980,
1783,Briana Rodriguez,briana.rodriguez@gmail.com,5518575153,PUE,2025-04-23,tienda_fisica,Si,5599723821,553514,LEG-91851,usr_1783
664,Alonso Salazar,alonso.salazar@novatech.mx,5561535128, Mexico D.F. ,17 de febrero de 2024,web,0,5559252201,555438,LEG-77591,usr_664
1805,Valeria Herrera,valeria.herrera@outlook.com,5514942767,Puebla,2024-02-25,tienda_fisica,TRUE,5577127166,551951,LEG-36828,
175,Natalia Castillo,natalia.castillo@novatech.mx,5525541542,PUE,05/04/2025,app_movil,False,5526498282,552362,LEG-69547,
1504,Leandro Rojas,leandro.rojas@gmail.com,5542436573,MÉRIDA,6 de octubre de 2024,app_movil,true,5519618732,557853,LEG-68671,
1723,Emmanuel Reyes,emmanuel.reyes@hotmail.com,5586002205,Tijuana,27/11/2024,tienda_fisica,Si,5531431438,555548,LEG-54782,
219,Briana Alvarez,briana.alvarez@yahoo.com.mx,5536125369,Puebla de Zaragoza,02-12-2024,tienda_fisica,1,5582065075,554390,LEG-70093,
1611,Emmanuel Vargas,emmanuel.vargas@yahoo.com.mx,5535101746,Ver.,2025-01-16 00:00:00,web,TRUE,5586451969,551531,LEG-87401,usr_1611
1091,octavio vega,octavio.vega@outlook.com,5544422066,puebla,09/08/2025,tienda_fisica,1,5590917378,559862,LEG-36445,usr_1091
1146,Samantha Mendez,samantha.mendez@outlook.com,5512367626,GDL,12/09/2024,app_movil,false,5571519957,557264,LEG-82908,
779,Ana Pineda,ana.pineda@outlook.com,5545267865,León Gto,2024-05-03,web,Si,5532877057,554724,LEG-43331,
119,Daniela Gonzalez,daniela.gonzalez@novatech.mx,5546223236,monterrey,2024-10-13 00:00:00,app_movil,true,5598889933,559738,LEG-84873,
100,Regina Reyes,regina.reyes@gmail.com,5557929479,puebla,2024-10-18,tienda_fisica,0,5551991037,558078,LEG-82573,
782,Fernanda Hernandez,fernanda.hernandez@yahoo.com.mx,5547431303,GUADALAJARA,07-05-2025,web,false,5592076903,556648,LEG-47270,
1459,Miguel Salazar,miguel.salazar@yahoo.com.mx,5564261713,Veracruz City,13-05-2025,web,TRUE,5568901847,554063,LEG-93307,usr_1459
909,Valeria Gonzalez,valeria.gonzalez@hotmail.com,5575234154,QUERÉTARO,2025-02-19 00:00:00,app_movil,false,5590767126,554099,LEG-56204,usr_909
80,Gerardo Contreras,gerardo.contreras@gmail.com,5578634432,MERIDA,01/14/2024,app_movil,false,5514041651,553568,LEG-22403,
157,Ernesto Alvarez,ernesto.alvarez@yahoo.com.mx,5590232695,Merida,01-10-2024,app_movil,No,5510487087,556859,LEG-59233,
1880,Raul Garcia,raul.garcia@gmail.com,5580671554,Puebla,2025-03-27,app_movil,False,5598349547,552600,LEG-45370,usr_1880
215,Ignacio Martinez,ignacio.martinez@yahoo.com.mx,5529857942,Leon,03/04/2024,tienda_fisica,Si,5539865205,554908,LEG-44517,
553,RICARDO HERNANDEZ,ricardo.hernandez@novatech.mx,5579881720,leon,2024-12-22,app_movil,1,5526501852,555185,LEG-84263,
1884,Fernanda Rivera,fernanda.rivera@hotmail.com,5571224088,merida,2024-12-29 00:00:00,tienda_fisica,1,5565524308,556420,LEG-94477,usr_1884
990,Gerardo Torres,gerardo.torres@gmail.com,5599461242,Merida,01/02/2025,tienda_fisica,false,5594261172,551646,LEG-12219,
536,Ernesto Contreras,ernesto.contreras@gmail.com,5532811147,Cancun,29-04-2024,web,true,5579608977,552298,LEG-30547,usr_536
1385,Victor Ruiz,victor.ruiz@gmail.com,5580545455,monterrey,2025-01-26 00:00:00,app_movil,1,5546829802,556089,LEG-49396,
1954,Regina Torres,regina.torres@gmail.com,5551781273,Cancún,15-05-2024,web,1,5536233059,554953,LEG-99074,usr_1954
1668,Octavio Rodriguez,octavio.rodriguez@outlook.com,5585612171,  Veracruz  ,14/09/2024,web,false,5592668585,552444,LEG-19089,
1699,Regina Rodriguez,regina.rodriguez@yahoo.com.mx,5526421320,Merida,16-07-2025,tienda_fisica,Si,5572331249,554716,LEG-93850,
1184,Alonso Mendez,alonso.mendez@gmail.com,5528862617,leon,8 de mayo de 2024,tienda_fisica,true,5540996000,553496,LEG-73841,usr_1184
1575,Emmanuel Alvarez,emmanuel.alvarez@yahoo.com.mx,5560413224,Cancun,04/19/2025,tienda_fisica,0,5543353695,553918,LEG-47173,usr_1575
1470,Alonso Reyes,alonso.reyes@yahoo.com.mx,5521798131,MTY,2024-04-01,web,TRUE,5566773538,552109,LEG-75671,
1958,Norma Navarro,norma.navarro@outlook.com,5598948389,GUADALAJARA,22-05-2024,web,No,5544534748,559003,LEG-68918,
577,BRIANA RUIZ,briana.ruiz@outlook.com,5588449985,CANCÚN,2024-03-23 00:00:00,app_movil,1,5513172949,558298,LEG-45931,usr_577
575,Julio Pineda,julio.pineda@gmail.com,5542343765,guadalajara,13 de marzo de 2024,tienda_fisica,0,5537961992,552649,LEG-41346,
2032,Gerardo Reyes,gerardo.reyes@novatech.mx,5532722059,puebla,13/10/2024,app_movil,TRUE,5577018599,559067,LEG-89074,
38,Itzel Pineda,itzel.pineda@hotmail.com,N/A,León Gto,2024-06-12,tienda_fisica,1,5522212689,554254,LEG-39220,
1112,Diana Guerrero,diana.guerrero@outlook.com,5586113651,Monterrey,19-09-2024,app_movil,1,5586879459,556411,LEG-24499,
1576,Paulina Lozano,paulina.lozano@gmail.com,5587647749,Mérida,2024-06-30,app_movil,Si,5535149877,556150,LEG-24277,
442,Fernanda Delgado,fernanda.delgado@gmail.com,5535409705, querétaro ,17/06/2024,tienda_fisica,0,5581268163,556368,LEG-84760,
1879,Samantha Lozano,samantha.lozano@novatech.mx,5537161780,Veracruz City,06-10-2024,tienda_fisica,No,5563974302,559953,LEG-50861,usr_1879
1801,Mariana Cardona,mariana.cardona@novatech.mx,5593326548,Puebla de Zaragoza,2024-12-23,app_movil,Si,5584886631,556595,LEG-16840,
326,Camila Vargas,camila.vargas@yahoo.com.mx,5537399582,Mexico D.F.,2025-01-26 00:00:00,tienda_fisica,false,5580624782,552786,LEG-80189,
1334,Javier Perez,javier.perez@novatech.mx,5544513462,veracruz,05/19/2025,app_movil,False,5526379282,554532,LEG-86910,
531,Diego Rivera,diego.rivera@gmail.com,5561312552,tijuana,22/09/2024,web,1,5561103355,558824,LEG-83351,
1346,Octavio Salazar,octavio.salazar@novatech.mx,5564412970,CANCÚN,2025-06-30,web,0,5541739736,551490,LEG-61862,
906,victor ortiz,victor.ortiz@gmail.com,5546402405,Leon,15-07-2024,web,False,5541841951,555394,LEG-77504,usr_906
1407,Abril Lozano,abril.lozano@gmail.com,5594318463,Guadalajara,2024-02-08 00:00:00,tienda_fisica,0,5560365761,559569,LEG-93201,
1043,Abril Lopez,abril.lopez@gmail.com,5592497625,Queretaro,05/10/2024,tienda_fisica,No,5597332965,553847,LEG-13324,usr_1043
163,Gabriela Molina,gabriela.molina@yahoo.com.mx,5573052077,MÉRIDA,11-03-2024,app_movil,False,5580561720,554347,LEG-51302,
1200,Ricardo Rodriguez,ricardo.rodriguez@gmail.com,5566005125,León Gto,12 de agosto de 2024,app_movil,TRUE,5551756253,558930,LEG-47987,usr_1200
866,Fernanda Molina,fernanda.molina@yahoo.com.mx,5546998151,puebla,06/16/2025,web,TRUE,5558554381,559166,LEG-14186,
604,Javier Ramirez,javier.ramirez@novatech.mx,5568351163,merida,2024-10-24,tienda_fisica,No,5567911726,554838,LEG-26230,usr_604
658,Diana Solis,diana.solis@outlook.com,5573509111,puebla,2024-07-21,tienda_fisica,1,5526387768,559284,LEG-43418,usr_658
1374,Emiliano Alvarez,emiliano.alvarez@novatech.mx,5539982742,CANCÚN,22/06/2025,tienda_fisica,Si,5573928473,554196,LEG-17719,
854,daniela gomez,daniela.gomez@outlook.com,5516553883,QUERÉTARO,2025-01-23,tienda_fisica,No,5548417930,554842,LEG-50799,
762,Samantha Ruiz,samantha.ruiz@hotmail.com,5522911553,merida,2024-12-27,tienda_fisica,false,5564676581,555579,LEG-99046,usr_762
566,diego sanchez,diego.sanchez@yahoo.com.mx,5579547972,VERACRUZ,05/04/2024,app_movil,0,5542756874,558242,LEG-21140,usr_566
1619,Maria Perez,maria.perez@novatech.mx,5538038084,Qro.,21 de febrero de 2024,web,true,5546279739,552104,LEG-57221,
1371,Alejandra Lopez,alejandra.lopez@hotmail.com,5598466014,MERIDA,22-03-2025,app_movil,false,5561102086,559038,LEG-59890,usr_1371
1214,Samantha Guerrero,samantha.guerrero@novatech.mx,5572774625,Cancun,2024-04-24 00:00:00,tienda_fisica,1,5550389305,551561,LEG-47827,
1457,Valeria Garcia,valeria.garcia@yahoo.com.mx,5557604059,guadalajara,5 de febrero de 2024,app_movil,0,5567615016,551409,LEG-55930,
1181,Leticia Sanchez,leticia.sanchez@hotmail.com,5557784271,Qro.,2024-11-07,web,TRUE,5576007250,552271,LEG-88541,
231,Regina Gonzalez,regina.gonzalez@yahoo.com.mx,5559009787,Puebla de Zaragoza,2024-10-15 00:00:00,tienda_fisica,1,5554366570,559858,LEG-97513,
81,Miguel Lozano,miguel.lozano@hotmail.com,5579655874,Tijuana,27/05/2024,app_movil,false,5536005679,553293,LEG-32431,usr_81
1580,Andres Bautista,andres.bautista@gmail.com,5561321431,guadalajara,03/31/2024,tienda_fisica,true,5530103620,559377,LEG-41763,
1846,Paola Guerrero,paola.guerrero@outlook.com,5555897671,veracruz,19-03-2025,tienda_fisica,1,5570615516,558026,LEG-98274,usr_1846
146,Gabriela Gomez,gabriela.gomez@outlook.com,5547624687,Qro.,8 de agosto de 2024,tienda_fisica,No,5541917485,554720,LEG-10431,usr_146
1035,Valeria Bautista,valeria.bautista@outlook.com,5526045812,LEÓN,08/10/2024,web,1,5562758380,557307,LEG-61772,usr_1035
1919,Ernesto Gonzalez,ernesto.gonzalez@hotmail.com,5540219547,Cancun,10/07/2024,app_movil,0,5555589139,554662,LEG-85209,usr_1919
1390,Raul Jimenez,raul.jimenez@novatech.mx,5524665442,Leon,11-02-2025,web,No,5590783114,559909,LEG-92256,
1111,Paola Guerrero,paola.guerrero@gmail.com,5575925800,monterrey,09/07/2024,app_movil,true,5575431830,559395,LEG-17440,
174,Renata Rendon,renata.rendon@novatech.mx,5555049306,MERIDA,08/07/2024,app_movil,False,5571438419,556311,LEG-35493,usr_174
1858,Itzel Ramirez,itzel.ramirez@yahoo.com.mx,5564883266,Qro.,2025-03-07,app_movil,No,5539586348,559331,LEG-15150,
1620,Paola Rivera,paola.rivera@novatech.mx,5556973104,QUERÉTARO,15/06/2025,app_movil,true,5583353474,555690,LEG-89911,
147,Abril Castillo,abril.castillo@gmail.com,5524047255, querétaro ,2024-05-02 00:00:00,tienda_fisica,No,5575593089,552760,LEG-86669,
83,Leticia Molina,leticia.molina@gmail.com,,PUE,05-07-2025,tienda_fisica,False,5589951870,558509,LEG-10886,usr_83
2019,Carlos Herrera,carlos.herrera@yahoo.com.mx,5556382740,TIJUANA,2025-03-22 00:00:00,tienda_fisica,0,5513202509,557797,LEG-47710,usr_1103
1930,Natalia Perez,natalia.perez@hotmail.com,5562705165,Veracruz,2024-12-16 00:00:00,web,TRUE,5529173733,556768,LEG-65884,usr_1930
564,Gabriela Salazar,gabriela.salazar@gmail.com,5541533697,Leon,18-12-2024,web,0,5513236479,557814,LEG-91542,
1554,Miguel Gomez,miguel.gomez@yahoo.com.mx,5597045533,Queretaro,2025-05-07 00:00:00,web,false,5578928234,555498,LEG-69238,usr_1554
150,Paola Rodriguez,paola.rodriguez@hotmail.com,5543183910,GDL,13 de mayo de 2025,tienda_fisica,true,5518742011,554393,LEG-52916,
187,Valeria Sanchez,valeria.sanchez@novatech.mx,5582491806,monterrey,03/15/2024,app_movil,1,5556374783,551331,LEG-47593,
1296,Itzel Vargas,itzel.vargas@novatech.mx,5562524886,puebla,18/10/2024,web,Si,5513855987,551099,LEG-64830,usr_1296
395,Octavio Morales,octavio.morales@hotmail.com,5510877347,cancun,2024-09-15,web,0,5514632203,552720,LEG-37438,
825,Ximena Perez,ximena.perez@outlook.com,5574331292,Mexico D.F.,2 de enero de 2024,app_movil,true,5573339572,559630,LEG-67980,usr_825
582,Guillermo Garcia,guillermo.garcia@gmail.com,5542647616,Monterrey NL,14/06/2025,tienda_fisica,0,5563935423,557251,LEG-87710,usr_582
860,Diana Lozano,diana.lozano@novatech.mx,5590259837,Cancun,13/05/2024,web,Si,5562273299,558252,LEG-89360,
334,Octavio Campos,octavio.campos@novatech.mx,5527331321,Qro.,11 de noviembre de 2024,app_movil,False,5573379298,554204,LEG-50878,
514,Carlos Cruz,carlos.cruz@outlook.com,5574288246,Monterrey NL,30 de mayo de 2025,tienda_fisica,false,5556373096,554142,LEG-29620,
493,LUIS CASTILLO,luis.castillo@outlook.com,5597404892,GDL,2024-02-10 00:00:00,web,No,5578156318,558132,LEG-95573,
1718,Renata Bautista,renata.bautista@novatech.mx,5546858780,Monterrey,26/07/2025,web,false,5513947688,554682,LEG-36022,usr_1718
44,Ximena Contreras,ximena.contreras@gmail.com,5514477362,tijuana,06/26/2024,app_movil,No,5539656843,552517,LEG-56758,
889,Regina Torres,regina.torres@yahoo.com.mx,5576472112,Veracruz,20-06-2025,tienda_fisica,Si,5530796082,551229,LEG-80865,
1848,Abril Gonzalez,abril.gonzalez@gmail.com,5580574239,merida,14-01-2025,tienda_fisica,0,5512676091,558795,LEG-10327,
312,Andres Salazar,andres.salazar@novatech.mx,5551574423,MERIDA,2024-07-27 00:00:00,app_movil,Si,5573533482,552070,LEG-80002,
1118,Guillermo Campos,guillermo.campos@novatech.mx,5516961059,GUADALAJARA,2024-10-03 00:00:00,tienda_fisica,0,5510051602,556539,LEG-97325,
1044,Gabriela Ruiz,gabriela.ruiz@gmail.com,5531016726,CANCÚN,30 de junio de 2024,web,TRUE,5592688230,558685,LEG-63849,usr_1044
396,Ricardo Reyes,ricardo.reyes@novatech.mx,5582709973,Veracruz,20 de marzo de 2024,web,true,5579741629,558633,LEG-92465,
105,Samantha Castillo,samantha.castillo@gmail.com,5586356752,Puebla,2024-06-03 00:00:00,tienda_fisica,true,5574416766,557678,LEG-11909,
1093,Samantha Jimenez,samantha.jimenez@outlook.com,5598566758,Guadalajara,2024-05-16,app_movil,TRUE,5558215292,551655,LEG-29032,
413,Emmanuel Vargas,emmanuel.vargas@outlook.com,5573699145,Mérida,22/06/2024,web,true,5549049227,557184,LEG-26684,
878,Norma Guerrero,norma.guerrero@gmail.com,5521382941,Puebla de Zaragoza,04/03/2024,app_movil,1,5584344199,556732,LEG-43325,
158,Paola Mendez,paola.mendez@novatech.mx,5596121921,leon,2025-03-25 00:00:00,tienda_fisica,false,5554097471,556827,LEG-27684,usr_158
1876,Sofia Molina,sofia.molina@hotmail.com,5537156001,Monterrey NL,2024-11-06 00:00:00,tienda_fisica,false,5599094664,551727,LEG-47106,usr_1876
1284,Samantha Lozano,samantha.lozano@yahoo.com.mx,5562157572,  Veracruz  ,10/11/2024,tienda_fisica,1,5528401558,553424,LEG-12440,usr_1284
654,Fernanda Vega,fernanda.vega@yahoo.com.mx,5523776937, querétaro ,02/13/2024,web,true,5580705870,557980,LEG-59046,
1072,Guillermo Lozano,guillermo.lozano@outlook.com,5583011374,LEÓN,29/05/2024,web,false,5524968227,558880,LEG-20333,
230,Natalia Ramirez,natalia.ramirez@outlook.com,5560041145,Veracruz City,28 de mayo de 2024,app_movil,true,5525434718,555025,LEG-14316,
641,Gerardo Aguilar,gerardo.aguilar@novatech.mx,5549797686,  Veracruz  ,12-05-2025,tienda_fisica,true,5560844959,558565,LEG-63915,usr_641
543,CARLOS RENDON,carlos.rendon@hotmail.com,5566787617,CANCÚN,29/01/2024,app_movil,false,5552536718,551708,LEG-37396,
271,Oscar Lozano,oscar.lozano@outlook.com,5594354147,  Veracruz  ,31-01-2025,tienda_fisica,0,5562426844,551245,LEG-23828,
703,Gabriela Rendon,gabriela.rendon@yahoo.com.mx,5599516922,Qro.,2024-12-26,tienda_fisica,1,5553046427,552331,LEG-81640,usr_703
1154,Paulina Garcia,paulina.garcia@gmail.com,5524394086,CANCÚN,04/08/2025,web,false,5511563818,558011,LEG-59765,usr_1154
500,Citlali Morales,citlali.morales@hotmail.com,5521521329,TIJUANA,2024-03-09 00:00:00,app_movil,true,5531091525,557365,LEG-79838,
1824,Carlos Vargas,carlos.vargas@novatech.mx,5592837311,Tijuana,2025-04-03 00:00:00,tienda_fisica,1,5568397178,556811,LEG-14735,usr_1824
458,Sofia Morales,sofia.morales@outlook.com,5571368527,Monterrey,03-03-2025,web,false,5580333841,551615,LEG-99736,
897,Valeria Alvarez,valeria.alvarez@yahoo.com.mx,5569935409,guadalajara,26 de enero de 2025,app_movil,false,5546116480,554208,LEG-34661,
1591,Emmanuel Sanchez,emmanuel.sanchez@novatech.mx,5546408352,Cancún,8 de mayo de 2024,web,0,5579252213,551667,LEG-13547,
996,Octavio Vega,octavio.vega@gmail.com,5596252801, Mexico D.F. ,2025-06-28,web,False,5550287244,555024,LEG-39288,
508,Alejandra Rendon,alejandra.rendon@yahoo.com.mx,5591121394,Cancun,2025-07-13,web,False,5554607637,556546,LEG-32703,
342,Rodrigo Cruz,rodrigo.cruz@yahoo.com.mx,5575198195,cdmx,2024-09-14 00:00:00,tienda_fisica,0,5520016142,558873,LEG-35721,usr_342
876,Camila Castillo,camila.castillo@hotmail.com,5555208500,Puebla,16-04-2024,web,TRUE,5558524078,552228,LEG-12916,
1222,Fernanda Bautista,fernanda.bautista@gmail.com,5582325565,Merida,10/19/2024,app_movil,False,5585686309,558444,LEG-37080,usr_1222
1598,itzel hernandez,itzel.hernandez@outlook.com,5541944675, querétaro ,07/01/2025,web,No,5518025279,558726,LEG-22468,
346,Alberto Solis,alberto.solis@outlook.com,5538182111,veracruz,2024-01-31 00:00:00,web,False,5576228432,554920,LEG-61756,
263,Leandro Pineda,leandro.pineda@gmail.com,5556867035,puebla,07/13/2024,web,Si,5578361536,553534,LEG-15401,
1304,Itzel Ramirez,itzel.ramirez@yahoo.com.mx,5564663929,veracruz,21-05-2025,app_movil,true,5526053365,553637,LEG-31577,
1957,Natalia Contreras,natalia.contreras@gmail.com,5514229426,Veracruz,2024-02-01,app_movil,TRUE,5540069562,551532,LEG-26997,
1187,Oscar Sanchez,oscar.sanchez@novatech.mx,5512376512,Puebla de Zaragoza,2024-10-03,web,No,5558197160,556391,LEG-84032,
1546,Emmanuel Vargas,emmanuel.vargas@novatech.mx,5561842949, querétaro ,01/07/2025,app_movil,1,5562389471,557543,LEG-32993,
675,Itzel Castillo,itzel.castillo@outlook.com,5521365385,  Veracruz  ,04-03-2024,tienda_fisica,1,5590402685,555148,LEG-32845,
12,Ximena Pineda,ximena.pineda@hotmail.com,NULL,Queretaro,02/12/2024,tienda_fisica,Si,5522134571,553422,LEG-43208,usr_12
185,Alejandra Gomez,alejandra.gomez@yahoo.com.mx,5587498252,puebla,26/09/2024,tienda_fisica,No,5580878714,556546,LEG-92462,
1205,Itzel Rivera,itzel.rivera@hotmail.com,5531063902,merida,02-08-2024,tienda_fisica,0,5548706171,557963,LEG-87931,usr_1205
1577,Camila Hernandez,camila.hernandez@outlook.com,5530592443,Cancun,22 de octubre de 2024,tienda_fisica,TRUE,5562974858,557200,LEG-61561,usr_1577
629,IGNACIO HERNANDEZ,ignacio.hernandez@outlook.com,5511189645,Puebla,2024-09-13 00:00:00,web,0,5583233650,554364,LEG-46283,
1019,Mariana Molina,mariana.molina@yahoo.com.mx,5557581216,Veracruz,2024-03-12 00:00:00,tienda_fisica,TRUE,5528825228,555996,LEG-74202,
205,Octavio Rendon,octavio.rendon@outlook.com,5571957737,Monterrey,12/03/2025,tienda_fisica,true,5532483973,559239,LEG-96620,usr_205
35,Regina Mendez,,5526149592,PUE,2024-01-13,tienda_fisica,true,5559577517,551427,LEG-91837,
744,Carlos Navarro,carlos.navarro@novatech.mx,5526299468,VERACRUZ,06/04/2025,tienda_fisica,TRUE,5567851814,553851,LEG-49794,usr_744
382,Sofia Diaz,sofia.diaz@yahoo.com.mx,5555783291,puebla,2024-03-28,web,False,5542746618,557385,LEG-63281,
2017,Renata Mendez,renata.mendez@gmail.com,5514749912,PUE,2025-01-21,app_movil,0,5523608316,557524,LEG-15016,
1397,Paulina Vargas,paulina.vargas@outlook.com,5540195809,MERIDA,2025-04-07 00:00:00,tienda_fisica,TRUE,5569866745,558656,LEG-41908,usr_1397
1624,Natalia Vega,natalia.vega@yahoo.com.mx,5593164952,Tijuana,15/04/2025,app_movil,TRUE,5515188928,556678,LEG-83605,usr_1624
1786,Daniela Ruiz,daniela.ruiz@yahoo.com.mx,5574008540,tijuana,2024-10-20,app_movil,Si,5599627742,554715,LEG-52070,
193,Briana Ortiz,briana.ortiz@yahoo.com.mx,5543114781,Monterrey NL,2024-08-31 00:00:00,web,Si,5552936748,558745,LEG-17931,
1532,MARIANA FLORES,mariana.flores@novatech.mx,5574675528,MÉRIDA,5 de septiembre de 2024,app_movil,No,5549824290,556822,LEG-17553,
1538,Raul Hernandez,raul.hernandez@yahoo.com.mx,5544574729,MTY,2 de febrero de 2025,app_movil,true,5547359116,558065,LEG-69340,
1145,Diana Molina,diana.molina@novatech.mx,5598556594,MTY,2025-02-11 00:00:00,app_movil,1,5581492049,554545,LEG-96881,
1578,Ignacio Flores,ignacio.flores@yahoo.com.mx,5581304361,PUE,04-07-2025,app_movil,No,5593662748,554292,LEG-71098,
1361,Ignacio Ramirez,ignacio.ramirez@novatech.mx,5538735694,cancun,31 de enero de 2025,web,true,5581502089,556962,LEG-48868,
898,Diego Solis,diego.solis@gmail.com,5593011764,LEÓN,21/12/2024,web,False,5532428791,552451,LEG-27472,usr_898
1844,Mariana Solis,mariana.solis@yahoo.com.mx,5559884739,tijuana,22-05-2025,tienda_fisica,1,5545058934,559052,LEG-36316,
579,Diego Rodriguez,diego.rodriguez@novatech.mx,5538416915,queretaro,2024-11-12,app_movil,TRUE,5595992631,555964,LEG-76004,usr_579
997,ABRIL RODRIGUEZ,abril.rodriguez@yahoo.com.mx,5513391821,veracruz,2025-05-29 00:00:00,app_movil,true,5594498734,554043,LEG-29556,
1186,Valeria Ruiz,valeria.ruiz@novatech.mx,5534276491,VERACRUZ,2025-03-28,tienda_fisica,true,5519961390,556882,LEG-61470,
925,Victor Perez,victor.perez@outlook.com,5581899202,MTY,2024-02-11 00:00:00,tienda_fisica,Si,5548126200,553649,LEG-46633,
1716,Valeria Vega,valeria.vega@outlook.com,5520906003,Veracruz,06/06/2024,app_movil,False,5561841950,555429,LEG-67713,
209,Luis Reyes,luis.reyes@gmail.com,5591472396,GUADALAJARA,24-12-2024,app_movil,False,5533261153,555080,LEG-64813,
403,Leandro Sanchez,leandro.sanchez@novatech.mx,5572973907,Mérida,12 de noviembre de 2024,app_movil,0,5593563042,557352,LEG-38763,
992,Victor Bautista,victor.bautista@gmail.com,5529656510,Merida,2025-05-02,tienda_fisica,true,5583402923,554168,LEG-96000,
882,VICTOR BAUTISTA,victor.bautista@outlook.com,5591504758,Cancún,03-01-2025,tienda_fisica,1,5547016756,555449,LEG-45329,
948,Valeria Vega,valeria.vega@hotmail.com,5567446493,Mérida,2025-07-13,app_movil,true,5532001609,557522,LEG-24156,
1556,Alberto Sanchez,alberto.sanchez@hotmail.com,5539488231,MÉRIDA,2024-09-19 00:00:00,tienda_fisica,0,5584988218,558283,LEG-83845,
1329,Briana Martinez,briana.martinez@gmail.com,5561768480,veracruz,06/05/2025,web,TRUE,5554882611,557930,LEG-38821,
1673,Ximena Aguilar,ximena.aguilar@hotmail.com,5594105910,cdmx,2024-06-05,tienda_fisica,No,5539604110,556127,LEG-94515,usr_1673
1983,Samantha Gomez,samantha.gomez@yahoo.com.mx,5594251587,Merida,2025-01-23 00:00:00,tienda_fisica,0,5515389842,551437,LEG-49427,
758,Maria Diaz,maria.diaz@yahoo.com.mx,5587424910,Mérida,2024-08-21 00:00:00,tienda_fisica,Si,5567863718,554864,LEG-89977,
918,Emiliano Ortiz,emiliano.ortiz@novatech.mx,5549879636, Mexico D.F. ,01/06/2025,app_movil,false,5561948882,553563,LEG-40308,
1855,Ignacio Reyes,ignacio.reyes@novatech.mx,5582187147, querétaro ,19/12/2024,web,False,5563221340,552320,LEG-74554,usr_1855
534,Diego Cruz,diego.cruz@yahoo.com.mx,5569828704,monterrey,2024-09-16,web,0,5547646508,557059,LEG-87332,
1833,Julio Perez,julio.perez@gmail.com,5548426162,Merida,16-11-2024,app_movil,False,5525888500,559714,LEG-60514,
50,Octavio Solis,N/A,null,QUERÉTARO,02-04-2025,tienda_fisica,false,5567189850,551731,LEG-28634,
1327,Rodrigo Hernandez,rodrigo.hernandez@novatech.mx,5521635742,TIJUANA,2024-02-01,tienda_fisica,Si,5589279238,553281,LEG-84806,
993,Paola Ortiz,paola.ortiz@yahoo.com.mx,5561904300,TIJUANA,2024-07-16 00:00:00,app_movil,false,5585037028,554573,LEG-98260,
303,Guillermo Cruz,guillermo.cruz@novatech.mx,5579217738,Mexico D.F.,11/07/2024,tienda_fisica,true,5550033181,559552,LEG-16405,
770,Ignacio Herrera,ignacio.herrera@yahoo.com.mx,5596061863,Puebla de Zaragoza,11/07/2024,tienda_fisica,0,5546067373,558094,LEG-54793,
176,Guillermo Castillo,guillermo.castillo@novatech.mx,5536606783,MERIDA,18/01/2025,app_movil,False,5512337021,553006,LEG-33076,
471,Natalia Torres,natalia.torres@yahoo.com.mx,5523541139,TIJUANA,01/25/2024,web,true,5571597558,556377,LEG-31199,usr_471
1545,Paola Cruz,paola.cruz@gmail.com,5526578739,merida,02/07/2025,web,False,5543915545,552532,LEG-30903,usr_1545
517,Maria Molina,maria.molina@novatech.mx,5549032911,Leon,2025-07-24 00:00:00,tienda_fisica,1,5524258956,559368,LEG-92641,
1215,Lorena Rendon,lorena.rendon@gmail.com,5568288735,Queretaro,2024-11-26 00:00:00,tienda_fisica,Si,5599711347,551561,LEG-33237,
202,Norma Delgado,norma.delgado@outlook.com,5568394007,Monterrey,24 de noviembre de 2024,web,No,5575705813,551381,LEG-93905,usr_202
809,Alonso Mendez,alonso.mendez@gmail.com,5562395844,guadalajara,2024-12-14 00:00:00,tienda_fisica,false,5594907426,558659,LEG-52550,usr_809
1255,Javier Torres,javier.torres@outlook.com,5573196703,Monterrey NL,05/08/2025,web,Si,5543923775,552070,LEG-98036,usr_1255
1899,Daniela Guerrero,daniela.guerrero@outlook.com,5523831478,Monterrey NL,03/07/2025,tienda_fisica,0,5599938842,559001,LEG-98266,
930,Octavio Aguilar,octavio.aguilar@novatech.mx,5550177736,veracruz,2025-05-23 00:00:00,app_movil,No,5592324520,552574,LEG-69267,usr_930
1150,Abril Vega,abril.vega@outlook.com,5548695380,Guad.,2025-08-12,web,false,5525897872,553633,LEG-53192,
689,LEANDRO AGUILAR,leandro.aguilar@yahoo.com.mx,5577552510,Mérida,2024-01-05,app_movil,1,5539103918,557289,LEG-64343,usr_689
800,Sergio Lozano,sergio.lozano@gmail.com,5513232159,Ver.,2025-06-12,app_movil,No,5522727822,557958,LEG-36610,usr_800
1903,Abril Morales,abril.morales@gmail.com,5584285243,CANCÚN,2024-04-05 00:00:00,tienda_fisica,False,5554163630,551682,LEG-24173,
560,Daniela Gonzalez,daniela.gonzalez@novatech.mx,5554836940,León Gto,14/06/2025,web,No,5532969542,551334,LEG-15068,
2028,Norma Iglesias,norma.iglesias@novatech.mx,5597345296,LEÓN,2025-06-19,web,1,5543276718,556669,LEG-15618,
971,Julio Aguilar,julio.aguilar@novatech.mx,5576876349,Cancún,2025-03-19,tienda_fisica,False,5526251428,553537,LEG-99969,
1212,Carlos Ramirez,carlos.ramirez@novatech.mx,5536882439,Monterrey,2024-01-13,tienda_fisica,Si,5510961846,555812,LEG-99461,
844,Briana Lopez,briana.lopez@novatech.mx,5539945574,MTY,19/06/2024,tienda_fisica,1,5580443150,556137,LEG-86036,usr_844
786,Abril Rodriguez,abril.rodriguez@novatech.mx,5569518738,Guad.,24/02/2024,web,False,5573904744,559991,LEG-50029,usr_786
1549,Ricardo Lopez,ricardo.lopez@novatech.mx,5594466041,monterrey,03/07/2024,app_movil,false,5562578810,555837,LEG-32047,
1839,Maria Guerrero,maria.guerrero@gmail.com,5581942139,veracruz,15/08/2024,app_movil,False,5547167559,551133,LEG-85851,usr_1839
1077,Carlos Campos,carlos.campos@yahoo.com.mx,5549528824,monterrey,01-02-2025,tienda_fisica,true,5529957871,555940,LEG-77263,
594,Sergio Garcia,sergio.garcia@outlook.com,5549419800, Mexico D.F. ,07/26/2024,app_movil,true,5542427838,551945,LEG-15903,usr_594
1479,Gabriela Rivera,gabriela.rivera@yahoo.com.mx,5589018526,puebla,2024-11-09 00:00:00,web,1,5568365644,551960,LEG-17839,usr_1479
1940,Briana Guerrero,briana.guerrero@gmail.com,5538992338,CANCÚN,09/03/2024,tienda_fisica,TRUE,5593277340,556529,LEG-20385,
446,Lorena Ruiz,lorena.ruiz@gmail.com,5540506544,Monterrey NL,2025-03-27 00:00:00,app_movil,No,5594366789,556442,LEG-26028,usr_446
1348,Sergio Herrera,sergio.herrera@novatech.mx,5558143272,Puebla,19-04-2024,app_movil,0,5522524287,553126,LEG-19315,
567,Gabriela Ruiz,gabriela.ruiz@gmail.com,5534958513,GUADALAJARA,24 de abril de 2025,web,false,5518908635,555459,LEG-84101,
78,Gabriela Gonzalez,gabriela.gonzalez@hotmail.com,,LEÓN,2024-08-23,web,Si,5562961240,556175,LEG-65266,
718,Miguel Rojas,miguel.rojas@yahoo.com.mx,5599619649,MEXICO DF,28-08-2024,tienda_fisica,False,5572817784,555461,LEG-77874,
979,BRIANA ALVAREZ,briana.alvarez@yahoo.com.mx,5534469303,MERIDA,2024-03-17,web,No,5541738357,556054,LEG-90160,
196,Emmanuel Martinez,emmanuel.martinez@yahoo.com.mx,5584844624,Mexico D.F.,2024-10-07,web,0,5563786337,553421,LEG-31325,
1547,Regina Rendon,regina.rendon@outlook.com,5523941022,CANCÚN,10/09/2024,app_movil,Si,5588046924,553109,LEG-30539,
555,Luis Cardona,luis.cardona@hotmail.com,5578173923,Queretaro,02/05/2025,app_movil,TRUE,5541044321,556932,LEG-20775,
1917,Andres Vargas,andres.vargas@gmail.com,5528365124,Mexico D.F.,2 de febrero de 2025,tienda_fisica,Si,5554471213,552015,LEG-35840,
167,Samantha Gonzalez,samantha.gonzalez@novatech.mx,5515869910,PUE,02/21/2025,web,0,5528191677,551786,LEG-51995,
1936,Itzel Vargas,itzel.vargas@gmail.com,5581289797,cancun,30/07/2025,web,1,5597812389,551252,LEG-28979,
270,Maria Diaz,maria.diaz@hotmail.com,5541473287,Guad.,2024-12-28 00:00:00,web,false,5544076976,555219,LEG-96346,usr_270
1772,MIGUEL CONTRERAS,miguel.contreras@gmail.com,5531112503,leon,2025-02-03,app_movil,1,5587589946,553067,LEG-91039,usr_1772
1268,Citlali Cardona,citlali.cardona@outlook.com,5594801342,CDMX,11/05/2025,web,TRUE,5538007287,556011,LEG-70880,
1589,Norma Pineda,norma.pineda@yahoo.com.mx,5598866483,Monterrey NL,2024-06-20,app_movil,TRUE,5595428538,558271,LEG-34363,
883,Maria Vargas,maria.vargas@hotmail.com,5590585153,LEÓN,13 de enero de 2025,app_movil,true,5569991040,551060,LEG-17740,
351,Citlali Aguilar,citlali.aguilar@yahoo.com.mx,5551211345,PUE,11/10/2024,tienda_fisica,false,5584486880,554145,LEG-15940,
1710,Miguel Lozano,miguel.lozano@gmail.com,5546958818,Merida,14/10/2024,web,False,5553726613,558663,LEG-29705,
1978,Valeria Bautista,valeria.bautista@outlook.com,5584614944,TIJUANA,2024-10-25,web,false,5564706771,557414,LEG-88570,
871,Norma Navarro,norma.navarro@novatech.mx,5594527679,Mérida,2024-12-19,tienda_fisica,TRUE,5545701288,555791,LEG-98098,
1279,Gerardo Reyes,gerardo.reyes@yahoo.com.mx,5547932792,GDL,12/02/2024,web,false,5547356698,554430,LEG-92614,
748,Fernanda Salazar,fernanda.salazar@hotmail.com,5562101707,tijuana,23/08/2025,app_movil,false,5593828304,558450,LEG-95557,usr_748
1411,Victor Flores,victor.flores@novatech.mx,5550182943,leon,2024-10-14 00:00:00,app_movil,false,5537808176,557925,LEG-22238,
1021,Leandro Molina,leandro.molina@yahoo.com.mx,5546356185,tijuana,08/13/2024,tienda_fisica,0,5558305670,555323,LEG-88004,
47,Oscar Vega,oscar.vega@hotmail.com,5525592367,Ver.,17/09/2024,tienda_fisica,1,5565997082,558878,LEG-99097,
1564,Gabriela Castillo,gabriela.castillo@yahoo.com.mx,5572965042,MÉRIDA,18/04/2024,tienda_fisica,0,5540051278,559605,LEG-31736,
432,Luis Flores,luis.flores@novatech.mx,5563669762,MÉRIDA,25-03-2025,tienda_fisica,1,5585559094,556946,LEG-37520,
411,Julio Rojas,julio.rojas@gmail.com,5598438169,tijuana,2024-12-17,web,false,5582788087,555286,LEG-96299,usr_411
1164,Hector Ortiz,hector.ortiz@yahoo.com.mx,5529289659,PUE,2024-04-20 00:00:00,web,Si,5526997375,559615,LEG-37826,usr_1164
1083,Gabriela Ortiz,gabriela.ortiz@novatech.mx,5586146157,GUADALAJARA,2 de septiembre de 2024,app_movil,TRUE,5594444285,559865,LEG-25149,
632,Andres Torres,andres.torres@hotmail.com,5599353845,TIJUANA,06/19/2025,tienda_fisica,No,5554896616,559603,LEG-12688,
1344,Alonso Ruiz,alonso.ruiz@yahoo.com.mx,5594746735,tijuana,2025-07-08,web,false,5556014963,552312,LEG-16105,usr_1344
1864,Ernesto Diaz,ernesto.diaz@gmail.com,5571387921,Veracruz,2024-04-10 00:00:00,tienda_fisica,0,5599218601,552552,LEG-77243,usr_1864
300,Ignacio Ramirez,ignacio.ramirez@outlook.com,5561028057,Puebla de Zaragoza,02/10/2025,web,False,5566314173,559320,LEG-41204,
1017,Leticia Rodriguez,leticia.rodriguez@outlook.com,5548311440,Monterrey NL,02-05-2025,web,No,5596494822,554262,LEG-57217,
1725,gabriela lopez,gabriela.lopez@novatech.mx,5543732484,Leon,14-06-2024,web,true,5557559073,555254,LEG-25425,
1792,RODRIGO MOLINA,rodrigo.molina@hotmail.com,5543762372,Guadalajara,2025-06-22,tienda_fisica,False,5579805752,559377,LEG-34411,usr_1792
1974,Gabriela Mendez,gabriela.mendez@outlook.com,5598814949,guadalajara,2024-10-04 00:00:00,web,false,5583778811,552950,LEG-56852,
1791,RICARDO DIAZ,ricardo.diaz@novatech.mx,5535156037,merida,02/07/2025,tienda_fisica,TRUE,5546172327,558934,LEG-93941,
1294,Regina Cardona,regina.cardona@yahoo.com.mx,5596593603, querétaro ,10-05-2025,web,1,5516435271,552272,LEG-92314,
1170,Leandro Rendon,leandro.rendon@outlook.com,5520114821,MEXICO DF,2025-06-18,web,true,5510088550,551907,LEG-39708,
1358,Ignacio Gomez,ignacio.gomez@outlook.com,5570947353,  Veracruz  ,11/29/2024,app_movil,false,5538722104,551247,LEG-99059,usr_1358
1585,Ana Iglesias,ana.iglesias@novatech.mx,5574542381,Guad.,2025-06-26,tienda_fisica,true,5564358038,551114,LEG-91181,
615,Mariana Hernandez,mariana.hernandez@gmail.com,5553834001,GDL,17/04/2025,tienda_fisica,1,5563016741,553810,LEG-83006,
1088,Andres Garcia,andres.garcia@hotmail.com,5510832237,cancun,03-12-2024,web,TRUE,5515983888,554466,LEG-20453,usr_1088
232,Emmanuel Rodriguez,emmanuel.rodriguez@gmail.com,5538985077,guadalajara,2024-02-23 00:00:00,tienda_fisica,0,5557052739,557808,LEG-10592,usr_232
297,Norma Garcia,norma.garcia@yahoo.com.mx,5574822032,Veracruz,10 de septiembre de 2024,app_movil,0,5584632690,552700,LEG-33221,
1966,Paola Cruz,paola.cruz@yahoo.com.mx,5557826571,Cancún,2024-07-02,app_movil,false,5528419579,555911,LEG-27624,usr_1966
61,Gabriela Castillo,gabriela.castillo@hotmail.com,5530109273,GDL,20/07/2024,app_movil,false,5535973625,554935,LEG-65265,
1809,Norma Ruiz,norma.ruiz@gmail.com,5565503614,Mérida,2025-05-30,web,False,5552082871,558967,LEG-77122,
636,Samantha Pineda,samantha.pineda@novatech.mx,5510248172,Cancun,2024-11-16,tienda_fisica,False,5574182096,553315,LEG-56051,usr_636
402,Samantha Lopez,samantha.lopez@gmail.com,5554665679, Mexico D.F. ,2025-01-02,app_movil,false,5560483642,557713,LEG-92031,
397,Diego Cardona,diego.cardona@hotmail.com,5585528605,Ciudad de Mexico,13 de diciembre de 2024,web,0,5552273090,554870,LEG-39169,usr_397
1382,Ximena Solis,ximena.solis@hotmail.com,5516135112,Guadalajara,26 de abril de 2024,app_movil,true,5591107357,555983,LEG-46353,
345,Julio Lopez,julio.lopez@yahoo.com.mx,5545531891,Ver.,09/19/2024,web,False,5594886378,551812,LEG-95206,usr_345
1599,Emiliano Cardona,emiliano.cardona@gmail.com,5515427197,Cancun,05/12/2025,tienda_fisica,No,5575446556,555809,LEG-60202,
1656,Abril Delgado,abril.delgado@hotmail.com,5550614431,TIJUANA,1 de marzo de 2024,app_movil,1,5556078146,556914,LEG-15269,usr_1656
690,Natalia Ortiz,natalia.ortiz@yahoo.com.mx,5587325294,TIJUANA,2024-04-01,web,false,5565279725,557272,LEG-58972,usr_690
847,Miguel Rojas,miguel.rojas@outlook.com,5566345903,LEÓN,01/20/2025,tienda_fisica,false,5566921034,558343,LEG-47014,usr_847
6,Camila Solis,-,null,Guad.,8 de julio de 2025,tienda_fisica,TRUE,5570287418,554070,LEG-97145,
1341,Valeria Ruiz,valeria.ruiz@outlook.com,5553204013,MÉRIDA,06-03-2024,web,true,5534289509,557569,LEG-15459,
1829,Paulina Gonzalez,paulina.gonzalez@yahoo.com.mx,5577524745,monterrey,2025-02-27,web,0,5567166895,556762,LEG-63365,
113,Hector Rojas,hector.rojas@novatech.mx,5590031186,Tijuana,2025-01-14 00:00:00,tienda_fisica,Si,5573819927,559331,LEG-35734,
870,Leandro Flores,leandro.flores@hotmail.com,5525146833,Veracruz,2024-10-08,app_movil,False,5541169945,552821,LEG-83753,
634,Samantha Iglesias,samantha.iglesias@gmail.com,5576118818,merida,01-04-2025,tienda_fisica,False,5553001846,556435,LEG-29959,usr_634
631,Maria Contreras,maria.contreras@yahoo.com.mx,5551974842,MERIDA,2024-11-30,app_movil,No,5594112732,559152,LEG-91127,usr_631
1793,Oscar Rojas,oscar.rojas@gmail.com,5590936254,veracruz,30/08/2024,web,false,5542995686,555775,LEG-79667,
532,Paola Lozano,paola.lozano@hotmail.com,5563595194,GUADALAJARA,2024-08-22 00:00:00,app_movil,No,5520077182,556698,LEG-15864,
1896,Regina Ortiz,regina.ortiz@outlook.com,5557547598,GUADALAJARA,2024-07-24 00:00:00,app_movil,true,5522855416,554491,LEG-99668,
1697,ITZEL RENDON,itzel.rendon@novatech.mx,5571046680,Tijuana,3 de febrero de 2024,tienda_fisica,TRUE,5547914931,554766,LEG-55036,
1587,Julio Vega,julio.vega@outlook.com,5560327815,guadalajara,2024-11-12,web,0,5529535668,551175,LEG-70656,
1704,Daniela Torres,daniela.torres@outlook.com,5587805299,Veracruz,11-12-2024,web,Si,5541703102,559447,LEG-44073,
1113,Paola Torres,paola.torres@hotmail.com,5576616846,Cancún,2024-01-29 00:00:00,tienda_fisica,false,5593234502,556062,LEG-25890,usr_1113
1099,Guillermo Martinez,guillermo.martinez@novatech.mx,5542391485,Puebla,11/24/2024,tienda_fisica,No,5552841560,552154,LEG-78328,usr_1099
112,Diana Diaz,diana.diaz@yahoo.com.mx,5521909398,tijuana,08/04/2024,app_movil,true,5512756829,556628,LEG-81188,
670,Javier Gomez,javier.gomez@novatech.mx,5516713309,Leon,14-01-2024,web,False,5513903166,557796,LEG-14716,usr_670
497,Oscar Lopez,oscar.lopez@hotmail.com,5548629289,Tijuana,28-05-2024,app_movil,No,5578065389,554873,LEG-95319,usr_497
64,Gerardo Torres,gerardo.torres@novatech.mx,5561954056,queretaro,23/12/2024,tienda_fisica,TRUE,5534528969,555842,LEG-67870,usr_64
1755,JAVIER VARGAS,javier.vargas@hotmail.com,5596791747,Puebla de Zaragoza,1 de mayo de 2025,app_movil,1,5595348986,559284,LEG-64387,
1310,Guillermo Cruz,guillermo.cruz@gmail.com,5563913080,  Veracruz  ,2025-05-21 00:00:00,web,False,5577338356,551833,LEG-43012,usr_1310
1637,Regina Rojas,regina.rojas@yahoo.com.mx,5531701102,Veracruz City,2024-05-16,tienda_fisica,true,5594494398,557138,LEG-59381,usr_1637
1216,Luis Rodriguez,luis.rodriguez@yahoo.com.mx,5584926462,Queretaro,18 de noviembre de 2024,app_movil,1,5514327658,553361,LEG-95230,usr_1216
790,Ximena Vega,ximena.vega@outlook.com,5513462458,Queretaro,2025-01-01,web,No,5595187234,551739,LEG-69970,usr_790
545,Guillermo Alvarez,guillermo.alvarez@yahoo.com.mx,5517768669,MEXICO DF,2025-06-15,tienda_fisica,TRUE,5559036102,559522,LEG-60273,
1360,Diego Cruz,diego.cruz@hotmail.com,5539742468,Veracruz,02/08/2025,app_movil,Si,5511766984,551393,LEG-72561,usr_1360
731,Gerardo Contreras,gerardo.contreras@yahoo.com.mx,5512776289,CANCÚN,05/31/2024,app_movil,false,5511292829,551658,LEG-90151,
46,Gerardo Reyes,gerardo.reyes@novatech.mx,5532722059,puebla,13/10/2024,app_movil,TRUE,5577018599,559067,LEG-89074,
985,Maria Diaz,maria.diaz@novatech.mx,5554003675,Cancún,01/31/2025,tienda_fisica,false,5523538566,551042,LEG-77827,
1022,Oscar Sanchez,oscar.sanchez@gmail.com,5596738234,GUADALAJARA,06/23/2025,app_movil,Si,5525435081,551043,LEG-42367,
2040,Emiliano Castillo,emiliano.castillo@hotmail.com,5585999029,Monterrey NL,2024-09-18,web,No,5554276185,556577,LEG-13469,
1979,Ana Pineda,ana.pineda@gmail.com,5547644905,Guadalajara,2025-07-21,tienda_fisica,Si,5593899445,555741,LEG-20379,
25,Guillermo Bautista,guillermo.bautista@gmail.com,5546771387,Ciudad de Mexico,2025-01-24,web,No,5546357409,553339,LEG-42971,usr_25
1018,Briana Sanchez,briana.sanchez@novatech.mx,5594203782,cancun,2024-03-25,web,No,5530838954,552761,LEG-21412,
1894,Fernanda Morales,fernanda.morales@gmail.com,5513744680,Mexico D.F.,01/15/2024,tienda_fisica,0,5515018169,553823,LEG-57373,
1847,Javier Lopez,javier.lopez@hotmail.com,5566544847,León Gto,2024-06-25 00:00:00,tienda_fisica,False,5523899945,557455,LEG-72450,
1779,Luis Gonzalez,luis.gonzalez@gmail.com,5580989956,merida,2025-03-07,web,false,5525222657,559273,LEG-97014,usr_1779
894,Hector Gomez,hector.gomez@outlook.com,5557066753,Queretaro,25/07/2024,tienda_fisica,0,5528483826,558508,LEG-84403,
1133,RAUL MENDEZ,raul.mendez@yahoo.com.mx,5533068791,Ver.,07/08/2025,tienda_fisica,true,5561326540,559202,LEG-52263,usr_1133
2011,VICTOR TORRES,victor.torres@novatech.mx,5567379537,puebla,04/27/2025,web,0,5547228207,555474,LEG-24818,
1967,Victor Navarro,victor.navarro@novatech.mx,5584841654,Monterrey NL,06/12/2024,app_movil,TRUE,5577219357,551881,LEG-68459,usr_1967
70,Camila Garcia,camila.garcia@yahoo.com.mx,N/A,Qro.,2025-04-28,app_movil,No,5598596876,554598,LEG-68025,
1383,Emmanuel Rendon,emmanuel.rendon@novatech.mx,5518048615,GUADALAJARA,2024-09-10,web,False,5550262535,557405,LEG-88161,
265,Gabriela Alvarez,gabriela.alvarez@outlook.com,5558515528, Mexico D.F. ,2025-04-28,web,False,5598735569,559084,LEG-98957,
734,Andres Aguilar,andres.aguilar@hotmail.com,5525257265,MEXICO DF,2024-04-25 00:00:00,app_movil,false,5564275033,557799,LEG-69194,usr_734
1524,Ana Iglesias,ana.iglesias@yahoo.com.mx,5520967398,MÉRIDA,29 de julio de 2024,tienda_fisica,Si,5551957672,551276,LEG-11935,
822,Abril Cardona,abril.cardona@yahoo.com.mx,5519519715,GDL,07-08-2024,app_movil,false,5542102140,553303,LEG-25182,
412,Emiliano Martinez,emiliano.martinez@yahoo.com.mx,5529381266,Cancun,21 de febrero de 2025,tienda_fisica,1,5530254338,555906,LEG-80022,
1872,Diego Vargas,diego.vargas@hotmail.com,5520891143,Monterrey NL,04/09/2025,app_movil,No,5565744666,551515,LEG-79809,
1780,Sergio Mendez,sergio.mendez@outlook.com,5574387291,QUERÉTARO,2024-08-13,web,No,5533412536,552633,LEG-79943,usr_1780
1701,Emmanuel Mendez,emmanuel.mendez@novatech.mx,5520144974,Monterrey NL,08/25/2024,web,true,5537101247,551294,LEG-25865,
1767,Ignacio Ruiz,ignacio.ruiz@gmail.com,5585854876,queretaro,02/07/2025,app_movil,TRUE,5586891588,553855,LEG-70432,usr_1767
1586,Gabriela Ramirez,gabriela.ramirez@novatech.mx,5537515542,Ver.,17/04/2025,app_movil,Si,5586259730,554667,LEG-34536,usr_1586
2049,Leticia Hernandez,leticia.hernandez@yahoo.com.mx,5592699196,MTY,31 de octubre de 2024,tienda_fisica,False,5587368321,558224,LEG-12685,
524,Rodrigo Molina,rodrigo.molina@novatech.mx,5511303057,Qro.,2024-03-24 00:00:00,tienda_fisica,true,5567644874,558897,LEG-17156,
1653,Daniela Mendez,daniela.mendez@novatech.mx,5563337927,leon,11 de septiembre de 2024,app_movil,Si,5536733757,554189,LEG-50009,usr_1653
1962,Alejandra Lozano,alejandra.lozano@yahoo.com.mx,5547025119,Qro.,2025-02-28 00:00:00,web,Si,5528457788,552160,LEG-87927,usr_1962
1030,Rodrigo Garcia,rodrigo.garcia@yahoo.com.mx,5552965297,Puebla de Zaragoza,01/02/2025,app_movil,False,5579536893,555006,LEG-23454,usr_1030
499,Norma Hernandez,norma.hernandez@hotmail.com,5573541689,Puebla,06/10/2024,web,Si,5531476053,553242,LEG-58247,usr_499
680,Ricardo Rivera,ricardo.rivera@novatech.mx,5574761211,Puebla de Zaragoza,03-08-2024,app_movil,No,5565811580,553298,LEG-57226,
573,Maria Rojas,maria.rojas@novatech.mx,5517009797,tijuana,2024-05-11,tienda_fisica,false,5572768504,556821,LEG-71535,
529,Emmanuel Castillo,emmanuel.castillo@novatech.mx,5598624216,León Gto,2025-08-21 00:00:00,tienda_fisica,Si,5594114002,558349,LEG-56875,
1318,Julio Ruiz,julio.ruiz@gmail.com,5523598654,Puebla,2024-04-15 00:00:00,web,0,5542725183,559460,LEG-82125,usr_1318
1694,Diana Campos,diana.campos@outlook.com,5575902370,puebla,22 de mayo de 2025,tienda_fisica,Si,5528011340,554920,LEG-36102,
2048,Sergio Rivera,sergio.rivera@novatech.mx,5575532053,VERACRUZ,2025-03-01,tienda_fisica,true,5564588626,554179,LEG-75537,
1394,Javier Ortiz,javier.ortiz@outlook.com,5546656161,Ver.,2025-06-18,web,true,5517992959,558432,LEG-69105,
236,Miguel Bautista,miguel.bautista@hotmail.com,5581223812,QUERÉTARO,2025-05-10,web,TRUE,5529654836,554057,LEG-87188,usr_236
1085,Emmanuel Ramirez,emmanuel.ramirez@novatech.mx,5579929976,tijuana,08/08/2024,web,No,5549228119,552939,LEG-89049,
708,Natalia Alvarez,natalia.alvarez@novatech.mx,5523097994,LEÓN,2024-07-03,app_movil,0,5537128939,558125,LEG-52231,usr_708
1421,Ricardo Aguilar,ricardo.aguilar@novatech.mx,5535457187,Mérida,06/03/2025,app_movil,true,5527767270,555263,LEG-99906,
1005,Itzel Bautista,itzel.bautista@gmail.com,5538518796,TIJUANA,26/07/2024,app_movil,TRUE,5570826934,552066,LEG-36980,
1434,Miguel Castillo,miguel.castillo@yahoo.com.mx,5580368389,CDMX,10/20/2024,tienda_fisica,true,5554016096,557944,LEG-99546,
1107,Carlos Ortiz,carlos.ortiz@novatech.mx,5593639873,Ver.,07-04-2025,web,False,5558363157,551401,LEG-81839,usr_1107
1287,Fernanda Flores,fernanda.flores@yahoo.com.mx,5543907050,MTY,2024-01-08,tienda_fisica,No,5543432697,554215,LEG-72178,
110,Mariana Sanchez,mariana.sanchez@novatech.mx,5531963409,puebla,09/02/2025,tienda_fisica,False,5596338310,551510,LEG-28223,
111,Camila Sanchez,camila.sanchez@hotmail.com,5587086204,  Veracruz  ,2025-01-08,app_movil,1,5571973895,554383,LEG-31976,usr_111
75,Javier Cardona,javier.cardona@outlook.com,5536412207,Puebla de Zaragoza,03/04/2024,app_movil,false,5569398019,559067,LEG-30847,usr_75
527,Alejandra Vega,alejandra.vega@novatech.mx,5573908520,leon,2024-10-20,app_movil,Si,5591197461,559350,LEG-64198,
927,Emmanuel Campos,emmanuel.campos@hotmail.com,5526048233,cancun,2025-02-22,app_movil,No,5596549269,551165,LEG-82682,usr_927
1332,Andres Rivera,andres.rivera@novatech.mx,5560713794,tijuana,2024-08-19 00:00:00,tienda_fisica,true,5570729597,553918,LEG-72010,
911,Briana Ruiz,briana.ruiz@yahoo.com.mx,5546129836,Cancun,2024-03-07,tienda_fisica,No,5546612282,552221,LEG-33478,
715,Ignacio Rendon,ignacio.rendon@gmail.com,5575242779, Mexico D.F. ,14/07/2024,web,true,5517383757,554221,LEG-59490,
1588,Gabriela Gomez,gabriela.gomez@yahoo.com.mx,5559511967,  Veracruz  ,21-12-2024,app_movil,true,5594182438,556889,LEG-51544,usr_1588
1313,Samantha Pineda,samantha.pineda@yahoo.com.mx,5587252771,puebla,03/10/2025,web,true,5564281200,556808,LEG-57067,usr_1313
528,Ricardo Lopez,ricardo.lopez@novatech.mx,5541956597,Ciudad de Mexico,07/04/2025,web,Si,5541794305,556288,LEG-38301,
1084,Abril Hernandez,abril.hernandez@hotmail.com,5553924394,Puebla,14 de febrero de 2024,tienda_fisica,No,5539221257,553704,LEG-73569,
798,Alejandra Diaz,alejandra.diaz@yahoo.com.mx,5570698086,Merida,11-11-2024,tienda_fisica,No,5596121976,551728,LEG-71207,
961,Julio Molina,julio.molina@novatech.mx,5591696223,cancun,06/10/2024,tienda_fisica,1,5582935357,555803,LEG-27042,
1667,Gerardo Cardona,gerardo.cardona@hotmail.com,5594855382, Mexico D.F. ,20 de octubre de 2024,tienda_fisica,Si,5586479813,553834,LEG-45329,usr_1667
283,Renata Lozano,renata.lozano@hotmail.com,5527734227,Queretaro,26 de abril de 2025,tienda_fisica,No,5511108843,556970,LEG-30543,
1845,Oscar Rivera,oscar.rivera@gmail.com,5579324959,QUERÉTARO,21-12-2024,web,TRUE,5570133535,553357,LEG-31397,
2039,Diego Vargas,diego.vargas@hotmail.com,5520891143,Monterrey NL,04/09/2025,app_movil,No,5565744666,551515,LEG-79809,
1454,NORMA MORALES,norma.morales@yahoo.com.mx,5547103717,MÉRIDA,11/14/2024,web,TRUE,5585472172,555521,LEG-57302,
1244,Leticia Bautista,leticia.bautista@outlook.com,5567994785,CANCÚN,19-06-2025,app_movil,Si,5568805555,559362,LEG-15791,
1207,Ignacio Gonzalez,ignacio.gonzalez@gmail.com,5595717307,Veracruz,2025-01-16,web,true,5553961484,553816,LEG-63822,
621,Maria Delgado,maria.delgado@yahoo.com.mx,5582137632,QUERÉTARO,07/20/2025,app_movil,No,5577416051,551315,LEG-82629,usr_621
513,Camila Cruz,camila.cruz@novatech.mx,5576355456,queretaro,2024-06-11 00:00:00,tienda_fisica,False,5582416637,559245,LEG-46579,
1227,Diana Navarro,diana.navarro@hotmail.com,5518421531,Monterrey,2025-02-01 00:00:00,web,1,5583689260,559500,LEG-56690,
14,regina iglesias,regina.iglesias@novatech.mx,5596366030,QUERÉTARO,18 de agosto de 2024,web,TRUE,5540048412,552986,LEG-39410,usr_14
1864,Ernesto Diaz,ernesto.diaz@gmail.com,5571387921,Veracruz,2024-04-10 00:00:00,tienda_fisica,0,5599218601,552552,LEG-77243,usr_1864
1573,Hector Salazar,hector.salazar@hotmail.com,5574514079,León Gto,5 de junio de 2024,web,TRUE,5518906786,552557,LEG-60436,
466,Luis Bautista,luis.bautista@novatech.mx,5528878975,Qro.,28/09/2024,app_movil,TRUE,5531794017,556092,LEG-17636,
378,Diego Rendon,diego.rendon@outlook.com,5552252698,guadalajara,2024-05-14,web,1,5549679533,555534,LEG-32456,
1648,Luis Morales,luis.morales@yahoo.com.mx,5522159033,MTY,2024-06-21,web,False,5548376618,558201,LEG-30421,
1047,Leticia Bautista,leticia.bautista@yahoo.com.mx,5537064998,Guadalajara,2025-04-21,app_movil,TRUE,5593177488,553721,LEG-90509,usr_1047
194,Diego Campos,diego.campos@gmail.com,5543094114,Qro.,04/02/2024,app_movil,False,5547654439,552815,LEG-20106,
433,Carlos Torres,carlos.torres@yahoo.com.mx,5577018757,PUE,2025-04-06,tienda_fisica,1,5514502346,552380,LEG-53686,
1412,Paola Martinez,paola.martinez@novatech.mx,5540329303,Qro.,2025-05-15,tienda_fisica,Si,5587564912,556876,LEG-87009,usr_1412
1460,Fernanda Rendon,fernanda.rendon@novatech.mx,5594724961,Tijuana,21 de abril de 2025,tienda_fisica,0,5555951820,555091,LEG-69972,
1826,Maria Guerrero,maria.guerrero@gmail.com,5530457054,  Veracruz  ,05/23/2024,tienda_fisica,Si,5563625201,559821,LEG-43561,
423,Natalia Aguilar,natalia.aguilar@novatech.mx,5567266881,Guadalajara,19-10-2024,tienda_fisica,false,5559391354,551271,LEG-51647,
1466,DIANA GOMEZ,diana.gomez@hotmail.com,5558313193,CANCÚN,2024-01-16,tienda_fisica,Si,5539797042,551913,LEG-32560,
399,Ana Vega,ana.vega@yahoo.com.mx,5529228660,QUERÉTARO,04/07/2025,web,TRUE,5520672873,555735,LEG-61044,usr_399
1365,Luis Cardona,luis.cardona@outlook.com,5538763762,Leon,2024-06-25,web,false,5590542484,555341,LEG-28531,
1182,Lorena Salazar,lorena.salazar@gmail.com,5574953320, querétaro ,05/09/2025,app_movil,1,5552073722,556194,LEG-61433,usr_1182
496,Victor Gonzalez,victor.gonzalez@hotmail.com,5519092589,cdmx,10 de abril de 2025,web,Si,5523693585,554108,LEG-73642,
651,Abril Ramirez,abril.ramirez@hotmail.com,5522574971, Mexico D.F. ,2024-03-13 00:00:00,app_movil,true,5570954079,552293,LEG-27248,
1370,Ernesto Rendon,ernesto.rendon@yahoo.com.mx,5592301595,cancun,2024-09-28,tienda_fisica,true,5597297877,553636,LEG-20310,
1117,abril reyes,abril.reyes@yahoo.com.mx,5585163779,puebla,29/05/2024,tienda_fisica,TRUE,5525251497,558958,LEG-94317,
797,SAMANTHA VEGA,samantha.vega@novatech.mx,5516477523,MTY,2024-06-28,app_movil,1,5514741656,558460,LEG-90832,
1705,Fernanda Rodriguez,fernanda.rodriguez@novatech.mx,5576589027,puebla,19-04-2025,tienda_fisica,0,5598754642,552570,LEG-54270,
836,diego sanchez,diego.sanchez@yahoo.com.mx,5570116197,guadalajara,2025-05-14,app_movil,Si,5569013276,556526,LEG-42438,
1065,Ignacio Gonzalez,ignacio.gonzalez@novatech.mx,5592214474,León Gto,2025-07-04 00:00:00,web,0,5552059956,556945,LEG-31223,usr_1065
120,Rodrigo Ruiz,rodrigo.ruiz@yahoo.com.mx,,leon,10/09/2024,web,false,5511987744,558019,LEG-67725,
613,Camila Herrera,camila.herrera@outlook.com,5592384451,Cancún,25 de diciembre de 2024,web,No,5561509947,554221,LEG-52129,
291,Renata Iglesias,renata.iglesias@gmail.com,5514239682,MERIDA,2024-02-21,app_movil,False,5588155258,552721,LEG-97129,
1206,DANIELA HERRERA,daniela.herrera@outlook.com,5526501258,GDL,04/11/2024,app_movil,true,5550017910,551018,LEG-76131,usr_1206
1961,Ximena Delgado,ximena.delgado@outlook.com,5591028345,Queretaro,21/04/2025,app_movil,1,5535025180,554985,LEG-34871,
1392,Mariana Rojas,mariana.rojas@hotmail.com,5569472302,LEÓN,16-03-2024,web,False,5523423052,556928,LEG-38253,
1996,Ana Sanchez,ana.sanchez@novatech.mx,5544577758,merida,2025-04-02 00:00:00,app_movil,Si,5545251198,557726,LEG-98969,
850,Citlali Pineda,citlali.pineda@gmail.com,5567357311,Qro.,03/05/2024,app_movil,TRUE,5596269955,554456,LEG-14782,usr_850
818,DANIELA ALVAREZ,daniela.alvarez@outlook.com,5534854867,cancun,5 de junio de 2025,web,0,5585608595,551494,LEG-29946,
530,Diego Jimenez,diego.jimenez@novatech.mx,5536842666,Mexico D.F.,2025-01-13 00:00:00,app_movil,False,5549299251,553196,LEG-94229,
1927,Leandro Perez,leandro.perez@yahoo.com.mx,5556222145,Merida,09/06/2025,web,0,5588698613,551365,LEG-35887,
1401,Natalia Martinez,natalia.martinez@hotmail.com,5541089161,Puebla,2024-01-05,web,0,5587608007,552611,LEG-52236,
422,Norma Vargas,norma.vargas@hotmail.com,5599379264,Cancún,07/29/2025,tienda_fisica,0,5586199771,556689,LEG-92059,usr_422
1690,Fernanda Reyes,fernanda.reyes@hotmail.com,5572058999,Mérida,4 de junio de 2025,app_movil,TRUE,5517281468,552669,LEG-54537,
437,Leticia Aguilar,leticia.aguilar@yahoo.com.mx,5577717831,TIJUANA,12 de julio de 2024,app_movil,False,5534589868,554081,LEG-36637,
1204,Samantha Martinez,samantha.martinez@outlook.com,5571318174,Cancún,30-03-2024,tienda_fisica,False,5578472501,554946,LEG-43596,
1015,Ignacio Diaz,ignacio.diaz@hotmail.com,5513467163,Veracruz City,2024-09-05,web,TRUE,5532503417,551529,LEG-38871,usr_1015
51,Emmanuel Ruiz,emmanuel.ruiz@outlook.com,null,TIJUANA,2025-05-14,app_movil,true,5524088760,553786,LEG-34442,usr_51
1389,Natalia Flores,natalia.flores@yahoo.com.mx,5549514319,LEÓN,2024-06-01,web,No,5550063153,557141,LEG-17866,
1984,Samantha Lopez,samantha.lopez@gmail.com,5536159191,Cancun,29-04-2025,tienda_fisica,false,5566386243,559330,LEG-32270,
135,Fernanda Bautista,fernanda.bautista@outlook.com,5526404340,Mérida,2024-12-05,app_movil,1,5577287207,559031,LEG-42086,
1400,Victor Jimenez,victor.jimenez@yahoo.com.mx,5542112076,Puebla,2024-01-15,web,false,5545614991,558263,LEG-54100,usr_1400
1789,Ernesto Rojas,ernesto.rojas@outlook.com,5543231122,MÉRIDA,03/08/2024,app_movil,true,5598538266,557561,LEG-87452,
92,Ximena Morales,ximena.morales@yahoo.com.mx,,tijuana,2024-08-20 00:00:00,tienda_fisica,0,5556079026,556908,LEG-92732,
1566,Valeria Aguilar,valeria.aguilar@yahoo.com.mx,5579356004,Merida,18 de noviembre de 2024,app_movil,False,5517288629,556417,LEG-25175,
956,NATALIA ROJAS,natalia.rojas@outlook.com,5564299584,PUE,03/13/2024,app_movil,1,5597321247,559367,LEG-91170,
999,octavio ortiz,octavio.ortiz@hotmail.com,5545191740,Puebla,2025-06-27,web,No,5528283497,557569,LEG-30386,
1835,Renata Alvarez,renata.alvarez@yahoo.com.mx,5515328247,Mérida,21-04-2024,tienda_fisica,No,5565769794,557285,LEG-11922,usr_1835
459,Andres Castillo,andres.castillo@yahoo.com.mx,5591727387,Ciudad de Mexico,29 de diciembre de 2024,app_movil,false,5565835299,559329,LEG-82368,
426,Abril Vargas,abril.vargas@novatech.mx,5572974183,Puebla,7 de noviembre de 2024,tienda_fisica,false,5514848113,559885,LEG-51322,
902,Guillermo Hernandez,guillermo.hernandez@yahoo.com.mx,5598959789,Monterrey,2025-08-11,web,false,5584167282,558826,LEG-89876,
667,Rodrigo Lozano,rodrigo.lozano@gmail.com,5575046788,Queretaro,2025-02-09,app_movil,False,5546819941,553046,LEG-13887,
1419,Carlos Gonzalez,carlos.gonzalez@gmail.com,5599815111,CANCÚN,4 de enero de 2024,tienda_fisica,No,5557468584,559814,LEG-64336,usr_1419
1449,Leandro Morales,leandro.morales@novatech.mx,5519168346,puebla,2025-03-27,tienda_fisica,true,5572444490,556800,LEG-35957,
1878,Regina Gomez,regina.gomez@outlook.com,5590709195,monterrey,2024-02-11 00:00:00,tienda_fisica,0,5567975631,558821,LEG-36665,
128,Fernanda Lozano,fernanda.lozano@outlook.com,5583328807,Mexico D.F.,2024-10-11,app_movil,Si,5594669865,558676,LEG-61521,
1773,Sofia Diaz,sofia.diaz@hotmail.com,5591924895,Ver.,21-04-2024,tienda_fisica,false,5587938016,558559,LEG-59426,
475,Luis Alvarez,luis.alvarez@novatech.mx,5555621426,Guad.,2025-03-26,web,No,5519497380,555993,LEG-50789,
1929,Sergio Campos,sergio.campos@yahoo.com.mx,5537956585,cancun,19/06/2024,app_movil,TRUE,5525712253,551796,LEG-85681,
1794,Camila Rivera,camila.rivera@outlook.com,5534804334,tijuana,01/08/2024,tienda_fisica,No,5530109438,557502,LEG-56838,
58,Abril Contreras,abril.contreras@gmail.com,5537561508,Ver.,1 de febrero de 2024,tienda_fisica,1,5567971006,559070,LEG-71796,
274,Andres Sanchez,andres.sanchez@hotmail.com,5531619467,Leon,06/12/2024,app_movil,No,5546314990,551393,LEG-66346,usr_274
605,Javier Gonzalez,javier.gonzalez@gmail.com,5583778474,CANCÚN,2024-03-25,app_movil,No,5512575061,551135,LEG-66722,
827,Diana Martinez,diana.martinez@outlook.com,5535331523, Mexico D.F. ,2024-05-19 00:00:00,tienda_fisica,No,5594201684,555254,LEG-75933,
1652,Leandro Vargas,leandro.vargas@outlook.com,5599478307,Leon,4 de diciembre de 2024,app_movil,No,5552183634,558852,LEG-75796,usr_1652
291,Renata Iglesias,renata.iglesias@gmail.com,5514239682,MERIDA,2024-02-21,app_movil,False,5588155258,552721,LEG-97129,
730,Norma Navarro,norma.navarro@hotmail.com,5591649609,Tijuana,2025-01-26,tienda_fisica,Si,5538748746,559546,LEG-76404,
1315,Paola Molina,paola.molina@hotmail.com,5535114958,monterrey,2024-10-11,web,1,5520921833,554135,LEG-45795,
663,Ricardo Lozano,ricardo.lozano@novatech.mx,5553527269,PUE,19-07-2025,app_movil,1,5585878900,551552,LEG-82285,
1376,Ana Vargas,ana.vargas@outlook.com,5582288496,Mexico D.F.,2025-07-21 00:00:00,tienda_fisica,1,5554703828,555889,LEG-90959,usr_1376
1092,Carlos Garcia,carlos.garcia@novatech.mx,5563294641,LEÓN,14 de noviembre de 2024,app_movil,No,5582021318,559155,LEG-69138,usr_1092
1970,Emiliano Rodriguez,emiliano.rodriguez@novatech.mx,5582375779,Monterrey,05/06/2024,tienda_fisica,False,5526919711,551644,LEG-60337,usr_1970
299,Daniela Solis,daniela.solis@hotmail.com,5518539712,Guadalajara,2024-12-27,app_movil,false,5531944139,556891,LEG-79488,
723,Fernanda Herrera,fernanda.herrera@yahoo.com.mx,5578394972,TIJUANA,26-01-2025,web,true,5563192503,557228,LEG-26165,
769,Rodrigo Contreras,rodrigo.contreras@gmail.com,5534236271,QUERÉTARO,18-06-2024,web,TRUE,5565558533,555857,LEG-16704,
1937,Leticia Torres,leticia.torres@novatech.mx,5598266747,cancun,17 de enero de 2025,web,true,5518417400,553814,LEG-19608,
829,Sergio Diaz,sergio.diaz@novatech.mx,5581707629,monterrey,2025-04-13 00:00:00,app_movil,false,5532689012,555642,LEG-56393,
201,Guillermo Garcia,guillermo.garcia@gmail.com,5539623506,MEXICO DF,26/12/2024,app_movil,TRUE,5532766563,554886,LEG-95214,
1013,OCTAVIO SANCHEZ,octavio.sanchez@yahoo.com.mx,5553242674,MTY,18 de enero de 2025,app_movil,No,5581288210,559415,LEG-70032,
1120,Ricardo Navarro,ricardo.navarro@novatech.mx,5575352913,MÉRIDA,2025-08-10 00:00:00,app_movil,true,5517655596,555395,LEG-11686,
1028,Daniela Rendon,daniela.rendon@yahoo.com.mx,5537283948,Merida,18/11/2024,tienda_fisica,1,5514491876,554398,LEG-51120,
1490,Octavio Lopez,octavio.lopez@hotmail.com,5592207935,Monterrey,2025-04-08,tienda_fisica,TRUE,5540071524,554707,LEG-73405,
349,Ignacio Diaz,ignacio.diaz@yahoo.com.mx,5519647418,Cancún,22 de mayo de 2024,tienda_fisica,Si,5514174975,553843,LEG-83019,
200,Gerardo Perez,gerardo.perez@yahoo.com.mx,5584104797,Cancún,27/10/2024,web,false,5585614044,555710,LEG-72278,
1328,Citlali Iglesias,citlali.iglesias@novatech.mx,5524475447,monterrey,31-05-2024,tienda_fisica,TRUE,5534072629,555245,LEG-29203,
1565,Miguel Pineda,miguel.pineda@gmail.com,5576896418,Mexico D.F.,24 de abril de 2025,app_movil,TRUE,5566668823,553392,LEG-14012,
1420,ana jimenez,ana.jimenez@hotmail.com,5537498695,Cancun,2024-11-15,web,1,5525039136,555666,LEG-48256,
1203,Emiliano Rodriguez,emiliano.rodriguez@novatech.mx,5535074349,Cancún,09-07-2024,app_movil,1,5543458941,559836,LEG-92929,
1090,Camila Morales,camila.morales@yahoo.com.mx,5596708480,MTY,10/23/2024,web,1,5571195868,554248,LEG-26294,
1814,Natalia Vega,natalia.vega@outlook.com,5550256957,GDL,24-05-2024,app_movil,false,5538012654,554284,LEG-47505,
982,Diego Salazar,diego.salazar@outlook.com,5511706984,TIJUANA,2024-10-29,app_movil,False,5598688672,558660,LEG-24446,
350,Regina Bautista,regina.bautista@gmail.com,5571189234,Puebla,21 de febrero de 2025,tienda_fisica,1,5516856903,557639,LEG-40392,usr_350
90,Ximena Lozano,ximena.lozano@yahoo.com.mx,5583011339,Queretaro,2025-08-15,app_movil,false,5512183229,557675,LEG-61911,usr_90
796,Citlali Vega,citlali.vega@novatech.mx,5527899879,monterrey,14 de febrero de 2024,app_movil,TRUE,5521955543,558446,LEG-56336,
862,Abril Reyes,abril.reyes@novatech.mx,5596239081,Tijuana,2024-12-26,web,true,5592624507,551999,LEG-95160,
986,Valeria Morales,valeria.morales@gmail.com,5541416106,Cancun,2024-08-12,web,Si,5569676805,552053,LEG-93962,
134,Regina Mendez,regina.mendez@hotmail.com,5530708690,LEÓN,2025-08-08 00:00:00,web,false,5592621815,556031,LEG-91429,usr_134
67,Emmanuel Reyes,emmanuel.reyes@hotmail.com,NULL,Leon,02/24/2025,tienda_fisica,False,5516268347,553409,LEG-54102,usr_67
1525,Lorena Solis,lorena.solis@hotmail.com,5579129875,queretaro,2024-12-05 00:00:00,app_movil,true,5537265530,552588,LEG-65709,
1818,Regina Castillo,regina.castillo@yahoo.com.mx,5553295438, querétaro ,2024-08-29 00:00:00,tienda_fisica,TRUE,5512686477,558333,LEG-91728,
1293,Rodrigo Castillo,rodrigo.castillo@novatech.mx,5597962222,Veracruz,05/13/2024,app_movil,true,5545612083,551281,LEG-70048,usr_1293
805,Ana Ramirez,ana.ramirez@hotmail.com,5586117536,guadalajara,2025-03-15,tienda_fisica,No,5516819274,558264,LEG-64930,
1308,Renata Bautista,renata.bautista@yahoo.com.mx,5578457943,Leon,2024-05-28,tienda_fisica,TRUE,5559473190,557065,LEG-43810,usr_1308
1049,Gerardo Bautista,gerardo.bautista@novatech.mx,5580954263,TIJUANA,13/01/2024,web,false,5576339473,552607,LEG-74795,
1980,FERNANDA MORALES,fernanda.morales@gmail.com,5531002623,tijuana,19 de septiembre de 2024,tienda_fisica,true,5526383384,556432,LEG-36068,usr_1980
2053,Luis Rojas,luis.rojas@outlook.com,5548932360,QUERÉTARO,2024-03-25,tienda_fisica,TRUE,5589267270,553817,LEG-94638,usr_1040
372,Briana Navarro,briana.navarro@outlook.com,5543977534,CANCÚN,15-02-2024,app_movil,No,5560931139,556756,LEG-39757,
525,Samantha Gomez,samantha.gomez@gmail.com,5540606807,merida,2024-02-16,app_movil,Si,5516275438,553543,LEG-65261,
1811,Daniela Alvarez,daniela.alvarez@yahoo.com.mx,5537377325,cancun,8 de mayo de 2024,tienda_fisica,False,5595413072,557501,LEG-40383,
677,Valeria Molina,valeria.molina@outlook.com,5535104966,leon,2025-08-15,web,false,5548428568,553124,LEG-58909,
741,Andres Delgado,andres.delgado@hotmail.com,5556556027,Mérida,03/05/2024,tienda_fisica,No,5516138717,551405,LEG-21707,
1037,Luis Ruiz,luis.ruiz@hotmail.com,5593379094,Cancún,2024-09-27,tienda_fisica,true,5526512967,554390,LEG-77013,usr_1037
1712,Alonso Iglesias,alonso.iglesias@outlook.com,5529158730,tijuana,2024-03-20 00:00:00,app_movil,Si,5580576466,559815,LEG-24578,
767,Sergio Gonzalez,sergio.gonzalez@yahoo.com.mx,5520371960,Merida,11-05-2024,app_movil,No,5541528610,554851,LEG-20960,
549,Ignacio Rivera,ignacio.rivera@gmail.com,5538523191,LEÓN,2024-11-23 00:00:00,web,False,5565276663,559486,LEG-65825,usr_549
519,Gabriela Perez,gabriela.perez@yahoo.com.mx,5577282773,tijuana,13/03/2024,web,0,5543142134,558311,LEG-88958,
1888,Alberto Hernandez,alberto.hernandez@outlook.com,5546142972,LEÓN,05/03/2024,app_movil,1,5597422003,551680,LEG-17284,usr_1888
213,Paola Solis,paola.solis@yahoo.com.mx,5599872260,Veracruz,2024-01-25 00:00:00,web,False,5520795467,559808,LEG-96476,usr_213
1642,Emiliano Iglesias,emiliano.iglesias@yahoo.com.mx,5520449503,puebla,30/03/2025,tienda_fisica,Si,5594082358,553385,LEG-79834,usr_1642
1995,Diego Rodriguez,diego.rodriguez@outlook.com,5536657675,Puebla,31 de octubre de 2024,tienda_fisica,1,5572723068,559154,LEG-63897,
740,Ana Vega,ana.vega@outlook.com,5519319733,MÉRIDA,9 de julio de 2024,tienda_fisica,1,5567536574,556988,LEG-24362,
853,ITZEL GUERRERO,itzel.guerrero@outlook.com,5549655589,Queretaro,07/11/2025,app_movil,true,5563456787,555258,LEG-41035,usr_853
203,Alberto Ortiz,alberto.ortiz@hotmail.com,5524763886,CANCÚN,05/03/2025,app_movil,0,5512296572,553626,LEG-86830,usr_203
877,Luis Lopez,luis.lopez@novatech.mx,5546825035,queretaro,18-05-2025,web,1,5567061449,554797,LEG-27516,
1873,Ricardo Alvarez,ricardo.alvarez@hotmail.com,5564054305,Merida,04/03/2024,tienda_fisica,1,5527886162,551558,LEG-18297,usr_1873
1027,ITZEL GUERRERO,itzel.guerrero@gmail.com,5568674280,tijuana,2024-03-21,web,false,5593698522,553866,LEG-26574,
171,Octavio Torres,octavio.torres@yahoo.com.mx,5560772725,GDL,2024-08-19,tienda_fisica,No,5589188215,557837,LEG-33542,
353,Alberto Pineda,alberto.pineda@yahoo.com.mx,5552403059,Leon,2024-03-26,app_movil,False,5563118283,555335,LEG-86868,
655,Luis Rojas,luis.rojas@gmail.com,5568675263,Mérida,26 de junio de 2025,web,false,5581532058,556771,LEG-77534,
1139,Natalia Hernandez,natalia.hernandez@novatech.mx,5593013158,Veracruz City,2025-07-28 00:00:00,web,No,5541157786,555481,LEG-12039,
1489,Guillermo Delgado,guillermo.delgado@novatech.mx,5557128401,Monterrey NL,2024-08-14,tienda_fisica,0,5599227551,557126,LEG-27454,usr_1489
19,Javier Lopez,javier.lopez@yahoo.com.mx,5565223994,MTY,12 de junio de 2025,app_movil,No,5521161993,559514,LEG-30575,
1228,fernanda lopez,fernanda.lopez@yahoo.com.mx,5568652834,MEXICO DF,09-02-2024,app_movil,Si,5583862451,555389,LEG-46776,usr_1228
874,Renata Gonzalez,renata.gonzalez@hotmail.com,5594136908,Monterrey,2024-05-03,tienda_fisica,False,5561987402,553157,LEG-75709,
1816,Maria Delgado,maria.delgado@novatech.mx,5575711220,Veracruz,2025-01-17,web,1,5597667444,553857,LEG-45209,
1223,Alberto Morales,alberto.morales@yahoo.com.mx,5529395754,MERIDA,02/13/2024,web,0,5581959585,553122,LEG-24483,
1438,Victor Aguilar,victor.aguilar@yahoo.com.mx,5526034866,CDMX,2024-04-07,web,False,5532581626,552052,LEG-58866,usr_1438
1825,Itzel Diaz,itzel.diaz@novatech.mx,5599726158,guadalajara,30-01-2025,tienda_fisica,False,5551298230,552488,LEG-46567,
1331,LORENA NAVARRO,lorena.navarro@outlook.com,5561649336,Leon,2024-09-20 00:00:00,tienda_fisica,0,5543243255,556076,LEG-30549,usr_1331
892,Fernanda Flores,fernanda.flores@outlook.com,5569798267,TIJUANA,8 de mayo de 2024,web,false,5574687141,555292,LEG-31815,
688,Rodrigo Sanchez,rodrigo.sanchez@novatech.mx,5542111552,LEÓN,2025-07-16,app_movil,0,5561467162,552439,LEG-81863,usr_688
136,Abril Contreras,abril.contreras@yahoo.com.mx,5596535360,MERIDA,2025-01-10,web,False,5527897832,551194,LEG-28147,
1649,Diego Aguilar,diego.aguilar@gmail.com,5574439133,cancun,2024-03-08,web,Si,5514297875,559821,LEG-51731,
338,Andres Guerrero,andres.guerrero@hotmail.com,5542497160,Merida,2024-04-05,app_movil,No,5534607743,557519,LEG-60102,
320,Ana Delgado,ana.delgado@novatech.mx,5596595138,merida,16 de marzo de 2024,app_movil,true,5597261407,556174,LEG-23333,
509,Paola Rendon,paola.rendon@yahoo.com.mx,5583778125,tijuana,2024-05-14,app_movil,0,5540772960,555638,LEG-21771,
1511,Alejandra Rendon,alejandra.rendon@hotmail.com,5575081117,merida,19-07-2024,web,False,5545483768,551960,LEG-59343,
1301,Ricardo Contreras,ricardo.contreras@yahoo.com.mx,5582961551,TIJUANA,25/01/2025,tienda_fisica,No,5580902249,558519,LEG-37881,
1106,Lorena Sanchez,lorena.sanchez@hotmail.com,5535679515,veracruz,2025-06-24 00:00:00,tienda_fisica,1,5543173519,555670,LEG-25528,
1168,Ernesto Contreras,ernesto.contreras@novatech.mx,5517969911,MÉRIDA,26 de junio de 2025,web,1,5567277943,557672,LEG-56501,
414,Norma Morales,norma.morales@outlook.com,5513899658,PUE,2024-06-21 00:00:00,app_movil,False,5584611051,553139,LEG-59392,usr_414
1147,Mariana Lopez,mariana.lopez@yahoo.com.mx,5525314878,Queretaro,18 de mayo de 2024,tienda_fisica,No,5573292882,554744,LEG-88117,usr_1147
1860,Renata Vargas,renata.vargas@outlook.com,5548654944,TIJUANA,2025-06-19 00:00:00,app_movil,Si,5523895969,551790,LEG-52564,
1478,Julio Castillo,julio.castillo@novatech.mx,5546631299,MÉRIDA,2024-05-15,tienda_fisica,TRUE,5586985856,553517,LEG-59410,usr_1478
252,Abril Delgado,abril.delgado@gmail.com,5513203382,guadalajara,2024-04-07 00:00:00,tienda_fisica,No,5510724084,552112,LEG-69323,
495,Fernanda Rivera,fernanda.rivera@yahoo.com.mx,5537711480,Queretaro,13 de agosto de 2024,tienda_fisica,0,5512153833,556199,LEG-20156,
1241,Ernesto Perez,ernesto.perez@gmail.com,5512284352,guadalajara,2024-03-31,tienda_fisica,false,5550194628,551327,LEG-59787,
339,Diana Vargas,diana.vargas@novatech.mx,5584497313,TIJUANA,2024-05-26 00:00:00,app_movil,TRUE,5575198411,553836,LEG-84659,
736,Lorena Garcia,lorena.garcia@yahoo.com.mx,5512078703,Tijuana,10/12/2024,tienda_fisica,1,5537206664,551876,LEG-44976,
258,Leandro Gonzalez,leandro.gonzalez@gmail.com,5512288587,merida,21/10/2024,web,true,5538548646,553006,LEG-15133,
801,Octavio Herrera,octavio.herrera@hotmail.com,5540762214,Guadalajara,2025-03-21,web,true,5588219038,556140,LEG-49496,
1199,gerardo herrera,gerardo.herrera@gmail.com,5562946025,MÉRIDA,18 de junio de 2024,tienda_fisica,No,5582888810,558169,LEG-30321,usr_1199
999,octavio ortiz,octavio.ortiz@hotmail.com,5545191740,Puebla,2025-06-27,web,No,5528283497,557569,LEG-30386,
1613,Javier Rojas,javier.rojas@hotmail.com,5542958002,CANCÚN,07/05/2025,app_movil,Si,5537961938,553821,LEG-34785,
60,Ximena Herrera,ximena.herrera@yahoo.com.mx,5516641390,Qro.,2024-09-24 00:00:00,web,1,5543409918,553191,LEG-75865,
1505,Andres Torres,andres.torres@gmail.com,5599001601,Tijuana,06-05-2024,web,TRUE,5560089805,553379,LEG-40768,
315,Paulina Mendez,paulina.mendez@gmail.com,5555543706,MTY,06-12-2024,tienda_fisica,false,5511551210,551378,LEG-11441,
991,Lorena Martinez,lorena.martinez@novatech.mx,5598105646,tijuana,12 de mayo de 2024,tienda_fisica,0,5597402885,556104,LEG-68926,
1628,Victor Molina,victor.molina@outlook.com,5556929947,puebla,28 de febrero de 2024,tienda_fisica,TRUE,5595961383,551839,LEG-54749,
275,Sofia Martinez,sofia.martinez@yahoo.com.mx,5553609103,merida,2024-07-27,tienda_fisica,false,5596197014,551194,LEG-32940,
1224,Camila Rivera,camila.rivera@outlook.com,5555715883,Puebla,2024-11-23 00:00:00,web,true,5561523500,557839,LEG-73730,usr_1224
1309,DANIELA MENDEZ,daniela.mendez@outlook.com,5574424333,León Gto,08/19/2025,web,TRUE,5596428015,556514,LEG-74109,
880,Raul Navarro,raul.navarro@hotmail.com,5538118759,Cancun,2024-05-07 00:00:00,web,No,5539785539,554054,LEG-87941,
1348,Sergio Herrera,sergio.herrera@novatech.mx,5558143272,Puebla,19-04-2024,app_movil,0,5522524287,553126,LEG-19315,
494,Javier Guerrero,javier.guerrero@gmail.com,5517488683,Tijuana,8 de julio de 2024,app_movil,No,5547976204,558691,LEG-28755,usr_494
635,Ricardo Jimenez,ricardo.jimenez@gmail.com,5548569257,Guad.,2024-11-16,web,1,5574493520,557552,LEG-40630,usr_635
1229,Oscar Castillo,oscar.castillo@yahoo.com.mx,5542335183,GUADALAJARA,2024-05-18 00:00:00,app_movil,Si,5515619754,559413,LEG-34977,
1169,Mariana Flores,mariana.flores@gmail.com,5544895784,TIJUANA,13-03-2025,tienda_fisica,true,5572925869,556711,LEG-83415,
316,Leticia Lopez,leticia.lopez@yahoo.com.mx,5592095916,Qro.,08-01-2024,web,1,5589535309,555915,LEG-36292,usr_316
156,Valeria Ramirez,valeria.ramirez@outlook.com,5520059719,TIJUANA,22 de marzo de 2025,web,true,5598179756,557524,LEG-63043,
1102,Alonso Lopez,alonso.lopez@yahoo.com.mx,5587628446,puebla,2025-04-27,tienda_fisica,true,5569402689,559538,LEG-74528,usr_1102
369,Andres Aguilar,andres.aguilar@yahoo.com.mx,5577431659,queretaro,09/18/2024,tienda_fisica,true,5515142339,554210,LEG-43506,
1926,Ignacio Aguilar,ignacio.aguilar@novatech.mx,5598134762,Tijuana,01/22/2025,app_movil,0,5535023500,554333,LEG-86815,
912,Briana Vargas,briana.vargas@gmail.com,5588261363,monterrey,2024-08-02 00:00:00,tienda_fisica,Si,5593148108,554474,LEG-31600,usr_912
2059,Octavio Rodriguez,octavio.rodriguez@hotmail.com,5515418904,Guadalajara,03/07/2025,app_movil,TRUE,5591539291,555274,LEG-24512,
674,Victor Flores,victor.flores@outlook.com,5530964027,PUE,2024-12-15 00:00:00,app_movil,False,5512961939,554821,LEG-33771,
777,Abril Flores,abril.flores@hotmail.com,5571365094,Veracruz City,2024-06-14,web,0,5554752055,556435,LEG-68028,usr_777
1134,Briana Contreras,briana.contreras@yahoo.com.mx,5521013728,Queretaro,01-09-2024,tienda_fisica,1,5543554528,556525,LEG-17533,
1494,Raul Alvarez,raul.alvarez@yahoo.com.mx,5546081863,GDL,01/12/2025,app_movil,true,5577034635,553793,LEG-96835,
1317,Ignacio Gonzalez,ignacio.gonzalez@yahoo.com.mx,5526817499,MERIDA,2024-06-21,web,TRUE,5559583263,552808,LEG-91468,
1555,Abril Navarro,abril.navarro@novatech.mx,5580397021,MÉRIDA,03/04/2025,app_movil,Si,5518218714,556577,LEG-66206,
963,Norma Molina,norma.molina@outlook.com,5568225245,Puebla de Zaragoza,05-05-2024,app_movil,TRUE,5550361759,557152,LEG-74817,
126,Samantha Solis,samantha.solis@gmail.com,5557784177,merida,5 de enero de 2025,web,0,5590672242,554216,LEG-62720,usr_126
1769,Diego Hernandez,diego.hernandez@gmail.com,5585816596,QUERÉTARO,08/16/2024,tienda_fisica,TRUE,5546558592,559789,LEG-13586,
691,Guillermo Rodriguez,guillermo.rodriguez@yahoo.com.mx,5586284047, querétaro ,3 de abril de 2024,app_movil,true,5560615227,553501,LEG-35519,
661,Citlali Torres,citlali.torres@novatech.mx,5533089745, Mexico D.F. ,2025-07-10,web,true,5599748874,553113,LEG-88203,
1695,Javier Reyes,javier.reyes@hotmail.com,5529016585,Tijuana,2024-11-21,tienda_fisica,true,5574543260,554281,LEG-61952,
1663,Andres Vargas,andres.vargas@hotmail.com,5557648757,VERACRUZ,26-05-2025,tienda_fisica,true,5545642573,553626,LEG-69875,
462,Paulina Delgado,paulina.delgado@gmail.com,5592094094,QUERÉTARO,2024-04-24,tienda_fisica,1,5558385340,556983,LEG-98531,
934,Emmanuel Gomez,emmanuel.gomez@outlook.com,5537185117,Queretaro,06/06/2025,tienda_fisica,false,5595482727,554729,LEG-90725,
1471,Alonso Rivera,alonso.rivera@hotmail.com,5532195620,TIJUANA,23/09/2024,tienda_fisica,0,5534179172,554918,LEG-78161,
1560,Alejandra Flores,alejandra.flores@yahoo.com.mx,5560766442,Qro.,2024-01-29,app_movil,False,5537527626,553572,LEG-98537,usr_1560
515,Hector Martinez,hector.martinez@gmail.com,5582313600,puebla,2024-08-04 00:00:00,tienda_fisica,Si,5538264188,553383,LEG-32818,
1202,Emiliano Salazar,emiliano.salazar@gmail.com,5554796420,cdmx,2024-04-26 00:00:00,tienda_fisica,TRUE,5528938796,558597,LEG-64076,
1608,Samantha Pineda,samantha.pineda@novatech.mx,5581316054,Monterrey,2024-05-01,web,TRUE,5566383514,552164,LEG-23057,
468,Fernanda Sanchez,fernanda.sanchez@outlook.com,5553853958,MTY,07/27/2025,tienda_fisica,TRUE,5556196913,559263,LEG-65527,
574,Citlali Rendon,citlali.rendon@hotmail.com,5532709380,TIJUANA,23 de abril de 2024,tienda_fisica,Si,5590163884,556521,LEG-85284,
343,Renata Rodriguez,renata.rodriguez@hotmail.com,5549627175,León Gto,12/29/2024,app_movil,0,5569533156,554393,LEG-45798,
771,Emiliano Gomez,emiliano.gomez@novatech.mx,5569345462,PUE,2025-01-29,app_movil,false,5541001950,553978,LEG-47211,
1775,Hector Flores,hector.flores@gmail.com,5592863297,Mexico D.F.,02/09/2024,app_movil,1,5559137012,555669,LEG-34631,
1899,Daniela Guerrero,daniela.guerrero@outlook.com,5523831478,Monterrey NL,03/07/2025,tienda_fisica,0,5599938842,559001,LEG-98266,
82,Guillermo Gonzalez,guillermo.gonzalez@gmail.com,5594126263,leon,2024-07-24,tienda_fisica,1,5562018936,556069,LEG-29798,
1464,Samantha Flores,samantha.flores@yahoo.com.mx,5551542248,leon,2024-12-11,tienda_fisica,False,5551542218,555073,LEG-23417,
1086,Gabriela Cardona,gabriela.cardona@gmail.com,5565134396,MTY,03/02/2025,web,false,5569239997,552478,LEG-84724,usr_1086
1797,Luis Gomez,luis.gomez@yahoo.com.mx,5581174574,LEÓN,13 de enero de 2024,web,1,5537744242,556740,LEG-39576,usr_1797
1539,Lorena Martinez,lorena.martinez@novatech.mx,5526362764,monterrey,12/06/2024,web,0,5528861027,551251,LEG-77561,usr_1539
685,Alberto Flores,alberto.flores@novatech.mx,5541514195,Mérida,2024-02-01 00:00:00,web,Si,5595574254,559503,LEG-13689,usr_685
NULL,Registro Sin Identificador,,,CDMX,,web,No,,,,
1998,Guillermo Rivera,guillermo.rivera@hotmail.com,5542145550,Cancún,2024-01-02,tienda_fisica,0,5521463579,559839,LEG-29406,
1646,Rodrigo Lopez,rodrigo.lopez@yahoo.com.mx,5586777561,QUERÉTARO,2024-11-18,app_movil,1,5549919437,554567,LEG-22935,
1272,Citlali Navarro,citlali.navarro@novatech.mx,5528569210,Mérida,08/08/2024,web,true,5585395350,556310,LEG-97365,
293,Hector Castillo,hector.castillo@outlook.com,5562202523,PUE,06/18/2024,app_movil,Si,5522602010,552116,LEG-89799,usr_293
1395,Abril Lopez,abril.lopez@yahoo.com.mx,5570946420,Cancun,25/04/2025,app_movil,false,5565513699,555485,LEG-60205,
1185,sergio lozano,sergio.lozano@hotmail.com,5546811991,Ciudad de Mexico,19-05-2025,app_movil,false,5564672853,553334,LEG-11930,
2030,Gerardo Ruiz,gerardo.ruiz@yahoo.com.mx,5577574540,León Gto,2025-08-05,web,False,5566661766,554140,LEG-63339,usr_240
1951,Raul Torres,raul.torres@hotmail.com,5580463522,Veracruz,10-11-2024,web,true,5536701630,555797,LEG-51142,usr_1951
1033,Carlos Perez,carlos.perez@hotmail.com,5564393229,cancun,13/12/2024,tienda_fisica,TRUE,5549804698,553972,LEG-98379,usr_1033
1633,Julio Guerrero,julio.guerrero@yahoo.com.mx,5576638327,Tijuana,2025-07-27,tienda_fisica,False,5550392673,556672,LEG-48081,usr_1633
430,Itzel Garcia,itzel.garcia@outlook.com,5562468402,PUE,20-07-2025,tienda_fisica,Si,5577989917,555786,LEG-33324,
1799,Ximena Hernandez,ximena.hernandez@novatech.mx,5530085646,Leon,01/24/2025,tienda_fisica,true,5559178957,553849,LEG-99991,
439,Citlali Contreras,citlali.contreras@outlook.com,5576139065,veracruz,15 de enero de 2025,app_movil,Si,5556332491,551321,LEG-18847,usr_439
1004,Andres Lozano,andres.lozano@outlook.com,5544413895,QUERÉTARO,02/10/2024,app_movil,0,5538679206,557423,LEG-81711,usr_1004
1781,Gabriela Lopez,gabriela.lopez@yahoo.com.mx,5562699208,Queretaro,13-06-2024,web,TRUE,5519562402,556128,LEG-55355,
1603,Sofia Gomez,sofia.gomez@hotmail.com,5585639955,cancun,22/04/2024,web,true,5515296041,553120,LEG-11395,
101,Carlos Salazar,carlos.salazar@outlook.com,,LEÓN,2025-07-27,web,No,5544937551,554459,LEG-28706,usr_101
1190,Daniela Diaz,daniela.diaz@yahoo.com.mx,5542018964,VERACRUZ,2024-04-10,app_movil,Si,5538538706,555736,LEG-25812,
1693,julio lozano,julio.lozano@gmail.com,5584155712,GDL,2025-01-13,tienda_fisica,TRUE,5548698098,551699,LEG-70114,
766,Maria Martinez,maria.martinez@hotmail.com,5531632806,León Gto,04-12-2024,app_movil,No,5576422994,554600,LEG-86364,usr_766
266,Ignacio Molina,ignacio.molina@novatech.mx,5573235321,Cancun,2025-02-09,tienda_fisica,TRUE,5598103138,559955,LEG-62215,
1009,julio gomez,julio.gomez@yahoo.com.mx,5593734563,merida,25-05-2025,web,0,5575405474,559847,LEG-67917,usr_1009
623,Samantha Contreras,samantha.contreras@hotmail.com,5541516657,leon,12-12-2024,tienda_fisica,TRUE,5563098643,556510,LEG-17306,
551,Ricardo Ruiz,ricardo.ruiz@novatech.mx,5513848757,LEÓN,2024-05-22,web,False,5535567130,559330,LEG-29091,usr_551
1849,Andres Solis,andres.solis@novatech.mx,5581673127,GDL,2025-06-21,tienda_fisica,1,5594132500,555768,LEG-95555,
1089,Javier Guerrero,javier.guerrero@gmail.com,5594396161,Cancun,15 de enero de 2025,web,0,5576149302,555381,LEG-64326,usr_1089
1345,Renata Perez,renata.perez@gmail.com,5597855707, querétaro ,2024-07-03 00:00:00,app_movil,Si,5598334625,556540,LEG-26676,
1188,MIGUEL VARGAS,miguel.vargas@novatech.mx,5594419772,CANCÚN,2024-10-13 00:00:00,web,Si,5570091592,557574,LEG-13790,usr_1188
1735,MARIA RIVERA,maria.rivera@novatech.mx,5589069190,monterrey,2025-04-30,app_movil,true,5565256515,557819,LEG-33705,usr_1735
243,Sergio Lozano,sergio.lozano@yahoo.com.mx,5550159317,VERACRUZ,20/06/2025,tienda_fisica,false,5558804561,552197,LEG-94553,
368,Abril Salazar,abril.salazar@novatech.mx,5521893479,MTY,2024-01-28,app_movil,0,5550356523,557549,LEG-13547,
750,Diana Solis,diana.solis@hotmail.com,5523787158,León Gto,2024-05-22,app_movil,1,5555874171,555202,LEG-39615,
1128,Ximena Torres,ximena.torres@yahoo.com.mx,5560802713,MÉRIDA,2024-03-14,web,False,5561002307,552218,LEG-58102,usr_1128
166,Sofia Sanchez,sofia.sanchez@hotmail.com,5539418456,Mexico D.F.,05/07/2025,tienda_fisica,true,5576907206,557698,LEG-86843,
702,Guillermo Lopez,guillermo.lopez@gmail.com,5591569764,veracruz,3 de abril de 2024,app_movil,False,5531115043,559645,LEG-17079,usr_702
1262,Maria Rendon,maria.rendon@yahoo.com.mx,5564588315,Guad.,14/05/2025,app_movil,TRUE,5542248479,557681,LEG-10921,usr_1262
473,Norma Gomez,norma.gomez@outlook.com,5571122414, Mexico D.F. ,10/29/2024,web,TRUE,5591633686,557404,LEG-84341,
178,Hector Diaz,hector.diaz@gmail.com,5562948957,queretaro,02/28/2025,app_movil,0,5571207787,553379,LEG-20321,usr_178
1678,Luis Rendon,luis.rendon@gmail.com,5581171520,Mérida,30 de septiembre de 2024,web,false,5534997783,554861,LEG-56265,
1910,Octavio Perez,octavio.perez@yahoo.com.mx,5522459215,TIJUANA,2025-07-31 00:00:00,tienda_fisica,No,5540287549,556950,LEG-59463,
662,Leandro Iglesias,leandro.iglesias@yahoo.com.mx,5561872321,cancun,01/01/2024,tienda_fisica,0,5536385824,555819,LEG-71985,usr_662
1819,Leandro Herrera,leandro.herrera@yahoo.com.mx,5586618946,Guad.,07/11/2024,web,Si,5549112728,554809,LEG-98665,
915,Citlali Lopez,citlali.lopez@outlook.com,5546789175,monterrey,12/25/2024,web,No,5543959566,556850,LEG-97369,
1130,Maria Campos,maria.campos@outlook.com,5573886954,Puebla de Zaragoza,2024-05-07,tienda_fisica,0,5524051042,556624,LEG-26159,
1541,ERNESTO ORTIZ,ernesto.ortiz@hotmail.com,5561459602,Puebla de Zaragoza,2024-03-14,app_movil,Si,5556263460,551504,LEG-87830,
170,Ana Lozano,ana.lozano@outlook.com,5517065989,PUE,26/04/2024,tienda_fisica,Si,5596156550,558534,LEG-94459,
1208,Briana Martinez,briana.martinez@novatech.mx,5599189171,queretaro,2024-10-02 00:00:00,web,No,5519911709,551296,LEG-55491,
2009,Alejandra Gonzalez,alejandra.gonzalez@yahoo.com.mx,5585822385,LEÓN,2025-06-18,app_movil,0,5589076679,551990,LEG-88519,
2060,Abril Flores,abril.flores@hotmail.com,5571365094,Veracruz City,2024-06-14,web,0,5554752055,556435,LEG-68028,usr_777
1626,Emiliano Iglesias,emiliano.iglesias@novatech.mx,5542718909,cancun,2025-02-12,app_movil,1,5551906835,552700,LEG-21259,
931,Alejandra Ramirez,alejandra.ramirez@novatech.mx,5517234070,MEXICO DF,02/08/2025,app_movil,No,5523824846,559648,LEG-90084,
314,Hector Martinez,hector.martinez@outlook.com,5582763402,QUERÉTARO,25 de julio de 2024,tienda_fisica,Si,5588224376,553606,LEG-18380,usr_314
1437,Itzel Cardona,itzel.cardona@yahoo.com.mx,5585875608,Mérida,2024-02-05,tienda_fisica,false,5561269798,558555,LEG-62777,usr_1437
467,Luis Rojas,luis.rojas@yahoo.com.mx,5582601832,Cancún,2025-01-25,web,0,5539338350,552371,LEG-96622,usr_467
705,Luis Reyes,luis.reyes@gmail.com,5561494248,CANCÚN,2025-03-03,app_movil,0,5561867838,555809,LEG-32006,
747,Valeria Herrera,valeria.herrera@novatech.mx,5594635926,MERIDA,06/02/2024,web,0,5561042663,553481,LEG-73045,
1514,OSCAR NAVARRO,oscar.navarro@yahoo.com.mx,5513106503, querétaro ,04/08/2025,tienda_fisica,Si,5563114520,553599,LEG-19537,usr_1514
1473,Diego Alvarez,diego.alvarez@novatech.mx,5594593491,GUADALAJARA,13-04-2025,app_movil,0,5535899339,553552,LEG-50338,usr_1473
364,Maria Ortiz,maria.ortiz@novatech.mx,5543498544,Puebla,2025-05-31 00:00:00,web,false,5570298135,558356,LEG-98425,
609,Norma Jimenez,norma.jimenez@novatech.mx,5574948802,cdmx,2024-07-31 00:00:00,web,1,5547262411,554144,LEG-71287,
218,Ana Gonzalez,ana.gonzalez@outlook.com,5531782965,Ciudad de Mexico,10 de agosto de 2025,app_movil,No,5527163291,556045,LEG-46221,usr_218
169,Valeria Alvarez,valeria.alvarez@outlook.com,5558046203,MERIDA,2024-12-02,app_movil,false,5562959195,552758,LEG-55761,
1461,Briana Iglesias,briana.iglesias@hotmail.com,5547411877,cancun,14-02-2024,web,No,5565105531,557928,LEG-50459,
1842,Octavio Molina,octavio.molina@hotmail.com,5560566547,merida,3 de febrero de 2025,tienda_fisica,true,5578909597,552955,LEG-42419,
1661,Briana Garcia,briana.garcia@yahoo.com.mx,5516465813,Cancún,26-12-2024,tienda_fisica,false,5563531435,555534,LEG-20772,
1191,Octavio Mendez,octavio.mendez@outlook.com,5535225286,Ciudad de Mexico,09-06-2025,app_movil,TRUE,5565512062,554702,LEG-69662,usr_1191
324,Leticia Hernandez,leticia.hernandez@yahoo.com.mx,5592699196,MTY,31 de octubre de 2024,tienda_fisica,False,5587368321,558224,LEG-12685,
62,Regina Sanchez,regina.sanchez@gmail.com,5589937461,TIJUANA,24/05/2024,web,False,5517508139,558149,LEG-72125,usr_62
1994,Gabriela Guerrero,gabriela.guerrero@gmail.com,5560022162,merida,24/04/2025,tienda_fisica,TRUE,5581469444,555854,LEG-64260,usr_1994
144,Carlos Salazar,carlos.salazar@gmail.com,5526735712,Guadalajara,23-10-2024,web,1,5578119630,558363,LEG-63867,
1724,Leandro Bautista,leandro.bautista@hotmail.com,5512977012,Queretaro,14 de agosto de 2025,app_movil,TRUE,5523962938,556172,LEG-19525,
586,Rodrigo Morales,rodrigo.morales@yahoo.com.mx,5540951228,Leon,2024-08-28,tienda_fisica,No,5595678683,559941,LEG-87267,
380,Ignacio Cruz,ignacio.cruz@gmail.com,5557562359,puebla,2024-09-29,web,No,5561806956,554763,LEG-73034,
1393,Renata Torres,renata.torres@yahoo.com.mx,5579026770,Queretaro,2025-03-22,app_movil,No,5597051951,553454,LEG-88113,usr_1393
391,Octavio Martinez,octavio.martinez@hotmail.com,5551709960,tijuana,28/03/2024,web,0,5519384966,557030,LEG-89905,
87,Leticia Contreras,leticia.contreras@gmail.com,N/A,Ciudad de Mexico,03-05-2024,web,False,5591791273,552623,LEG-24042,usr_87
505,Norma Perez,norma.perez@hotmail.com,5534864019, Mexico D.F. ,2024-05-22,web,false,5533438727,553045,LEG-36802,
813,Victor Torres,victor.torres@outlook.com,5564698207,VERACRUZ,02/06/2024,tienda_fisica,TRUE,5517257968,558699,LEG-40500,
479,Carlos Contreras,carlos.contreras@yahoo.com.mx,5517754475,Puebla de Zaragoza,06/28/2025,app_movil,1,5571854436,558468,LEG-49438,usr_479
424,Paola Cardona,paola.cardona@novatech.mx,5577119275,QUERÉTARO,2024-04-13,tienda_fisica,TRUE,5554925904,559938,LEG-12003,usr_424
655,Luis Rojas,luis.rojas@gmail.com,5568675263,Mérida,26 de junio de 2025,web,false,5581532058,556771,LEG-77534,
1751,Samantha Solis,samantha.solis@hotmail.com,5572967791,Ciudad de Mexico,1 de abril de 2024,web,TRUE,5534212654,551100,LEG-22776,
2002,Itzel Gonzalez,itzel.gonzalez@hotmail.com,5543784872,Tijuana,06/15/2025,app_movil,TRUE,5527557222,555923,LEG-79118,usr_103
910,Rodrigo Lozano,rodrigo.lozano@hotmail.com,5556701257,Qro.,10/11/2024,app_movil,0,5583236352,556745,LEG-74467,
1810,Daniela Flores,daniela.flores@hotmail.com,5561431364,Cancun,02/14/2024,web,true,5592072897,556706,LEG-30972,usr_1810
145,Mariana Reyes,mariana.reyes@outlook.com,5517792997,Guadalajara,05/06/2024,web,False,5571858371,553540,LEG-91165,usr_145
2010,Julio Pineda,julio.pineda@outlook.com,5559939623,Leon,2025-04-16,tienda_fisica,Si,5517977968,553080,LEG-55976,usr_1372
1298,Abril Gomez,abril.gomez@outlook.com,5572465007,Ver.,01/06/2024,tienda_fisica,Si,5526464311,552464,LEG-36766,usr_1298
828,Camila Sanchez,camila.sanchez@outlook.com,5511224829,Monterrey NL,2025-04-03 00:00:00,tienda_fisica,1,5598143962,559124,LEG-93109,usr_828
597,Sergio Martinez,sergio.martinez@gmail.com,5588745415,Monterrey NL,17 de febrero de 2024,web,true,5525154599,551696,LEG-67438,
151,Camila Herrera,camila.herrera@yahoo.com.mx,5543835412,puebla,07/02/2024,web,Si,5565395089,556808,LEG-61354,usr_151
687,Abril Herrera,abril.herrera@novatech.mx,5529512713,MÉRIDA,2024-08-25,tienda_fisica,TRUE,5596918017,558712,LEG-67971,usr_687
980,Lorena Mendez,lorena.mendez@gmail.com,5553214181,VERACRUZ,22 de enero de 2024,web,No,5583056405,552357,LEG-66399,
1931,Sofia Guerrero,sofia.guerrero@gmail.com,5593551014,leon,09/08/2024,app_movil,TRUE,5521532315,558748,LEG-51749,usr_1931
241,Octavio Gomez,octavio.gomez@outlook.com,5544831969,leon,2025-04-08,app_movil,1,5597942102,557493,LEG-17774,
102,Regina Castillo,regina.castillo@yahoo.com.mx,5563368083,Veracruz,18/08/2025,app_movil,1,5540479190,557429,LEG-35847,usr_102
1363,Ernesto Torres,ernesto.torres@outlook.com,5520978272,MERIDA,01/11/2024,web,TRUE,5577394304,553138,LEG-93932,
1672,Mariana Cardona,mariana.cardona@gmail.com,5581676113, Mexico D.F. ,20-01-2025,tienda_fisica,No,5598424525,556545,LEG-70836,usr_1672
289,Rodrigo Navarro,rodrigo.navarro@gmail.com,5520559892,Guad.,2024-07-01,web,False,5599542190,551938,LEG-31643,usr_289
1194,Alonso Mendez,alonso.mendez@novatech.mx,5594931783,Cancun,2025-03-26 00:00:00,web,false,5569753985,559627,LEG-92098,
406,Emmanuel Jimenez,emmanuel.jimenez@hotmail.com,5551718527,Puebla de Zaragoza,23 de junio de 2024,web,False,5578941485,556774,LEG-60188,usr_406
1696,Alejandra Navarro,alejandra.navarro@gmail.com,5584921859,Guad.,01/30/2025,tienda_fisica,true,5545442276,556546,LEG-97647,
648,Alberto Pineda,alberto.pineda@outlook.com,5525146029,tijuana,24 de enero de 2024,web,No,5589363279,555002,LEG-22784,usr_648
1563,Paulina Sanchez,paulina.sanchez@yahoo.com.mx,5561081447,GUADALAJARA,18/02/2024,tienda_fisica,0,5544539203,555704,LEG-40648,
1736,Alonso Ruiz,alonso.ruiz@novatech.mx,5584976817,queretaro,25 de febrero de 2024,tienda_fisica,False,5563745222,555941,LEG-84878,
614,Fernanda Hernandez,fernanda.hernandez@novatech.mx,5542578943,León Gto,05/03/2024,web,1,5531707224,558393,LEG-63023,
928,Andres Martinez,andres.martinez@gmail.com,5558068052,QUERÉTARO,06/11/2024,app_movil,Si,5547998640,555276,LEG-78511,
86,Ernesto Perez,ernesto.perez@yahoo.com.mx,NULL,tijuana,2024-12-31,app_movil,No,5544287549,551716,LEG-82295,usr_86
125,Maria Gomez,maria.gomez@yahoo.com.mx,5577702386,León Gto,08/13/2024,web,False,5527805488,555179,LEG-53814,
1281,Gabriela Flores,gabriela.flores@outlook.com,5560148298,leon,2025-03-25 00:00:00,app_movil,false,5597051582,558123,LEG-79636,
374,Daniela Pineda,daniela.pineda@gmail.com,5564602025,Ciudad de Mexico,11 de mayo de 2024,web,0,5590981474,555055,LEG-30507,
1122,Alejandra Sanchez,alejandra.sanchez@novatech.mx,5545496863,MERIDA,7 de marzo de 2025,app_movil,0,5568543602,553643,LEG-28345,
55,Ricardo Navarro,null,null,Tijuana,2024-10-02 00:00:00,tienda_fisica,false,5591262383,559416,LEG-36470,
1715,Javier Rodriguez,javier.rodriguez@novatech.mx,5515274242,MTY,29-07-2024,web,true,5557452472,557466,LEG-78359,
290,Raul Cardona,raul.cardona@gmail.com,5576449918,CDMX,2024-11-10,tienda_fisica,Si,5563513194,554305,LEG-57028,
37,Gabriela Ramirez,gabriela.ramirez@outlook.com,5520659209,puebla,12/08/2024,app_movil,0,5579718564,556742,LEG-14453,
1720,Alejandra Garcia,alejandra.garcia@outlook.com,5564402097,TIJUANA,30/04/2025,tienda_fisica,false,5574565129,552476,LEG-33297,usr_1720
1029,Paola Sanchez,paola.sanchez@outlook.com,5524416348,TIJUANA,2025-05-13 00:00:00,web,true,5511702622,552282,LEG-22458,
278,Mariana Martinez,mariana.martinez@outlook.com,5554079155,Puebla,2025-05-18,tienda_fisica,false,5533298367,551213,LEG-13492,usr_278
858,Ricardo Rodriguez,ricardo.rodriguez@hotmail.com,5511556635,Veracruz City,29/11/2024,web,false,5594292121,559890,LEG-31335,
1218,Diego Iglesias,diego.iglesias@novatech.mx,5516932611,queretaro,27/02/2024,web,false,5581109050,555326,LEG-93822,usr_1218
1023,Hector Lozano,hector.lozano@outlook.com,5561717200,Veracruz City,2024-10-29,app_movil,TRUE,5544165306,556528,LEG-37224,
1640,Leandro Contreras,leandro.contreras@outlook.com,5592713540,leon,10/03/2024,web,0,5553771882,558630,LEG-55024,usr_1640
370,Ignacio Rodriguez,ignacio.rodriguez@hotmail.com,5526058448,monterrey,01/28/2024,web,true,5573028865,558384,LEG-27320,
507,Guillermo Hernandez,guillermo.hernandez@outlook.com,5565667386,Tijuana,16 de junio de 2024,web,false,5583701468,559052,LEG-61671,
255,Leandro Vargas,leandro.vargas@hotmail.com,5581381265,Cancun,06/05/2025,web,TRUE,5555047861,552255,LEG-93908,
356,Ernesto Campos,ernesto.campos@outlook.com,5518536319,CANCÚN,2025-06-02 00:00:00,tienda_fisica,0,5552038181,554973,LEG-60829,usr_356
1100,Miguel Cruz,miguel.cruz@hotmail.com,5598596413,Puebla,24-02-2024,app_movil,true,5557246344,557329,LEG-87582,
95,Oscar Rendon,oscar.rendon@gmail.com,-,Tijuana,2024-08-28,app_movil,False,5531233506,559656,LEG-88420,
1467,Alberto Flores,alberto.flores@hotmail.com,5518219460,Leon,2025-04-05,web,Si,5580376376,553373,LEG-67411,
600,Carlos Lozano,carlos.lozano@gmail.com,5515959884,Queretaro,2024-03-10,app_movil,0,5529805496,555151,LEG-39937,
617,Citlali Cruz,citlali.cruz@yahoo.com.mx,5561402130,cancun,03/01/2024,tienda_fisica,No,5528243923,559188,LEG-83585,usr_617
642,Ana Ortiz,ana.ortiz@gmail.com,5575409682,GDL,12/02/2025,tienda_fisica,false,5587433725,557883,LEG-37917,usr_642
895,Norma Alvarez,norma.alvarez@gmail.com,5591258676,tijuana,2025-08-11,tienda_fisica,0,5539316925,553423,LEG-38947,
1485,Diana Campos,diana.campos@gmail.com,5597138471,Puebla,2025-02-22,tienda_fisica,No,5515059557,554054,LEG-78855,usr_1485
616,Victor Iglesias,victor.iglesias@hotmail.com,5573667144,Ver.,2024-05-13,web,false,5579128730,553639,LEG-27592,usr_616
84,Samantha Iglesias,samantha.iglesias@outlook.com,,queretaro,11-06-2025,tienda_fisica,1,5560097156,557855,LEG-36014,usr_84
1209,Ernesto Iglesias,ernesto.iglesias@novatech.mx,5549119834,Cancún,09/04/2025,web,Si,5597345518,558625,LEG-50155,
533,Renata Castillo,renata.castillo@hotmail.com,5559979415,queretaro,17-08-2025,web,No,5514126197,558078,LEG-73744,
137,Ana Cardona,ana.cardona@outlook.com,5575861619,monterrey,2024-02-27 00:00:00,tienda_fisica,TRUE,5555216576,558476,LEG-66684,usr_137
2024,Samantha Iglesias,samantha.iglesias@outlook.com,,queretaro,11-06-2025,tienda_fisica,1,5560097156,557855,LEG-36014,usr_84
811,Norma Cruz,norma.cruz@outlook.com,5586061859,GDL,2024-05-13,tienda_fisica,TRUE,5536223741,555441,LEG-40236,usr_811
1471,Alonso Rivera,alonso.rivera@hotmail.com,5532195620,TIJUANA,23/09/2024,tienda_fisica,0,5534179172,554918,LEG-78161,
644,Camila Alvarez,camila.alvarez@gmail.com,5530243511,CDMX,28-04-2024,web,true,5522527158,553345,LEG-43083,usr_644
152,Miguel Flores,miguel.flores@novatech.mx,5534468759,Leon,7 de junio de 2025,app_movil,0,5551744208,551280,LEG-26380,
1480,Renata Morales,renata.morales@yahoo.com.mx,5511639053,Ver.,24 de julio de 2024,app_movil,true,5524705801,555551,LEG-28403,
1322,ANA SANCHEZ,ana.sanchez@yahoo.com.mx,5568925762,CDMX,30-12-2024,app_movil,true,5536572075,551183,LEG-81895,
15,Paulina Flores,paulina.flores@gmail.com,5573313902,GUADALAJARA,2 de febrero de 2025,tienda_fisica,true,5544783818,556572,LEG-52553,
189,Camila Martinez,camila.martinez@hotmail.com,5519316461, Mexico D.F. ,26/10/2024,tienda_fisica,1,5538772032,559849,LEG-50806,
1016,Renata Cardona,renata.cardona@outlook.com,5547844678,Monterrey,2024-09-27 00:00:00,tienda_fisica,Si,5561986391,554116,LEG-77620,usr_1016
48,Victor Cruz,,null,Qro.,05/19/2024,app_movil,TRUE,5591826861,552863,LEG-99204,
1472,Citlali Solis,citlali.solis@novatech.mx,5554738086,TIJUANA,2025-08-22,tienda_fisica,1,5598698946,555871,LEG-32294,
811,Norma Cruz,norma.cruz@outlook.com,5586061859,GDL,2024-05-13,tienda_fisica,TRUE,5536223741,555441,LEG-40236,usr_811
867,Briana Rodriguez,briana.rodriguez@hotmail.com,5510253372,Guadalajara,12 de marzo de 2024,app_movil,1,5519028653,556135,LEG-26411,
1625,Mariana Cardona,mariana.cardona@outlook.com,5519252033,tijuana,19/07/2025,tienda_fisica,No,5568142652,555841,LEG-14356,
2012,Daniela Alvarez,daniela.alvarez@yahoo.com.mx,5537377325,cancun,8 de mayo de 2024,tienda_fisica,False,5595413072,557501,LEG-40383,
1609,Diego Contreras,diego.contreras@yahoo.com.mx,5599534936,Cancun,02/06/2024,web,0,5518341527,558327,LEG-36390,
68,Abril Hernandez,abril.hernandez@gmail.com,5520737319,Monterrey NL,2024-06-16 00:00:00,tienda_fisica,False,5565692586,552453,LEG-42492,
1890,Camila Rojas,camila.rojas@hotmail.com,5552629758,Veracruz,24/04/2025,app_movil,1,5565683816,558096,LEG-69412,
752,Luis Diaz,luis.diaz@novatech.mx,5560528161,Ver.,15/03/2025,tienda_fisica,TRUE,5563075894,556084,LEG-12273,
504,Briana Morales,briana.morales@outlook.com,5556481831,Puebla de Zaragoza,10/26/2024,web,Si,5596574612,554339,LEG-74853,usr_504
1771,Valeria Martinez,valeria.martinez@outlook.com,5516885193,GDL,2024-01-13 00:00:00,tienda_fisica,false,5566471888,559047,LEG-87343,
1540,Carlos Bautista,carlos.bautista@novatech.mx,5512799630,MEXICO DF,2025-08-10,tienda_fisica,False,5535844144,559447,LEG-24391,usr_1540
1163,Andres Herrera,andres.herrera@yahoo.com.mx,5546909065,CANCÚN,2024-03-10 00:00:00,app_movil,1,5534101101,557551,LEG-78980,
1367,NATALIA RUIZ,natalia.ruiz@novatech.mx,5565489629,Guadalajara,27 de octubre de 2024,web,0,5591496009,552845,LEG-77636,usr_1367
366,Victor Navarro,victor.navarro@novatech.mx,5581871637,MÉRIDA,16-02-2024,tienda_fisica,true,5599303378,556981,LEG-20596,
1923,Oscar Ramirez,oscar.ramirez@gmail.com,5582366432,Monterrey NL,02/17/2024,app_movil,TRUE,5546395168,559488,LEG-12042,
1249,Luis Campos,luis.campos@yahoo.com.mx,5576762407,TIJUANA,2024-04-24 00:00:00,web,Si,5567709162,556780,LEG-51743,usr_1249
1057,Sofia Pineda,sofia.pineda@gmail.com,5532248286,Queretaro,01/25/2025,app_movil,TRUE,5554305819,553361,LEG-28189,
996,Octavio Vega,octavio.vega@gmail.com,5596252801, Mexico D.F. ,2025-06-28,web,False,5550287244,555024,LEG-39288,
1476,Emiliano Reyes,emiliano.reyes@hotmail.com,5532445035,monterrey,10/30/2024,web,Si,5528306619,556779,LEG-50807,
1590,Raul Contreras,raul.contreras@gmail.com,5585085737,monterrey,25/03/2025,app_movil,true,5575929483,555249,LEG-42910,
574,Citlali Rendon,citlali.rendon@hotmail.com,5532709380,TIJUANA,23 de abril de 2024,tienda_fisica,Si,5590163884,556521,LEG-85284,
452,Citlali Gonzalez,citlali.gonzalez@novatech.mx,5562708310,Cancun,2025-07-07,app_movil,false,5587749997,552830,LEG-35576,
559,Paola Martinez,paola.martinez@gmail.com,5598844749,Cancun,08/19/2025,tienda_fisica,False,5526231879,555569,LEG-24843,usr_559
1158,Sergio Morales,sergio.morales@gmail.com,5574069506,merida,05/02/2024,tienda_fisica,False,5533426617,554148,LEG-87951,
285,Ernesto Flores,ernesto.flores@yahoo.com.mx,5590461656,Queretaro,9 de febrero de 2025,tienda_fisica,true,5552879278,555010,LEG-17554,
361,Leticia Perez,leticia.perez@hotmail.com,5586288749,Tijuana,11-04-2025,app_movil,true,5586693733,557297,LEG-84869,
498,Hector Gonzalez,hector.gonzalez@hotmail.com,5568425549,Qro.,04/23/2024,tienda_fisica,0,5571501220,552567,LEG-67631,
1971,hector mendez,hector.mendez@hotmail.com,5591207360,Cancún,02/24/2024,tienda_fisica,False,5517418925,553075,LEG-52389,
332,Daniela Garcia,daniela.garcia@novatech.mx,5556508064,LEÓN,6 de mayo de 2024,app_movil,Si,5576218427,558173,LEG-76292,
1683,Ximena Guerrero,ximena.guerrero@gmail.com,5546462447,veracruz,2024-05-08 00:00:00,web,false,5542141538,557605,LEG-99406,
295,Alonso Ramirez,alonso.ramirez@novatech.mx,5547304977,Puebla de Zaragoza,27/05/2024,tienda_fisica,0,5522893247,551201,LEG-76855,
1475,leandro delgado,leandro.delgado@novatech.mx,5540507909,MERIDA,2025-02-25,tienda_fisica,true,5519013381,552321,LEG-49523,usr_1475
681,Natalia Perez,natalia.perez@novatech.mx,5532437204,Cancun,24-06-2024,web,No,5554551917,556143,LEG-94150,
5,Javier Cruz,javier.cruz@hotmail.com,5557501161,Merida,12/05/2025,tienda_fisica,true,5530907511,551102,LEG-63107,
348,Maria Ruiz,maria.ruiz@hotmail.com,5522112084,GUADALAJARA,28-03-2025,web,true,5546901693,555970,LEG-96086,
1384,Rodrigo Hernandez,rodrigo.hernandez@novatech.mx,5511206797,Veracruz,02/09/2024,app_movil,TRUE,5575057065,553917,LEG-20566,usr_1384
49,Rodrigo Cardona,rodrigo.cardona@hotmail.com,5545819747,leon,2024-05-30,app_movil,False,5555753251,558788,LEG-10699,
482,Abril Alvarez,abril.alvarez@yahoo.com.mx,5596001117,veracruz,2025-02-22,app_movil,false,5590966807,559570,LEG-64935,
964,Natalia Gonzalez,natalia.gonzalez@hotmail.com,5565117548,Cancun,2024-09-04 00:00:00,web,1,5597058916,554087,LEG-70501,usr_964
246,Itzel Rojas,itzel.rojas@novatech.mx,5554009379,GDL,20 de febrero de 2024,web,No,5573522439,557278,LEG-59553,
465,Carlos Alvarez,carlos.alvarez@hotmail.com,5546832826,MTY,17-01-2024,tienda_fisica,false,5510695490,552742,LEG-38744,
1709,miguel mendez,miguel.mendez@hotmail.com,5599166383,CDMX,26/04/2024,web,False,5535889857,554810,LEG-20616,
1584,Raul Navarro,raul.navarro@hotmail.com,5565614785,Cancun,2025-01-13,web,False,5515953535,552387,LEG-25254,usr_1584
540,Ernesto Solis,ernesto.solis@outlook.com,5513634070,Merida,10-07-2025,web,true,5520822772,556102,LEG-87942,usr_540
603,Sofia Flores,sofia.flores@hotmail.com,5589005490,veracruz,2024-07-13 00:00:00,app_movil,true,5545732773,552620,LEG-36127,usr_603
1336,Alberto Flores,alberto.flores@novatech.mx,5568953250,CANCÚN,30/07/2024,web,1,5515864644,559432,LEG-79611,
1124,Ricardo Morales,ricardo.morales@yahoo.com.mx,5572332631,Monterrey,2024-06-29,web,No,5542919820,559653,LEG-84843,usr_1124
1497,Diana Vargas,diana.vargas@outlook.com,5524669524,Tijuana,2024-10-14 00:00:00,app_movil,1,5538024933,559351,LEG-47595,
678,Ignacio Rojas,ignacio.rojas@outlook.com,5586378291,CANCÚN,2024-12-27,tienda_fisica,1,5565308715,552837,LEG-93886,usr_678
648,Alberto Pineda,alberto.pineda@outlook.com,5525146029,tijuana,24 de enero de 2024,web,No,5589363279,555002,LEG-22784,usr_648
770,Ignacio Herrera,ignacio.herrera@yahoo.com.mx,5596061863,Puebla de Zaragoza,11/07/2024,tienda_fisica,0,5546067373,558094,LEG-54793,
1242,Ricardo Cruz,ricardo.cruz@gmail.com,5587383361,Guadalajara,2024-09-29,tienda_fisica,False,5584834322,559486,LEG-95988,
859,Alonso Sanchez,alonso.sanchez@gmail.com,5591092773,Guad.,12/05/2024,tienda_fisica,1,5549812351,556201,LEG-47779,
1248,Maria Lozano,maria.lozano@gmail.com,5520249281,Monterrey,30-01-2024,app_movil,Si,5548482696,556093,LEG-35791,
1277,Carlos Contreras,carlos.contreras@gmail.com,5590433692,MTY,2024-06-30 00:00:00,tienda_fisica,false,5556371299,551479,LEG-82845,usr_1277
917,Rodrigo Rivera,rodrigo.rivera@outlook.com,5538761812,Guad.,2025-02-09 00:00:00,web,1,5559518690,556833,LEG-96480,usr_917
763,Ximena Guerrero,ximena.guerrero@outlook.com,5587644079,MÉRIDA,14 de enero de 2024,tienda_fisica,No,5579304878,553480,LEG-72726,
428,Lorena Ruiz,lorena.ruiz@gmail.com,5522425039,  Veracruz  ,2024-05-02 00:00:00,app_movil,1,5589404945,553564,LEG-50050,
2004,Victor Ruiz,victor.ruiz@gmail.com,5580545455,monterrey,2025-01-26 00:00:00,app_movil,1,5546829802,556089,LEG-49396,
20,Octavio Hernandez,octavio.hernandez@hotmail.com,5575492810,VERACRUZ,2024-02-29 00:00:00,app_movil,False,5597666539,551936,LEG-84748,
2007,Ximena Alvarez,ximena.alvarez@outlook.com,5523921987,GUADALAJARA,06/20/2025,web,Si,5535227568,554182,LEG-47413,usr_224
4,Andres Guerrero,,5555499263,MÉRIDA,2024-05-26 00:00:00,tienda_fisica,False,5590921735,553513,LEG-42159,
1664,Valeria Gonzalez,valeria.gonzalez@outlook.com,5513071407,Qro.,18/05/2025,tienda_fisica,0,5540499976,557600,LEG-83989,usr_1664
557,Citlali Salazar,citlali.salazar@hotmail.com,5532052585,Ciudad de Mexico,7 de febrero de 2025,tienda_fisica,No,5583044834,555975,LEG-25846,usr_557
1946,Emmanuel Garcia,emmanuel.garcia@gmail.com,5557187130,CANCÚN,19-03-2024,app_movil,true,5515208858,559606,LEG-69252,usr_1946
1192,Rodrigo Morales,rodrigo.morales@novatech.mx,5514727533,Guad.,24/04/2025,tienda_fisica,TRUE,5546945571,553567,LEG-27077,
409,Guillermo Diaz,guillermo.diaz@yahoo.com.mx,5586852362,Mérida,04/05/2025,tienda_fisica,0,5531217938,558020,LEG-35367,
1883,Alberto Ramirez,alberto.ramirez@gmail.com,5530307987,TIJUANA,2025-07-20 00:00:00,app_movil,TRUE,5514163975,557012,LEG-22246,
469,Renata Navarro,renata.navarro@yahoo.com.mx,5590051971,Puebla de Zaragoza,2025-04-03,web,TRUE,5515751214,559348,LEG-35078,
815,Ernesto Lopez,ernesto.lopez@gmail.com,5516315656,Cancún,2025-07-15,app_movil,TRUE,5584051795,552989,LEG-42819,usr_815
946,Abril Pineda,abril.pineda@yahoo.com.mx,5563146277,CANCÚN,28-04-2024,app_movil,TRUE,5519446812,553439,LEG-55427,
830,Citlali Rojas,citlali.rojas@hotmail.com,5533878495,Puebla de Zaragoza,6 de enero de 2025,app_movil,0,5589407344,557964,LEG-68410,
1827,Andres Iglesias,andres.iglesias@gmail.com,5577461469,Guad.,29-07-2024,app_movil,No,5551605133,553101,LEG-17642,
717,Renata Mendez,renata.mendez@gmail.com,5514749912,PUE,2025-01-21,app_movil,0,5523608316,557524,LEG-15016,
1140,Alberto Rodriguez,alberto.rodriguez@yahoo.com.mx,5552894759,monterrey,22 de mayo de 2025,app_movil,False,5548576986,556721,LEG-54366,
1436,Briana Aguilar,briana.aguilar@hotmail.com,5558673785,Cancún,30-10-2024,tienda_fisica,Si,5577711916,559231,LEG-26322,
1380,Abril Rodriguez,abril.rodriguez@hotmail.com,5530466111,cdmx,2025-07-19 00:00:00,web,false,5528125871,553558,LEG-90119,
1463,Gerardo Rodriguez,gerardo.rodriguez@yahoo.com.mx,5534312399,leon,2024-07-28,app_movil,No,5534439095,553918,LEG-91347,
1406,Norma Diaz,norma.diaz@hotmail.com,5560786030,PUE,12 de julio de 2025,tienda_fisica,Si,5548279057,559301,LEG-25095,
1871,Leticia Rodriguez,leticia.rodriguez@novatech.mx,5567256433,monterrey,29-11-2024,app_movil,true,5574877462,555781,LEG-88272,usr_1871
1410,Camila Salazar,camila.salazar@gmail.com,5513582142,León Gto,2024-06-12 00:00:00,app_movil,false,5544573150,551681,LEG-91631,
478,Ignacio Perez,ignacio.perez@outlook.com,5559186621,MERIDA,2024-09-02,app_movil,0,5584042529,552824,LEG-69363,
1933,raul molina,raul.molina@novatech.mx,5567052418,Guad.,2024-06-08,tienda_fisica,1,5587242311,554136,LEG-72008,
420,Sergio Ruiz,sergio.ruiz@novatech.mx,5580512110,PUE,09/28/2024,app_movil,TRUE,5539286832,554134,LEG-66946,
1754,Emiliano Ramirez,emiliano.ramirez@gmail.com,5511861282,Monterrey NL,23 de marzo de 2024,app_movil,false,5512474534,554882,LEG-30077,usr_1754
387,Andres Campos,andres.campos@outlook.com,5516573140,Cancún,2024-01-23,tienda_fisica,TRUE,5541974499,555545,LEG-26359,
1064,Rodrigo Ruiz,rodrigo.ruiz@outlook.com,5597681230,Guad.,16 de diciembre de 2024,app_movil,False,5538753567,551417,LEG-30383,usr_1064
908,Citlali Castillo,citlali.castillo@outlook.com,5521603051,MÉRIDA,2025-04-24 00:00:00,web,Si,5534382173,552787,LEG-80754,usr_908
1988,PAOLA CAMPOS,paola.campos@novatech.mx,5568098609,PUE,2024-02-28,tienda_fisica,1,5517152930,559903,LEG-62785,
1129,Oscar Aguilar,oscar.aguilar@outlook.com,5568633443,Veracruz,05/03/2024,web,true,5573067685,555921,LEG-40393,
1924,Ricardo Rodriguez,ricardo.rodriguez@gmail.com,5536026301,MÉRIDA,2025-06-02 00:00:00,app_movil,true,5598443172,553317,LEG-90505,
1229,Oscar Castillo,oscar.castillo@yahoo.com.mx,5542335183,GUADALAJARA,2024-05-18 00:00:00,app_movil,Si,5515619754,559413,LEG-34977,
1782,Luis Rojas,luis.rojas@outlook.com,5549439464,Guadalajara,20-06-2024,web,Si,5517036474,551991,LEG-77526,
861,Gabriela Alvarez,gabriela.alvarez@novatech.mx,5597742940,Veracruz,26/10/2024,app_movil,1,5553062670,559286,LEG-80543,
888,Diego Cruz,diego.cruz@gmail.com,5564742656,Tijuana,2024-03-04,tienda_fisica,Si,5531312545,559381,LEG-11658,
584,Andres Contreras,andres.contreras@gmail.com,5565738786,Puebla de Zaragoza,10-05-2024,app_movil,TRUE,5554967786,551570,LEG-28139,
1528,Ernesto Castillo,ernesto.castillo@outlook.com,5539668255, Mexico D.F. ,17 de mayo de 2024,web,1,5599881054,551632,LEG-28887,
658,Diana Solis,diana.solis@outlook.com,5573509111,puebla,2024-07-21,tienda_fisica,1,5526387768,559284,LEG-43418,usr_658
757,Gerardo Torres,gerardo.torres@hotmail.com,5569463134,Monterrey NL,03/25/2024,web,0,5529904898,553695,LEG-90874,
1982,Itzel Gonzalez,itzel.gonzalez@outlook.com,5512184343,TIJUANA,2025-04-12,web,0,5567896726,552685,LEG-89392,
1802,Victor Cruz,victor.cruz@gmail.com,5565002903,Puebla,2025-05-11,web,false,5584817368,558293,LEG-48776,
89,Julio Rivera,julio.rivera@hotmail.com,5596941855,GDL,09/26/2024,app_movil,TRUE,5528879336,554775,LEG-55986,
308,Luis Campos,luis.campos@gmail.com,5543644112,Cancun,08/10/2024,web,1,5559753839,552045,LEG-93516,usr_308
725,Victor Mendez,victor.mendez@hotmail.com,5512202750,Puebla,2025-01-12,tienda_fisica,true,5585945135,559913,LEG-46962,usr_725
695,Luis Delgado,luis.delgado@hotmail.com,5587802948,Tijuana,6 de mayo de 2025,app_movil,1,5583012315,556641,LEG-19077,
1059,Guillermo Reyes,guillermo.reyes@yahoo.com.mx,5580186081,monterrey,27/12/2024,tienda_fisica,TRUE,5547224019,552459,LEG-32433,
206,Lorena Flores,lorena.flores@hotmail.com,5593661657,MÉRIDA,2025-04-12 00:00:00,app_movil,No,5510048757,559727,LEG-57490,
975,Paola Navarro,paola.navarro@gmail.com,5585146686,Mexico D.F.,2024-10-11 00:00:00,tienda_fisica,No,5561027977,553851,LEG-85888,
1616,Paola Molina,paola.molina@novatech.mx,5510559539,MTY,20/09/2024,app_movil,true,5537636651,558110,LEG-76028,
780,Miguel Bautista,miguel.bautista@hotmail.com,5551537274,Merida,2025-08-13,web,true,5518674884,552118,LEG-28424,
940,Fernanda Vargas,fernanda.vargas@gmail.com,5551319579,Ver.,10/06/2024,tienda_fisica,false,5548978132,559157,LEG-58939,usr_940
10,Oscar Lozano,oscar.lozano@gmail.com,5598564160,Guadalajara,08/02/2025,web,1,5540516930,554302,LEG-85518,
602,Ricardo Mendez,ricardo.mendez@outlook.com,5574617223,TIJUANA,07/25/2025,app_movil,1,5571724210,554874,LEG-75426,
1853,Citlali Pineda,citlali.pineda@yahoo.com.mx,5523916467,Puebla de Zaragoza,15 de febrero de 2024,tienda_fisica,1,5578387319,559324,LEG-17031,usr_1853
1891,Victor Molina,victor.molina@novatech.mx,5528292729,MEXICO DF,18/06/2025,web,0,5544912650,553179,LEG-34103,usr_1891
1048,Diana Sanchez,diana.sanchez@yahoo.com.mx,5519819971,Veracruz City,04/17/2025,app_movil,False,5557579113,551938,LEG-20467,usr_1048
1265,Camila Reyes,camila.reyes@hotmail.com,5543009768,Monterrey,2024-09-23,web,false,5553498012,554746,LEG-84364,
838,Samantha Cruz,samantha.cruz@yahoo.com.mx,5561703806,Puebla,14-03-2024,app_movil,1,5555146981,552757,LEG-36299,
1409,Ricardo Flores,ricardo.flores@yahoo.com.mx,5522036078,queretaro,09/18/2024,tienda_fisica,Si,5584475482,557394,LEG-80598,usr_1409
583,Andres Gonzalez,andres.gonzalez@outlook.com,5542709546,Queretaro,06/12/2024,app_movil,No,5519317367,556073,LEG-52832,
592,Luis Flores,luis.flores@outlook.com,5574084608,MEXICO DF,2025-05-07,tienda_fisica,true,5546135266,559367,LEG-44567,
571,Mariana Vega,mariana.vega@novatech.mx,5523004031,GUADALAJARA,2025-01-01,web,false,5537646006,558497,LEG-97912,
1056,Daniela Gonzalez,daniela.gonzalez@yahoo.com.mx,5570927356,Queretaro,14 de marzo de 2024,tienda_fisica,Si,5558289116,557490,LEG-88192,
1921,Paulina Castillo,paulina.castillo@outlook.com,5544646432,queretaro,27/04/2025,app_movil,False,5549413181,557555,LEG-55613,usr_1921
2029,Sergio Guerrero,sergio.guerrero@gmail.com,5533751090,CDMX,2024-11-07 00:00:00,app_movil,true,5573473591,554667,LEG-98994,
1002,Paulina Rojas,paulina.rojas@hotmail.com,5549847630,leon,29-11-2024,web,0,5528226627,557102,LEG-13327,usr_1002
952,Rodrigo Molina,rodrigo.molina@yahoo.com.mx,5583331274,puebla,2025-07-11 00:00:00,app_movil,true,5583036195,559940,LEG-65888,
1681,Guillermo Diaz,guillermo.diaz@novatech.mx,5510755228,Ver.,16-09-2024,tienda_fisica,true,5571814415,552134,LEG-38230,
642,Ana Ortiz,ana.ortiz@gmail.com,5575409682,GDL,12/02/2025,tienda_fisica,false,5587433725,557883,LEG-37917,usr_642
1137,Raul Molina,raul.molina@novatech.mx,5563925565,MTY,2 de febrero de 2025,web,TRUE,5582036582,557384,LEG-54682,
1806,Daniela Rendon,daniela.rendon@gmail.com,5574876898,GUADALAJARA,2025-03-07,app_movil,1,5574108406,551359,LEG-76946,
2031,Leticia Guerrero,leticia.guerrero@yahoo.com.mx,5575111055,MTY,30 de diciembre de 2024,tienda_fisica,false,5514787239,551115,LEG-79014,usr_1496
1481,Raul Campos,raul.campos@hotmail.com,5589599509,PUE,2024-06-29,web,Si,5593686201,556160,LEG-62646,
1892,Alberto Vega,alberto.vega@yahoo.com.mx,5590748590,Mexico D.F.,2024-01-18,web,Si,5516205086,559218,LEG-93537,
754,Daniela Reyes,daniela.reyes@novatech.mx,5511845335,Qro.,2024-06-11 00:00:00,tienda_fisica,False,5567103460,552903,LEG-67543,
1349,Luis Aguilar,luis.aguilar@hotmail.com,5572565634,TIJUANA,2024-10-19 00:00:00,web,false,5559001406,555822,LEG-12158,usr_1349
1520,Carlos Molina,carlos.molina@outlook.com,5550762271,CANCÚN,2025-06-23,web,false,5551225506,556471,LEG-66412,
460,Hector Flores,hector.flores@outlook.com,5586296698, Mexico D.F. ,2024-05-10 00:00:00,tienda_fisica,0,5552957308,555901,LEG-61353,
768,Abril Cruz,abril.cruz@hotmail.com,5545491050,Monterrey,13-01-2025,tienda_fisica,0,5587999459,557379,LEG-19831,
1777,julio navarro,julio.navarro@yahoo.com.mx,5568869833,LEÓN,3 de junio de 2025,app_movil,true,5590603449,556150,LEG-52772,usr_1777
1537,Renata Rodriguez,renata.rodriguez@hotmail.com,5522117478,MTY,08/29/2024,web,No,5511991987,552847,LEG-60492,
2015,Alberto Vega,alberto.vega@yahoo.com.mx,5590748590,Mexico D.F.,2024-01-18,web,Si,5516205086,559218,LEG-93537,
1240,Luis Lopez,luis.lopez@yahoo.com.mx,5555792894,MERIDA,04/02/2024,tienda_fisica,TRUE,5586456766,553386,LEG-98403,
1378,Citlali Cruz,citlali.cruz@gmail.com,5518333226,Puebla de Zaragoza,05/27/2024,web,No,5591083582,556332,LEG-55378,
789,Paulina Vargas,paulina.vargas@novatech.mx,5563774112,merida,05/19/2025,app_movil,TRUE,5518472223,559415,LEG-12985,usr_789
699,Andres Campos,andres.campos@novatech.mx,5595391228,GUADALAJARA,8 de diciembre de 2024,web,No,5515657374,559072,LEG-54257,
1425,Ernesto Guerrero,ernesto.guerrero@yahoo.com.mx,5544315553,Queretaro,17/08/2025,app_movil,false,5519103923,558309,LEG-70542,
104,Mariana Cardona,mariana.cardona@hotmail.com,,Monterrey,2024-12-05,tienda_fisica,0,5523199507,559988,LEG-50344,
1427,Samantha Ortiz,samantha.ortiz@outlook.com,5544613576,Mérida,28-11-2024,app_movil,False,5557304640,553894,LEG-91267,
1342,Daniela Hernandez,daniela.hernandez@novatech.mx,5516314756,Puebla,10/27/2024,app_movil,No,5550149615,558858,LEG-20682,
776,Rodrigo Solis,rodrigo.solis@novatech.mx,5518598383,Tijuana,2025-04-24,web,true,5542176532,559884,LEG-39242,
1647,Victor Contreras,victor.contreras@hotmail.com,5566454725,MÉRIDA,11-04-2025,web,0,5578327140,557239,LEG-36266,
1066,Itzel Rojas,itzel.rojas@novatech.mx,5586587066,cdmx,2025-07-14,app_movil,1,5580012749,556876,LEG-87811,usr_1066
933,Paola Martinez,paola.martinez@outlook.com,5580851226,tijuana,12 de mayo de 2024,app_movil,False,5579456366,554318,LEG-64991,usr_933
227,Maria Hernandez,maria.hernandez@novatech.mx,5560715695,CDMX,2024-05-31,tienda_fisica,true,5554333645,558097,LEG-77661,
936,Sofia Rendon,sofia.rendon@gmail.com,5582513377,LEÓN,02/03/2025,tienda_fisica,No,5561436389,556408,LEG-25491,
1778,Sergio Contreras,sergio.contreras@novatech.mx,5559437743,MTY,07-10-2024,web,1,5578805971,556192,LEG-72092,
916,Gerardo Reyes,gerardo.reyes@novatech.mx,5584292045,Tijuana,2024-02-09,app_movil,TRUE,5580057503,557287,LEG-22258,
1231,Ignacio Sanchez,ignacio.sanchez@yahoo.com.mx,5518744113,TIJUANA,2024-09-23,tienda_fisica,false,5526169992,551729,LEG-58749,usr_1231
1096,Alberto Pineda,alberto.pineda@gmail.com,5593308893, querétaro ,2025-04-21,tienda_fisica,1,5554548969,553914,LEG-35021,
806,Diana Vargas,diana.vargas@gmail.com,5571695673,Puebla,2025-04-06,web,TRUE,5530804817,555198,LEG-96477,usr_806
180,Daniela Bautista,daniela.bautista@novatech.mx,5589335209,merida,2025-07-30 00:00:00,tienda_fisica,TRUE,5534268656,557815,LEG-21006,usr_180
166,Sofia Sanchez,sofia.sanchez@hotmail.com,5539418456,Mexico D.F.,05/07/2025,tienda_fisica,true,5576907206,557698,LEG-86843,
2,Itzel Jimenez,itzel.jimenez@hotmail.com,-,leon,2025-01-16,app_movil,Si,5578323506,555690,LEG-51140,
1639,Leandro Bautista,leandro.bautista@outlook.com,5537617918,monterrey,2025-08-04,tienda_fisica,Si,5573263520,554558,LEG-70088,
1197,Maria Pineda,maria.pineda@outlook.com,5599157020,León Gto,11/13/2024,tienda_fisica,Si,5570602287,556955,LEG-62174,
900,Leandro Torres,leandro.torres@gmail.com,5551852317,MEXICO DF,06/15/2024,app_movil,0,5599156933,553433,LEG-70308,
28,Valeria Vargas,valeria.vargas@novatech.mx,5524604184,merida,26-05-2025,web,False,5535503898,558402,LEG-47124,usr_28
1431,PAOLA RODRIGUEZ,paola.rodriguez@gmail.com,5538017727,LEÓN,2024-10-09,tienda_fisica,No,5514938394,552676,LEG-38692,
1149,Paola Gonzalez,paola.gonzalez@novatech.mx,5577799651,MTY,22-08-2025,tienda_fisica,TRUE,5523928135,553244,LEG-96052,
1491,Ximena Lopez,ximena.lopez@gmail.com,5574786901,Monterrey NL,2025-04-19,web,false,5571752495,553810,LEG-31214,
1665,Ana Rendon,ana.rendon@outlook.com,5558554042,GUADALAJARA,2025-01-05 00:00:00,app_movil,true,5548678932,553987,LEG-31199,usr_1665
1179,Mariana Lopez,mariana.lopez@hotmail.com,5519423522,Leon,15 de diciembre de 2024,web,Si,5550406641,559220,LEG-96230,usr_1179
417,Hector Ruiz,hector.ruiz@novatech.mx,5578988957,CDMX,2025-07-30 00:00:00,web,true,5596644545,551034,LEG-75604,
486,Gerardo Gonzalez,gerardo.gonzalez@hotmail.com,5510228832,veracruz,27/03/2025,tienda_fisica,False,5547423050,559486,LEG-32757,
1236,Luis Ortiz,luis.ortiz@outlook.com,5591425520,tijuana,2024-06-22,tienda_fisica,False,5589248285,551377,LEG-32220,usr_1236
2043,Andres Castillo,andres.castillo@hotmail.com,,GDL,18/09/2024,app_movil,TRUE,5536707306,557526,LEG-34022,
127,Ximena Pineda,ximena.pineda@outlook.com,5536701266,GDL,2025-07-20,web,1,5524041267,554637,LEG-38483,usr_127
784,Norma Iglesias,norma.iglesias@novatech.mx,5597345296,LEÓN,2025-06-19,web,1,5543276718,556669,LEG-15618,
1512,NATALIA PEREZ,natalia.perez@outlook.com,5565599616,LEÓN,2024-04-29,web,0,5557075920,558030,LEG-53185,usr_1512
1531,Alonso Rendon,alonso.rendon@yahoo.com.mx,5513956189,Cancún,11 de febrero de 2025,app_movil,No,5537838973,555720,LEG-18692,
22,Valeria Cruz,valeria.cruz@yahoo.com.mx,5588367647,Guadalajara,2024-03-22 00:00:00,tienda_fisica,false,5515989679,557002,LEG-47817,
1321,Alberto Rendon,alberto.rendon@novatech.mx,5581452075,Monterrey NL,08/08/2025,app_movil,0,5529353335,551744,LEG-68523,
1498,Alberto Ortiz,alberto.ortiz@gmail.com,5585646628,monterrey,2024-09-14 00:00:00,web,false,5564339979,552148,LEG-12373,
714,Briana Gomez,briana.gomez@novatech.mx,5515192355,monterrey,2024-09-12,web,False,5573421565,559246,LEG-65868,
1136,Hector Morales,hector.morales@novatech.mx,5562217556,Puebla,02/06/2024,tienda_fisica,TRUE,5573409646,552662,LEG-17763,
729,Julio Torres,julio.torres@novatech.mx,5583178167,CANCÚN,31/01/2025,tienda_fisica,1,5520167048,552638,LEG-92503,
1109,Gabriela Guerrero,gabriela.guerrero@novatech.mx,5578114793,MÉRIDA,27-07-2024,tienda_fisica,No,5521575702,556424,LEG-47459,
1536,Emmanuel Lopez,emmanuel.lopez@hotmail.com,5575648847,LEÓN,16/12/2024,tienda_fisica,1,5516422802,556398,LEG-10782,
989,Maria Flores,maria.flores@outlook.com,5578098901,CANCÚN,2024-04-26 00:00:00,app_movil,false,5519804224,551151,LEG-61049,
1830,Maria Aguilar,maria.aguilar@outlook.com,5587905681,Ver.,2024-09-04 00:00:00,tienda_fisica,1,5593327622,553731,LEG-90251,
1275,Javier Perez,javier.perez@yahoo.com.mx,5522151953,Puebla de Zaragoza,22 de enero de 2024,tienda_fisica,TRUE,5583397619,556220,LEG-51090,
1271,Alejandra Contreras,alejandra.contreras@novatech.mx,5522674620,Cancun,2024-09-30 00:00:00,web,true,5545044162,552415,LEG-59519,usr_1271
1080,Maria Alvarez,maria.alvarez@yahoo.com.mx,5574925868,Ver.,2024-08-19,app_movil,No,5552023777,553727,LEG-98712,usr_1080
1595,Briana Diaz,briana.diaz@gmail.com,5576244197,Merida,2024-10-02,tienda_fisica,Si,5549467656,556687,LEG-36971,usr_1595
347,Itzel Molina,itzel.molina@novatech.mx,5556576431,Cancun,08/05/2024,web,No,5531666413,555140,LEG-73090,usr_347
783,Leticia Mendez,leticia.mendez@yahoo.com.mx,5538022334,MERIDA,2025-03-15 00:00:00,tienda_fisica,False,5589281581,558172,LEG-29226,usr_783
327,Emiliano Iglesias,emiliano.iglesias@yahoo.com.mx,5591794673,TIJUANA,27/08/2024,tienda_fisica,true,5573392732,556350,LEG-21554,
1175,Paola Vargas,paola.vargas@gmail.com,5591088677,Cancun,28/01/2024,app_movil,No,5532942528,551096,LEG-28938,
873,Fernanda Bautista,fernanda.bautista@outlook.com,5573783856,Puebla,2025-05-16,tienda_fisica,Si,5571837076,551156,LEG-84809,
1947,Paola Lopez,paola.lopez@hotmail.com,5588276834,cancun,2025-05-12 00:00:00,app_movil,No,5527342281,551019,LEG-18227,
591,Julio Martinez,julio.martinez@gmail.com,5544017783,MEXICO DF,10/06/2025,tienda_fisica,false,5531557372,555327,LEG-50005,
1442,Mariana Rodriguez,mariana.rodriguez@hotmail.com,5555087299,Puebla,04/19/2025,app_movil,1,5524733157,556263,LEG-38460,
492,Samantha Ruiz,samantha.ruiz@yahoo.com.mx,5527439853,puebla,05/26/2024,tienda_fisica,Si,5557581302,553825,LEG-38818,usr_492
1559,Emiliano Castillo,emiliano.castillo@hotmail.com,5592528352,cancun,23/05/2025,app_movil,0,5560742881,557184,LEG-88230,
737,Oscar Diaz,oscar.diaz@gmail.com,5582173457, querétaro ,11-08-2025,tienda_fisica,Si,5567558730,555980,LEG-26998,
1992,ALEJANDRA SOLIS,alejandra.solis@hotmail.com,5585884478,CANCÚN,2024-03-28 00:00:00,web,TRUE,5536021351,553563,LEG-52934,usr_1992
2013,Ernesto Contreras,ernesto.contreras@novatech.mx,5517969911,MÉRIDA,26 de junio de 2025,web,1,5567277943,557672,LEG-56501,
645,Ignacio Herrera,ignacio.herrera@outlook.com,5583982731,MEXICO DF,01/06/2025,tienda_fisica,False,5513431990,557990,LEG-73011,
1513,Briana Rodriguez,briana.rodriguez@yahoo.com.mx,5535549835,veracruz,2025-02-13 00:00:00,web,No,5556338646,559586,LEG-46591,
884,Javier Herrera,javier.herrera@gmail.com,5593089639,LEÓN,2025-05-12,web,false,5537243743,557329,LEG-93505,
1267,Oscar Ortiz,oscar.ortiz@gmail.com,5537954165,leon,08-03-2025,web,false,5537438419,556497,LEG-72982,
392,Daniela Rojas,daniela.rojas@outlook.com,5541323682,Cancún,05/26/2025,web,0,5543481017,557816,LEG-63101,
1746,citlali diaz,citlali.diaz@hotmail.com,5544004704,MEXICO DF,2024-04-16,tienda_fisica,0,5557491509,556679,LEG-11642,
123,Luis Herrera,luis.herrera@hotmail.com,5575051044,Ciudad de Mexico,2025-08-21,web,1,5515995153,552377,LEG-18742,
1403,Leandro Guerrero,leandro.guerrero@novatech.mx,5539581656,Puebla de Zaragoza,29/03/2025,app_movil,No,5590286772,552893,LEG-27354,
1493,Octavio Lopez,octavio.lopez@novatech.mx,5548743683,CANCÚN,2024-12-26 00:00:00,tienda_fisica,No,5532273568,555120,LEG-81645,
250,Norma Garcia,norma.garcia@outlook.com,5580557941,Merida,2024-05-09 00:00:00,app_movil,No,5536937104,555390,LEG-67298,usr_250
656,Norma Cruz,norma.cruz@gmail.com,5574032369,Monterrey NL,2024-06-29,app_movil,1,5584408837,552466,LEG-42891,usr_656
977,Ignacio Ramirez,ignacio.ramirez@novatech.mx,5576057567,Mérida,2024-03-20 00:00:00,app_movil,1,5583646872,556159,LEG-95346,
1670,Sergio Martinez,sergio.martinez@hotmail.com,5568563221,CDMX,2025-07-20,app_movil,Si,5539638433,552142,LEG-60335,
1251,Gerardo Vega,gerardo.vega@yahoo.com.mx,5541573536,GUADALAJARA,30-10-2024,tienda_fisica,false,5571784947,556983,LEG-14842,
1862,Leandro Lopez,leandro.lopez@outlook.com,5545952433,Tijuana,2025-04-13,tienda_fisica,False,5559132435,554528,LEG-85401,
1892,Alberto Vega,alberto.vega@yahoo.com.mx,5590748590,Mexico D.F.,2024-01-18,web,Si,5516205086,559218,LEG-93537,
313,Alonso Garcia,alonso.garcia@outlook.com,5552308576,MÉRIDA,2024-12-31,tienda_fisica,0,5587538847,559248,LEG-26841,
1447,Ximena Jimenez,ximena.jimenez@novatech.mx,5518677801,CDMX,2024-01-22 00:00:00,app_movil,true,5577039632,556355,LEG-77070,
807,Fernanda Bautista,fernanda.bautista@gmail.com,5587178792,QUERÉTARO,2025-06-22,app_movil,False,5534464492,556523,LEG-40561,
7,Emmanuel Vega,null,5543818955,Veracruz City,2024-04-08,tienda_fisica,TRUE,5595642412,553304,LEG-80985,usr_7
639,Regina Torres,regina.torres@hotmail.com,5521834202,Tijuana,11/23/2024,web,TRUE,5562477295,552250,LEG-17125,
1274,Ignacio Mendez,ignacio.mendez@novatech.mx,5532602893,  Veracruz  ,2024-05-04,tienda_fisica,No,5546786182,552867,LEG-67353,
1031,Javier Pineda,javier.pineda@hotmail.com,5542717113,Cancún,2024-05-19,app_movil,False,5529318609,558292,LEG-43989,
2005,Carlos Vargas,carlos.vargas@novatech.mx,5592837311,Tijuana,2025-04-03 00:00:00,tienda_fisica,1,5568397178,556811,LEG-14735,usr_1824
1252,Paulina Ortiz,paulina.ortiz@outlook.com,5589226220, querétaro ,2025-06-20,app_movil,true,5598407839,559129,LEG-55469,
896,Fernanda Cruz,fernanda.cruz@hotmail.com,5517403035,Veracruz City,2025-02-09 00:00:00,app_movil,No,5547724282,555797,LEG-57128,
944,Diana Torres,diana.torres@novatech.mx,5587889993,Qro.,2024-09-25,app_movil,1,5530907264,552736,LEG-38297,
2016,Ricardo Ruiz,ricardo.ruiz@novatech.mx,5513848757,LEÓN,2024-05-22,web,False,5535567130,559330,LEG-29091,usr_551
1776,Briana Rodriguez,briana.rodriguez@yahoo.com.mx,5593367216,monterrey,09-01-2025,app_movil,1,5531723236,552994,LEG-79102,usr_1776
759,Samantha Hernandez,samantha.hernandez@yahoo.com.mx,5569247180,Merida,20 de junio de 2024,web,true,5523967040,551129,LEG-59661,usr_759
869,Daniela Guerrero,daniela.guerrero@novatech.mx,5528488784,Tijuana,2024-09-10,app_movil,0,5522581245,552483,LEG-70393,
2058,Regina Salazar,regina.salazar@hotmail.com,-,TIJUANA,10/28/2024,web,No,5575748341,552453,LEG-39413,
476,Ricardo Reyes,ricardo.reyes@yahoo.com.mx,5528269657,puebla,2024-08-25 00:00:00,app_movil,False,5551507287,557471,LEG-56170,usr_476
355,Camila Cruz,camila.cruz@yahoo.com.mx,5590977382,León Gto,2024-10-19,tienda_fisica,true,5572861659,554593,LEG-60369,usr_355
365,Daniela Vargas,daniela.vargas@yahoo.com.mx,5529717755,Qro.,30/04/2025,web,0,5573629120,553398,LEG-11914,usr_365
1362,GABRIELA CAMPOS,gabriela.campos@hotmail.com,5535561955,Puebla,26-07-2025,app_movil,true,5594312382,557587,LEG-42801,usr_1362
264,Emiliano Diaz,emiliano.diaz@hotmail.com,5563485852,puebla,18 de febrero de 2025,web,Si,5586432812,558333,LEG-15964,
539,Andres Ortiz,andres.ortiz@yahoo.com.mx,5546371529,veracruz,24-10-2024,app_movil,Si,5529221936,554964,LEG-54876,
93,Sofia Sanchez,sofia.sanchez@yahoo.com.mx,-,TIJUANA,10 de junio de 2025,tienda_fisica,No,5514019033,555352,LEG-46187,
1073,Fernanda Contreras,fernanda.contreras@yahoo.com.mx,5546295992,Monterrey NL,2025-02-14,app_movil,False,5547718243,557928,LEG-80915,
1674,Guillermo Castillo,guillermo.castillo@outlook.com,5597774331,Queretaro,23/05/2024,app_movil,No,5597946945,552459,LEG-55976,usr_1674
1850,Daniela Ruiz,daniela.ruiz@gmail.com,5548851805,tijuana,2025-07-31 00:00:00,tienda_fisica,TRUE,5554624779,559570,LEG-58333,
1424,Oscar Lopez,oscar.lopez@novatech.mx,5519727261, querétaro ,2025-03-28,web,No,5585761089,557791,LEG-52385,
309,Octavio Vega,octavio.vega@hotmail.com,5551702605,monterrey,2025-02-27,tienda_fisica,Si,5596306311,556505,LEG-80826,usr_309
580,Ana Ramirez,ana.ramirez@hotmail.com,5539714163,Merida,11/12/2024,app_movil,1,5515551124,557765,LEG-45759,usr_580
1469,RODRIGO CAMPOS,rodrigo.campos@yahoo.com.mx,5570737984,VERACRUZ,18/10/2024,app_movil,0,5546022216,557268,LEG-90812,
2025,Fernanda Jimenez,fernanda.jimenez@yahoo.com.mx,5574927092,puebla,07-01-2024,app_movil,true,5596557251,557198,LEG-25962,
173,Natalia Guerrero,natalia.guerrero@gmail.com,5579899075,MTY,05/10/2024,web,Si,5573004198,554045,LEG-36500,usr_173
183,victor vega,victor.vega@yahoo.com.mx,5588438958,  Veracruz  ,2024-03-19 00:00:00,web,1,5571115142,554723,LEG-96862,usr_183
1730,Rodrigo Gonzalez,rodrigo.gonzalez@gmail.com,5513745909,Cancun,31/03/2025,tienda_fisica,TRUE,5596863635,552562,LEG-43745,
732,Paola Diaz,paola.diaz@hotmail.com,5581389802,CANCÚN,2025-06-14,web,False,5533938411,556278,LEG-66117,
760,Gerardo Guerrero,gerardo.guerrero@novatech.mx,5522857068,puebla,2024-07-30,tienda_fisica,true,5534892953,557384,LEG-77197,
881,Leticia Vargas,leticia.vargas@novatech.mx,5553466243,TIJUANA,12-01-2025,web,1,5559077789,559805,LEG-88589,
182,Hector Bautista,hector.bautista@gmail.com,5546395933,León Gto,08/12/2024,tienda_fisica,Si,5576839319,552040,LEG-55045,
1405,Andres Herrera,andres.herrera@yahoo.com.mx,5523713865,Puebla,2024-02-15,app_movil,False,5558739673,554077,LEG-65913,
1726,Alberto Torres,alberto.torres@gmail.com,5531669505,leon,09-03-2024,tienda_fisica,Si,5543067568,558894,LEG-35204,usr_1726
1823,Guillermo Rendon,guillermo.rendon@gmail.com,5565367945,cdmx,19-12-2024,tienda_fisica,No,5587983950,556144,LEG-16999,usr_1823
938,Alberto Bautista,alberto.bautista@gmail.com,5517643852,CANCÚN,4 de mayo de 2025,web,Si,5561335710,552647,LEG-76079,
1949,Luis Pineda,luis.pineda@outlook.com,5598039851,Puebla,2025-01-28,web,true,5544817226,553118,LEG-55110,usr_1949
1450,Gerardo Mendez,gerardo.mendez@gmail.com,5543088841,MÉRIDA,21/08/2024,web,Si,5586492072,556102,LEG-79488,
1840,Diana Rivera,diana.rivera@novatech.mx,5545201767,cdmx,03/19/2024,app_movil,0,5512885278,553374,LEG-17417,
1731,Luis Castillo,luis.castillo@hotmail.com,5546933589,Puebla,2024-10-18,app_movil,0,5570271554,556560,LEG-55261,
267,Ximena Reyes,ximena.reyes@yahoo.com.mx,5570949802,León Gto,20/08/2024,web,No,5521494642,551571,LEG-97506,
901,Leandro Alvarez,leandro.alvarez@gmail.com,5586092137,Tijuana,03/08/2024,tienda_fisica,TRUE,5542225462,552898,LEG-74222,
1702,Alejandra Cardona,alejandra.cardona@outlook.com,5572183896,Qro.,10 de diciembre de 2024,tienda_fisica,0,5580733758,554272,LEG-25083,
761,Camila Ortiz,camila.ortiz@novatech.mx,5553737944,LEÓN,2024-06-10 00:00:00,web,Si,5518052635,557294,LEG-90809,usr_761
1748,Gabriela Hernandez,gabriela.hernandez@outlook.com,5546236165,Guad.,18 de julio de 2025,tienda_fisica,False,5591328573,553886,LEG-63240,usr_1748
1901,Leandro Delgado,leandro.delgado@hotmail.com,5513086163,TIJUANA,05-02-2024,web,0,5538279858,555029,LEG-10690,
1614,luis mendez,luis.mendez@hotmail.com,5529584041,MTY,2025-04-18 00:00:00,tienda_fisica,0,5522232714,558188,LEG-67062,
1804,Abril Aguilar,abril.aguilar@hotmail.com,5524992140,veracruz,20 de septiembre de 2024,tienda_fisica,true,5548156227,552504,LEG-23021,
801,Octavio Herrera,octavio.herrera@hotmail.com,5540762214,Guadalajara,2025-03-21,web,true,5588219038,556140,LEG-49496,
728,Rodrigo Contreras,rodrigo.contreras@yahoo.com.mx,5543757414,TIJUANA,08-12-2024,app_movil,false,5594206301,558387,LEG-50927,
839,Diego Herrera,diego.herrera@hotmail.com,5513152188,puebla,3 de febrero de 2025,tienda_fisica,false,5562793734,559608,LEG-47874,
1295,Alonso Perez,alonso.perez@outlook.com,5541495028,cancun,06/04/2024,web,False,5522472979,558153,LEG-60741,usr_1295
1932,Rodrigo Cruz,rodrigo.cruz@yahoo.com.mx,5560943483,Puebla,11-07-2025,tienda_fisica,1,5561442732,556817,LEG-69290,
1759,Ana Ortiz,ana.ortiz@hotmail.com,5540348961,Leon,22/07/2024,web,true,5531251029,558551,LEG-74406,
2055,Maria Delgado,maria.delgado@novatech.mx,5575711220,Veracruz,2025-01-17,web,1,5597667444,553857,LEG-45209,
1306,Diego Rojas,diego.rojas@yahoo.com.mx,5595467513,PUE,2024-11-13,tienda_fisica,No,5549611660,551246,LEG-40601,
1155,Alberto Vargas,alberto.vargas@hotmail.com,5564807860,Cancún,27 de marzo de 2025,tienda_fisica,No,5559605153,552549,LEG-26527,
884,Javier Herrera,javier.herrera@gmail.com,5593089639,LEÓN,2025-05-12,web,false,5537243743,557329,LEG-93505,
1110,Gerardo Rodriguez,gerardo.rodriguez@outlook.com,5566843101,VERACRUZ,01-10-2024,app_movil,1,5567816914,551872,LEG-69999,
1605,Daniela Bautista,daniela.bautista@gmail.com,5564023561,Cancun,23/07/2025,tienda_fisica,0,5541042227,551483,LEG-78046,
456,Alejandra Rojas,alejandra.rojas@gmail.com,5572527016,Monterrey,2025-07-30,web,TRUE,5589564281,552764,LEG-40527,
1711,Javier Flores,javier.flores@yahoo.com.mx,5566688025,CANCÚN,2024-06-22 00:00:00,web,1,5559023447,554951,LEG-29075,
1579,Ana Perez,ana.perez@outlook.com,5566817921,Queretaro,2024-02-21,app_movil,TRUE,5514841813,557666,LEG-92771,
981,Gerardo Diaz,gerardo.diaz@yahoo.com.mx,5534346489,veracruz,24-02-2024,app_movil,0,5556594589,556736,LEG-95371,usr_981
1959,Renata Morales,renata.morales@outlook.com,5524335126,Monterrey,8 de abril de 2025,tienda_fisica,Si,5594135535,559766,LEG-77328,usr_1959
1054,Emiliano Torres,emiliano.torres@novatech.mx,5521389230,queretaro,13/01/2024,app_movil,1,5570857903,556121,LEG-99379,
1440,Valeria Mendez,valeria.mendez@hotmail.com,5531548585,monterrey,2024-11-02,web,TRUE,5517891718,557829,LEG-76580,
601,Natalia Diaz,natalia.diaz@outlook.com,5577252659,puebla,08-07-2025,tienda_fisica,false,5547707413,554443,LEG-60500,
1157,Carlos Herrera,carlos.herrera@gmail.com,5579546647,Puebla,2024-10-29,app_movil,false,5575247927,559402,LEG-28787,
1542,Camila Torres,camila.torres@novatech.mx,5572559905,cancun,2024-05-28,tienda_fisica,Si,5531769786,554201,LEG-47863,usr_1542
578,Norma Morales,norma.morales@yahoo.com.mx,5561716232,MÉRIDA,2024-03-23,tienda_fisica,No,5599176557,557713,LEG-81288,
1509,Norma Ortiz,norma.ortiz@outlook.com,5515284264,Tijuana,06/10/2025,tienda_fisica,1,5584319396,555277,LEG-51540,
449,Rodrigo Bautista,rodrigo.bautista@outlook.com,5541404154,  Veracruz  ,2024-04-15 00:00:00,tienda_fisica,TRUE,5522779459,555228,LEG-46355,
1354,Hector Torres,hector.torres@outlook.com,5548539778,Leon,07/11/2025,tienda_fisica,0,5575842180,552924,LEG-16390,usr_1354
383,Ximena Reyes,ximena.reyes@novatech.mx,5512668902,Puebla de Zaragoza,2024-10-19,web,TRUE,5593762925,554039,LEG-14741,usr_383
1166,Leandro Jimenez,leandro.jimenez@novatech.mx,5594871661,GUADALAJARA,04/11/2025,app_movil,false,5584208845,553283,LEG-65342,
817,Alonso Rojas,alonso.rojas@novatech.mx,5564314519,MEXICO DF,07/10/2025,web,false,5533669721,553982,LEG-94960,
1948,Mariana Molina,mariana.molina@novatech.mx,5543326507,Tijuana,2024-03-24,tienda_fisica,1,5596718256,552730,LEG-35852,
962,Ernesto Ortiz,ernesto.ortiz@yahoo.com.mx,5547101324,leon,2024-03-09,web,1,5522252155,551690,LEG-19803,usr_962
483,Victor Castillo,victor.castillo@outlook.com,5547565093,Monterrey NL,15/06/2024,tienda_fisica,TRUE,5558331034,558319,LEG-63603,
331,Alejandra Ruiz,alejandra.ruiz@novatech.mx,5535454492,Veracruz City,2025-02-06,tienda_fisica,False,5530701904,552476,LEG-48389,usr_331
43,Paola Sanchez,paola.sanchez@yahoo.com.mx,5569118604,Veracruz City,03/20/2024,app_movil,0,5576854793,559466,LEG-54793,
722,Leandro Lozano,leandro.lozano@novatech.mx,5574848782,PUE,2025-06-14,app_movil,False,5518336293,553865,LEG-25160,
1270,Sergio Guerrero,sergio.guerrero@gmail.com,5533751090,CDMX,2024-11-07 00:00:00,app_movil,true,5573473591,554667,LEG-98994,
937,Leandro Navarro,leandro.navarro@outlook.com,5582926585,queretaro,2025-05-14 00:00:00,app_movil,false,5534527063,552433,LEG-19683,usr_937
3,Alonso Ortiz,alonso.ortiz@yahoo.com.mx,,Monterrey,2025-03-31,tienda_fisica,false,5516004985,556146,LEG-87261,
34,Alejandra Morales,alejandra.morales@outlook.com,5560985841,Merida,10-01-2024,tienda_fisica,true,5542787068,555293,LEG-26206,
1870,Octavio Diaz,octavio.diaz@hotmail.com,5589679845,Guad.,02/06/2025,tienda_fisica,0,5585367910,551036,LEG-71019,
248,Samantha Diaz,samantha.diaz@yahoo.com.mx,5560943969,CANCÚN,12/08/2024,tienda_fisica,False,5567739703,554799,LEG-61596,usr_248
256,Miguel Jimenez,miguel.jimenez@yahoo.com.mx,5541582228, Mexico D.F. ,2025-06-08,tienda_fisica,False,5568854989,556138,LEG-77227,usr_256
700,Andres Castillo,andres.castillo@hotmail.com,5533354242,guadalajara,2024-11-14,app_movil,false,5583215322,557176,LEG-92415,usr_700
237,Gerardo Garcia,gerardo.garcia@novatech.mx,5555764088,Guadalajara,2025-04-08 00:00:00,web,False,5579299815,559441,LEG-12021,
865,Gabriela Rendon,gabriela.rendon@hotmail.com,5581201904,TIJUANA,2025-07-04,tienda_fisica,0,5516322757,555363,LEG-10168,
1486,Ignacio Perez,ignacio.perez@gmail.com,5562071006, Mexico D.F. ,09/07/2025,app_movil,False,5566522800,557846,LEG-19690,
1101,Itzel Lozano,itzel.lozano@outlook.com,5515551943,Merida,2025-04-26,app_movil,False,5594878997,553972,LEG-36487,
1828,Miguel Ruiz,miguel.ruiz@outlook.com,5559992550,guadalajara,19/04/2025,app_movil,No,5539576618,559669,LEG-93071,
443,Emiliano Martinez,emiliano.martinez@outlook.com,5531845287,puebla,2025-06-11,tienda_fisica,No,5515827256,552872,LEG-25123,
552,Mariana Herrera,mariana.herrera@outlook.com,5516642945,Monterrey,2024-07-14,web,False,5524124644,558286,LEG-56352,
440,Guillermo Herrera,guillermo.herrera@hotmail.com,5510607646,Monterrey,16-03-2025,tienda_fisica,1,5558178335,559159,LEG-27276,
1272,Citlali Navarro,citlali.navarro@novatech.mx,5528569210,Mérida,08/08/2024,web,true,5585395350,556310,LEG-97365,
247,Carlos Solis,carlos.solis@gmail.com,5572947648,queretaro,13 de octubre de 2024,tienda_fisica,true,5550835844,558098,LEG-59155,
1568,Lorena Lozano,lorena.lozano@yahoo.com.mx,5537854422,puebla,13 de octubre de 2024,app_movil,1,5565226932,557456,LEG-45083,usr_1568
11,Emmanuel Campos,,5576975956,merida,05/09/2025,app_movil,1,5576173859,558027,LEG-93060,usr_11
633,Leticia Diaz,leticia.diaz@yahoo.com.mx,5581401229,merida,05/14/2024,tienda_fisica,true,5573536305,555362,LEG-64355,
1399,Valeria Rivera,valeria.rivera@yahoo.com.mx,5523253186,PUE,06/09/2024,web,true,5534759297,557741,LEG-94016,
785,Ernesto Herrera,ernesto.herrera@gmail.com,5593763633,Puebla de Zaragoza,01/11/2025,web,false,5569842563,553072,LEG-83201,
1831,Oscar Torres,oscar.torres@hotmail.com,5562736972,Guad.,2025-07-07,tienda_fisica,No,5515424598,556839,LEG-17318,usr_1831
835,Emmanuel Reyes,emmanuel.reyes@hotmail.com,5546736318, Mexico D.F. ,09/03/2025,web,Si,5525624346,556473,LEG-42246,
1596,Mariana Campos,mariana.campos@yahoo.com.mx,5514565179,GDL,2024-12-13,app_movil,Si,5519696892,554991,LEG-40465,
190,Carlos Navarro,carlos.navarro@novatech.mx,5594553813,Leon,2024-09-19,tienda_fisica,TRUE,5571943520,554081,LEG-85848,
1925,Miguel Lozano,miguel.lozano@novatech.mx,5518565995,Guad.,18/12/2024,tienda_fisica,Si,5546613161,551708,LEG-15928,
1965,Luis Gomez,luis.gomez@yahoo.com.mx,5576997885,Cancun,2025-07-09,app_movil,False,5525936386,558297,LEG-89235,
464,Ignacio Guerrero,ignacio.guerrero@hotmail.com,5515649604,tijuana,2024-12-04,web,No,5529446833,553974,LEG-77510,
1288,Citlali Lopez,citlali.lopez@yahoo.com.mx,5593183436,GDL,2024-07-28,tienda_fisica,false,5590578271,553964,LEG-23804,
1675,Natalia Mendez,natalia.mendez@yahoo.com.mx,5570506020,puebla,30-03-2025,web,true,5563384963,555347,LEG-18765,usr_1675
1749,Ignacio Rojas,ignacio.rojas@gmail.com,5548786509,Cancún,2024-06-21,tienda_fisica,Si,5511126863,552224,LEG-61817,
329,Raul Vargas,raul.vargas@gmail.com,5574629554,Veracruz,20/08/2025,tienda_fisica,1,5565643903,556163,LEG-78062,usr_329
1443,Daniela Guerrero,daniela.guerrero@novatech.mx,5552591170,Puebla,04/23/2024,web,TRUE,5583161294,554764,LEG-43149,
487,Mariana Herrera,mariana.herrera@yahoo.com.mx,5562534177,Mexico D.F.,2024-11-08,web,false,5534433785,553935,LEG-18377,
168,Alberto Mendez,alberto.mendez@novatech.mx,5582234301,TIJUANA,05/28/2024,app_movil,1,5528687686,558661,LEG-64460,usr_168
558,Oscar Hernandez,oscar.hernandez@outlook.com,5533137819,Queretaro,11 de enero de 2024,app_movil,Si,5553023710,552249,LEG-61320,
1744,Octavio Lozano,octavio.lozano@yahoo.com.mx,5536188402,veracruz,2025-05-02,app_movil,0,5519313639,559530,LEG-28520,
1746,citlali diaz,citlali.diaz@hotmail.com,5544004704,MEXICO DF,2024-04-16,tienda_fisica,0,5557491509,556679,LEG-11642,
139,Andres Reyes,andres.reyes@novatech.mx,5587143024,GUADALAJARA,2025-02-09,app_movil,true,5524134388,553038,LEG-89952,
249,Sofia Ramirez,sofia.ramirez@outlook.com,5585212811,GDL,18/05/2025,web,No,5594959845,559573,LEG-47283,usr_249
272,Sergio Rodriguez,sergio.rodriguez@outlook.com,5552332148,monterrey,2025-02-26,tienda_fisica,0,5595504261,557914,LEG-75423,
1391,Valeria Ruiz,valeria.ruiz@hotmail.com,5538968659,Puebla,08/18/2025,app_movil,1,5583545639,551583,LEG-39103,
1636,Maria Pineda,maria.pineda@novatech.mx,5547296161,MTY,2025-07-22,app_movil,Si,5568699243,551569,LEG-70599,usr_1636
1387,Renata Delgado,renata.delgado@yahoo.com.mx,5529907236,Puebla,2024-10-31,tienda_fisica,1,5521171101,552803,LEG-72486,
1787,Rodrigo Hernandez,rodrigo.hernandez@novatech.mx,5598349173,Cancún,2025-04-01 00:00:00,web,1,5574464358,554659,LEG-25868,usr_1787
1337,Leticia Cardona,leticia.cardona@hotmail.com,5537619175,MÉRIDA,18/05/2024,app_movil,1,5579432543,558389,LEG-56611,
1687,Octavio Castillo,octavio.castillo@novatech.mx,5546568121,Cancun,01/22/2024,web,1,5572007535,555571,LEG-83800,
626,Diana Torres,diana.torres@yahoo.com.mx,5543749174,monterrey,2025-01-06,tienda_fisica,0,5545143636,554007,LEG-68325,usr_626
1025,Natalia Cruz,natalia.cruz@outlook.com,5567753788, Mexico D.F. ,22/03/2024,web,1,5510292761,555837,LEG-57602,usr_1025
2054,Lorena Torres,lorena.torres@novatech.mx,5560393037,cdmx,05-07-2024,tienda_fisica,1,5532744876,551580,LEG-36370,
1458,Paulina Rivera,paulina.rivera@yahoo.com.mx,5589457315,Qro.,2025-08-03,app_movil,TRUE,5598909876,558314,LEG-87194,usr_1458
1254,Javier Ortiz,javier.ortiz@gmail.com,5537881950,puebla,2024-03-26,app_movil,false,5584059192,557872,LEG-81593,
1338,Ricardo Diaz,ricardo.diaz@gmail.com,5512295680,PUE,04/25/2024,web,Si,5541362648,555261,LEG-50200,usr_1338
17,Julio Diaz,julio.diaz@hotmail.com,5592986139,MTY,2024-10-31,tienda_fisica,Si,5511705037,551467,LEG-76081,
72,Ximena Vargas,ximena.vargas@gmail.com,,QUERÉTARO,08/13/2025,app_movil,0,5598418444,558702,LEG-48737,
1041,Andres Guerrero,andres.guerrero@novatech.mx,5531109488,Tijuana,10/23/2024,app_movil,False,5554089749,553719,LEG-73753,
673,Hector Garcia,hector.garcia@outlook.com,5525861839,QUERÉTARO,12-01-2025,web,No,5533467741,551765,LEG-22074,
1519,Gabriela Aguilar,gabriela.aguilar@outlook.com,5547991290,PUE,14-04-2025,app_movil,No,5571653553,553523,LEG-89023,usr_1519
1692,Diana Reyes,diana.reyes@gmail.com,5568637899,TIJUANA,12 de marzo de 2024,web,1,5566555690,552734,LEG-75081,
1558,Raul Ramirez,raul.ramirez@novatech.mx,5559756931,MERIDA,2024-09-13 00:00:00,web,Si,5565704521,551681,LEG-88649,
775,Ana Rivera,ana.rivera@novatech.mx,5544557350,Guad.,2024-04-04,web,1,5525751343,553950,LEG-13794,
845,Daniela Guerrero,daniela.guerrero@hotmail.com,5586504635,PUE,02/07/2025,app_movil,0,5573957085,552005,LEG-33840,usr_845
1606,Guillermo Jimenez,guillermo.jimenez@novatech.mx,5530552805,cancun,11/04/2025,app_movil,TRUE,5552811946,559338,LEG-53296,
337,Victor Rojas,victor.rojas@novatech.mx,5534777610,Cancún,20/11/2024,web,true,5525318248,554121,LEG-20664,
1007,Raul Reyes,raul.reyes@outlook.com,5581163192,LEÓN,06-03-2025,web,false,5590416534,554153,LEG-81075,usr_1007
1165,Regina Pineda,regina.pineda@outlook.com,5559565833,Cancun,01/27/2024,tienda_fisica,true,5535281408,558944,LEG-30450,usr_1165
259,Emiliano Cardona,emiliano.cardona@yahoo.com.mx,5552413733,queretaro,03-01-2024,web,No,5524724696,551785,LEG-31293,
1666,Diego Molina,diego.molina@novatech.mx,5516792810,Guadalajara,2025-04-08,app_movil,TRUE,5552507808,553501,LEG-66007,usr_1666
1078,Lorena Sanchez,lorena.sanchez@novatech.mx,5537649720,CANCÚN,03/01/2024,app_movil,1,5545259910,559242,LEG-35808,
1372,Julio Pineda,julio.pineda@outlook.com,5559939623,Leon,2025-04-16,tienda_fisica,Si,5517977968,553080,LEG-55976,usr_1372
287,Daniela Guerrero,daniela.guerrero@novatech.mx,5596633140,monterrey,30-05-2025,app_movil,TRUE,5581482652,554290,LEG-98458,
1042,Oscar Navarro,oscar.navarro@hotmail.com,5571596344,Puebla,01/19/2024,app_movil,Si,5554864764,559823,LEG-56286,
1040,Luis Rojas,luis.rojas@outlook.com,5548932360,QUERÉTARO,2024-03-25,tienda_fisica,TRUE,5589267270,553817,LEG-94638,usr_1040
1105,Daniela Morales,daniela.morales@outlook.com,5568803881,Puebla de Zaragoza,01/02/2024,app_movil,false,5544604625,558476,LEG-75821,
1452,Alberto Iglesias,alberto.iglesias@outlook.com,5580483197,Queretaro,2024-01-24,app_movil,No,5543032861,556644,LEG-84882,usr_1452
1068,Ximena Morales,ximena.morales@hotmail.com,5599834177,Leon,2024-09-25 00:00:00,tienda_fisica,1,5560577783,554251,LEG-46734,
491,Hector Rojas,hector.rojas@outlook.com,5511537904,Queretaro,05/28/2024,web,TRUE,5585926574,557838,LEG-52056,
831,Rodrigo Gomez,rodrigo.gomez@yahoo.com.mx,5524551309,Tijuana,2025-08-12,tienda_fisica,TRUE,5514882962,553500,LEG-48659,usr_831
1094,Luis Gonzalez,luis.gonzalez@gmail.com,5548023940,León Gto,2024-12-11,web,true,5564335468,556378,LEG-52078,usr_1094
957,Gerardo Morales,gerardo.morales@hotmail.com,5553433881,VERACRUZ,2024-09-16,app_movil,1,5543739550,554891,LEG-21741,
743,Sofia Martinez,sofia.martinez@outlook.com,5536101708,Ciudad de Mexico,7 de agosto de 2025,app_movil,true,5547305695,551068,LEG-15473,
1468,Mariana Herrera,mariana.herrera@gmail.com,5591712963,puebla,2025-01-16,app_movil,0,5575566002,557669,LEG-65449,usr_1468
307,Diana Reyes,diana.reyes@hotmail.com,5583085274,Leon,2024-02-21 00:00:00,tienda_fisica,false,5569282799,556151,LEG-83108,
354,Emmanuel Delgado,emmanuel.delgado@novatech.mx,5594738127,  Veracruz  ,2024-01-15,tienda_fisica,0,5536388260,552943,LEG-56313,
1571,Raul Torres,raul.torres@gmail.com,5580284672,León Gto,19-05-2024,app_movil,0,5571092813,556629,LEG-42570,usr_1571
995,Renata Ramirez,renata.ramirez@gmail.com,5569023569,Tijuana,16/08/2024,tienda_fisica,true,5523623607,553711,LEG-82022,
970,Renata Aguilar,renata.aguilar@gmail.com,5578935902,PUE,2024-07-25,app_movil,False,5576968082,553850,LEG-55143,
547,Rodrigo Solis,rodrigo.solis@outlook.com,5553825448,Leon,21/06/2024,tienda_fisica,true,5570759086,551165,LEG-21195,usr_547
1235,Samantha Lozano,samantha.lozano@novatech.mx,5576412925,LEÓN,2025-01-01,app_movil,1,5522825795,555460,LEG-30168,
1686,Ximena Vega,ximena.vega@outlook.com,5539346827,LEÓN,2025-06-06 00:00:00,app_movil,No,5544177866,558049,LEG-98120,
1868,LEANDRO HERRERA,leandro.herrera@outlook.com,5559242464,Tijuana,12/12/2024,tienda_fisica,0,5533197223,559959,LEG-18768,
1963,Javier Rojas,javier.rojas@gmail.com,5517305776,Leon,2025-04-26,app_movil,false,5560671884,555164,LEG-59868,
211,Mariana Castillo,mariana.castillo@novatech.mx,5539708742,Merida,2024-09-22,tienda_fisica,false,5518634656,552130,LEG-64887,
1889,Emmanuel Gomez,emmanuel.gomez@novatech.mx,5582944782,QUERÉTARO,27-05-2025,tienda_fisica,1,5531205686,551868,LEG-97897,
1125,Victor Ramirez,victor.ramirez@outlook.com,5534536938,Guad.,04/21/2025,web,No,5568827276,555515,LEG-24375,
1920,Paulina Herrera,paulina.herrera@gmail.com,5519033933,Merida,04-03-2024,web,true,5536046708,554270,LEG-37634,
1655,Itzel Lozano,itzel.lozano@novatech.mx,5587059620,LEÓN,24 de octubre de 2024,tienda_fisica,TRUE,5536422525,555225,LEG-62586,
425,Hector Diaz,hector.diaz@novatech.mx,5519494813,puebla,03/01/2024,app_movil,1,5540876879,553175,LEG-50432,
1126,Diana Flores,diana.flores@novatech.mx,5558223440,Guadalajara,24-03-2025,app_movil,False,5551199034,553299,LEG-67288,
945,Julio Rivera,julio.rivera@outlook.com,5578116058,PUE,04/17/2024,app_movil,true,5589153775,555464,LEG-60266,
254,Carlos Lopez,carlos.lopez@gmail.com,5562342872,Veracruz,20/03/2025,web,False,5546734730,554038,LEG-12858,
207,Carlos Navarro,carlos.navarro@gmail.com,5544703453,Queretaro,2 de diciembre de 2024,tienda_fisica,False,5592416173,552143,LEG-51862,
967,Citlali Jimenez,citlali.jimenez@gmail.com,5542111302,Queretaro,03/03/2025,web,1,5530976026,559821,LEG-40417,
1153,Gerardo Rivera,gerardo.rivera@novatech.mx,5549587198,MÉRIDA,14/03/2024,tienda_fisica,No,5562877976,552082,LEG-16949,usr_1153
1679,Ernesto Aguilar,ernesto.aguilar@hotmail.com,5535524312,MÉRIDA,2025-08-15,web,Si,5511741005,559157,LEG-50920,
2003,Ximena Ortiz,ximena.ortiz@hotmail.com,5576641844,Puebla de Zaragoza,01/08/2025,web,0,5558921899,556698,LEG-38535,
41,Itzel Morales,itzel.morales@novatech.mx,,veracruz,04/03/2025,tienda_fisica,No,5518495629,557139,LEG-84364,usr_41
711,Lorena Alvarez,lorena.alvarez@hotmail.com,5554467516,TIJUANA,2024-12-02 00:00:00,app_movil,No,5511459191,557229,LEG-18086,
1969,Ximena Navarro,ximena.navarro@gmail.com,5542928832,GDL,2025-02-22,app_movil,true,5599513384,557505,LEG-14613,
1548,Sofia Rojas,sofia.rojas@novatech.mx,5530777766,leon,2025-05-31,web,No,5582065716,554026,LEG-72211,
791,Norma Delgado,norma.delgado@outlook.com,5592274570,MTY,2024-03-12,app_movil,No,5588206129,551082,LEG-26228,
544,Diana Rendon,diana.rendon@gmail.com,5544079786,MTY,2025-03-31 00:00:00,web,1,5590176608,554128,LEG-80775,usr_544
812,Ximena Salazar,ximena.salazar@yahoo.com.mx,5561649430,merida,2025-04-07 00:00:00,web,0,5560435079,552512,LEG-68202,usr_812
455,Natalia Torres,natalia.torres@yahoo.com.mx,5583104628,cancun,2024-08-10,web,0,5580779821,558327,LEG-57804,usr_455
1144,Mariana Rojas,mariana.rojas@hotmail.com,5529566725,Cancun,12/04/2024,app_movil,No,5587326638,555755,LEG-38922,
1817,Ricardo Castillo,ricardo.castillo@yahoo.com.mx,5571001187,TIJUANA,30/03/2024,web,0,5517094380,555651,LEG-69298,
335,Ernesto Ruiz,ernesto.ruiz@novatech.mx,5567303190,cancun,2025-02-06,app_movil,0,5535019390,559563,LEG-68698,usr_335
1906,Alberto Morales,alberto.morales@outlook.com,5539474243,tijuana,2025-04-14,tienda_fisica,TRUE,5550148454,557408,LEG-83563,
988,Octavio Solis,octavio.solis@outlook.com,5580947356,GUADALAJARA,08/19/2025,tienda_fisica,1,5589929013,554681,LEG-36168,
1708,Julio Cruz,julio.cruz@yahoo.com.mx,5589498619,queretaro,17 de mayo de 2024,tienda_fisica,Si,5580947362,551603,LEG-28280,
953,Leandro Cardona,leandro.cardona@yahoo.com.mx,5543228243,Monterrey,2025-05-12,tienda_fisica,No,5559862165,559866,LEG-91058,
1000,Julio Salazar,julio.salazar@novatech.mx,5557331836,cancun,2024-04-06,tienda_fisica,Si,5568575869,557114,LEG-27248,
565,Raul Gomez,raul.gomez@yahoo.com.mx,5574364527,Mérida,2025-01-23,tienda_fisica,False,5560739736,557535,LEG-25557,
1975,Ana Morales,ana.morales@yahoo.com.mx,5563871473,CANCÚN,03/09/2025,app_movil,False,5527702474,555747,LEG-42469,
398,Ximena Cardona,ximena.cardona@novatech.mx,5583169187,PUE,13/04/2025,tienda_fisica,False,5583129203,552253,LEG-25833,
1602,Ernesto Jimenez,ernesto.jimenez@novatech.mx,5519409446,leon,14/02/2024,web,1,5558535014,557753,LEG-33329,
1038,Ana Alvarez,ana.alvarez@hotmail.com,5571758129,Puebla,2024-12-03,tienda_fisica,TRUE,5587453971,551053,LEG-19828,
1607,Sergio Gonzalez,sergio.gonzalez@novatech.mx,5580861050,Veracruz City,2024-03-19,web,true,5545254619,552639,LEG-41247,
1551,Hector Lozano,hector.lozano@novatech.mx,5562113862,Veracruz City,2024-10-04,web,TRUE,5557409704,552617,LEG-41900,
233,Norma Mendez,norma.mendez@novatech.mx,5519079527,  Veracruz  ,17-07-2024,tienda_fisica,No,5554935366,556432,LEG-70206,
281,Oscar Diaz,oscar.diaz@novatech.mx,5546274423,puebla,2024-05-01 00:00:00,web,false,5548779197,552099,LEG-28923,usr_281
107,Norma Guerrero,norma.guerrero@yahoo.com.mx,5559566595,Cancun,07/28/2025,app_movil,TRUE,5558276147,557839,LEG-27037,usr_107
1728,Camila Rendon,camila.rendon@yahoo.com.mx,5551367045,veracruz,2025-06-21,web,Si,5589485531,551596,LEG-76556,
502,Renata Rivera,renata.rivera@outlook.com,5532844644,Cancún,2024-04-16 00:00:00,tienda_fisica,TRUE,5529797118,551583,LEG-52182,
1375,Abril Ruiz,abril.ruiz@outlook.com,5513739296,Tijuana,28 de julio de 2025,tienda_fisica,TRUE,5598131304,552992,LEG-52207,
610,Abril Torres,abril.torres@novatech.mx,5515094587,LEÓN,21/02/2025,tienda_fisica,False,5595823092,558704,LEG-57019,
2035,Samantha Herrera,samantha.herrera@outlook.com,5574774302,LEÓN,17-03-2024,web,true,5525503538,554319,LEG-79905,
924,Leticia Herrera,leticia.herrera@outlook.com,5524638244,TIJUANA,2024-08-03,web,0,5568729248,551746,LEG-95507,
1719,Citlali Jimenez,citlali.jimenez@yahoo.com.mx,5566257867,leon,25 de abril de 2024,app_movil,No,5534395171,558248,LEG-93803,
245,Mariana Gomez,mariana.gomez@yahoo.com.mx,5583899897,Monterrey NL,10 de junio de 2024,tienda_fisica,TRUE,5519152272,552536,LEG-37837,usr_245
1703,Andres Morales,andres.morales@gmail.com,5597701815,Ciudad de Mexico,2024-11-08,app_movil,TRUE,5589944635,554677,LEG-46549,
1305,Rodrigo Castillo,rodrigo.castillo@outlook.com,5542306068,Merida,2024-01-02,tienda_fisica,Si,5515936880,552996,LEG-68210,
1020,Mariana Delgado,mariana.delgado@yahoo.com.mx,5512882798,MERIDA,2025-08-14,tienda_fisica,0,5580433551,557346,LEG-28794,
619,Carlos Gomez,carlos.gomez@yahoo.com.mx,5531527115,Leon,03/19/2025,web,false,5564791197,555662,LEG-10602,
33,Diego Rojas,diego.rojas@gmail.com,5546814757,QUERÉTARO,25-09-2024,app_movil,true,5528409382,558863,LEG-33312,
1359,Paulina Reyes,paulina.reyes@outlook.com,5594088049,Qro.,26 de marzo de 2024,tienda_fisica,0,5525369659,553101,LEG-31999,usr_1359
1289,Victor Rivera,victor.rivera@hotmail.com,5518809376,Mérida,2024-05-15,tienda_fisica,False,5518669828,554337,LEG-14745,usr_1289
134,Regina Mendez,regina.mendez@hotmail.com,5530708690,LEÓN,2025-08-08 00:00:00,web,false,5592621815,556031,LEG-91429,usr_134
1250,Regina Martinez,regina.martinez@yahoo.com.mx,5587285560,puebla,22/02/2025,app_movil,1,5556571179,555698,LEG-21633,
1741,Abril Lopez,abril.lopez@outlook.com,5545254860,Queretaro,08/03/2025,tienda_fisica,No,5526705608,553867,LEG-10370,
959,Leticia Rivera,leticia.rivera@hotmail.com,5549001837,CDMX,11-04-2025,app_movil,0,5594745093,552788,LEG-11070,
276,Alonso Herrera,alonso.herrera@novatech.mx,5531883160,Veracruz City,21/06/2025,tienda_fisica,False,5529599841,558432,LEG-92531,
1036,Maria Lopez,maria.lopez@gmail.com,5563953913,cancun,30/12/2024,app_movil,TRUE,5575841055,555594,LEG-65138,
429,Ricardo Rivera,ricardo.rivera@yahoo.com.mx,5529995914,  Veracruz  ,11 de enero de 2024,tienda_fisica,Si,5599015883,552698,LEG-91591,usr_429
1098,Mariana Morales,mariana.morales@hotmail.com,5571588791,leon,2025-03-13,app_movil,False,5591386401,552156,LEG-68604,usr_1098
30,Gabriela Hernandez,gabriela.hernandez@gmail.com,5561304330,Qro.,2024-08-23,web,1,5571876109,557080,LEG-15375,usr_30
88,Maria Lozano,maria.lozano@novatech.mx,5533283670,Monterrey,11/26/2024,app_movil,No,5561292548,552119,LEG-75697,usr_88
1552,CARLOS RODRIGUEZ,carlos.rodriguez@outlook.com,5587174616,León Gto,29 de julio de 2025,app_movil,False,5595411331,555789,LEG-24481,
808,Raul Gomez,raul.gomez@novatech.mx,5578812210,TIJUANA,2024-12-01,web,0,5567676757,552773,LEG-63035,usr_808
318,Octavio Flores,octavio.flores@outlook.com,5582816137,MERIDA,2025-04-28,web,1,5517755615,558328,LEG-26824,
704,Renata Rodriguez,renata.rodriguez@outlook.com,5535251572,Guad.,23-07-2024,tienda_fisica,Si,5567489759,554295,LEG-60639,
1503,Raul Herrera,raul.herrera@hotmail.com,5562539075,Queretaro,6 de julio de 2024,app_movil,False,5533306295,555358,LEG-97144,usr_1503
1543,Javier Diaz,javier.diaz@hotmail.com,5550756807,MEXICO DF,01/29/2024,tienda_fisica,0,5535396971,554993,LEG-16359,usr_1543
367,Daniela Lozano,daniela.lozano@hotmail.com,5554491180,Cancun,2024-01-07 00:00:00,tienda_fisica,Si,5544866375,559176,LEG-43462,usr_367
73,Sergio Rojas,sergio.rojas@novatech.mx,5548941321,Cancún,23/07/2025,tienda_fisica,False,5521297916,555589,LEG-84013,usr_73
66,Guillermo Vega,guillermo.vega@gmail.com,N/A,GUADALAJARA,17/06/2025,tienda_fisica,Si,5527028064,558068,LEG-29581,usr_66
842,Ignacio Salazar,ignacio.salazar@novatech.mx,5522631811,Guad.,02/25/2024,tienda_fisica,False,5561737748,552383,LEG-36069,
9,Miguel Diaz,miguel.diaz@gmail.com,5547411309,GDL,07-05-2024,web,No,5555199649,556203,LEG-57567,
262,Emiliano Gonzalez,emiliano.gonzalez@outlook.com,5546492041, querétaro ,29 de mayo de 2025,web,Si,5597662019,551155,LEG-42465,
1465,Ernesto Navarro,ernesto.navarro@gmail.com,5535501029,MEXICO DF,2025-01-29 00:00:00,app_movil,Si,5580104914,558777,LEG-27048,
69,Sergio Navarro,sergio.navarro@gmail.com,null,cdmx,13 de febrero de 2025,app_movil,0,5598553512,554849,LEG-76762,
2047,Natalia Cruz,natalia.cruz@novatech.mx,5571848300,Guadalajara,2025-05-20,tienda_fisica,TRUE,5557733436,559932,LEG-70049,
746,Miguel Salazar,miguel.salazar@hotmail.com,5596357616,Mexico D.F.,2025-06-15 00:00:00,tienda_fisica,No,5515747422,555814,LEG-44068,
1645,Renata Contreras,renata.contreras@gmail.com,5523098884,Ciudad de Mexico,22/03/2024,app_movil,No,5530556493,551908,LEG-66207,usr_1645
1369,Samantha Lopez,samantha.lopez@yahoo.com.mx,5567205385,Guad.,19-12-2024,tienda_fisica,true,5586253938,555801,LEG-83003,usr_1369
302,Paola Cardona,paola.cardona@yahoo.com.mx,5526947794,Merida,08/03/2024,app_movil,No,5527427656,552896,LEG-22725,usr_302
1743,javier gomez,javier.gomez@gmail.com,5565921167,CANCÚN,2024-03-15,web,TRUE,5586013057,553913,LEG-21423,
973,Maria Flores,maria.flores@yahoo.com.mx,5515795183,queretaro,13 de septiembre de 2024,app_movil,1,5561637338,555497,LEG-16119,
1445,Gabriela Castillo,gabriela.castillo@hotmail.com,5539512256,guadalajara,18 de septiembre de 2024,web,False,5569092787,555484,LEG-82151,
949,Paola Salazar,paola.salazar@gmail.com,5566203080,merida,2024-11-10,tienda_fisica,Si,5538174768,559760,LEG-75887,
599,Andres Diaz,andres.diaz@hotmail.com,5572859793,Monterrey NL,2024-01-01,app_movil,0,5557674675,559216,LEG-30543,
522,Fernanda Morales,fernanda.morales@yahoo.com.mx,5573444789,veracruz,2024-04-14,tienda_fisica,false,5561031723,551350,LEG-18776,
510,Carlos Ortiz,carlos.ortiz@outlook.com,5576856605,Qro.,16-06-2025,tienda_fisica,1,5531556427,555718,LEG-56158,usr_510
1950,Raul Sanchez,raul.sanchez@novatech.mx,5561868036,Veracruz,2024-07-31,app_movil,False,5594626056,555035,LEG-21644,
1522,Diego Perez,diego.perez@gmail.com,5526763402,QUERÉTARO,2024-11-23,tienda_fisica,true,5559667940,556452,LEG-64802,
1521,Raul Sanchez,raul.sanchez@yahoo.com.mx,5571109565, Mexico D.F. ,27/03/2025,web,1,5533863815,554401,LEG-62293,
240,Gerardo Ruiz,gerardo.ruiz@yahoo.com.mx,5577574540,León Gto,2025-08-05,web,False,5566661766,554140,LEG-63339,usr_240
1898,Alonso Cardona,alonso.cardona@gmail.com,5598239527,leon,16-05-2024,tienda_fisica,0,5574825425,554193,LEG-37561,usr_1898
461,Briana Aguilar,briana.aguilar@yahoo.com.mx,5570805442,Ciudad de Mexico,07/01/2024,app_movil,0,5542282351,555514,LEG-24755,
2044,Javier Perez,javier.perez@yahoo.com.mx,5522151953,Puebla de Zaragoza,22 de enero de 2024,tienda_fisica,TRUE,5583397619,556220,LEG-51090,
393,Maria Guerrero,maria.guerrero@novatech.mx,5535696717,cancun,25 de febrero de 2025,app_movil,true,5528779393,554840,LEG-79415,usr_393
161,Hector Castillo,hector.castillo@novatech.mx,5523922367,tijuana,2025-04-24 00:00:00,tienda_fisica,No,5534159954,558048,LEG-52529,
32,Andres Vega,null,5572433298,cancun,2024-07-25,tienda_fisica,1,5523425126,552150,LEG-96238,
1172,Ignacio Perez,ignacio.perez@gmail.com,5547242158,merida,2025-05-30,web,TRUE,5548554927,553597,LEG-86329,usr_1172
453,Diana Garcia,diana.garcia@hotmail.com,5517478641,Veracruz,13 de agosto de 2025,app_movil,TRUE,5549387922,559384,LEG-56128,
563,Carlos Herrera,carlos.herrera@hotmail.com,5522683801,tijuana,2024-07-23,web,Si,5569106959,555476,LEG-64269,
713,Abril Alvarez,abril.alvarez@novatech.mx,5558117588,Leon,27-03-2025,tienda_fisica,true,5534622911,551610,LEG-10225,
1123,Ricardo Lopez,ricardo.lopez@yahoo.com.mx,5510059909,Qro.,10/26/2024,web,false,5544306503,552871,LEG-64536,usr_1123
188,Rodrigo Ruiz,rodrigo.ruiz@outlook.com,5573945067,MTY,17-09-2024,tienda_fisica,TRUE,5515409496,556446,LEG-54721,usr_188
1167,Alberto Flores,alberto.flores@hotmail.com,5524344716,Tijuana,2025-04-25,tienda_fisica,No,5566162839,552821,LEG-87101,
1070,Victor Herrera,victor.herrera@yahoo.com.mx,5535528872,GUADALAJARA,26-11-2024,app_movil,false,5576184278,556991,LEG-92834,usr_1070
1987,Julio Iglesias,julio.iglesias@gmail.com,5514865040,MERIDA,11/15/2024,web,Si,5538359117,557101,LEG-36572,
1999,Norma Cruz,norma.cruz@novatech.mx,5538389841,Qro.,04/03/2025,tienda_fisica,No,5581729722,557089,LEG-98395,usr_1999
436,Diana Vega,diana.vega@outlook.com,5590824062,MTY,2024-06-25,app_movil,true,5579715134,559713,LEG-64413,
1698,Fernanda Aguilar,fernanda.aguilar@gmail.com,5553329924,Qro.,2024-01-15,web,1,5568417219,552518,LEG-35717,usr_1698
891,Gabriela Ramirez,gabriela.ramirez@hotmail.com,5545517641, Mexico D.F. ,2024-10-23,tienda_fisica,False,5565917546,551300,LEG-27942,usr_891
778,Carlos Lopez,carlos.lopez@novatech.mx,5559657373,Cancun,2024-12-06 00:00:00,tienda_fisica,False,5541658268,555536,LEG-39225,
637,Andres Pineda,andres.pineda@hotmail.com,5572493002,MTY,01/11/2025,tienda_fisica,false,5518829680,558410,LEG-79102,
2057,Gabriela Hernandez,gabriela.hernandez@gmail.com,5561304330,Qro.,2024-08-23,web,1,5571876109,557080,LEG-15375,usr_30
764,Leandro Gomez,leandro.gomez@gmail.com,5585844822,VERACRUZ,2024-05-09 00:00:00,app_movil,No,5564889133,555615,LEG-34441,
1261,Rodrigo Guerrero,rodrigo.guerrero@gmail.com,5596192730,LEÓN,12 de agosto de 2024,app_movil,False,5523491719,558876,LEG-66141,
1534,Raul Iglesias,raul.iglesias@yahoo.com.mx,5584382028,cdmx,06/20/2024,tienda_fisica,Si,5597059142,551702,LEG-27424,
1368,Ximena Garcia,ximena.garcia@novatech.mx,5540408326,Ver.,08/12/2024,app_movil,No,5518075458,559701,LEG-15708,usr_1368
804,Ignacio Lopez,ignacio.lopez@hotmail.com,5546469480,Leon,16 de marzo de 2025,tienda_fisica,No,5586558812,554789,LEG-44047,
1842,Octavio Molina,octavio.molina@hotmail.com,5560566547,merida,3 de febrero de 2025,tienda_fisica,true,5578909597,552955,LEG-42419,
521,Mariana Vega,mariana.vega@yahoo.com.mx,5570211778,Guadalajara,02/03/2024,app_movil,Si,5564135837,558443,LEG-71957,
1269,Natalia Iglesias,natalia.iglesias@yahoo.com.mx,5538698986,puebla,1 de mayo de 2024,app_movil,1,5577436261,555093,LEG-65751,usr_1269
832,Ricardo Rendon,ricardo.rendon@novatech.mx,5591047813, Mexico D.F. ,26 de agosto de 2024,web,0,5574647998,558053,LEG-34553,usr_832
2061,Gerardo Contreras,gerardo.contreras@gmail.com,5578634432,MERIDA,01/14/2024,app_movil,false,5514041651,553568,LEG-22403,
671,Victor Guerrero,victor.guerrero@gmail.com,5572875165,MÉRIDA,2025-02-10,web,true,5578772492,558236,LEG-79673,
1198,Hector Rojas,hector.rojas@outlook.com,5570207160,tijuana,03/06/2024,web,No,5562088307,557414,LEG-25182,
1808,Fernanda Ramirez,fernanda.ramirez@yahoo.com.mx,5579583145,Qro.,2024-02-19 00:00:00,tienda_fisica,false,5548157932,551260,LEG-71781,
1732,Raul Garcia,raul.garcia@gmail.com,5551301910,Puebla de Zaragoza,2024-04-29,tienda_fisica,1,5581576445,551777,LEG-14557,
1881,Luis Alvarez,luis.alvarez@novatech.mx,5517383410,queretaro,10 de julio de 2024,tienda_fisica,False,5556869664,555871,LEG-47182,usr_1881
1506,Leticia Delgado,leticia.delgado@yahoo.com.mx,5598999965,cdmx,19-07-2024,app_movil,No,5536382618,558884,LEG-37000,
2051,Luis Alvarez,luis.alvarez@novatech.mx,5517383410,queretaro,10 de julio de 2024,tienda_fisica,False,5556869664,555871,LEG-47182,usr_1881
454,Emiliano Torres,emiliano.torres@outlook.com,5576615430,TIJUANA,2024-08-14 00:00:00,web,False,5591108612,553611,LEG-52168,usr_454
1189,Daniela Molina,daniela.molina@novatech.mx,5518751345,tijuana,2025-02-15,web,No,5544576712,551666,LEG-31694,
1807,Valeria Vega,valeria.vega@gmail.com,5551163395,Mexico D.F.,20/01/2025,app_movil,1,5524721494,554591,LEG-98786,
31,Raul Reyes,raul.reyes@hotmail.com,5513264046,guadalajara,24 de abril de 2025,web,TRUE,5551822028,551651,LEG-40800,usr_31
1790,Miguel Contreras,miguel.contreras@yahoo.com.mx,5541779601,CDMX,01/24/2025,tienda_fisica,false,5581913944,552367,LEG-93755,
1658,Daniela Molina,daniela.molina@yahoo.com.mx,5579858935,LEÓN,20 de enero de 2024,web,Si,5518263139,557001,LEG-17207,
1758,Ana Molina,ana.molina@yahoo.com.mx,5586381394,MTY,06/30/2025,app_movil,1,5543034331,553181,LEG-45578,
489,Mariana Molina,mariana.molina@gmail.com,5594892601,cancun,2025-01-09,app_movil,1,5567472958,552535,LEG-40695,usr_489
1285,Carlos Guerrero,carlos.guerrero@hotmail.com,5553958093,GDL,2024-12-22 00:00:00,web,No,5549217592,559603,LEG-62095,
1770,Javier Rendon,javier.rendon@novatech.mx,5523498599,León Gto,24 de mayo de 2024,tienda_fisica,TRUE,5554635006,556618,LEG-33313,
124,Julio Hernandez,julio.hernandez@outlook.com,5597384278,tijuana,05-06-2025,web,Si,5573848547,555003,LEG-81916,
756,Renata Lopez,renata.lopez@yahoo.com.mx,5519444815,PUE,2024-02-10 00:00:00,tienda_fisica,true,5546432299,559892,LEG-35448,
537,Natalia Cruz,natalia.cruz@novatech.mx,5571848300,Guadalajara,2025-05-20,tienda_fisica,TRUE,5557733436,559932,LEG-70049,
1784,Leandro Martinez,leandro.martinez@outlook.com,5538963344,Veracruz City,30 de mayo de 2024,tienda_fisica,No,5536751288,557172,LEG-23443,
357,Norma Iglesias,norma.iglesias@novatech.mx,5529783642,Ver.,05/09/2024,tienda_fisica,TRUE,5584833537,559286,LEG-90893,usr_357
154,Ernesto Rivera,ernesto.rivera@gmail.com,5597142593,tijuana,2024-01-30 00:00:00,app_movil,0,5582465059,553105,LEG-80172,
1320,Miguel Jimenez,miguel.jimenez@yahoo.com.mx,5587374019,tijuana,12/19/2024,web,TRUE,5549693003,553663,LEG-29345,
1798,norma rivera,norma.rivera@yahoo.com.mx,5546507675,Monterrey,14/03/2025,tienda_fisica,No,5574182591,553464,LEG-52180,
407,Octavio Pineda,octavio.pineda@novatech.mx,5525139718,GDL,06/15/2025,app_movil,No,5555876591,559803,LEG-42686,
1517,Miguel Flores,miguel.flores@outlook.com,5512459632,Leon,2024-01-30,tienda_fisica,Si,5590078915,551020,LEG-10500,
1800,Octavio Perez,octavio.perez@hotmail.com,5564663241,MEXICO DF,22 de enero de 2024,tienda_fisica,No,5510174599,551014,LEG-55192,
1922,Gerardo Rodriguez,gerardo.rodriguez@gmail.com,5515508478,veracruz,23 de abril de 2025,tienda_fisica,false,5536442554,553454,LEG-49660,
1114,Emiliano Molina,emiliano.molina@gmail.com,5572895208,GDL,2024-12-08 00:00:00,web,1,5553641293,556945,LEG-52162,usr_1114
333,Leticia Flores,leticia.flores@gmail.com,5523084432,Mérida,2024-03-06 00:00:00,app_movil,true,5581822572,552812,LEG-53218,
1529,Leticia Alvarez,leticia.alvarez@outlook.com,5571933833,guadalajara,2024-02-14,web,true,5580222832,559431,LEG-41179,
732,Paola Diaz,paola.diaz@hotmail.com,5581389802,CANCÚN,2025-06-14,web,False,5533938411,556278,LEG-66117,
753,Rodrigo Gonzalez,rodrigo.gonzalez@novatech.mx,5556167293,Monterrey NL,6 de julio de 2025,tienda_fisica,TRUE,5547344157,552338,LEG-28449,usr_753
890,Carlos Cruz,carlos.cruz@novatech.mx,5534896386,Puebla,16/03/2025,web,Si,5593402150,553849,LEG-58169,usr_890
1314,Valeria Gomez,valeria.gomez@gmail.com,5590561944,León Gto,2024-05-13,app_movil,No,5586569971,551175,LEG-94816,usr_1314
1003,Gerardo Ramirez,gerardo.ramirez@outlook.com,5555942956,tijuana,2024-11-03,app_movil,false,5548819701,556103,LEG-40690,usr_1003
1396,Victor Cardona,victor.cardona@novatech.mx,5568396131,León Gto,19-02-2024,web,1,5528134923,553442,LEG-23115,
1081,Gabriela Cardona,gabriela.cardona@novatech.mx,5594474524,Leon,08-06-2025,web,False,5545476555,556790,LEG-43976,
968,Paulina Garcia,paulina.garcia@yahoo.com.mx,5523225515,TIJUANA,2024-12-18,web,TRUE,5537462364,553695,LEG-74456,
1075,Sofia Castillo,sofia.castillo@hotmail.com,5552936191,Veracruz,18/04/2024,app_movil,Si,5559882877,551691,LEG-54959,
1762,Abril Molina,abril.molina@hotmail.com,5562224551,QUERÉTARO,12/24/2024,app_movil,true,5515945935,558613,LEG-20124,usr_1762
926,Raul Alvarez,raul.alvarez@novatech.mx,5588983736,Monterrey NL,21-02-2024,tienda_fisica,false,5564882850,553135,LEG-50619,usr_926
1863,Hector Martinez,hector.martinez@hotmail.com,5585269936,León Gto,07/26/2024,tienda_fisica,0,5593937855,556967,LEG-82511,usr_1863
1051,fernanda rendon,fernanda.rendon@hotmail.com,5516808359, querétaro ,06/03/2024,app_movil,false,5529873981,559929,LEG-95038,usr_1051
131,Luis Ortiz,luis.ortiz@outlook.com,5567349896,MTY,06/02/2025,tienda_fisica,False,5581997433,557973,LEG-34874,
1582,Rodrigo Alvarez,rodrigo.alvarez@novatech.mx,5567153918,merida,12 de junio de 2024,app_movil,TRUE,5521975096,556295,LEG-28107,
1426,Alberto Delgado,alberto.delgado@hotmail.com,5588643278,CANCÚN,2024-10-05,web,No,5565556077,553645,LEG-71055,usr_1426
54,Paulina Morales,paulina.morales@hotmail.com,5550505088,MÉRIDA,15 de mayo de 2024,app_movil,TRUE,5596215504,559821,LEG-52201,usr_54
1300,Alejandra Rojas,alejandra.rojas@novatech.mx,5582729287, Mexico D.F. ,2024-10-01,tienda_fisica,false,5572717911,555884,LEG-71002,
1115,Sergio Cardona,sergio.cardona@outlook.com,5551379758,Veracruz,2024-12-14,web,true,5556959045,552336,LEG-56101,
1448,Sofia Diaz,sofia.diaz@novatech.mx,5580681902,Mexico D.F.,14 de noviembre de 2024,web,Si,5530378081,555242,LEG-26669,usr_1448
1373,Julio Lozano,julio.lozano@yahoo.com.mx,5515241912,leon,6 de junio de 2025,app_movil,false,5541409245,555890,LEG-30888,usr_1373
1939,Ricardo Perez,ricardo.perez@gmail.com,5559465244,queretaro,18/01/2025,app_movil,false,5523135250,552485,LEG-97333,usr_1939
546,Ernesto Torres,ernesto.torres@gmail.com,5598488653,tijuana,2024-03-29 00:00:00,tienda_fisica,0,5537523469,553719,LEG-48648,
94,Leticia Delgado,leticia.delgado@outlook.com,5590765362,Puebla,2024-05-09,tienda_fisica,1,5511031551,555857,LEG-92455,
438,Sofia Cardona,sofia.cardona@hotmail.com,5516729897,LEÓN,2024-01-17,app_movil,1,5511859565,557521,LEG-90000,
972,Victor Gomez,victor.gomez@outlook.com,5572299850,Qro.,08/02/2025,app_movil,1,5582205736,555039,LEG-73359,usr_972
1562,Julio Ortiz,julio.ortiz@hotmail.com,5541588759,León Gto,2024-02-15 00:00:00,web,0,5577713366,558047,LEG-19708,
1232,Julio Rojas,julio.rojas@novatech.mx,5562542816,TIJUANA,2024-05-08,web,true,5525145017,554715,LEG-18162,
696,Paulina Molina,paulina.molina@yahoo.com.mx,5561196742,VERACRUZ,2024-11-22,tienda_fisica,No,5554351342,559546,LEG-86197,
1045,Miguel Salazar,miguel.salazar@novatech.mx,5548197712,Puebla,9 de julio de 2025,tienda_fisica,1,5586051270,554195,LEG-45794,
1574,Ana Rodriguez,ana.rodriguez@outlook.com,5551281168,CANCÚN,2024-04-03 00:00:00,tienda_fisica,Si,5545499034,555964,LEG-49266,usr_1574
279,Luis Campos,luis.campos@outlook.com,5531287097,cancun,06-05-2024,app_movil,No,5532947535,554498,LEG-85969,
2041,Ernesto Flores,ernesto.flores@novatech.mx,5558543544,Ver.,2024-03-01 00:00:00,web,No,5576504205,551867,LEG-63534,
1432,Gerardo Vega,gerardo.vega@novatech.mx,5520792935,Guadalajara,17-05-2025,web,No,5528261382,551327,LEG-82671,
929,Gerardo Herrera,gerardo.herrera@novatech.mx,5571177828,VERACRUZ,2025-04-15,app_movil,False,5515081422,553620,LEG-13906,
480,Andres Martinez,andres.martinez@hotmail.com,5564644663,queretaro,9 de julio de 2024,app_movil,No,5568031989,558213,LEG-13708,
18,Norma Torres,norma.torres@hotmail.com,5584379899,tijuana,26 de junio de 2024,tienda_fisica,true,5581628278,558289,LEG-77270,
1386,Octavio Torres,octavio.torres@outlook.com,5581964433,Mexico D.F.,25/01/2025,tienda_fisica,TRUE,5557534818,553735,LEG-21448,usr_1386
192,Hector Alvarez,hector.alvarez@novatech.mx,5575499109,Queretaro,15/06/2025,tienda_fisica,Si,5589557162,555181,LEG-53330,
548,Alejandra Iglesias,alejandra.iglesias@hotmail.com,5525432019,LEÓN,23/05/2025,web,No,5552671009,552663,LEG-38461,
709,Leandro Garcia,leandro.garcia@hotmail.com,5594725003,PUE,2024-12-10,app_movil,False,5564977927,555390,LEG-65719,
40,Ana Vargas,null,-,QUERÉTARO,16 de julio de 2025,web,false,5548572334,556281,LEG-98171,
1230,Leandro Herrera,leandro.herrera@outlook.com,5569619002,cancun,08/18/2024,web,false,5522588468,558055,LEG-15167,
1889,Emmanuel Gomez,emmanuel.gomez@novatech.mx,5582944782,QUERÉTARO,27-05-2025,tienda_fisica,1,5531205686,551868,LEG-97897,
1138,Alberto Lopez,alberto.lopez@novatech.mx,5587588047,monterrey,12 de febrero de 2024,app_movil,true,5577254414,555551,LEG-93571,
115,Julio Torres,julio.torres@outlook.com,,Veracruz City,19-04-2024,tienda_fisica,false,5531961786,556015,LEG-26880,
1311,Guillermo Navarro,guillermo.navarro@gmail.com,5540886746,cdmx,2024-07-30,app_movil,true,5586603060,554561,LEG-98313,
1972,lorena hernandez,lorena.hernandez@gmail.com,5565048879,guadalajara,2024-02-05,app_movil,0,5528471529,557480,LEG-30819,usr_1972
336,Julio Alvarez,julio.alvarez@novatech.mx,5517658879,TIJUANA,05/15/2024,tienda_fisica,Si,5583862320,552252,LEG-17841,
179,Samantha Bautista,samantha.bautista@yahoo.com.mx,5590313897,LEÓN,05/12/2024,app_movil,0,5598848912,558549,LEG-26152,
1629,Octavio Lozano,octavio.lozano@gmail.com,5537969733,  Veracruz  ,2024-10-19 00:00:00,tienda_fisica,False,5598661766,554394,LEG-50190,usr_1629
1353,Daniela Aguilar,daniela.aguilar@hotmail.com,5511568556,MEXICO DF,16 de marzo de 2025,tienda_fisica,False,5513837472,553393,LEG-48100,usr_1353
1501,Citlali Rodriguez,citlali.rodriguez@novatech.mx,5516236587,Veracruz City,2024-06-23,web,false,5530715284,558127,LEG-52698,
1333,Sofia Hernandez,sofia.hernandez@gmail.com,5592079400,Ciudad de Mexico,2025-07-29 00:00:00,tienda_fisica,false,5555324227,554128,LEG-65001,
132,Octavio Iglesias,octavio.iglesias@hotmail.com,5599991532,queretaro,23-05-2024,web,Si,5571786290,558882,LEG-80649,
745,Diana Ramirez,diana.ramirez@hotmail.com,5519536131,Cancun,01/19/2024,web,No,5512353748,556086,LEG-22943,
1151,Renata Contreras,renata.contreras@gmail.com,5540237447,Cancun,28-03-2025,app_movil,false,5559498453,555134,LEG-13549,usr_1151
1510,Alonso Reyes,alonso.reyes@gmail.com,5592874991,Tijuana,14-04-2024,app_movil,false,5592036837,554657,LEG-73374,usr_1510
1768,Emiliano Gonzalez,emiliano.gonzalez@outlook.com,5536094218,PUE,08/07/2025,app_movil,1,5586946601,558222,LEG-19789,
352,Gabriela Flores,gabriela.flores@gmail.com,5546911180,monterrey,21 de enero de 2025,tienda_fisica,0,5580679778,556300,LEG-88689,
657,Victor Pineda,victor.pineda@hotmail.com,5571965896,cancun,2025-07-10,tienda_fisica,Si,5520426800,551125,LEG-32245,usr_657
1355,Ernesto Navarro,ernesto.navarro@yahoo.com.mx,5515071651,Puebla de Zaragoza,2024-02-12,tienda_fisica,false,5590004420,558046,LEG-22460,
955,Diego Castillo,diego.castillo@hotmail.com,5549697368,puebla,2024-04-01 00:00:00,web,true,5521986300,551001,LEG-27070,usr_955
153,Briana Jimenez,briana.jimenez@hotmail.com,5591904363,LEÓN,11 de mayo de 2024,tienda_fisica,true,5527053641,556810,LEG-31285,
843,Renata Alvarez,renata.alvarez@outlook.com,5589532602,Puebla de Zaragoza,7 de abril de 2024,web,TRUE,5540867661,552312,LEG-86009,
863,Ximena Ortiz,ximena.ortiz@hotmail.com,5576641844,Puebla de Zaragoza,01/08/2025,web,0,5558921899,556698,LEG-38535,
1071,Gabriela Lozano,gabriela.lozano@gmail.com,5517628888, querétaro ,10/03/2024,web,false,5573129569,551954,LEG-64295,usr_1071
595,Hector Delgado,hector.delgado@hotmail.com,5588298549,Veracruz City,11-03-2025,app_movil,true,5597295497,559504,LEG-14881,usr_595
2062,Diana Reyes,diana.reyes@hotmail.com,5583085274,Leon,2024-02-21 00:00:00,tienda_fisica,false,5569282799,556151,LEG-83108,
1453,Victor Rodriguez,victor.rodriguez@gmail.com,5593657265,leon,10 de marzo de 2025,tienda_fisica,TRUE,5516546906,557902,LEG-47526,
914,Emmanuel Contreras,emmanuel.contreras@hotmail.com,5535998014,PUE,2025-01-31,app_movil,False,5571537739,559610,LEG-29301,usr_914
172,Samantha Gomez,samantha.gomez@novatech.mx,5559836987,MÉRIDA,03/19/2025,web,No,5514264878,556101,LEG-78733,
724,Hector Diaz,hector.diaz@hotmail.com,5588784649,Tijuana,12 de enero de 2024,web,False,5530116124,557499,LEG-65805,usr_724
620,Maria Hernandez,maria.hernandez@outlook.com,5571797996,Veracruz,18/06/2024,web,true,5539856433,556840,LEG-21099,
1682,Raul Reyes,raul.reyes@hotmail.com,5574417012,GUADALAJARA,2025-05-07 00:00:00,app_movil,No,5546398973,554911,LEG-50886,
1856,Diego Solis,diego.solis@outlook.com,5531894057,veracruz,22-09-2024,app_movil,0,5540447431,552577,LEG-74771,
984,Victor Gomez,victor.gomez@gmail.com,5546417661,MTY,2024-02-16 00:00:00,web,Si,5547878769,556405,LEG-78358,
627,Valeria Martinez,valeria.martinez@hotmail.com,5514744549, Mexico D.F. ,2025-06-27,app_movil,0,5559383061,556136,LEG-14135,
932,Emiliano Castillo,emiliano.castillo@hotmail.com,5585999029,Monterrey NL,2024-09-18,web,No,5554276185,556577,LEG-13469,
149,Maria Sanchez,maria.sanchez@novatech.mx,5516184239,guadalajara,2025-05-31,tienda_fisica,No,5530705807,552860,LEG-74024,usr_149
103,Itzel Gonzalez,itzel.gonzalez@hotmail.com,5543784872,Tijuana,06/15/2025,app_movil,TRUE,5527557222,555923,LEG-79118,usr_103
1583,Citlali Molina,citlali.molina@novatech.mx,5572098302,PUE,21/02/2025,app_movil,Si,5596881086,558753,LEG-67346,
672,Maria Ruiz,maria.ruiz@outlook.com,5521934453,MTY,2025-08-04,tienda_fisica,TRUE,5516687907,553090,LEG-78207,
1852,Camila Pineda,camila.pineda@gmail.com,5574946119,Veracruz,08-01-2024,tienda_fisica,false,5554957032,556268,LEG-32508,
42,Andres Bautista,andres.bautista@yahoo.com.mx,N/A,cdmx,2024-09-26,tienda_fisica,false,5552843419,557672,LEG-62360,
855,Daniela Torres,daniela.torres@outlook.com,5545502248, Mexico D.F. ,25 de julio de 2024,tienda_fisica,1,5535491306,551900,LEG-93535,
833,Itzel Contreras,itzel.contreras@hotmail.com,5582784153,Monterrey,19 de diciembre de 2024,web,true,5560598698,556024,LEG-99902,
1297,Citlali Herrera,citlali.herrera@hotmail.com,5513942857,Puebla de Zaragoza,01-04-2024,tienda_fisica,No,5527232977,554014,LEG-35828,
1867,Octavio Herrera,octavio.herrera@outlook.com,5519961665,guadalajara,01/09/2024,app_movil,TRUE,5547471348,551552,LEG-23547,
1722,Renata Ramirez,renata.ramirez@yahoo.com.mx,5526049184,Monterrey NL,2024-05-14,app_movil,TRUE,5527291264,555303,LEG-94056,usr_1722
319,Diana Hernandez,diana.hernandez@novatech.mx,5589313105,Puebla,09-05-2025,app_movil,No,5534994897,553645,LEG-30444,usr_319
1618,Ignacio Iglesias,ignacio.iglesias@outlook.com,5594939185,LEÓN,02/03/2025,tienda_fisica,TRUE,5585295357,555605,LEG-69995,
1444,Ernesto Guerrero,ernesto.guerrero@outlook.com,5535093952,tijuana,05/11/2024,web,0,5525604049,557509,LEG-69803,usr_1444
1935,Octavio Pineda,octavio.pineda@novatech.mx,5574252879,MTY,2025-03-21,tienda_fisica,true,5565742965,559163,LEG-74736,
13,Alonso Diaz,,5569632560,veracruz,09/23/2024,web,true,5577525935,554815,LEG-82912,
1722,Renata Ramirez,renata.ramirez@yahoo.com.mx,5526049184,Monterrey NL,2024-05-14,app_movil,TRUE,5527291264,555303,LEG-94056,usr_1722
803,Ana Sanchez,ana.sanchez@hotmail.com,5599662675,Cancún,27-02-2024,web,TRUE,5524476762,558455,LEG-61975,
1087,Luis Contreras,luis.contreras@novatech.mx,5561332025,Mérida,14 de enero de 2024,tienda_fisica,No,5557316575,559952,LEG-89305,
2056,Victor Torres,victor.torres@outlook.com,5564698207,VERACRUZ,02/06/2024,tienda_fisica,TRUE,5517257968,558699,LEG-40500,
1550,Maria Diaz,maria.diaz@gmail.com,5571387123,MTY,01/19/2024,app_movil,Si,5574419177,558562,LEG-50395,usr_1550
463,Leandro Aguilar,leandro.aguilar@hotmail.com,5531929040,GUADALAJARA,2024-10-05,tienda_fisica,TRUE,5515461512,558476,LEG-14183,
79,Leticia Hernandez,leticia.hernandez@novatech.mx,NULL,Puebla de Zaragoza,2025-04-19,web,1,5523346416,559558,LEG-22383,
77,Diana Molina,diana.molina@yahoo.com.mx,5533856970,Mexico D.F.,2025-05-17 00:00:00,web,No,5550224587,552837,LEG-16509,
2018,Camila Garcia,camila.garcia@yahoo.com.mx,N/A,Qro.,2025-04-28,app_movil,No,5598596876,554598,LEG-68025,
960,Rodrigo Castillo,rodrigo.castillo@gmail.com,5521552018,cancun,16 de julio de 2025,web,No,5549531282,559192,LEG-21541,usr_960
1061,Luis Ortiz,luis.ortiz@outlook.com,5526064070,TIJUANA,7 de agosto de 2025,web,No,5540337796,552455,LEG-53038,
1900,Emiliano Sanchez,emiliano.sanchez@outlook.com,5531331820,Tijuana,17/02/2025,app_movil,TRUE,5528235183,554291,LEG-63142,
1761,Fernanda Jimenez,fernanda.jimenez@yahoo.com.mx,5574927092,puebla,07-01-2024,app_movil,true,5596557251,557198,LEG-25962,
576,Miguel Molina,miguel.molina@gmail.com,5573151237,MEXICO DF,2024-07-22,web,False,5548998456,555371,LEG-30396,
242,Natalia Vargas,natalia.vargas@outlook.com,5545308166,leon,2025-04-05 00:00:00,tienda_fisica,false,5522616354,554106,LEG-59373,
1684,Citlali Hernandez,citlali.hernandez@yahoo.com.mx,5584657827,queretaro,2024-04-27,web,true,5595791512,551518,LEG-77685,
341,Javier Iglesias,javier.iglesias@yahoo.com.mx,5518982799,CDMX,17 de agosto de 2024,tienda_fisica,1,5573067351,551991,LEG-23697,
646,Ignacio Guerrero,ignacio.guerrero@yahoo.com.mx,5524382426,Guadalajara,01-03-2025,app_movil,0,5592258683,555967,LEG-87240,
1302,Renata Cardona,renata.cardona@hotmail.com,5523494091,Monterrey,3 de enero de 2024,app_movil,true,5532186410,559069,LEG-71881,
27,Regina Cardona,regina.cardona@outlook.com,5587875097,Queretaro,29 de enero de 2024,tienda_fisica,Si,5538791100,554156,LEG-51160,
795,Oscar Perez,oscar.perez@yahoo.com.mx,5510298140,Ver.,18/05/2025,web,TRUE,5528353462,552176,LEG-36263,
570,Luis Ortiz,luis.ortiz@novatech.mx,5541147165,CANCÚN,2024-08-22,tienda_fisica,1,5597068691,558955,LEG-71406,usr_570
799,Carlos Jimenez,carlos.jimenez@yahoo.com.mx,5599773359,Ciudad de Mexico,24-02-2025,web,0,5551566603,558203,LEG-15543,usr_799
715,Ignacio Rendon,ignacio.rendon@gmail.com,5575242779, Mexico D.F. ,14/07/2024,web,true,5517383757,554221,LEG-59490,
1569,Valeria Bautista,valeria.bautista@yahoo.com.mx,5599125171,leon,2025-08-01,app_movil,No,5562683665,559657,LEG-43797,usr_1569
1671,Mariana Contreras,mariana.contreras@gmail.com,5592444720,Guadalajara,2024-10-19 00:00:00,web,TRUE,5580021617,558784,LEG-34969,
1756,Andres Martinez,andres.martinez@novatech.mx,5596773113,Merida,28-09-2024,app_movil,TRUE,5570135660,552145,LEG-76675,
518,Itzel Diaz,itzel.diaz@hotmail.com,5579122032,Queretaro,11-09-2024,app_movil,TRUE,5587809838,551753,LEG-74329,usr_518
1148,Abril Lopez,abril.lopez@novatech.mx,5569217953,MTY,03/08/2025,app_movil,False,5566056428,553033,LEG-72712,usr_1148
1915,Valeria Lozano,valeria.lozano@hotmail.com,5530408130,monterrey,2025-06-14,tienda_fisica,false,5550287995,559901,LEG-17878,usr_1915
1968,Diego Guerrero,diego.guerrero@outlook.com,5552159435,  Veracruz  ,2024-09-12,tienda_fisica,true,5537575240,551935,LEG-18837,
668,Alejandra Diaz,alejandra.diaz@novatech.mx,5568868551,Tijuana,01-03-2024,app_movil,No,5551959873,554496,LEG-22844,
301,Gerardo Garcia,gerardo.garcia@novatech.mx,5516274204,MEXICO DF,2024-08-11,tienda_fisica,No,5542206692,553194,LEG-33838,usr_301
966,Oscar Flores,oscar.flores@novatech.mx,5569569220,Qro.,15 de julio de 2024,web,false,5597437819,555027,LEG-57046,usr_966
229,Hector Hernandez,hector.hernandez@hotmail.com,5580674071,VERACRUZ,2025-04-12,tienda_fisica,TRUE,5579441214,551149,LEG-87058,
85,Sergio Delgado,sergio.delgado@outlook.com,NULL,puebla,01-07-2024,web,false,5558781292,559164,LEG-23786,
328,Ximena Delgado,ximena.delgado@yahoo.com.mx,5588577540,queretaro,2024-01-30,app_movil,true,5562572545,553120,LEG-48462,usr_328
1082,Samantha Rivera,samantha.rivera@yahoo.com.mx,5558571552,MÉRIDA,2024-07-14,app_movil,No,5579074984,552998,LEG-52513,
388,Raul Torres,raul.torres@novatech.mx,5592193161,guadalajara,3 de noviembre de 2024,web,False,5572261466,557635,LEG-42868,
470,Fernanda Perez,fernanda.perez@novatech.mx,5576581115,Guad.,2024-04-01,web,1,5527754769,553644,LEG-75598,
296,Hector Salazar,hector.salazar@novatech.mx,5583028598,VERACRUZ,2024-11-05 00:00:00,tienda_fisica,No,5569534617,553931,LEG-53995,
198,Alejandra Hernandez,alejandra.hernandez@yahoo.com.mx,5520448262,merida,2024-05-10 00:00:00,app_movil,No,5523649964,559947,LEG-90299,
1911,Emmanuel Rojas,emmanuel.rojas@novatech.mx,5530062786,leon,2025-04-22,tienda_fisica,No,5584499461,552226,LEG-21609,
1986,Fernanda Gonzalez,fernanda.gonzalez@hotmail.com,5598629522,CANCÚN,15 de septiembre de 2024,app_movil,False,5543719986,554944,LEG-53638,
298,Norma Lozano,norma.lozano@gmail.com,5539573488,Qro.,2024-11-07,web,false,5571351809,553993,LEG-79415,
2001,Carlos Alvarez,carlos.alvarez@hotmail.com,5546832826,MTY,17-01-2024,tienda_fisica,false,5510695490,552742,LEG-38744,
259,Emiliano Cardona,emiliano.cardona@yahoo.com.mx,5552413733,queretaro,03-01-2024,web,No,5524724696,551785,LEG-31293,
2036,Paola Lozano,paola.lozano@hotmail.com,5563595194,GUADALAJARA,2024-08-22 00:00:00,app_movil,No,5520077182,556698,LEG-15864,
1945,Leticia Lozano,leticia.lozano@novatech.mx,5592671222,GUADALAJARA,10/11/2024,tienda_fisica,1,5514009043,552557,LEG-19718,usr_1945
834,Abril Reyes,abril.reyes@gmail.com,5540181645,puebla,2024-03-20 00:00:00,tienda_fisica,true,5563224301,557481,LEG-46884,usr_834
1408,Andres Rendon,andres.rendon@outlook.com,5533397818,Puebla,2024-02-25 00:00:00,app_movil,true,5569636257,555676,LEG-82970,usr_1408
1893,Miguel Bautista,miguel.bautista@yahoo.com.mx,5526243980,GUADALAJARA,08/16/2025,app_movil,TRUE,5597992543,554574,LEG-23330,usr_1893
294,Raul Ruiz,raul.ruiz@novatech.mx,5565075582,tijuana,2024-10-28,web,TRUE,5516367900,558196,LEG-50239,
506,Carlos Flores,carlos.flores@hotmail.com,5585114155,puebla,10/16/2024,web,1,5580295769,557057,LEG-47032,usr_506
228,Alberto Guerrero,alberto.guerrero@gmail.com,5551114492,GUADALAJARA,2024-04-13,app_movil,Si,5528701504,555400,LEG-16054,usr_228
431,Ana Salazar,ana.salazar@gmail.com,5535279904,Monterrey NL,2024-07-26,web,No,5555593136,552112,LEG-94099,usr_431
1612,Emiliano Mendez,emiliano.mendez@hotmail.com,5572798800,Ver.,2025-05-01 00:00:00,web,TRUE,5582197951,558778,LEG-17372,
921,Raul Cruz,raul.cruz@outlook.com,5569218723,GUADALAJARA,2024-09-26,tienda_fisica,False,5527281246,559246,LEG-72420,
1429,Miguel Bautista,miguel.bautista@yahoo.com.mx,5565428085,TIJUANA,12/04/2025,web,Si,5587508742,551920,LEG-51055,
1530,Maria Aguilar,maria.aguilar@novatech.mx,5538967532,CANCÚN,2025-01-16,app_movil,1,5586875333,551202,LEG-24180,usr_1530
269,Briana Gomez,briana.gomez@hotmail.com,5570986808,MERIDA,30/09/2024,tienda_fisica,False,5599717388,558611,LEG-37167,usr_269
1885,Abril Gonzalez,abril.gonzalez@gmail.com,5580008561,Guadalajara,2024-11-20,tienda_fisica,No,5579926222,559185,LEG-94290,usr_1885
607,Octavio Castillo,octavio.castillo@novatech.mx,5572755611,Tijuana,2025-01-14,tienda_fisica,No,5557023965,557659,LEG-88088,
1630,Octavio Sanchez,octavio.sanchez@gmail.com,5536649564,MEXICO DF,1 de septiembre de 2024,web,No,5551297441,558476,LEG-45957,
410,Diego Rodriguez,diego.rodriguez@outlook.com,5535862921,cancun,5 de mayo de 2024,app_movil,true,5535434514,551717,LEG-34231,
288,Miguel Cruz,miguel.cruz@gmail.com,5519385407,TIJUANA,02/01/2024,tienda_fisica,TRUE,5574771999,551688,LEG-49624,usr_288
186,Julio Molina,julio.molina@outlook.com,5515481257,MTY,2025-03-19 00:00:00,app_movil,0,5547733134,552677,LEG-90744,usr_186
1634,Emmanuel Diaz,emmanuel.diaz@yahoo.com.mx,5592758629,guadalajara,12 de junio de 2024,app_movil,TRUE,5526617373,556893,LEG-37966,
138,Paola Torres,paola.torres@yahoo.com.mx,5524312134,  Veracruz  ,2025-04-12 00:00:00,app_movil,TRUE,5566027039,553321,LEG-83563,
1196,Camila Herrera,camila.herrera@hotmail.com,5591692766,Monterrey,2024-06-07 00:00:00,tienda_fisica,Si,5534971468,551583,LEG-47098,
1691,Diana Ruiz,diana.ruiz@outlook.com,5538222667,Qro.,01/30/2025,tienda_fisica,TRUE,5559473026,552813,LEG-67108,usr_1691
1662,Miguel Hernandez,miguel.hernandez@hotmail.com,5572733974,cancun,2024-03-08,app_movil,0,5592381149,551549,LEG-86315,
1760,Luis Jimenez,luis.jimenez@novatech.mx,5523284553,monterrey,01/08/2024,tienda_fisica,TRUE,5513684429,559578,LEG-32358,
114,Guillermo Ramirez,guillermo.ramirez@yahoo.com.mx,5583951959,tijuana,30-06-2024,tienda_fisica,1,5550888279,553570,LEG-17998,
1650,Diana Rojas,diana.rojas@gmail.com,5593415258,Puebla,09/12/2024,app_movil,Si,5560875904,557940,LEG-97100,
1278,Diego Garcia,diego.garcia@novatech.mx,5556387939,puebla,3 de julio de 2025,web,0,5570422789,552668,LEG-10681,usr_1278
1283,Renata Morales,renata.morales@novatech.mx,5542458547,LEÓN,2025-05-12,tienda_fisica,No,5539496411,556781,LEG-45505,
2038,Ignacio Ramirez,ignacio.ramirez@novatech.mx,5576057567,Mérida,2024-03-20 00:00:00,app_movil,1,5583646872,556159,LEG-95346,
1638,Leandro Mendez,leandro.mendez@novatech.mx,5561531153,GDL,18 de mayo de 2025,app_movil,TRUE,5532828164,557555,LEG-24297,
1024,Lorena Cruz,lorena.cruz@novatech.mx,5592055840,monterrey,05/08/2025,web,true,5565888976,553169,LEG-50428,
1045,Miguel Salazar,miguel.salazar@novatech.mx,5548197712,Puebla,9 de julio de 2025,tienda_fisica,1,5586051270,554195,LEG-45794,
1050,Daniela Jimenez,daniela.jimenez@novatech.mx,5581823330,Monterrey NL,2025-05-29,app_movil,Si,5590173216,558629,LEG-10983,
1908,Citlali Gomez,citlali.gomez@outlook.com,5522921800,QUERÉTARO,07/11/2024,tienda_fisica,false,5592738048,552975,LEG-31108,
1929,Sergio Campos,sergio.campos@yahoo.com.mx,5537956585,cancun,19/06/2024,app_movil,TRUE,5525712253,551796,LEG-85681,
1039,Ana Iglesias,ana.iglesias@outlook.com,5541337026,Queretaro,02/06/2025,app_movil,0,5590897387,559969,LEG-89880,
1644,Daniela Sanchez,daniela.sanchez@yahoo.com.mx,5540888381,Monterrey,03-10-2024,app_movil,0,5593002894,552666,LEG-98839,
2052,Alejandra Rendon,alejandra.rendon@yahoo.com.mx,5591121394,Cancun,2025-07-13,web,False,5554607637,556546,LEG-32703,
1379,Diego Rivera,diego.rivera@outlook.com,5533841876,MERIDA,24-08-2024,app_movil,Si,5522177727,558077,LEG-26591,usr_1379
1132,Valeria Cardona,valeria.cardona@novatech.mx,5599175372,Monterrey NL,24/01/2024,web,false,5594465264,558532,LEG-99847,
2020,Raul Hernandez,raul.hernandez@yahoo.com.mx,5544574729,MTY,2 de febrero de 2025,app_movil,true,5547359116,558065,LEG-69340,
879,Diana Perez,diana.perez@gmail.com,5554882246,cdmx,12/22/2024,app_movil,TRUE,5584139430,554304,LEG-43106,
794,Carlos Navarro,carlos.navarro@outlook.com,5522468667,merida,2024-04-05 00:00:00,app_movil,0,5536008967,551094,LEG-80680,
323,Julio Rojas,julio.rojas@gmail.com,5584134282,Merida,24/03/2025,web,No,5533838829,551864,LEG-23183,
1991,Samantha Castillo,samantha.castillo@novatech.mx,5551826781,puebla,18 de mayo de 2025,app_movil,TRUE,5539635349,559358,LEG-43770,
76,Abril Garcia,abril.garcia@novatech.mx,5533418830,leon,5 de agosto de 2024,tienda_fisica,false,5544759001,553685,LEG-20466,
697,Daniela Perez,daniela.perez@hotmail.com,5597265081,Monterrey NL,2024-06-18,web,No,5590124475,553216,LEG-44360,usr_697
1307,Daniela Ramirez,daniela.ramirez@outlook.com,5552913759,Cancun,28 de diciembre de 2024,web,TRUE,5539125096,553247,LEG-41305,
223,Itzel Sanchez,itzel.sanchez@novatech.mx,5516838223,MÉRIDA,20/06/2024,tienda_fisica,0,5571788170,556953,LEG-11373,
1347,Maria Lopez,maria.lopez@yahoo.com.mx,5563001306,guadalajara,4 de julio de 2025,app_movil,No,5556688021,553323,LEG-23761,usr_1347
292,Luis Cardona,luis.cardona@gmail.com,5511191046,Veracruz,04-05-2024,tienda_fisica,False,5553015758,556485,LEG-31681,
1246,Diego Diaz,diego.diaz@hotmail.com,5568948153,guadalajara,2024-02-22,app_movil,TRUE,5533526628,554308,LEG-79535,
1052,Lorena Aguilar,lorena.aguilar@gmail.com,5576674810,Veracruz,27-07-2025,app_movil,False,5575501947,552740,LEG-50666,
735,Abril Ortiz,abril.ortiz@novatech.mx,5563536403,VERACRUZ,2024-05-24 00:00:00,app_movil,False,5550708551,553120,LEG-40390,
950,Camila Ortiz,camila.ortiz@hotmail.com,5596119555,CANCÚN,04/18/2025,app_movil,1,5510551690,558766,LEG-11295,
840,Gerardo Morales,gerardo.morales@outlook.com,5525234245,PUE,2024-04-22,app_movil,Si,5594824564,557885,LEG-78205,
1058,Lorena Alvarez,lorena.alvarez@novatech.mx,5540007304,LEÓN,2024-05-04,web,false,5537952300,554843,LEG-41555,
1094,Luis Gonzalez,luis.gonzalez@gmail.com,5548023940,León Gto,2024-12-11,web,true,5564335468,556378,LEG-52078,usr_1094
503,Leticia Diaz,leticia.diaz@novatech.mx,5527541568,CANCÚN,18/08/2024,tienda_fisica,false,5549275478,554084,LEG-24484,
109,Emiliano Bautista,emiliano.bautista@outlook.com,5536197287,tijuana,11 de agosto de 2025,tienda_fisica,False,5584365830,551239,LEG-22409,
1280,Carlos Contreras,carlos.contreras@gmail.com,5563201208,CANCÚN,04/06/2024,tienda_fisica,TRUE,5560851860,559251,LEG-92435,
96,Regina Salazar,regina.salazar@hotmail.com,-,TIJUANA,10/28/2024,web,No,5575748341,552453,LEG-39413,
1689,Briana Ruiz,briana.ruiz@yahoo.com.mx,5545318163,guadalajara,08/06/2025,web,true,5545271313,552207,LEG-44508,usr_1689
1706,Julio Garcia,julio.garcia@novatech.mx,5549923097,León Gto,2024-08-26,tienda_fisica,TRUE,5515306145,557349,LEG-91033,usr_1706
1916,Octavio Rendon,octavio.rendon@yahoo.com.mx,5534852353,TIJUANA,22/06/2025,app_movil,true,5525834098,554611,LEG-55606,
606,Hector Guerrero,hector.guerrero@hotmail.com,5534055991,cancun,12-07-2024,web,No,5510787773,558340,LEG-44756,usr_606
611,Norma Navarro,norma.navarro@yahoo.com.mx,5590372585, querétaro ,2024-08-01,app_movil,Si,5559321004,553147,LEG-30364,
451,Lorena Alvarez,lorena.alvarez@novatech.mx,5584547629,VERACRUZ,03/11/2025,app_movil,false,5533868768,557571,LEG-70321,
913,Citlali Sanchez,citlali.sanchez@yahoo.com.mx,5515358970,Puebla,17 de julio de 2025,app_movil,Si,5599066777,552069,LEG-28985,usr_913
693,Sofia Rojas,sofia.rojas@gmail.com,5524113125,queretaro,28-12-2024,tienda_fisica,0,5581664115,553116,LEG-56769,
150,Paola Rodriguez,paola.rodriguez@hotmail.com,5543183910,GDL,13 de mayo de 2025,tienda_fisica,true,5518742011,554393,LEG-52916,
875,Emmanuel Torres,emmanuel.torres@yahoo.com.mx,5544914189,queretaro,2025-03-10 00:00:00,app_movil,0,5595307738,556959,LEG-49224,
954,Camila Iglesias,camila.iglesias@gmail.com,5581147903,queretaro,21 de abril de 2025,tienda_fisica,False,5598458237,559606,LEG-28907,
2042,Maria Campos,maria.campos@outlook.com,5573886954,Puebla de Zaragoza,2024-05-07,tienda_fisica,0,5524051042,556624,LEG-26159,
389,Citlali Navarro,citlali.navarro@hotmail.com,5592658934,Queretaro,2024-12-20,web,Si,5555491969,559392,LEG-12108,usr_389
1557,Sergio Rivera,sergio.rivera@novatech.mx,5575532053,VERACRUZ,2025-03-01,tienda_fisica,true,5564588626,554179,LEG-75537,
887,Diana Gonzalez,diana.gonzalez@hotmail.com,5556636937,GDL,26/03/2025,tienda_fisica,false,5532868764,555208,LEG-43643,
1156,Ricardo Rendon,ricardo.rendon@gmail.com,5538961314,Cancun,14/04/2024,app_movil,false,5565138060,552344,LEG-17647,
1715,Javier Rodriguez,javier.rodriguez@novatech.mx,5515274242,MTY,29-07-2024,web,true,5557452472,557466,LEG-78359,
1895,Citlali Mendez,citlali.mendez@novatech.mx,5581609380,MEXICO DF,2024-08-13 00:00:00,web,1,5574976081,553344,LEG-88130,
864,Ximena Ramirez,ximena.ramirez@gmail.com,5582637662,Leon,2024-11-25,app_movil,Si,5528596698,554765,LEG-32873,
541,Leandro Lopez,leandro.lopez@outlook.com,5582043523,Veracruz,07/25/2024,app_movil,Si,5524849372,556273,LEG-29250,
1319,Abril Cardona,abril.cardona@hotmail.com,5559812762,PUE,13 de febrero de 2024,web,No,5519483571,555504,LEG-52614,
1515,Ernesto Flores,ernesto.flores@novatech.mx,5558543544,Ver.,2024-03-01 00:00:00,web,No,5576504205,551867,LEG-63534,
1615,Octavio Jimenez,octavio.jimenez@outlook.com,5517842430,León Gto,03-06-2024,app_movil,Si,5510083965,552259,LEG-95816,
1159,Emiliano Alvarez,emiliano.alvarez@hotmail.com,5544635779,MTY,2024-04-25,tienda_fisica,1,5556857257,556149,LEG-35931,
1593,Ana Rojas,ana.rojas@outlook.com,5561334640,GDL,01/23/2024,app_movil,false,5559935706,558026,LEG-65127,
1356,Gerardo Jimenez,gerardo.jimenez@novatech.mx,5539614940,TIJUANA,27-01-2024,web,No,5576217879,559180,LEG-28460,
1260,Luis Guerrero,luis.guerrero@novatech.mx,5517862365,GUADALAJARA,10-03-2025,web,TRUE,5589045819,555849,LEG-87956,usr_1260
1507,Ricardo Navarro,ricardo.navarro@hotmail.com,5543653577,LEÓN,28/10/2024,web,0,5588986425,556922,LEG-21338,
1116,Emmanuel Castillo,emmanuel.castillo@gmail.com,5584633535,guadalajara,2025-01-08,app_movil,true,5574821491,551562,LEG-17918,
1456,Samantha Morales,samantha.morales@novatech.mx,5572456916, Mexico D.F. ,2025-01-29,tienda_fisica,0,5571364837,552270,LEG-10519,usr_1456
1832,Emmanuel Delgado,emmanuel.delgado@yahoo.com.mx,5581761191,guadalajara,01/05/2025,web,false,5577632517,557180,LEG-49992,usr_1832
1610,Luis Contreras,luis.contreras@yahoo.com.mx,5557923121,León Gto,19/10/2024,web,1,5581747352,554909,LEG-13670,usr_1610
2021,Briana Rodriguez,briana.rodriguez@gmail.com,5518575153,PUE,2025-04-23,tienda_fisica,Si,5599723821,553514,LEG-91851,usr_1783
819,Diego Pineda,diego.pineda@outlook.com,5598988412,Monterrey,2024-11-01 00:00:00,app_movil,0,5517205047,551575,LEG-56614,
199,Samantha Guerrero,samantha.guerrero@outlook.com,5564734548,CDMX,12 de febrero de 2024,app_movil,true,5595734886,552884,LEG-72043,usr_199
1660,Fernanda Rivera,fernanda.rivera@hotmail.com,5574806540,PUE,2025-08-17,web,No,5530222490,557504,LEG-40220,
91,Oscar Torres,oscar.torres@hotmail.com,5552968504,leon,12-06-2025,tienda_fisica,0,5560998174,552414,LEG-76509,
568,Lorena Bautista,lorena.bautista@hotmail.com,5596931798,guadalajara,06/29/2024,app_movil,Si,5597584444,556046,LEG-95997,
569,Carlos Jimenez,carlos.jimenez@gmail.com,5592231137,tijuana,05-03-2025,app_movil,Si,5567433781,557823,LEG-35995,
1143,Mariana Aguilar,mariana.aguilar@gmail.com,5553618733,Puebla de Zaragoza,29/08/2024,tienda_fisica,false,5526876626,559251,LEG-22378,
2026,sergio campos,sergio.campos@outlook.com,5547751277,Monterrey,2024-08-23,tienda_fisica,true,5578225172,559427,LEG-70154,usr_739
1813,Leticia Mendez,leticia.mendez@outlook.com,5558185989,Monterrey NL,22 de diciembre de 2024,tienda_fisica,0,5527435761,553240,LEG-90218,
856,Lorena Iglesias,lorena.iglesias@gmail.com,5522042121,Cancun,2 de noviembre de 2024,app_movil,No,5517747131,551917,LEG-22290,
1104,Camila Torres,camila.torres@yahoo.com.mx,5549055417,Ciudad de Mexico,06/17/2024,web,0,5542846378,557632,LEG-59780,
1487,Andres Ramirez,andres.ramirez@gmail.com,5579692918,Queretaro,2025-06-08,web,0,5528644348,552777,LEG-31837,
1259,Emmanuel Campos,emmanuel.campos@yahoo.com.mx,5551363270,Monterrey NL,2024-08-26,app_movil,Si,5521883861,557694,LEG-93532,
1234,Ricardo Flores,ricardo.flores@gmail.com,5596405434,Merida,2024-01-25,app_movil,true,5587273245,551814,LEG-64377,
1253,Raul Diaz,raul.diaz@outlook.com,5595667713,tijuana,09-01-2025,web,false,5592847045,554574,LEG-85274,
1600,Lorena Castillo,lorena.castillo@hotmail.com,5560511831,MTY,22-07-2024,tienda_fisica,No,5593342295,551778,LEG-51107,usr_1600
208,Ximena Garcia,ximena.garcia@outlook.com,5523847416,cancun,2024-02-02,web,False,5592865182,553000,LEG-12413,usr_208
679,Luis Ortiz,luis.ortiz@novatech.mx,5526563670,Monterrey NL,2024-10-11,app_movil,false,5515637409,551285,LEG-83387,
123,Luis Herrera,luis.herrera@hotmail.com,5575051044,Ciudad de Mexico,2025-08-21,web,1,5515995153,552377,LEG-18742,
1388,Alonso Perez,alonso.perez@outlook.com,5534153733, Mexico D.F. ,02/16/2024,app_movil,False,5571114441,551979,LEG-56619,usr_1388
1247,Ricardo Solis,ricardo.solis@outlook.com,5542266940,Queretaro,2025-03-19,tienda_fisica,Si,5594722915,559270,LEG-21357,
589,Natalia Hernandez,natalia.hernandez@outlook.com,5534032034,merida,27-02-2024,app_movil,False,5566783864,552146,LEG-35378,
220,Diego Rivera,diego.rivera@outlook.com,5548994163,Leon,21/06/2024,web,TRUE,5594958522,551427,LEG-51531,
630,Oscar Martinez,oscar.martinez@hotmail.com,5550757430,TIJUANA,09/11/2024,web,1,5548956222,556296,LEG-75940,
1402,Guillermo Mendez,guillermo.mendez@hotmail.com,5564505447,MTY,02-12-2024,app_movil,Si,5581248979,555552,LEG-52577,
624,Regina Rojas,regina.rojas@hotmail.com,5528844610,León Gto,2025-05-13,web,False,5578927485,558254,LEG-80367,
1482,Oscar Ramirez,oscar.ramirez@yahoo.com.mx,5529516096,Ciudad de Mexico,2025-08-22,tienda_fisica,false,5534315989,556230,LEG-59910,
1632,Paola Castillo,paola.castillo@gmail.com,5565266150,Leon,15 de enero de 2025,app_movil,No,5530991177,552423,LEG-72094,
1952,Leticia Morales,leticia.morales@gmail.com,5572567699,monterrey,25 de abril de 2025,app_movil,true,5564806869,558049,LEG-79930,usr_1952
484,Natalia Vargas,natalia.vargas@outlook.com,5525674540,Cancun,2025-05-11 00:00:00,app_movil,TRUE,5592402069,553777,LEG-56461,usr_484
1874,Daniela Ruiz,daniela.ruiz@novatech.mx,5526115440,TIJUANA,06/20/2024,app_movil,0,5591353120,552295,LEG-46780,
802,Hector Lozano,hector.lozano@yahoo.com.mx,5538178516,Veracruz,24-09-2024,web,0,5586511553,556451,LEG-17280,usr_802
305,Mariana Lopez,mariana.lopez@gmail.com,5588796013,Mérida,18/11/2024,app_movil,TRUE,5531572303,555553,LEG-25095,
490,Gabriela Contreras,gabriela.contreras@yahoo.com.mx,5517316940,Mérida,2024-04-18,app_movil,TRUE,5597145148,557891,LEG-14933,
1012,Andres Guerrero,andres.guerrero@outlook.com,5555878617,cancun,2025-06-30,app_movil,true,5522993075,558959,LEG-59899,usr_1012
165,Ana Bautista,ana.bautista@gmail.com,5516173145, Mexico D.F. ,04/26/2024,tienda_fisica,true,5538656211,551360,LEG-29317,
1764,Julio Mendez,julio.mendez@outlook.com,5554895246,GUADALAJARA,08-06-2024,web,true,5525217609,557802,LEG-23642,usr_1764
1195,Javier Navarro,javier.navarro@novatech.mx,5538335272,Guadalajara,19 de febrero de 2024,web,true,5582433416,555541,LEG-61307,usr_1195
781,Sergio Aguilar,sergio.aguilar@hotmail.com,5593101337,Guad.,06-01-2024,app_movil,false,5570172682,552084,LEG-23315,
904,Sofia Rendon,sofia.rendon@outlook.com,5518825006,Veracruz,27/04/2024,app_movil,true,5552205556,559321,LEG-65105,
1811,Daniela Alvarez,daniela.alvarez@yahoo.com.mx,5537377325,cancun,8 de mayo de 2024,tienda_fisica,False,5595413072,557501,LEG-40383,
1654,Rodrigo Guerrero,rodrigo.guerrero@novatech.mx,5570976050,CANCÚN,4 de noviembre de 2024,web,Si,5559802675,558295,LEG-11846,usr_1654
1977,Valeria Ramirez,valeria.ramirez@yahoo.com.mx,5540136803,Cancún,13/12/2024,tienda_fisica,False,5528567310,559206,LEG-43402,
214,Mariana Hernandez,mariana.hernandez@outlook.com,5582134199,Guad.,02/04/2024,app_movil,0,5511464453,551945,LEG-29574,usr_214
755,Carlos Herrera,carlos.herrera@yahoo.com.mx,5585724240,Cancun,2024-05-31,tienda_fisica,Si,5512411299,558595,LEG-35272,
1865,Andres Cruz,andres.cruz@outlook.com,5575655569,Merida,02/26/2025,tienda_fisica,1,5599798907,556148,LEG-40241,
1325,Ana Martinez,ana.martinez@yahoo.com.mx,5566846560,tijuana,2025-07-14,tienda_fisica,0,5597968237,552584,LEG-32939,
1745,Emiliano Herrera,emiliano.herrera@novatech.mx,5596799620,Qro.,2024-06-30,app_movil,true,5590622635,557937,LEG-78497,
1499,Paulina Molina,paulina.molina@yahoo.com.mx,5567734486,guadalajara,2024-06-10 00:00:00,tienda_fisica,1,5586002945,558052,LEG-51275,
909,Valeria Gonzalez,valeria.gonzalez@hotmail.com,5575234154,QUERÉTARO,2025-02-19 00:00:00,app_movil,false,5590767126,554099,LEG-56204,usr_909
1404,Luis Reyes,luis.reyes@outlook.com,5590806536,  Veracruz  ,2025-06-27 00:00:00,web,No,5512695880,551307,LEG-89621,
21,Andres Castillo,andres.castillo@hotmail.com,,GDL,18/09/2024,app_movil,TRUE,5536707306,557526,LEG-34022,
1340,Citlali Martinez,citlali.martinez@novatech.mx,5510999451,Veracruz,31/07/2024,app_movil,true,5559107122,557052,LEG-83902,
65,Ricardo Vargas,ricardo.vargas@hotmail.com,5524184691,CDMX,11-06-2024,web,False,5527714003,553425,LEG-73120,usr_65
1869,Alonso Cruz,alonso.cruz@novatech.mx,5569541061,TIJUANA,3 de marzo de 2024,tienda_fisica,False,5514324240,556019,LEG-26671,usr_1869
400,Leticia Morales,leticia.morales@yahoo.com.mx,5547357514,Puebla,2024-01-09 00:00:00,web,1,5553499507,555382,LEG-72956,
444,Lorena Perez,lorena.perez@outlook.com,5566873434,León Gto,2025-07-26,web,1,5532166380,552034,LEG-49983,
1055,Renata Vega,renata.vega@hotmail.com,5591248749,Guadalajara,2024-09-17,web,1,5540489634,556882,LEG-86672,
1243,Briana Rodriguez,briana.rodriguez@yahoo.com.mx,5540626427,queretaro,12-04-2024,tienda_fisica,1,5589693093,557770,LEG-83973,usr_1243
1256,Octavio Lopez,octavio.lopez@outlook.com,5580252277,Leon,08/22/2025,app_movil,No,5583192893,557015,LEG-45177,usr_1256
1028,Daniela Rendon,daniela.rendon@yahoo.com.mx,5537283948,Merida,18/11/2024,tienda_fisica,1,5514491876,554398,LEG-51120,
108,Lorena Contreras,lorena.contreras@novatech.mx,5530936601,TIJUANA,2024-05-10,app_movil,No,5572278077,555298,LEG-95932,
45,Fernanda Lopez,fernanda.lopez@gmail.com,5528336836,PUE,2024-02-14,tienda_fisica,TRUE,5543041887,552075,LEG-54893,
1627,Alejandra Gonzalez,alejandra.gonzalez@yahoo.com.mx,5585822385,LEÓN,2025-06-18,app_movil,0,5589076679,551990,LEG-88519,
1734,Ana Reyes,ana.reyes@gmail.com,5553988011,MTY,2024-04-25 00:00:00,web,true,5557457915,557095,LEG-91866,usr_1734
1219,Oscar Mendez,oscar.mendez@hotmail.com,5589789155,Puebla,3 de junio de 2025,tienda_fisica,Si,5540044721,557512,LEG-50327,
251,Guillermo Iglesias,guillermo.iglesias@outlook.com,5597424007,  Veracruz  ,2025-07-22 00:00:00,tienda_fisica,TRUE,5570726385,558850,LEG-22658,
556,Samantha Cardona,samantha.cardona@novatech.mx,5535059691,leon,8 de abril de 2025,web,Si,5527435129,559142,LEG-66272,usr_556
1909,Sofia Alvarez,sofia.alvarez@gmail.com,5526356062,Mérida,30 de julio de 2024,tienda_fisica,TRUE,5530954345,557921,LEG-76512,
901,Leandro Alvarez,leandro.alvarez@gmail.com,5586092137,Tijuana,03/08/2024,tienda_fisica,TRUE,5542225462,552898,LEG-74222,
418,Javier Contreras,javier.contreras@yahoo.com.mx,5557516768,Monterrey NL,13/07/2024,app_movil,0,5594098234,556387,LEG-68757,usr_418
284,Raul Martinez,raul.martinez@gmail.com,5584331400,guadalajara,14-05-2025,web,1,5554924899,555459,LEG-55171,usr_284
684,Lorena Castillo,lorena.castillo@yahoo.com.mx,5556558149,merida,2024-09-07,tienda_fisica,0,5554636472,559502,LEG-81146,
1135,Citlali Hernandez,citlali.hernandez@novatech.mx,5579563995,León Gto,2025-08-05,web,false,5580288302,555380,LEG-96405,
1213,Julio Iglesias,julio.iglesias@outlook.com,5527324503,Cancun,2024-05-04,app_movil,False,5584785817,551392,LEG-46047,
1713,Ernesto Pineda,ernesto.pineda@yahoo.com.mx,5592344463,puebla,2025-04-30,app_movil,false,5528692135,559183,LEG-93839,
488,Andres Garcia,andres.garcia@outlook.com,5531534962,Qro.,2 de mayo de 2024,tienda_fisica,1,5533431207,552171,LEG-31838,usr_488
1326,Regina Navarro,regina.navarro@gmail.com,5516192251,veracruz,31/07/2025,tienda_fisica,1,5519155242,559790,LEG-11688,
2034,Rodrigo Lozano,rodrigo.lozano@gmail.com,5575046788,Queretaro,2025-02-09,app_movil,False,5546819941,553046,LEG-13887,
2033,Citlali Hernandez,citlali.hernandez@yahoo.com.mx,5584657827,queretaro,2024-04-27,web,true,5595791512,551518,LEG-77685,
1527,Norma Pineda,norma.pineda@hotmail.com,5532551369,Leon,4 de febrero de 2024,tienda_fisica,false,5566368966,557951,LEG-35878,
852,Hector Vega,hector.vega@hotmail.com,5516827345,QUERÉTARO,03/16/2024,app_movil,False,5528238641,551557,LEG-63776,
317,Mariana Aguilar,mariana.aguilar@hotmail.com,5512777318,GDL,2025-04-21,app_movil,false,5535983684,559167,LEG-60825,
1877,Javier Campos,javier.campos@outlook.com,5597276308,Cancún,23 de enero de 2025,tienda_fisica,0,5584281870,557205,LEG-49298,
257,Guillermo Contreras,guillermo.contreras@novatech.mx,5569178372,veracruz,2024-09-24,web,true,5559742995,559042,LEG-36893,usr_257
1643,Raul Mendez,raul.mendez@novatech.mx,5543992952,veracruz,2025-04-21 00:00:00,app_movil,No,5516656312,555310,LEG-53061,
701,Rodrigo Mendez,rodrigo.mendez@gmail.com,5510092489,Tijuana,27-05-2024,web,No,5595258964,553253,LEG-79979,
1074,Hector Iglesias,hector.iglesias@yahoo.com.mx,5590148756,cancun,2025-07-27,tienda_fisica,Si,5598334425,551592,LEG-35946,usr_1074
1955,Octavio Rodriguez,octavio.rodriguez@hotmail.com,5515418904,Guadalajara,03/07/2025,app_movil,TRUE,5591539291,555274,LEG-24512,
1257,Briana Campos,briana.campos@novatech.mx,5544771394,veracruz,2025-01-12,tienda_fisica,false,5521405050,557097,LEG-18356,
958,Rodrigo Navarro,rodrigo.navarro@gmail.com,5596326598,Puebla de Zaragoza,16-05-2025,tienda_fisica,TRUE,5531792723,554575,LEG-70185,
1418,Fernanda Martinez,fernanda.martinez@gmail.com,5510802680,PUE,2025-08-01,web,Si,5590032932,558782,LEG-10319,
