id_detalle,id_pedido,id_producto,cantidad,precio_unitario,descuento,estanteria_almacen,serial_interno_caja,estatus_devolucion_bruto
3881,2620,420,-3,$181,0,P10-F6,CJ96684,sin_devolucion
297,1578,409,3,13699.12 MXN,854.97,P23-F6,CJ27293,sin_devolucion
2490,3727,324,7,$4902.47,0,P26-F2,CJ10475,sin_devolucion
1941,1170,470,8,$611,,P30-F3,CJ22755,sin_devolucion
3695,3146,229,6,843.37,148.64,P5-F6,CJ10686,
262,2298,219,3,$404,48.82,P1-F5,CJ72554,
3112,3050,113,2,24816.71,1940.3,P2-F2,CJ23941,
4460,1013,222,5,"5707,81",0,P34-F4,CJ71592,sin_devolucion
2964,789,222,8,5707.81 MXN,0,P26-F5,CJ71851,sin_devolucion
742,2649,54,1,  65038.31  ,4252.78,P10-F5,CJ13717,
3606,2901,233,8,1137.67 MXN,63.58,P35-F6,CJ29068,sin_devolucion
53,1925,437,7,2181.84,426.0,P25-F4,CJ82050,
3539,2259,337,-3,"15431,18",0,P28-F3,CJ29952,sin_devolucion
987,1618,20,3,"$48,420",3236.18,P11-F4,CJ39133,sin_devolucion
1728,3015,140,1,23235.91,0,P1-F6,CJ56663,
3760,2020,32,7,"56222,67",-2811.13,P31-F4,CJ57740,sin_devolucion
1013,151,284,8,$704,26%,P20-F5,CJ59132,
720,407,509,3,603.92,73.9,P4-F6,CJ92185,
2636,2653,218,1,$2497.50,509.43,P8-F1,CJ91878,
3590,2474,482,3,1201.93,0,P26-F3,CJ89178,
3117,708,593,5,"2171,89",204.46,P16-F1,CJ69475,
4475,1010,467,6,"841,05",,P25-F1,CJ83468,
3799,1309,215,1,  1216.35  ,21%,P24-F5,CJ32251,
3230,955,442,8,$803.35,119.2,P2-F4,CJ72497,
282,2384,324,7,  4902.47  ,1153.44,P2-F4,CJ87291,sin_devolucion
1720,2638,54,3,$65038.31,5993.15,P9-F4,CJ67539,
792,1381,134,6,"$3,973",,P24-F5,CJ88254,
78,823,429,6,  402.84  ,0,P10-F1,CJ47550,
1679,2998,531,1,"$2,414",0,P40-F3,CJ33519,
554,628,367,3,"2279,64",,P24-F2,CJ91836,
3857,2403,583,2,4356.58,1084.14,P40-F5,CJ97797,
2618,3297,465,4,1413.81,N/A,P25-F1,CJ23984,
1995,3561,434,4,  2492.65  ,N/A,P9-F1,CJ12061,
650,3900,605,1,741.12,-37.06,P7-F6,CJ60750,
3726,658,237,3,904.98,,P30-F6,CJ56680,
4276,3114,54,3,  65038.31  ,15%,P38-F5,CJ60126,sin_devolucion
4177,2674,29,8,$16972.54,,P2-F6,CJ11422,
4373,3368,101,1,$36744.16,-1837.21,P13-F4,CJ50442,
2903,1487,362,,  20003.47  ,N/A,P23-F3,CJ29154,
2782,1151,236,3,"3329,05",-166.45,P29-F5,CJ51582,
3666,3060,351,4,$2168.74,193.95,P19-F1,CJ71887,sin_devolucion
2366,573,147,,"8671,49",0,P12-F4,CJ51233,
3659,3261,500,4,"2257,03",N/A,P10-F5,CJ90851,sin_devolucion
1107,3436,482,5,$1201.93,23%,P23-F2,CJ48913,
3289,209,335,5,18537.78,,P32-F3,CJ82609,
512,193,313,2,"$22,303",0,P27-F4,CJ54208,
3416,224,5,2,  26069.66  ,4706.75,P5-F4,CJ30253,
1124,298,490,2,  701.76  ,21%,P19-F2,CJ31305,
2277,1840,59,-1,$31948.64,,P37-F6,CJ99465,sin_devolucion
1298,1608,549,7,$3539.57,-176.98,P21-F4,CJ21048,
3074,1191,380,-3,25375.31 MXN,,P33-F3,CJ36921,sin_devolucion
2182,2595,520,5,$3360.51,309.24,P22-F4,CJ68651,
2274,3501,11,N/A,13708.49 MXN,,P37-F5,CJ11433,
1647,487,230,3,"$2,364",5%,P5-F4,CJ66897,
2133,779,220,2,  4307.38  ,704.43,P29-F4,CJ74898,sin_devolucion
181,171,11,7,13708.49,0,P1-F1,CJ70257,
1481,2850,421,6,"863,95",137.75,P21-F5,CJ90754,
911,50,113,3,"$24,817",,P16-F2,CJ97355,
3312,1305,150,3,4357.07 MXN,N/A,P14-F2,CJ73339,
1352,2596,323,2,  2463.84  ,0,P11-F5,CJ94602,
1075,1469,537,8,2027.40,21%,P28-F3,CJ92157,sin_devolucion
4510,1850,510,4,$307.04,37.49,P12-F5,CJ30315,
1154,2101,271,4,7591.04,,P33-F2,CJ94387,
1521,1436,379,6,$2571.64,N/A,P36-F6,CJ22657,
2216,229,58,2,  65036.76  ,8063.89,P29-F6,CJ79683,
848,2813,544,4,"13372,76",6%,P19-F1,CJ81006,
944,1906,601,0,"$2,666",11%,P13-F6,CJ98208,sin_devolucion
377,3269,10,5,  17123.45  ,0,P34-F5,CJ47273,
74,1182,90,6,$55867.02,-2793.35,P18-F2,CJ58980,
3108,1365,219,6,$404,30%,P21-F2,CJ62411,
3754,1963,586,5,"17660,57",2088.88,P24-F1,CJ23925,sin_devolucion
4120,3581,349,5,"8218,80",1351.14,P17-F4,CJ18574,
3401,3176,192,1,4268.11 MXN,0,P16-F5,CJ49850,
2593,2590,584,3,"14346,48",0,P37-F2,CJ10198,
1280,2352,184,3,"$14,526",0,P16-F4,CJ56693,
1925,1898,313,6,"$22,303",,P1-F5,CJ11249,
1709,1876,377,3,3602.74,-180.14,P28-F3,CJ40598,sin_devolucion
1778,2045,901,6,"$10,558",1860.44,P27-F1,CJ69505,sin_devolucion
2510,234,299,-2,  1600.51  ,-80.03,P8-F5,CJ23051,
358,820,373,8,"20620,17",1182.0,P10-F3,CJ88345,
36,1815,236,6,3329.05,-166.45,P19-F1,CJ37676,sin_devolucion
1838,3554,294,5,"755,89",,P20-F1,CJ66329,sin_devolucion
835,3512,349,1,  8218.80  ,0,P6-F4,CJ99527,
1047,3321,31,0,$38226.13,0,P8-F2,CJ86382,
2146,500,155,8,36068.08 MXN,7445.71,P35-F6,CJ92034,sin_devolucion
3570,1638,324,999,4902.47 MXN,-245.12,P7-F6,CJ90503,
382,2192,489,1,"722,97",15%,P32-F3,CJ50392,sin_devolucion
3235,2877,267,1,"$7,521",-376.03,P8-F4,CJ81319,sin_devolucion
537,307,25,6,"44064,36",8688.21,P2-F3,CJ55480,
1710,2951,260,3,644.34 MXN,121.02,P38-F5,CJ40772,sin_devolucion
2638,3294,475,5,2554.85 MXN,N/A,P8-F6,CJ64201,sin_devolucion
2920,340,219,3,$403.99,0,P5-F5,CJ29464,
2916,3182,219,5,  403.99  ,-20.2,P28-F1,CJ11547,
161,1326,309,2,579.38 MXN,,P1-F2,CJ84078,sin_devolucion
1418,3735,314,3,15052.07 MXN,N/A,P24-F2,CJ82225,sin_devolucion
3033,523,147,,8671.49,,P30-F2,CJ75531,
3441,1936,516,6,1869.02,,P7-F6,CJ51036,
183,759,208,6,3669.04 MXN,N/A,P10-F4,CJ34327,sin_devolucion
2665,3072,498,5,"943,07",0,P33-F5,CJ39603,
16,2580,266,3,"2657,04",250.14,P8-F3,CJ68423,
4356,2418,453,8,"1833,28",385.28,P15-F3,CJ45194,
3237,2010,388,5,$5732.64,778.9,P30-F6,CJ76978,
244,3308,359,8,  16986.90  ,-849.35,P5-F4,CJ89239,
1898,2097,275,3,2036.34,-101.82,P24-F5,CJ83614,
232,654,119,7,"$5,868",0,P2-F2,CJ56368,sin_devolucion
710,2967,484,6,$491.44,-24.57,P22-F5,CJ84748,
2714,2401,586,7,17660.57 MXN,3865.27,P33-F1,CJ65382,sin_devolucion
2523,1630,295,2,"2244,90",5%,P11-F6,CJ95738,sin_devolucion
2572,3446,467,2,"841,05",N/A,P13-F1,CJ94121,
1789,221,380,3,  25375.31  ,-1268.77,P35-F3,CJ72682,sin_devolucion
1605,17,25,3,  44064.36  ,0,P24-F3,CJ76968,sin_devolucion
2473,3299,509,N/A,  603.92  ,,P14-F2,CJ38375,sin_devolucion
1182,3016,307,1,1429.76 MXN,-71.49,P2-F1,CJ48967,
428,1079,386,7,$15529.88,,P8-F5,CJ38957,sin_devolucion
2410,2840,280,7,"$5,190",478.68,P1-F2,CJ35161,
3194,1193,146,2,7276.84 MXN,0,P29-F6,CJ46236,
2512,86,309,1,579.38,71.89,P17-F1,CJ47671,
870,364,10,,"17123,45",,P30-F2,CJ94442,
2105,1402,165,8,$8728.22,-436.41,P33-F5,CJ30661,
2942,2241,5,8,"26069,66",5905.3,P24-F4,CJ45176,
4158,2155,373,,  20620.17  ,,P3-F3,CJ51616,
1382,566,601,N/A,  2666.31  ,30%,P13-F1,CJ94982,
3062,2244,367,5,$2279.64,,P34-F4,CJ61671,
4592,546,366,4,  5166.06  ,573.17,P8-F4,CJ95016,sin_devolucion
3120,711,236,N/A,3329.05 MXN,N/A,P26-F6,CJ15377,sin_devolucion
805,583,510,2,"307,04",0,P20-F1,CJ97624,
2627,2653,3,5,"$16,901",0,P40-F2,CJ82390,
2511,1404,562,5,"7816,25",-390.81,P2-F1,CJ54448,sin_devolucion
2293,2456,484,2,$491.44,-24.57,P26-F4,CJ51761,
3772,1182,505,,$1346.46,234.03,P20-F6,CJ67926,sin_devolucion
3860,3170,414,1,27836.07,N/A,P2-F4,CJ66731,sin_devolucion
4024,343,414,8,  27836.07  ,N/A,P33-F6,CJ42130,
24,377,6,4,  26395.60  ,1660.43,P5-F5,CJ99683,
20,3118,590,3,2112.02 MXN,-105.6,P20-F3,CJ87537,sin_devolucion
3948,2362,302,3,"2861,27",411.76,P9-F3,CJ32062,
385,1939,299,4,$1600.51,,P8-F6,CJ55550,
2514,113,325,4,24602.67,,P29-F1,CJ47586,
2724,2225,544,1,13372.76 MXN,,P10-F3,CJ48043,
3497,1353,382,7,"2447,27",-122.36,P26-F5,CJ22712,
791,539,405,1,"$26,381",-1319.05,P38-F5,CJ92250,
2258,152,573,4,2616.22,464.39,P26-F4,CJ54291,
2984,3038,204,6,17470.25,3930.13,P19-F5,CJ90368,
3004,902,396,5,  4864.14  ,,P7-F2,CJ36151,sin_devolucion
3966,1911,146,-4,7276.84 MXN,646.45,P19-F2,CJ90347,
1438,3081,163,3,34985.40,-1749.27,P36-F4,CJ11632,
1161,1111,557,2,700.10 MXN,18%,P4-F5,CJ82512,
1034,1144,216,1,  1493.81  ,-74.69,P33-F5,CJ24271,
3875,2032,19,7,$52611.56,4266.38,P10-F4,CJ26834,
501,2108,148,7,$9601.21,26%,P28-F4,CJ31765,sin_devolucion
3086,1469,471,2,  615.80  ,65.92,P35-F2,CJ16853,sin_devolucion
3256,342,129,7,"$24,144",N/A,P10-F4,CJ41130,sin_devolucion
3221,1700,210,3,"1643,04",333.4,P32-F2,CJ10897,
3898,1033,137,7,  42000.00  ,21%,P11-F4,CJ92632,sin_devolucion
1476,1610,314,8,  15052.07  ,-752.6,P4-F3,CJ44542,sin_devolucion
4009,1494,487,6,"$1,141",-57.05,P7-F6,CJ11808,
2836,3372,165,7,  8728.22  ,0,P34-F4,CJ69963,sin_devolucion
311,1465,241,3,432.19,90.58,P20-F6,CJ11876,
941,1230,52,2,$38900.13,3898.26,P21-F6,CJ71277,sin_devolucion
1339,1638,373,6,20620.17,N/A,P3-F2,CJ81561,sin_devolucion
3217,3308,90,2,"55867,02",27%,P24-F1,CJ28924,
3080,2692,236,3,"3329,05",275.54,P21-F5,CJ19348,sin_devolucion
1166,98,566,7,"$7,866",1067.56,P7-F4,CJ26345,
2100,366,21,-2,"$41,666",-2083.28,P29-F5,CJ20923,sin_devolucion
1640,2707,76,2,"18729,75",N/A,P32-F6,CJ28606,
4511,200,27,4,26993.41 MXN,0,P21-F5,CJ32944,sin_devolucion
3841,2959,344,4,8737.86 MXN,1512.24,P27-F2,CJ41027,sin_devolucion
1325,3281,560,5,"4585,28",-229.26,P26-F2,CJ32473,sin_devolucion
890,1750,499,1,"938,22",226.84,P22-F3,CJ18748,sin_devolucion
2745,1234,255,7,9337.11,-466.86,P11-F1,CJ57875,sin_devolucion
235,1800,196,1,  6746.66  ,,P11-F4,CJ97278,
1619,2112,50,8,  22069.52  ,-1103.48,P38-F1,CJ94706,
4167,1661,547,2,$622.58,,P13-F4,CJ11722,
2339,1925,242,3,  975.73  ,-48.79,P12-F4,CJ69272,
585,2624,402,5,"5207,91",934.03,P9-F3,CJ96710,sin_devolucion
4535,3385,490,3,701.76,-35.09,P32-F1,CJ11468,sin_devolucion
2394,2287,510,7,307.04,,P29-F3,CJ28925,sin_devolucion
3488,3306,414,6,  27836.07  ,5499.92,P5-F6,CJ19899,
1067,2820,573,3,  2616.22  ,-130.81,P16-F3,CJ18958,
4457,1719,323,5,$2463.84,191.0,P7-F1,CJ22788,sin_devolucion
2219,3142,357,3,  11859.71  ,14%,P1-F4,CJ16415,
3005,1104,314,5,$15052.07,28%,P34-F6,CJ81418,sin_devolucion
4271,2547,47,-2,18423.86,15%,P30-F4,CJ49330,
3444,1067,24,8,30772.59,3243.99,P25-F3,CJ54589,sin_devolucion
2952,2546,267,7,  7520.58  ,0,P27-F6,CJ17037,
3203,247,65,6,"15736,34",2159.39,P39-F1,CJ79841,
587,813,514,4,  244.13  ,,P21-F6,CJ60195,
735,2504,245,8,3654.56,,P36-F6,CJ37254,
975,337,90,2,55867.02,13766.79,P16-F3,CJ37609,sin_devolucion
3684,929,214,5,412.88 MXN,20%,P26-F2,CJ32142,
2299,1016,236,7,  3329.05  ,0,P5-F1,CJ36501,
2666,3345,326,4,10465.54 MXN,-523.28,P34-F2,CJ66584,sin_devolucion
3342,506,605,8,"741,12",105.99,P5-F2,CJ97495,
663,15,102,5,27579.79 MXN,N/A,P15-F2,CJ59603,sin_devolucion
598,594,522,3,1520.34,15%,P3-F4,CJ92895,
1066,2367,295,8,2244.90 MXN,226.21,P28-F4,CJ78707,sin_devolucion
3286,1700,281,6,2873.68,0,P2-F3,CJ23220,
3003,3281,245,1,"3654,56",-182.73,P8-F2,CJ82529,sin_devolucion
4528,277,445,8,  716.79  ,0,P8-F5,CJ54486,sin_devolucion
696,1430,211,7,2399.20,-119.96,P25-F1,CJ29668,
2145,1593,529,8,2494.40 MXN,25%,P5-F2,CJ19043,
3226,1759,245,1,  3654.56  ,264.52,P9-F5,CJ88761,sin_devolucion
114,3502,158,2,4265.11,0,P6-F6,CJ91758,
1084,723,445,999,716.79,15%,P28-F5,CJ23920,
498,1453,329,4,$2798.95,543.08,P9-F1,CJ17353,
3017,2254,172,5,  3632.94  ,,P24-F6,CJ14449,sin_devolucion
2025,346,387,0,"4885,24",0,P4-F2,CJ67554,
787,1629,324,1,$4902.47,0,P13-F3,CJ33527,sin_devolucion
2858,2153,372,6,7389.10,N/A,P18-F6,CJ55622,sin_devolucion
319,777,398,,2143.84,-107.19,P29-F2,CJ97322,
1509,2901,421,2,863.95 MXN,63.97,P33-F4,CJ35087,
1017,1878,5,8,$26069.66,-1303.48,P12-F1,CJ53598,
2940,3029,399,7,26570.51,3507.18,P39-F5,CJ50500,
3825,2938,354,3,$8202.98,1158.55,P29-F5,CJ89882,sin_devolucion
574,449,101,4,36744.16,-1837.21,P4-F3,CJ14796,sin_devolucion
286,2159,49,1,"51081,62",2982.17,P27-F2,CJ93063,
2597,2370,268,8,$552,,P35-F3,CJ12886,
2089,1061,281,5,"$2,874",-143.68,P26-F5,CJ10821,
1690,2273,509,3,"603,92",N/A,P7-F1,CJ28059,
839,1563,158,5,"$4,265",1043.65,P26-F3,CJ49294,sin_devolucion
915,3520,200,8,"4786,57",13%,P13-F4,CJ35903,sin_devolucion
2203,1154,291,8,$440,N/A,P5-F2,CJ46949,
4391,3115,141,8,"4045,73",-202.29,P34-F6,CJ59927,sin_devolucion
165,2453,47,3,18423.86 MXN,3867.73,P8-F2,CJ17590,
3507,341,354,3,  8202.98  ,0,P2-F3,CJ60141,
3075,3806,482,7,"1201,93",124.77,P33-F5,CJ23077,
3584,1145,219,1,403.99,70.41,P34-F2,CJ17838,
595,3514,196,5,6746.66 MXN,1538.62,P25-F4,CJ32048,sin_devolucion
1657,514,444,2,"389,88",-19.49,P21-F3,CJ68878,
1788,448,598,3,3274.73 MXN,14%,P26-F5,CJ52938,
409,3580,334,1,2210.00 MXN,372.21,P33-F3,CJ70063,
683,341,205,0,28895.45 MXN,,P26-F3,CJ13866,
1541,1819,169,-5,  4684.61  ,13%,P38-F3,CJ11570,sin_devolucion
15,2864,547,0,622.58 MXN,118.13,P7-F4,CJ67566,sin_devolucion
1940,1686,492,-1,"$3,107",25%,P33-F1,CJ23603,sin_devolucion
4406,654,9,dos,27655.76 MXN,6585.41,P11-F6,CJ99772,sin_devolucion
3769,2633,176,3,"5435,69",7%,P24-F2,CJ10940,sin_devolucion
2804,3557,192,8,  4268.11  ,-213.41,P38-F2,CJ50157,sin_devolucion
95,1733,510,6,"307,04",-15.35,P29-F6,CJ13287,
2854,2873,219,5,$403.99,,P38-F3,CJ47094,
4437,1103,401,7,  11640.28  ,676.67,P14-F6,CJ50509,
2130,108,128,0,  29282.83  ,-1464.14,P23-F1,CJ64887,
2064,1661,81,2,33449.39,N/A,P34-F6,CJ23160,
3625,3416,330,3,$7517.64,542.35,P29-F1,CJ66766,sin_devolucion
670,3534,375,7,5026.26 MXN,10%,P4-F6,CJ50947,
2287,1620,391,2,11122.21,707.62,P16-F2,CJ88996,
4069,2792,356,1,10557.55 MXN,-527.88,P32-F5,CJ91194,
2166,1520,314,3,$15052.07,2446.11,P13-F5,CJ67264,
31,3305,242,3,975.73 MXN,15%,P40-F6,CJ39001,sin_devolucion
1098,285,572,7,$650,0,P30-F5,CJ35835,
3042,2696,149,8,$27409.46,24%,P33-F2,CJ67704,
972,687,324,2,"$4,902",20%,P15-F1,CJ75593,sin_devolucion
2283,788,47,0,18423.86,28%,P15-F5,CJ95703,sin_devolucion
4348,397,598,6,3274.73,622.8,P14-F4,CJ77384,sin_devolucion
208,406,330,8,$7517.64,29%,P15-F4,CJ42943,
507,1451,526,0,7635.84 MXN,0,P36-F2,CJ58731,
2954,2411,432,7,236.92,0,P3-F5,CJ66484,
3264,2087,385,6,"1800,00",0,P11-F5,CJ19008,
3910,1737,415,2,$1413.02,-70.65,P39-F6,CJ93686,sin_devolucion
3389,1445,195,0,"$5,465",0,P23-F1,CJ67828,sin_devolucion
2104,980,64,3,13895.81 MXN,,P4-F1,CJ14885,sin_devolucion
814,2737,312,2,$2695.52,139.97,P1-F5,CJ89543,sin_devolucion
1721,3308,321,7,$2793.78,7%,P37-F5,CJ33695,sin_devolucion
131,289,378,5,8469.68 MXN,0,P10-F5,CJ75459,
3140,1516,352,4,17190.19 MXN,20%,P18-F1,CJ36360,
1897,314,219,6,  403.99  ,73.27,P7-F2,CJ48674,sin_devolucion
3098,2702,113,8,  24816.71  ,2010.24,P8-F2,CJ48142,
2824,279,14,4,  28475.90  ,25%,P9-F1,CJ21184,
3294,1477,526,3,  7635.84  ,1494.57,P39-F4,CJ29530,
3693,1931,547,6,  622.58  ,,P32-F5,CJ75347,
2182,2595,520,5,$3360.51,309.24,P22-F4,CJ68651,
2391,2886,300,1,  1629.59  ,-81.48,P4-F4,CJ84726,
1770,1620,45,1,"$45,333",6183.65,P4-F4,CJ48663,
4599,3262,159,2,$3901.05,-195.05,P4-F1,CJ61872,
4513,2246,270,,874.94 MXN,-43.75,P1-F4,CJ33673,
4199,3086,27,5,$26993.41,5804.83,P28-F5,CJ75834,sin_devolucion
3556,2674,165,3,8728.22 MXN,0,P3-F1,CJ94194,
1410,3187,123,2,"$18,645",-932.25,P38-F1,CJ13401,
1765,1044,69,3,"33168,84",0,P37-F4,CJ53327,sin_devolucion
687,502,535,2,"2210,07",0,P29-F3,CJ21427,
105,2388,300,7,"$1,630",-81.48,P21-F2,CJ84809,sin_devolucion
4082,3225,369,6,$8683.55,0,P23-F1,CJ69311,sin_devolucion
4131,2299,218,3,$2497.50,298.01,P13-F3,CJ36188,
3641,3367,307,4,"1429,76",0,P4-F3,CJ73169,
838,475,529,7,"2494,40",0,P12-F6,CJ15692,sin_devolucion
217,1025,51,8,68000.00 MXN,12422.91,P8-F4,CJ64915,sin_devolucion
1398,1653,112,3,10289.22 MXN,1435.66,P29-F3,CJ14476,
679,1631,405,4,26380.91,-1319.05,P3-F5,CJ24688,
3298,2970,322,3,$5883.98,1440.03,P14-F4,CJ69546,sin_devolucion
2262,1537,519,-2,2234.16,224.96,P9-F2,CJ43082,
2185,1513,490,8,$702,0,P37-F1,CJ64677,
1655,1039,552,N/A,6261.42,,P23-F2,CJ54388,
4439,3306,498,5,"943,07",,P12-F6,CJ22044,
3664,1311,90,2,"55867,02",12438.73,P10-F1,CJ59283,sin_devolucion
1118,206,392,5,"16781,48",,P32-F6,CJ53264,
1309,1812,177,1,$25698.47,-1284.92,P37-F4,CJ33673,
1498,629,159,2,"$3,901",352.85,P21-F1,CJ58131,
1793,559,531,5,  2414.15  ,N/A,P11-F4,CJ41312,
2172,2583,303,8,"$4,986",24%,P8-F4,CJ55851,
565,1906,14,0,  28475.90  ,0,P31-F6,CJ61894,
2831,3218,246,5,"639,20",91.41,P27-F6,CJ72957,
2264,350,41,,"49158,25",4288.67,P6-F3,CJ50422,sin_devolucion
2682,1572,485,2,$3397.59,415.78,P12-F1,CJ32906,sin_devolucion
4247,2008,90,5,"55867,02",-2793.35,P36-F4,CJ43381,
258,420,90,8,55867.02,-2793.35,P5-F5,CJ69240,
3358,2776,343,0,"19021,91",N/A,P4-F6,CJ74290,
4272,2685,384,2,  10968.12  ,14%,P25-F6,CJ27042,sin_devolucion
1142,178,291,7,$439.93,10%,P38-F5,CJ70306,
3529,1776,236,6,3329.05,N/A,P1-F2,CJ65068,
4010,1907,266,7,"2657,04",-132.85,P18-F3,CJ24140,
2415,1801,216,dos,  1493.81  ,119.38,P21-F2,CJ91486,
723,2800,330,5,"$7,518",10%,P37-F6,CJ54498,
1140,366,170,2,"20780,00",4656.32,P3-F5,CJ48922,
1141,349,214,4,412.88,,P40-F2,CJ81244,
1219,2923,424,2,"1995,03",17%,P17-F2,CJ67361,
2543,722,5,6,26069.66 MXN,,P22-F2,CJ66801,
2074,655,544,dos,  13372.76  ,3173.17,P20-F4,CJ31080,
3293,3463,327,2,$14660.89,0,P3-F5,CJ50811,
4428,1174,599,8,"$1,634",378.34,P7-F6,CJ98507,sin_devolucion
3847,32,92,999,29022.84 MXN,2934.28,P36-F4,CJ94703,
83,61,484,5,491.44,0,P24-F4,CJ69929,sin_devolucion
3022,2197,43,2,$13400.48,2741.68,P1-F2,CJ71651,
186,447,323,7,$2463.84,20%,P27-F1,CJ97804,
3517,2881,242,5,"975,73",6%,P28-F3,CJ43465,sin_devolucion
1329,3257,268,4,$552,,P21-F1,CJ76912,
3819,2491,294,3,"755,89",0,P20-F5,CJ34085,
891,1982,597,2,"1471,53",-73.58,P15-F2,CJ83101,
367,2671,592,1,1728.59,N/A,P38-F1,CJ46922,
3030,2737,90,8,  55867.02  ,16%,P11-F1,CJ55335,
443,376,574,6,11070.22 MXN,736.93,P23-F5,CJ83338,
3884,1185,432,5,  236.92  ,-11.85,P35-F5,CJ89824,
2933,279,291,-4,439.93 MXN,-22.0,P27-F5,CJ31103,
4262,1390,395,2,$11207.81,13%,P17-F2,CJ67519,
2535,3296,344,6,8737.86,,P1-F2,CJ53498,
3104,502,187,7,"15407,88",1099.68,P31-F3,CJ18022,sin_devolucion
4100,1821,149,6,"27409,46",11%,P24-F5,CJ79834,
2776,60,321,6,2793.78,-139.69,P21-F1,CJ68869,
4195,1220,54,6,$65038.31,,P10-F1,CJ13823,
2534,3207,236,4,$3329.05,-166.45,P28-F1,CJ50279,
3181,3267,351,2,$2168.74,0,P23-F4,CJ81492,
66,3435,242,6,  975.73  ,,P27-F5,CJ68793,sin_devolucion
2850,3088,196,1,"$6,747",-337.33,P20-F6,CJ31028,sin_devolucion
3911,1627,215,6,"1216,35",0,P6-F5,CJ83025,sin_devolucion
4149,1544,295,1,$2244.90,,P9-F3,CJ10848,sin_devolucion
692,715,592,3,"1728,59",7%,P3-F5,CJ77305,
1169,2081,475,7,$2554.85,195.16,P27-F5,CJ64284,sin_devolucion
552,1212,360,8,  13154.00  ,0,P14-F2,CJ48941,
3888,512,5,6,"26069,66",0,P8-F5,CJ39397,
464,620,319,2,3774.97,928.01,P38-F4,CJ20090,
224,120,255,2,  9337.11  ,1524.85,P15-F6,CJ26101,
4508,934,235,2,1119.56 MXN,93.93,P19-F3,CJ84077,sin_devolucion
3750,27,224,5,  3092.44  ,209.61,P13-F6,CJ30965,
3459,403,414,4,  27836.07  ,N/A,P12-F2,CJ32806,sin_devolucion
672,1421,235,3,  1119.56  ,99.54,P8-F5,CJ19543,sin_devolucion
2983,2258,245,7,  3654.56  ,812.07,P34-F2,CJ12889,sin_devolucion
4101,2357,294,6,755.89,18%,P31-F2,CJ85398,
3767,2033,204,6,17470.25,3291.57,P31-F5,CJ56359,sin_devolucion
1753,665,410,3,2824.30 MXN,185.85,P29-F2,CJ47933,sin_devolucion
4526,2740,435,-4,235.67 MXN,-11.78,P30-F4,CJ33555,
2990,2377,300,8,"$1,630",,P34-F6,CJ85160,
4379,126,461,3,  3021.14  ,0,P26-F3,CJ81047,sin_devolucion
706,1207,300,4,"1629,59",0,P28-F2,CJ49546,
4349,1265,317,5,"$4,958",721.21,P24-F3,CJ28976,sin_devolucion
177,3048,444,6,  389.88  ,-19.49,P38-F4,CJ90786,
3334,50,404,5,"$6,531",,P12-F5,CJ73187,sin_devolucion
3241,533,277,3,$7528.53,0,P38-F1,CJ93569,
3530,3537,424,7,"$1,995",0,P40-F4,CJ36202,sin_devolucion
577,3346,296,4,2185.34 MXN,303.65,P18-F2,CJ42686,
1685,513,595,8,13669.45 MXN,-683.47,P15-F5,CJ28490,sin_devolucion
930,2415,542,4,"7389,25",-369.46,P16-F5,CJ82597,
2054,2648,399,8,$26570.51,0,P23-F2,CJ11031,sin_devolucion
3103,478,592,2,"$1,729",354.58,P13-F3,CJ45398,
1267,299,314,5,$15052.07,757.11,P29-F3,CJ58143,
1442,2987,90,0,55867.02 MXN,19%,P37-F4,CJ74105,
2826,3012,389,5,3131.91,-156.6,P37-F2,CJ70970,sin_devolucion
1557,2829,505,7,"$1,346",172.4,P35-F2,CJ29256,
1308,1948,238,7,  6129.02  ,,P38-F6,CJ66041,
2440,2614,347,7,27599.29 MXN,-1379.96,P21-F3,CJ30089,sin_devolucion
939,3464,260,3,$644.34,-32.22,P22-F1,CJ12268,
3738,567,123,7,"18644,97",1243.84,P7-F1,CJ57624,
1548,3591,369,3,"$8,684",1349.03,P21-F4,CJ87826,
2579,2436,324,7,"$4,902",433.47,P3-F1,CJ73862,sin_devolucion
655,1896,324,-2,$4902.47,558.51,P20-F5,CJ71282,sin_devolucion
2177,709,29,2,$16972.54,2311.13,P7-F2,CJ53330,sin_devolucion
1215,2423,584,7,"$14,346",9%,P4-F2,CJ32597,
1147,3074,259,1,$625.08,-31.25,P36-F3,CJ81089,sin_devolucion
2749,221,392,7,"$16,781",12%,P27-F3,CJ97212,
2503,507,391,6,"11122,21",0,P15-F1,CJ50697,sin_devolucion
885,398,282,1,4805.06 MXN,13%,P32-F6,CJ91621,
4031,1869,321,1,  2793.78  ,347.09,P28-F6,CJ56003,
87,2770,468,6,$368,43.07,P18-F5,CJ73352,
3962,627,209,5,"$5,110",5%,P21-F3,CJ77019,sin_devolucion
3377,3070,236,0,3329.05 MXN,21%,P11-F1,CJ59055,
4117,28,294,2,755.89 MXN,131.9,P30-F5,CJ99366,
1812,1326,347,8,"27599,29",3684.2,P26-F2,CJ16722,
3429,2958,39,5,  18868.93  ,-943.45,P36-F3,CJ43119,
4022,910,163,3,"34985,40",4027.59,P2-F1,CJ26919,
3101,338,64,3,"$13,896",1703.57,P19-F2,CJ60593,
64,2079,310,3,4367.99,-218.4,P9-F5,CJ42220,
1528,859,515,4,3368.72,275.08,P4-F3,CJ98916,sin_devolucion
1180,26,372,5,7389.10,0,P28-F3,CJ32948,sin_devolucion
50,1549,517,7,  2835.58  ,574.32,P31-F4,CJ78220,
2004,2349,78,8,49993.67,12158.19,P20-F3,CJ24656,sin_devolucion
4225,146,29,1,"16972,54",-848.63,P3-F6,CJ27642,sin_devolucion
842,863,407,2,"19163,47",4197.66,P26-F4,CJ46153,sin_devolucion
4039,132,219,2,403.99 MXN,26.27,P12-F2,CJ33457,
1092,1784,165,8,"8728,22",826.94,P31-F5,CJ52309,sin_devolucion
1030,480,323,6,2463.84,125.52,P16-F4,CJ93427,
985,742,187,2,  15407.88  ,-770.39,P17-F1,CJ15907,
4281,2047,125,6,"$5,758",336.36,P40-F5,CJ24524,
3297,2767,2,2,"$25,250",19%,P32-F3,CJ71840,
3228,528,554,0,$10738.36,-536.92,P11-F2,CJ24687,
43,1703,218,3,"2497,50",501.9,P14-F5,CJ51641,sin_devolucion
1692,916,139,7,22592.32 MXN,18%,P7-F6,CJ20154,
1615,1167,90,-5,"55867,02",13639.62,P38-F3,CJ37685,
4078,2377,427,1,"152,24",11.56,P18-F1,CJ32425,
4176,96,324,1,4902.47 MXN,0,P38-F3,CJ45160,sin_devolucion
3592,632,294,5,$755.89,,P2-F4,CJ88258,sin_devolucion
1993,1374,482,5,1201.93,-60.1,P13-F4,CJ30547,
2519,876,166,5,9127.91 MXN,1268.65,P34-F6,CJ24750,sin_devolucion
4223,104,526,1,7635.84,0,P34-F2,CJ98288,
615,221,347,3,$27599.29,0,P29-F6,CJ79842,
310,2737,222,1,5707.81,522.3,P2-F6,CJ18468,sin_devolucion
3613,2576,59,5,31948.64 MXN,19%,P3-F5,CJ23273,
748,1211,2,8,25250.01,-1262.5,P40-F2,CJ80069,
4047,1354,23,1,"52234,68",4176.82,P3-F1,CJ36913,
2183,2021,110,1,"$25,540",4299.17,P16-F5,CJ70570,sin_devolucion
3537,3388,392,1,"16781,48",3222.21,P6-F3,CJ48959,sin_devolucion
515,2787,177,4,  25698.47  ,1990.22,P26-F2,CJ95497,sin_devolucion
100,3361,434,3,  2492.65  ,17%,P35-F2,CJ10755,sin_devolucion
3028,846,325,5,"24602,67",-1230.13,P27-F4,CJ75644,
3483,1991,165,8,  8728.22  ,0,P18-F3,CJ56847,sin_devolucion
1467,2373,484,4,$491.44,9%,P35-F5,CJ60088,sin_devolucion
1763,6,465,8,1413.81 MXN,10%,P9-F3,CJ57747,sin_devolucion
2605,1983,123,7,18644.97 MXN,-932.25,P40-F4,CJ73739,
1318,3208,526,1,7635.84,0,P32-F6,CJ94201,
420,3550,123,4,$18644.97,0,P27-F3,CJ90585,sin_devolucion
1255,3515,92,4,29022.84 MXN,20%,P9-F1,CJ22171,
663,15,102,5,27579.79 MXN,N/A,P15-F2,CJ59603,sin_devolucion
2406,2055,118,3,"24476,80",1621.55,P22-F4,CJ22883,sin_devolucion
28,2963,218,6,$2497.50,,P33-F2,CJ42474,
2285,3298,236,7,  3329.05  ,831.72,P12-F5,CJ70128,
80,1052,115,8,28828.44,,P19-F4,CJ84094,
2398,758,573,5,  2616.22  ,8%,P24-F6,CJ46766,
4226,1503,76,2,18729.75 MXN,2379.85,P27-F5,CJ64240,sin_devolucion
1456,3266,358,2,2475.35,,P33-F6,CJ57687,
2936,1729,24,7,30772.59,,P29-F4,CJ94548,
3466,442,105,3,4935.31 MXN,684.64,P25-F6,CJ77732,
3677,2581,296,7,2185.34,346.1,P4-F5,CJ44438,sin_devolucion
3047,2532,236,5,"3329,05",0,P30-F2,CJ48366,
1708,3517,210,4,"$1,643",19%,P1-F2,CJ69794,sin_devolucion
3854,2891,184,2,"$14,526",8%,P17-F4,CJ97255,
4529,584,113,3,  24816.71  ,4395.16,P35-F5,CJ85810,sin_devolucion
2762,1366,68,7,"17497,71",-874.89,P16-F4,CJ24816,sin_devolucion
3866,3057,137,3,"$42,000",13%,P23-F1,CJ58714,
2393,91,69,4,33168.84,0,P21-F4,CJ51772,sin_devolucion
3552,1855,228,2,1374.56 MXN,14%,P27-F5,CJ95493,
1681,253,119,2,5867.88 MXN,0,P9-F2,CJ89829,
2786,607,43,4,"$13,400",14%,P35-F4,CJ99870,sin_devolucion
2806,907,601,4,$2666.31,-133.32,P22-F6,CJ39424,
1146,1861,309,3,$579.38,0,P15-F3,CJ46727,
2140,2798,69,5,  33168.84  ,27%,P16-F3,CJ84985,sin_devolucion
2305,2424,51,5,68000.00 MXN,16622.98,P2-F6,CJ68509,
1971,3756,123,1,"18644,97",1270.73,P15-F2,CJ85450,
3874,218,513,2,291.56 MXN,0,P34-F4,CJ35458,
3745,458,98,N/A,"$39,576",N/A,P18-F5,CJ77441,
4550,1167,76,4,"18729,75",3888.93,P26-F6,CJ10717,
2722,1651,362,8,"20003,47",11%,P19-F6,CJ55741,
445,3479,439,3,"407,43",81.78,P16-F5,CJ60067,
2325,1644,242,6,$976,,P40-F1,CJ87356,sin_devolucion
1784,1881,268,3,"551,87",62.11,P31-F5,CJ91266,sin_devolucion
3717,301,324,7,  4902.47  ,-245.12,P8-F2,CJ46006,
2433,1598,317,8,4957.78 MXN,1110.6,P38-F1,CJ13918,
521,2892,90,3,$55867.02,22%,P11-F2,CJ50396,
2430,3415,582,1,5334.40 MXN,1050.31,P10-F5,CJ69905,
2099,2739,299,6,1600.51 MXN,136.74,P6-F5,CJ40988,
2583,1,313,7,"$22,303",0,P8-F3,CJ39545,
716,2454,208,999,3669.04,N/A,P27-F6,CJ46821,sin_devolucion
3873,2801,335,4,18537.78 MXN,4459.16,P23-F2,CJ33612,
793,2461,542,4,  7389.25  ,-369.46,P20-F3,CJ92334,sin_devolucion
3645,3218,324,-2,4902.47,635.11,P26-F1,CJ20448,
3073,3165,215,4,1216.35 MXN,-60.82,P3-F3,CJ92286,sin_devolucion
3994,2311,238,5,6129.02,-306.45,P40-F5,CJ37262,sin_devolucion
2701,814,542,4,"7389,25",,P10-F1,CJ62082,sin_devolucion
4387,1609,181,N/A,23260.26,,P6-F2,CJ34924,
1433,3451,25,5,$44064.36,N/A,P37-F3,CJ84342,
1112,1435,391,6,"$11,122",2660.82,P13-F3,CJ57065,sin_devolucion
1211,199,431,6,$254.94,14%,P14-F1,CJ87257,
2790,2573,375,3,"$5,026",29%,P9-F6,CJ21322,
696,1430,211,7,2399.20,-119.96,P25-F1,CJ29668,
4382,3590,119,7,"5867,88",1387.3,P23-F5,CJ72427,
4491,2237,42,4,44549.41 MXN,26%,P15-F2,CJ25803,
1750,877,593,8,2171.89 MXN,0,P36-F2,CJ38129,sin_devolucion
277,606,242,8,$975.73,-48.79,P16-F3,CJ41219,
1434,150,587,1,  6062.64  ,,P10-F3,CJ76641,
3960,2611,369,5,$8683.55,777.9,P7-F4,CJ30375,
221,1820,83,4,  56550.90  ,0,P18-F3,CJ63879,sin_devolucion
3279,696,162,6,"$32,941",11%,P9-F1,CJ72905,
4192,1642,592,-3,$1728.59,-86.43,P25-F3,CJ36293,
4198,2310,137,-2,42000.00,10415.45,P1-F5,CJ34976,sin_devolucion
2315,440,347,3,"$27,599",0,P8-F5,CJ84883,
4430,2228,4,3,"59704,35",0,P2-F2,CJ86996,
1103,327,170,3,$20780.00,3479.79,P15-F4,CJ52968,
2571,2101,490,dos,$701.76,-35.09,P22-F6,CJ59700,
1828,2813,219,,  403.99  ,,P33-F2,CJ27716,
2303,2408,562,7,7816.25,591.13,P37-F4,CJ44117,
673,3420,407,2,$19163.47,0,P30-F5,CJ65332,
2032,94,27,5,26993.41 MXN,0,P29-F5,CJ28654,
2688,1040,84,5,16273.21 MXN,-813.66,P7-F2,CJ90627,
400,1897,372,8,7389.10,0,P39-F2,CJ93747,
2516,3295,334,6,2210.00,0,P21-F5,CJ15733,sin_devolucion
3012,901,391,2,$11122.21,0,P32-F6,CJ36616,sin_devolucion
2017,2347,324,5,4902.47 MXN,575.11,P6-F3,CJ93572,
1131,3274,242,8,$976,,P3-F4,CJ82766,sin_devolucion
2269,3824,506,3,597.95 MXN,62.68,P2-F3,CJ77486,
3969,420,568,8,"7363,71",1166.4,P10-F3,CJ40276,sin_devolucion
1358,3395,69,7,33168.84 MXN,2997.04,P28-F2,CJ36703,
149,1397,51,4,"68000,00",,P36-F6,CJ50945,
4044,1522,333,7,"7242,48",1691.82,P28-F6,CJ50341,
4516,3389,444,8,389.88 MXN,0,P28-F2,CJ17295,
2877,1621,498,4,943.07 MXN,211.22,P12-F1,CJ29151,sin_devolucion
3748,1343,431,6,  254.94  ,37.41,P17-F6,CJ29139,sin_devolucion
1354,2845,132,4,  5345.95  ,,P35-F1,CJ48899,
79,1253,147,6,  8671.49  ,1445.2,P22-F4,CJ91337,sin_devolucion
3282,2483,519,2,2234.16,0,P9-F4,CJ45529,sin_devolucion
2769,1529,490,8,$702,14%,P39-F6,CJ24327,sin_devolucion
1419,296,295,6,2244.90 MXN,0,P1-F6,CJ51274,
485,2943,208,8,"3669,04",-183.45,P17-F1,CJ22813,
1347,1777,218,dos,"2497,50",205.77,P4-F2,CJ64941,
2421,3065,24,4,"$30,773",4097.02,P27-F2,CJ33632,
207,260,25,,44064.36 MXN,-2203.22,P18-F3,CJ93908,sin_devolucion
3267,2915,24,8,"$30,773",,P3-F6,CJ75965,
653,2945,318,3,"2672,96",520.62,P24-F3,CJ82609,sin_devolucion
3980,124,25,dos,44064.36,-2203.22,P36-F5,CJ71846,
4334,2236,143,4,$19160.64,10%,P3-F1,CJ16595,sin_devolucion
2224,2464,245,5,3654.56,477.54,P22-F2,CJ50721,
384,2009,43,1,13400.48 MXN,,P13-F3,CJ48473,
866,3416,442,6,803.35 MXN,N/A,P28-F4,CJ35821,sin_devolucion
1106,598,131,N/A,"26459,89",0,P23-F4,CJ77133,
3578,2105,90,dos,$55867.02,0,P17-F1,CJ42755,
1727,294,296,4,2185.34 MXN,215.6,P19-F1,CJ44785,
2190,519,343,3,  19021.91  ,0,P12-F6,CJ11255,
1218,601,456,1,1042.89,253.53,P30-F4,CJ10379,
1896,1729,292,1,$4443.62,14%,P20-F4,CJ95997,
2153,416,273,N/A,$2849.98,16%,P28-F5,CJ15724,
1064,2119,113,8,24816.71,,P7-F1,CJ69336,
2827,1241,377,3,3602.74 MXN,,P5-F3,CJ68997,
2518,3147,466,4,361.84 MXN,22.86,P16-F2,CJ80402,
1342,3483,464,5,  224.52  ,12.27,P18-F3,CJ75511,sin_devolucion
2731,1458,529,2,"$2,494",0,P24-F1,CJ61328,
1698,547,156,5,"$36,447",N/A,P40-F1,CJ11301,sin_devolucion
2071,1135,475,6,2554.85,149.95,P8-F1,CJ56986,
2106,1294,467,7,841.05,,P3-F2,CJ29478,
4361,3019,424,3,1995.03 MXN,-99.75,P18-F6,CJ59840,
822,3464,123,-5,  18644.97  ,N/A,P8-F1,CJ48320,
61,843,585,1,2782.78,439.48,P30-F3,CJ10835,
2119,3397,134,6,3972.84,395.59,P30-F6,CJ66902,
3227,1065,322,8,5883.98 MXN,-294.2,P14-F3,CJ86331,sin_devolucion
497,2381,32,5,56222.67 MXN,0,P22-F4,CJ84279,
738,677,521,1,7452.11,-372.61,P37-F1,CJ91927,
135,1886,465,8,$1413.81,-70.69,P22-F6,CJ36625,
449,1102,544,6,  13372.76  ,28%,P25-F5,CJ54256,
1279,201,547,6,  622.58  ,43.9,P17-F6,CJ96143,
3777,723,399,5,"$26,571",2673.16,P10-F4,CJ55416,
2702,2823,27,5,"26993,41",3893.28,P1-F1,CJ27039,sin_devolucion
544,2188,358,4,2475.35,0,P11-F5,CJ44220,sin_devolucion
1348,1620,188,3,"6551,92",1543.64,P7-F6,CJ84236,
1744,1493,58,7,  65036.76  ,0,P2-F4,CJ33127,sin_devolucion
229,1269,219,1,$403.99,30%,P9-F5,CJ10544,sin_devolucion
279,1040,531,5,"$2,414",-120.71,P34-F6,CJ94693,sin_devolucion
421,2907,467,8,"841,05",64.89,P29-F6,CJ84029,sin_devolucion
841,659,333,7,"7242,48",0,P20-F5,CJ61684,
3353,2575,270,2,$874.94,137.72,P13-F1,CJ47360,sin_devolucion
2502,939,151,-1,18718.93,-935.95,P17-F5,CJ61829,
3252,1252,131,2,$26459.89,-1322.99,P21-F2,CJ90075,sin_devolucion
268,3039,398,6,  2143.84  ,417.27,P37-F2,CJ86613,
951,2772,35,4,22374.88 MXN,3228.56,P29-F5,CJ23123,
3580,950,27,8,$26993.41,4916.16,P11-F1,CJ29022,
3957,2954,434,8,2492.65,23%,P21-F3,CJ10000,
2124,2888,400,3,  2268.61  ,550.92,P23-F5,CJ64249,
2101,2373,570,-1,$2235.17,285.02,P12-F4,CJ12009,
2937,796,324,7,$4902.47,723.04,P3-F3,CJ73623,
2470,2730,203,4,"$8,829",17%,P25-F6,CJ43688,
4355,3031,226,7,$3996.67,600.27,P17-F2,CJ11098,
931,2045,306,4,  1972.78  ,0,P24-F3,CJ75274,
557,2023,547,2,622.58 MXN,0,P19-F1,CJ35747,
3472,1790,566,-5,7865.94,1564.43,P19-F5,CJ63872,sin_devolucion
9,1356,249,4,"3120,87",428.49,P29-F1,CJ34312,
3534,2195,360,4,$13154.00,,P9-F4,CJ35106,
145,1008,521,2,7452.11 MXN,-372.61,P20-F2,CJ40668,sin_devolucion
3339,906,90,3,$55867.02,3943.63,P20-F1,CJ68742,sin_devolucion
3533,2244,272,4,4993.05,-249.65,P30-F5,CJ31076,
360,1782,475,6,$2554.85,,P32-F1,CJ11319,
3114,3278,195,4,"5464,68",-273.23,P40-F4,CJ47978,sin_devolucion
3332,3067,306,1,"1972,78",0,P36-F1,CJ61162,
198,2914,210,3,$1643.04,N/A,P38-F1,CJ50630,
3749,1434,391,5,11122.21 MXN,0,P30-F6,CJ29451,
212,850,29,7,"$16,973",-848.63,P26-F6,CJ88634,
553,766,330,2,7517.64 MXN,0,P24-F1,CJ56070,
2625,1855,391,6,"$11,122",-556.11,P39-F4,CJ96919,sin_devolucion
1036,2040,461,2,"$3,021",-151.06,P19-F5,CJ66209,
97,459,433,4,$2339.97,-117.0,P8-F2,CJ94275,
3830,487,566,6,7865.94,0,P17-F2,CJ97630,sin_devolucion
4154,1740,547,5,"622,58",137.41,P5-F6,CJ76277,
3608,2427,7,2,$27100.03,,P21-F1,CJ61085,
265,1323,323,4,2463.84 MXN,N/A,P24-F2,CJ18302,
1888,303,119,5,5867.88,785.5,P6-F5,CJ22410,
4116,714,599,4,$1634.01,0,P21-F4,CJ17387,
3197,1762,343,1,19021.91 MXN,3546.45,P18-F5,CJ40331,sin_devolucion
981,1765,5,3,26069.66 MXN,N/A,P15-F5,CJ97786,sin_devolucion
3109,3453,90,-4,  55867.02  ,N/A,P7-F3,CJ97430,
3813,3801,246,-4,639.20,0,P22-F6,CJ18651,sin_devolucion
4360,2272,332,2,$16589.24,24%,P2-F3,CJ42503,
1817,1514,286,8,713.47 MXN,0,P13-F1,CJ25434,
4324,2784,323,4,  2463.84  ,215.33,P11-F5,CJ88581,
828,2808,118,3,"24476,80",-1223.84,P15-F3,CJ11635,sin_devolucion
1462,2555,153,7,"35631,03",24%,P17-F3,CJ90652,
2015,1704,215,7,  1216.35  ,13%,P26-F2,CJ84197,sin_devolucion
4216,3554,552,6,"$6,261",583.94,P22-F1,CJ30552,sin_devolucion
1961,2966,56,5,  18375.86  ,-918.79,P40-F6,CJ15544,
4408,3149,131,3,"26459,89",7%,P9-F4,CJ79262,
2495,1887,51,3,$68000.00,0,P9-F2,CJ63599,
2817,3498,163,7,"34985,40",N/A,P30-F5,CJ26038,sin_devolucion
3138,3019,85,5,"$26,797",0,P35-F2,CJ40521,sin_devolucion
1694,1772,236,N/A,"3329,05",,P22-F2,CJ68105,sin_devolucion
1505,2551,500,1,2257.03,489.27,P26-F4,CJ80632,
4269,2191,165,5,8728.22 MXN,,P27-F5,CJ23687,
2713,3437,268,7,$552,,P17-F5,CJ21883,
520,2987,131,3,  26459.89  ,17%,P4-F2,CJ89235,
2129,3754,90,3,55867.02,N/A,P4-F3,CJ40405,
1878,2742,426,2,554.04 MXN,84.44,P2-F6,CJ56626,
3626,2659,482,7,"$1,202",0,P13-F3,CJ36867,
2871,3708,90,7,"55867,02",21%,P35-F6,CJ86124,
3791,881,8,5,57478.79,4688.33,P16-F3,CJ72327,
156,189,568,5,"7363,71",-368.19,P23-F4,CJ11964,
2780,2642,253,3,"4812,80",283.4,P13-F6,CJ45901,
261,3040,490,4,  701.76  ,-35.09,P37-F6,CJ89886,
3904,1672,418,8,2575.77,418.77,P24-F4,CJ50722,sin_devolucion
3671,2288,64,6,"$13,896",N/A,P15-F1,CJ68862,
1524,2458,358,6,2475.35 MXN,468.26,P22-F6,CJ82168,
789,3044,571,3,  5252.42  ,0,P5-F6,CJ15964,
4487,1731,535,2,2210.07,0,P21-F2,CJ10133,
469,2413,572,3,"649,84",143.59,P38-F1,CJ93767,
1244,1949,128,6,"29282,83",17%,P21-F3,CJ17026,sin_devolucion
3141,2319,83,1,56550.90,,P35-F3,CJ19558,sin_devolucion
381,1948,80,1,13070.40 MXN,2564.08,P38-F2,CJ31898,
3594,2162,604,3,5124.09 MXN,492.45,P9-F6,CJ70254,sin_devolucion
3712,954,93,6,"$43,981",,P19-F4,CJ76554,
254,2086,318,2,2672.96,492.65,P37-F6,CJ32253,
203,2389,113,6,24816.71,1752.24,P11-F6,CJ64332,
2035,3270,307,8,"$1,430",156.63,P3-F3,CJ88774,
8,3285,172,1,3632.94,12%,P5-F4,CJ63237,
1125,1004,9,3,"27655,76",,P14-F6,CJ62691,
3694,1632,277,6,7528.53 MXN,1269.75,P3-F4,CJ19632,
3372,3429,158,,4265.11 MXN,0,P30-F6,CJ70685,
2165,2282,429,N/A,$403,-20.14,P28-F6,CJ11116,
4564,3273,245,1,"$3,655",,P25-F4,CJ54425,
1634,789,405,4,"$26,381",5424.39,P13-F3,CJ62723,
29,3537,424,3,1995.03 MXN,-99.75,P10-F6,CJ38493,
2766,96,268,1,$552,0,P7-F1,CJ51811,sin_devolucion
2501,2954,274,8,"$5,610",0,P38-F3,CJ46985,
2900,1291,405,N/A,$26380.91,5162.4,P27-F4,CJ28829,
345,642,505,dos,1346.46 MXN,,P17-F6,CJ47684,
998,1809,20,8,48420.36,20%,P2-F2,CJ27530,
3824,343,566,8,7865.94 MXN,1497.26,P16-F3,CJ60281,
4537,1721,476,5,  484.90  ,-24.25,P15-F1,CJ15131,sin_devolucion
3657,202,49,4,"$51,082",9264.98,P20-F4,CJ57965,
332,1692,51,8,68000.00 MXN,14982.04,P6-F3,CJ14963,
4350,2936,218,6,"$2,498",N/A,P22-F5,CJ67243,
1924,3361,499,6,938.22 MXN,0,P33-F4,CJ22078,
3532,88,295,8,"2244,90",22%,P4-F2,CJ33126,
2358,2624,218,7,2497.50 MXN,-124.88,P24-F4,CJ24514,
4205,3382,465,0,1413.81 MXN,24%,P18-F1,CJ46170,sin_devolucion
1749,3097,5,5,  26069.66  ,N/A,P22-F6,CJ23187,sin_devolucion
3615,2431,314,8,  15052.07  ,3386.23,P2-F2,CJ10355,
3361,1471,337,6,"15431,18",1838.16,P15-F4,CJ98977,
2567,441,27,999,26993.41 MXN,4199.24,P29-F4,CJ78969,sin_devolucion
457,3231,112,,"$10,289",2424.59,P15-F5,CJ81789,sin_devolucion
2860,1836,136,3,  20224.22  ,1834.1,P16-F5,CJ64174,
3248,1415,231,-5,"2027,82",14%,P19-F5,CJ95131,sin_devolucion
48,3148,236,1,3329.05 MXN,373.12,P5-F6,CJ60911,
3142,3268,349,4,8218.80,0,P40-F3,CJ45712,
2508,2602,476,4,484.90 MXN,0,P6-F5,CJ16473,
1360,2344,324,4,"4902,47",0,P1-F2,CJ62484,
3053,1480,349,7,8218.80 MXN,0,P17-F6,CJ73455,
3095,3046,104,6,"$38,907",4263.71,P34-F5,CJ64567,
2142,662,226,1,"3996,67",0,P17-F5,CJ66124,
191,3458,234,4,  1042.83  ,0,P20-F3,CJ27214,sin_devolucion
3800,691,219,7,$403.99,11%,P12-F2,CJ49921,sin_devolucion
1820,2409,281,dos,"$2,874",235.24,P35-F3,CJ96908,sin_devolucion
2712,2016,324,2,4902.47 MXN,-245.12,P8-F2,CJ29481,
1117,2182,470,8,$610.57,22%,P33-F4,CJ57643,sin_devolucion
2710,2934,90,4,55867.02,5615.09,P32-F3,CJ80605,
1474,2844,69,6,"33168,84",-1658.44,P37-F3,CJ47381,sin_devolucion
2044,310,766,2,33776.77 MXN,8%,P22-F1,CJ33776,sin_devolucion
1585,3101,359,7,"16986,90",-849.35,P24-F2,CJ29479,
2947,620,208,4,"$3,669",7%,P33-F3,CJ19193,sin_devolucion
4524,2701,267,7,  7520.58  ,0,P25-F5,CJ93793,
4122,1790,300,1,  1629.59  ,,P8-F3,CJ59241,
2349,1318,547,3,622.58,57.41,P15-F5,CJ59716,
2465,1471,444,3,389.88 MXN,70.74,P8-F3,CJ35441,sin_devolucion
3953,777,11,5,13708.49 MXN,0,P24-F4,CJ49612,
1439,1388,388,1,5732.64 MXN,1383.12,P10-F6,CJ24273,sin_devolucion
1949,1188,501,0,$481,57.36,P22-F3,CJ76035,
2869,79,123,6,18644.97 MXN,0,P11-F6,CJ86293,
113,3348,314,3,15052.07,999.58,P18-F5,CJ81274,sin_devolucion
2169,166,245,8,3654.56 MXN,573.82,P6-F5,CJ21070,sin_devolucion
2457,1044,529,3,"2494,40",0,P27-F4,CJ97799,
856,2409,407,3,"19163,47",4108.79,P24-F6,CJ98880,
889,585,324,6,  4902.47  ,-245.12,P18-F2,CJ59006,
2452,1631,52,7,"38900,13",0,P11-F2,CJ62196,
3286,1700,281,6,2873.68,0,P2-F3,CJ23220,
2472,3459,590,7,"2112,02",0,P3-F2,CJ72394,
2704,1309,59,2,"31948,64",4988.34,P40-F3,CJ87331,
1091,191,386,5,$15529.88,1394.24,P25-F1,CJ19447,
2233,404,56,3,"18375,86",1160.71,P7-F1,CJ69053,sin_devolucion
3649,2728,175,8,"6971,32",14%,P8-F5,CJ68463,
2412,2805,112,0,"10289,22",,P18-F6,CJ82501,
4377,2187,526,8,$7635.84,622.96,P13-F5,CJ42091,
10,1924,602,1,  8429.83  ,23%,P34-F4,CJ97563,sin_devolucion
3838,2279,150,5,"4357,07",7%,P10-F4,CJ90709,
647,2741,277,0,7528.53 MXN,,P10-F6,CJ88490,sin_devolucion
1001,1794,426,2,  554.04  ,138.01,P29-F5,CJ67460,
3938,3573,404,3,  6531.34  ,N/A,P23-F5,CJ33242,
2560,2303,572,3,"649,84",117.71,P29-F1,CJ61528,sin_devolucion
2862,1183,236,5,"3329,05",N/A,P38-F4,CJ76088,
1239,1756,147,2,  8671.49  ,-433.57,P23-F1,CJ54990,
2744,1978,14,1,28475.90 MXN,N/A,P25-F1,CJ23797,sin_devolucion
3599,991,38,5,$32293.58,N/A,P24-F4,CJ96453,
606,386,11,N/A,$13708.49,0,P2-F4,CJ75823,
33,1226,11,7,13708.49 MXN,2848.52,P12-F1,CJ95888,sin_devolucion
2127,3522,145,4,"$41,579",9878.69,P15-F6,CJ31937,sin_devolucion
2456,3231,307,3,1429.76 MXN,,P29-F4,CJ79364,
3990,981,132,4,  5345.95  ,30%,P4-F5,CJ54931,
324,1080,29,8,"16972,54",2402.76,P38-F1,CJ69573,sin_devolucion
2709,1624,5,1,"26069,66",5888.1,P14-F5,CJ32049,
1986,1832,439,1,407.43 MXN,,P25-F3,CJ98362,
1129,1567,177,3,25698.47 MXN,27%,P35-F2,CJ66398,
192,3079,90,7,55867.02 MXN,14%,P17-F3,CJ92173,sin_devolucion
556,2294,334,4,$2210.00,408.14,P31-F2,CJ48856,
2123,1888,354,5,8202.98 MXN,1302.18,P3-F5,CJ11281,sin_devolucion
3925,2783,5,1,"26069,66",6037.76,P3-F3,CJ19711,
880,3729,61,8,"$37,742",0,P27-F3,CJ14710,
2396,932,490,999,701.76,157.89,P39-F2,CJ59914,
3620,928,263,5,"5730,99",,P8-F4,CJ58170,
430,3568,245,7,3654.56,519.01,P15-F4,CJ89714,
4385,1939,57,5,17856.88 MXN,0,P10-F1,CJ84428,
608,1822,475,6,2554.85,,P9-F2,CJ41153,
2844,445,21,5,41665.57 MXN,4141.03,P3-F2,CJ29411,
396,3239,509,3,603.92,43.86,P26-F2,CJ27502,
152,3301,173,5,"13426,80",28%,P3-F5,CJ65793,
3574,3161,424,N/A,  1995.03  ,,P15-F4,CJ27426,sin_devolucion
1492,453,382,4,"2447,27",477.3,P11-F1,CJ94001,
4548,3394,287,6,1656.26,251.77,P38-F1,CJ24049,
3571,1800,38,7,32293.58,12%,P25-F5,CJ39517,
3639,188,61,3,"$37,742",2570.14,P37-F1,CJ64717,
2770,1174,171,3,$4674.34,17%,P7-F6,CJ82283,sin_devolucion
7,1250,313,3,22302.80,3782.64,P8-F4,CJ44683,
2574,2226,183,4,9228.02,8%,P16-F6,CJ91609,
4486,2919,410,1,  2824.30  ,309.07,P37-F3,CJ76777,sin_devolucion
1134,3005,222,1,"5707,81",487.21,P23-F1,CJ56864,
1369,503,148,4,  9601.21  ,25%,P32-F3,CJ80068,
138,624,147,1,8671.49 MXN,540.83,P16-F4,CJ68846,
4204,50,236,2,3329.05 MXN,,P25-F1,CJ84922,
2474,946,158,0,4265.11,0,P26-F6,CJ90110,
2875,3582,531,dos,2414.15 MXN,,P12-F2,CJ58894,
570,2203,560,5,4585.28,16%,P39-F6,CJ15552,sin_devolucion
2087,2887,501,1,480.82 MXN,116.83,P38-F6,CJ40445,
3775,2847,548,6,"1106,78",N/A,P7-F5,CJ11602,sin_devolucion
3049,1138,113,7,$24816.71,4455.41,P32-F2,CJ73825,
223,855,227,N/A,7709.07,6%,P23-F4,CJ57146,sin_devolucion
4008,202,329,5,"2798,95",407.61,P26-F3,CJ60827,sin_devolucion
3788,3566,445,7,$716.79,169.13,P24-F2,CJ13350,
3262,3123,544,3,13372.76 MXN,2670.84,P22-F1,CJ90840,sin_devolucion
731,2245,346,1,$8515.94,,P4-F6,CJ73528,
2565,909,566,7,"7865,94",760.06,P36-F2,CJ30925,
3373,1310,261,1,6917.86,1674.22,P16-F3,CJ62092,
1205,2924,90,1,55867.02,5635.72,P22-F1,CJ95367,
1656,457,147,2,  8671.49  ,,P22-F1,CJ68419,
850,3387,268,8,551.87,-27.59,P35-F3,CJ16317,
2603,219,440,4,  1344.29  ,246.24,P40-F6,CJ54726,sin_devolucion
3110,1547,30,8,$20336.55,0,P6-F6,CJ34924,
978,3013,462,8,558.61,90.81,P33-F4,CJ91690,
1944,1991,404,4,$6531.34,-326.57,P15-F5,CJ83826,
858,2120,314,2,"$15,052",-752.6,P19-F2,CJ40972,
3601,2478,570,7,"2235,17",12%,P10-F5,CJ27240,sin_devolucion
2771,1449,596,7,$15149.53,2707.97,P7-F2,CJ39664,sin_devolucion
23,3250,218,2,"2497,50",595.74,P6-F2,CJ28993,
353,3467,586,0,17660.57,2845.54,P25-F2,CJ71976,
1730,2881,64,4,  13895.81  ,952.4,P14-F4,CJ71413,
4596,3534,594,4,1737.94 MXN,0,P13-F6,CJ63426,sin_devolucion
328,2903,90,6,$55867.02,,P14-F4,CJ55866,
3031,945,317,2,4957.78 MXN,1174.11,P14-F1,CJ98815,sin_devolucion
3876,849,512,8,  1287.31  ,0,P39-F5,CJ44512,sin_devolucion
1950,1917,238,1,  6129.02  ,-306.45,P10-F5,CJ99130,
3473,1794,451,8,  2041.42  ,14%,P7-F3,CJ95071,sin_devolucion
3387,3323,242,1,"975,73",6%,P14-F2,CJ35601,sin_devolucion
2068,1071,515,1,"3368,72",528.37,P17-F2,CJ78163,
4500,3182,24,5,$30772.59,1672.75,P38-F1,CJ29815,sin_devolucion
4587,2219,596,5,"$15,150",,P1-F2,CJ97953,sin_devolucion
1292,548,349,4,$8218.80,N/A,P14-F2,CJ64122,
4399,3711,594,1,"1737,94",135.15,P16-F6,CJ48670,
2318,3063,167,7,4609.55 MXN,11%,P11-F3,CJ31106,sin_devolucion
1751,3232,315,4,"11703,09",2779.12,P13-F5,CJ69552,
3424,2281,333,8,  7242.48  ,1515.81,P8-F3,CJ60151,
2950,2244,81,7,  33449.39  ,,P31-F4,CJ61613,
2436,3064,222,7,  5707.81  ,0,P37-F6,CJ76123,
3026,3219,18,4,49907.28 MXN,0,P35-F4,CJ88147,
1569,2243,121,5,  12917.12  ,0,P39-F1,CJ14465,
4036,2626,4,1,59704.35,9117.29,P5-F2,CJ46543,
1264,1874,484,4,$491,-24.57,P30-F6,CJ64653,
1760,156,89,2,"$23,367",-1168.34,P6-F4,CJ92994,sin_devolucion
408,2121,352,4,17190.19,,P29-F3,CJ50673,sin_devolucion
774,263,512,5,"$1,287",233.17,P18-F2,CJ31663,
3797,2419,221,3,$1736.69,151.02,P30-F6,CJ50981,
504,881,51,7,$68000.00,4154.81,P19-F4,CJ50307,
243,2342,59,3,$31948.64,2728.04,P40-F3,CJ26078,sin_devolucion
2401,809,280,8,"$5,190",,P28-F5,CJ91064,
1336,2557,236,7,3329.05,-166.45,P39-F2,CJ61411,sin_devolucion
3246,3109,535,7,2210.07,-110.5,P21-F3,CJ34739,
3812,2370,547,5,$623,-31.13,P29-F3,CJ93131,
3921,1666,510,1,"307,04",0,P14-F5,CJ25179,
3550,470,118,7,  24476.80  ,3228.36,P16-F4,CJ66047,
1172,1985,572,5,$650,-32.49,P2-F3,CJ21290,
868,780,544,7,  13372.76  ,1072.12,P34-F3,CJ78599,
3366,295,442,1,$803.35,,P32-F5,CJ36242,
527,102,104,2,"$38,907",0,P37-F6,CJ87749,
2346,1242,90,5,  55867.02  ,7717.84,P35-F4,CJ55098,
2354,3363,358,7,2475.35 MXN,380.33,P14-F1,CJ96943,
2584,389,111,1,"$7,068",1213.75,P2-F4,CJ72042,
3761,463,187,-4,"$15,408",0,P34-F2,CJ37129,
3848,255,231,2,2027.82 MXN,165.02,P16-F3,CJ36044,
1887,3120,460,7,$328,0,P18-F4,CJ68165,
2718,447,64,8,"$13,896",1444.05,P5-F3,CJ64225,sin_devolucion
2581,1044,208,3,"3669,04",12%,P23-F4,CJ11991,sin_devolucion
2112,1757,557,3,  700.10  ,155.6,P21-F2,CJ95588,
3403,936,229,6,$843.37,0,P7-F2,CJ78767,sin_devolucion
2521,3418,602,6,8429.83 MXN,0,P8-F3,CJ91263,
3697,113,431,2,"254,94",31.77,P6-F2,CJ32412,
3842,1037,245,3,3654.56 MXN,9%,P34-F3,CJ92222,
2149,1359,428,6,"$3,924",,P19-F3,CJ75040,sin_devolucion
1632,76,251,dos,2586.41,0,P37-F5,CJ38542,
1039,146,80,5,13070.40,-653.52,P28-F3,CJ57169,
2221,245,307,5,"$1,430",0,P14-F2,CJ12544,
605,626,309,6,$579,54.92,P17-F5,CJ64520,
2539,3094,124,4,$36262.62,N/A,P29-F3,CJ82351,
836,1917,4,6,59704.35,-2985.22,P34-F2,CJ25127,
4506,1261,431,8,$255,24.27,P20-F2,CJ92166,
4509,2821,255,8,  9337.11  ,1771.68,P32-F2,CJ31749,
3270,3013,463,4,339.83,73.64,P33-F5,CJ93291,
2655,1121,215,1,$1216.35,195.12,P32-F4,CJ57783,
4090,1563,51,2,"68000,00",11060.67,P13-F4,CJ63106,sin_devolucion
1553,1250,569,7,903.22,N/A,P26-F1,CJ51375,sin_devolucion
1624,2849,598,5,$3274.73,522.82,P13-F6,CJ79680,
292,3323,83,7,56550.90,0,P37-F6,CJ46539,
4488,3069,68,2,  17497.71  ,3681.84,P11-F2,CJ48880,
4282,300,268,-4,  551.87  ,72.45,P29-F4,CJ41931,
215,300,598,1,3274.73 MXN,,P28-F2,CJ49879,
4489,873,121,0,12917.12 MXN,17%,P3-F1,CJ18049,sin_devolucion
194,604,499,1,$938,,P19-F5,CJ87351,
4312,219,340,N/A,"11113,88",-555.69,P6-F5,CJ67971,sin_devolucion
1449,1809,49,5,  51081.62  ,0,P8-F3,CJ69474,
4547,887,325,8,"24602,67",N/A,P6-F4,CJ92008,
676,1979,204,7,"$17,470",N/A,P12-F4,CJ80621,sin_devolucion
4102,2840,8,5,57478.79 MXN,5654.41,P37-F6,CJ61602,
2198,833,169,N/A,4684.61,-234.23,P31-F5,CJ24713,
4112,2026,272,1,"4993,05",623.9,P26-F2,CJ18447,sin_devolucion
19,1199,369,N/A,"8683,55",N/A,P23-F1,CJ14265,
158,2859,482,7,  1201.93  ,0,P23-F2,CJ41741,
2425,836,447,8,195.51,0,P32-F4,CJ21127,sin_devolucion
3152,1655,516,4,  1869.02  ,9%,P2-F3,CJ99463,
3724,2581,437,0,2181.84,12%,P38-F5,CJ11200,
1769,2151,27,7,  26993.41  ,N/A,P11-F1,CJ64251,
3449,1334,74,6,"$44,781",3858.39,P17-F1,CJ19312,
750,710,510,5,307.04,0,P35-F4,CJ32122,
3357,1760,484,3,$491,-24.57,P28-F3,CJ26994,sin_devolucion
4427,2656,105,6,"$4,935",0,P40-F6,CJ56718,
2557,2927,242,3,$975.73,,P5-F3,CJ53589,
3034,2855,155,5,  36068.08  ,20%,P21-F3,CJ60981,
107,947,585,1,$2782.78,-139.14,P37-F1,CJ41988,sin_devolucion
1464,2505,41,7,"$49,158",-2457.91,P1-F3,CJ24696,
3765,116,475,6,  2554.85  ,628.26,P13-F4,CJ84317,sin_devolucion
4595,973,101,6,  36744.16  ,-1837.21,P15-F4,CJ38664,
2998,1074,171,7,$4674.34,467.02,P23-F3,CJ73356,
335,2777,70,4,$18373.87,,P2-F5,CJ83949,sin_devolucion
3927,1053,183,2,"9228,02",1408.06,P28-F4,CJ78711,
846,3452,480,6,1139.96,0,P30-F5,CJ46899,
390,1955,560,6,4585.28,469.84,P17-F3,CJ59157,
1201,206,270,7,$875,-43.75,P23-F2,CJ11166,
4590,2088,321,7,2793.78 MXN,8%,P17-F3,CJ12470,sin_devolucion
489,2544,173,2,  13426.80  ,-671.34,P28-F6,CJ99206,
1222,1189,190,5,$17228.70,N/A,P35-F1,CJ96402,
3841,2959,344,4,8737.86 MXN,1512.24,P27-F2,CJ41027,sin_devolucion
1771,504,542,2,"$7,389",0,P17-F3,CJ42359,
1668,1128,119,6,$5867.88,,P38-F3,CJ12512,
3013,415,584,N/A,14346.48 MXN,1075.42,P31-F4,CJ98346,sin_devolucion
314,3039,54,8,$65038.31,-3251.92,P13-F3,CJ74979,sin_devolucion
423,978,499,7,$938.22,144.02,P5-F3,CJ43847,sin_devolucion
2690,157,196,4,6746.66 MXN,1679.34,P15-F1,CJ58305,sin_devolucion
3793,613,332,1,  16589.24  ,-829.46,P35-F3,CJ90641,
810,988,482,0,"$1,202",144.49,P25-F6,CJ93553,sin_devolucion
1731,890,191,6,28453.03 MXN,4300.61,P6-F1,CJ95166,
3224,3010,573,5,"2616,22",0,P5-F6,CJ42476,sin_devolucion
300,3600,442,5,803.35,0,P5-F5,CJ25735,
3519,1638,324,4,"4902,47",478.8,P12-F1,CJ52650,sin_devolucion
2669,2917,435,1,$236,19%,P3-F6,CJ46911,
1893,130,315,5,"$11,703",1984.73,P40-F4,CJ80967,
345,642,505,dos,1346.46 MXN,,P17-F6,CJ47684,
3432,1234,402,5,"5207,91",0,P4-F3,CJ47398,
3995,2563,90,1,$55867.02,3343.54,P21-F3,CJ71024,sin_devolucion
450,1395,526,7,"$7,636",-381.79,P26-F6,CJ66849,
3281,1941,123,3,18644.97,2601.89,P27-F2,CJ88248,
303,1475,570,2,"2235,17",384.19,P18-F3,CJ95531,
2570,1822,54,6,"65038,31",0,P30-F1,CJ84178,
704,2908,113,4,24816.71 MXN,,P17-F1,CJ15028,
4429,2661,6,2,"26395,60",0,P39-F2,CJ49890,
2098,1545,90,6,55867.02 MXN,N/A,P4-F3,CJ79546,
771,196,182,,5269.41,,P33-F4,CJ33764,
2111,2325,556,1,  858.14  ,N/A,P16-F6,CJ13403,sin_devolucion
979,2770,292,0,$4443.62,-222.18,P35-F1,CJ10662,
218,609,218,7,"2497,50",0,P35-F5,CJ89255,
601,2395,360,8,13154.00,-657.7,P16-F5,CJ83217,
188,2058,29,6,  16972.54  ,1170.98,P31-F4,CJ89418,sin_devolucion
4145,1414,586,0,17660.57,,P24-F3,CJ17766,sin_devolucion
2163,3425,557,8,"700,10",,P1-F4,CJ11801,
3465,1625,599,1,$1634.01,8%,P21-F6,CJ96451,sin_devolucion
4462,3475,270,6,874.94 MXN,65.55,P26-F1,CJ99844,sin_devolucion
1188,1818,417,6,351.91,-17.6,P16-F6,CJ18362,
3674,791,254,2,1176.97,284.91,P1-F4,CJ49763,
3586,2792,249,2,$3120.87,442.62,P2-F3,CJ79406,
2751,975,454,6,$333,29.04,P4-F4,CJ32431,sin_devolucion
3630,552,415,8,1413.02 MXN,N/A,P5-F5,CJ58450,
638,305,599,4,1634.01,0,P39-F5,CJ62584,
3804,1253,236,5,  3329.05  ,-166.45,P11-F1,CJ69252,sin_devolucion
1127,1627,233,2,"$1,138",30%,P4-F1,CJ30755,
14,2479,596,-3,  15149.53  ,1633.06,P29-F6,CJ70426,
2292,2948,245,8,  3654.56  ,536.32,P40-F4,CJ14785,
1974,1737,492,0,$3107.03,335.06,P33-F3,CJ46786,
753,1828,147,5,"$8,671",1118.32,P20-F5,CJ85053,
4527,3345,228,0,1374.56,279.47,P6-F6,CJ49266,
2131,728,544,0,  13372.76  ,3287.35,P29-F5,CJ26730,
3227,1065,322,8,5883.98 MXN,-294.2,P14-F3,CJ86331,sin_devolucion
3997,1643,542,0,7389.25,0,P21-F4,CJ20493,sin_devolucion
1719,1725,414,7,27836.07,8%,P6-F1,CJ33902,sin_devolucion
271,399,437,3,"$2,182",350.63,P29-F4,CJ21349,
3236,2662,154,5,  19828.54  ,24%,P23-F2,CJ55582,sin_devolucion
3311,1456,432,8,  236.92  ,-11.85,P39-F6,CJ41118,sin_devolucion
1411,742,371,3,23441.01 MXN,9%,P21-F3,CJ96792,
1164,1647,735,3,9522.34,1997.79,P34-F6,CJ54054,
2250,1379,309,6,579.38,-28.97,P34-F5,CJ69792,
1546,162,331,5,"12535,65",1673.08,P9-F6,CJ12118,
1417,912,236,5,"$3,329",14%,P30-F2,CJ19094,
102,27,6,-3,"$26,396",,P28-F3,CJ26425,
2882,1195,489,3,  722.97  ,114.53,P10-F6,CJ71641,sin_devolucion
3755,2665,476,4,484.90,102.29,P11-F2,CJ52963,
2377,3819,55,4,  49270.07  ,0,P22-F1,CJ46364,
2092,2322,474,4,  3638.88  ,,P28-F3,CJ52067,
1981,3388,596,8,15149.53 MXN,2629.3,P1-F5,CJ61594,
3898,1033,137,7,  42000.00  ,21%,P11-F4,CJ92632,sin_devolucion
3821,3596,90,0,$55867.02,7666.71,P12-F2,CJ68395,
2453,2930,404,N/A,6531.34 MXN,-326.57,P39-F4,CJ82078,
1038,2915,90,3,"$55,867",0,P8-F3,CJ44167,sin_devolucion
2103,2118,108,4,  12828.66  ,25%,P14-F3,CJ13841,sin_devolucion
3661,1336,113,8,"24816,71",1261.05,P19-F4,CJ72651,
44,3074,591,5,  827.84  ,90.23,P37-F2,CJ48070,
147,1873,19,1,52611.56 MXN,12173.53,P5-F3,CJ23448,
3478,172,332,3,"16589,24",8%,P4-F5,CJ97903,sin_devolucion
1835,3336,432,5,236.92,0,P12-F2,CJ59042,
3502,2115,226,N/A,$3996.67,851.17,P36-F6,CJ31327,sin_devolucion
3958,983,292,N/A,"$4,444",369.28,P4-F4,CJ21592,
3475,3013,596,7,"15149,53",0,P22-F4,CJ50489,sin_devolucion
1316,3294,411,2,"$25,254",4977.33,P16-F4,CJ91014,sin_devolucion
1818,3563,391,2,11122.21 MXN,0,P4-F1,CJ75971,sin_devolucion
4597,3188,308,4,2045.61,459.47,P10-F5,CJ33470,
339,1721,201,dos,12657.76,,P18-F4,CJ50969,
1628,2370,601,3,2666.31,,P16-F1,CJ36869,
3637,3070,569,8,$903.22,,P11-F6,CJ65919,sin_devolucion
1561,1656,490,4,  701.76  ,19%,P23-F1,CJ90673,
2077,577,163,6,34985.40 MXN,3980.68,P12-F4,CJ83937,
3684,929,214,5,412.88 MXN,20%,P26-F2,CJ32142,
3050,1614,224,1,3092.44,10%,P40-F6,CJ52126,
2905,688,90,1,"55867,02",6794.19,P16-F3,CJ81154,sin_devolucion
2482,2549,388,6,$5732.64,696.71,P11-F3,CJ82654,
4464,3052,320,3,"$10,505",N/A,P19-F6,CJ45068,
3705,940,206,0,"35845,90",8253.24,P12-F2,CJ45117,sin_devolucion
3398,1551,292,2,$4443.62,14%,P39-F6,CJ76577,sin_devolucion
2868,2258,90,6,"$55,867",-2793.35,P35-F3,CJ94512,sin_devolucion
1797,2493,378,1,8469.68 MXN,1840.88,P39-F4,CJ16606,sin_devolucion
3701,344,38,2,  32293.58  ,6674.21,P37-F4,CJ73260,
4449,309,218,5,"$2,498",422.47,P32-F6,CJ75832,
228,2583,568,8,7363.71,913.41,P27-F1,CJ28320,
4297,3216,261,1,"$6,918",26%,P38-F2,CJ68244,
2487,2517,499,1,  938.22  ,51.07,P31-F6,CJ50375,
3381,2010,55,,  49270.07  ,,P31-F3,CJ99353,
1957,2742,544,1,"13372,76",-668.64,P24-F3,CJ13591,sin_devolucion
2162,10,174,5,11259.21,N/A,P31-F1,CJ90102,
1616,2176,373,2,20620.17,0,P9-F4,CJ98615,sin_devolucion
4058,19,226,N/A,3996.67 MXN,380.8,P2-F4,CJ79522,
1285,2693,324,1,"4902,47",1037.64,P20-F2,CJ86761,
3287,2387,407,5,$19163.47,4413.42,P10-F5,CJ68198,sin_devolucion
599,2630,392,8,$16781.48,0,P16-F1,CJ24595,sin_devolucion
3774,586,333,6,7242.48,1291.59,P30-F4,CJ93911,
306,2859,114,2,28090.65,0,P1-F5,CJ28131,sin_devolucion
3603,1359,428,3,3924.13,0,P34-F1,CJ54248,sin_devolucion
1283,406,113,8,"24816,71",,P13-F4,CJ77797,
3249,358,215,3,1216.35,0,P14-F2,CJ57076,
929,978,208,4,"3669,04",-183.45,P29-F3,CJ23993,
1801,3030,53,1,16779.87 MXN,883.3,P6-F5,CJ27158,sin_devolucion
3829,2728,565,8,  2302.59  ,28%,P36-F5,CJ78849,
52,1117,545,2,"$11,443",0,P37-F4,CJ63125,
4207,267,274,5,"5610,04",,P8-F2,CJ63902,
729,1853,223,4,  563.70  ,73.36,P12-F5,CJ75374,
1948,2814,259,6,$625.08,0,P30-F6,CJ93813,sin_devolucion
636,3486,158,8,4265.11 MXN,22%,P14-F3,CJ51612,sin_devolucion
801,1664,456,5,1042.89,187.81,P21-F6,CJ54942,sin_devolucion
216,3375,522,8,1520.34 MXN,126.45,P2-F2,CJ27743,sin_devolucion
625,350,385,6,  1800.00  ,267.1,P14-F2,CJ41997,
4451,668,5,6,"$26,070",-1303.48,P32-F1,CJ78267,
1516,648,402,N/A,  5207.91  ,913.27,P29-F5,CJ19037,
1819,2578,152,7,"8926,77",20%,P22-F1,CJ90150,
27,2737,593,8,2171.89 MXN,507.29,P13-F2,CJ50278,sin_devolucion
1443,1674,263,3,$5730.99,N/A,P28-F4,CJ33466,
3915,2551,349,1,"$8,219",1645.74,P17-F6,CJ68931,
1408,1879,343,5,$19021.91,3895.45,P4-F2,CJ77468,
1351,1712,2,4,"25250,01",,P37-F5,CJ71613,sin_devolucion
233,620,219,8,"403,99",-20.2,P29-F5,CJ21277,
2355,896,313,7,$22302.80,N/A,P22-F3,CJ74564,
1123,2957,210,4,1643.04 MXN,-82.15,P9-F4,CJ60527,sin_devolucion
3169,1962,147,,"$8,671",,P37-F1,CJ36977,sin_devolucion
2336,252,123,3,"$18,645",-932.25,P22-F3,CJ10116,
795,2670,90,4,55867.02,-2793.35,P17-F5,CJ54641,
3477,656,549,N/A,$3539.57,0,P11-F5,CJ91298,
3092,2865,393,2,2250.85,476.1,P5-F4,CJ44772,
3872,190,314,1,$15052.07,N/A,P1-F4,CJ48784,
4142,1862,238,-5,6129.02 MXN,960.23,P14-F1,CJ48681,
896,2707,487,5,1140.99,-57.05,P14-F4,CJ91291,
958,362,386,6,  15529.88  ,2387.41,P39-F6,CJ80120,sin_devolucion
1423,1620,111,6,"$7,068",-353.4,P22-F5,CJ18442,sin_devolucion
3274,3080,544,5,$13372.76,2293.8,P15-F1,CJ54512,sin_devolucion
471,862,276,,$468,,P37-F3,CJ34678,
2170,3548,496,6,  1891.04  ,19%,P17-F6,CJ67719,
3329,57,271,8,"$7,591",-379.55,P30-F2,CJ24856,sin_devolucion
375,2224,601,1,$2666.31,N/A,P38-F6,CJ43772,
1130,3044,379,3,  2571.64  ,10%,P29-F6,CJ93083,
1558,930,149,3,  27409.46  ,2129.98,P35-F5,CJ57018,
730,2212,324,7,"4902,47",-245.12,P25-F6,CJ24366,sin_devolucion
4098,3035,90,6,$55867.02,0,P17-F6,CJ58688,
1606,1845,24,5,$30772.59,,P36-F5,CJ92507,
3406,878,547,1,$623,0,P10-F2,CJ35732,
3687,3244,90,0,55867.02 MXN,13464.14,P9-F1,CJ99165,
2279,3529,583,5,  4356.58  ,-217.83,P27-F6,CJ10224,
1427,2909,164,7,$13854.22,1317.42,P4-F2,CJ24751,
3622,1812,24,1,  30772.59  ,3451.58,P35-F5,CJ11251,
1305,3816,551,5,"10480,07",23%,P20-F4,CJ36549,sin_devolucion
2228,447,352,1,  17190.19  ,27%,P29-F5,CJ47739,
1795,2894,236,2,"3329,05",,P29-F2,CJ87011,
395,2200,236,4,3329.05,369.75,P14-F4,CJ18667,sin_devolucion
4350,2936,218,6,"$2,498",N/A,P22-F5,CJ67243,
3268,2159,516,8,$1869.02,19%,P38-F6,CJ56372,sin_devolucion
733,3215,153,2,  35631.03  ,0,P15-F2,CJ72327,
2267,2264,145,5,"$41,579",8059.75,P5-F4,CJ97717,sin_devolucion
3810,2955,482,2,1201.93,236.18,P24-F5,CJ39208,
1938,1354,219,4,  403.99  ,5%,P12-F1,CJ58353,sin_devolucion
1193,2761,453,5,"$1,833",0,P28-F4,CJ33086,
238,3014,324,3,"$4,902",726.99,P17-F1,CJ76877,sin_devolucion
1435,508,295,5,2244.90,21%,P33-F3,CJ97740,sin_devolucion
3735,2537,426,8,$554,,P20-F4,CJ31777,
4423,2655,59,1,"$31,949",5101.16,P18-F2,CJ96780,
3396,378,308,2,"2045,61",,P11-F2,CJ71121,
1190,2010,236,6,3329.05 MXN,742.17,P1-F4,CJ70250,
718,2105,572,6,649.84,-32.49,P27-F2,CJ64625,sin_devolucion
781,1218,197,7,37861.79 MXN,1977.86,P14-F2,CJ25508,sin_devolucion
2348,2194,84,8,  16273.21  ,27%,P15-F4,CJ35358,sin_devolucion
1740,3254,546,6,  2515.65  ,615.29,P31-F5,CJ92918,sin_devolucion
4484,2501,324,1,"$4,902",842.66,P9-F4,CJ21652,
685,2608,66,8,"15232,59",0,P29-F4,CJ97067,
2758,2949,331,7,12535.65 MXN,-626.78,P4-F2,CJ62844,
4579,1701,69,4,  33168.84  ,-1658.44,P35-F3,CJ16170,sin_devolucion
500,89,516,1,"$1,869",-93.45,P38-F3,CJ59264,sin_devolucion
4292,1398,495,3,775.96,101.0,P27-F2,CJ72353,
1401,1118,596,-2,  15149.53  ,0,P28-F5,CJ66092,
1086,860,21,3,  41665.57  ,,P24-F6,CJ41984,sin_devolucion
3421,2613,245,1,3654.56 MXN,0,P11-F6,CJ81403,
4458,3161,354,,$8202.98,1456.88,P20-F6,CJ12891,sin_devolucion
4477,2148,355,4,14690.56 MXN,2461.04,P8-F2,CJ11644,sin_devolucion
2316,774,65,3,15736.34 MXN,-786.82,P10-F4,CJ29179,sin_devolucion
260,3135,560,4,"4585,28",735.7,P6-F4,CJ77092,sin_devolucion
1518,3597,371,1,23441.01,23%,P32-F3,CJ45347,
800,949,484,8,491.44,64.05,P16-F2,CJ50227,sin_devolucion
4323,1062,324,3,  4902.47  ,416.11,P16-F4,CJ99247,
2274,3501,11,N/A,13708.49 MXN,,P37-F5,CJ11433,
2392,715,64,7,  13895.81  ,2974.19,P20-F5,CJ81041,
2376,2968,513,4,$292,29.35,P19-F3,CJ26414,
2982,3321,523,1,2831.84,14%,P26-F3,CJ87433,
1310,148,542,1,"7389,25",,P14-F3,CJ65776,
1871,3049,593,4,"$2,172",-108.59,P30-F3,CJ72749,sin_devolucion
690,1875,464,3,$224.52,,P29-F5,CJ56726,sin_devolucion
342,2492,380,dos,  25375.31  ,0,P12-F3,CJ69026,
3223,3468,437,7,  2181.84  ,225.91,P40-F4,CJ97639,sin_devolucion
713,416,510,5,307.04,N/A,P10-F1,CJ11122,
472,3130,64,7,  13895.81  ,777.59,P30-F3,CJ63959,sin_devolucion
4274,2739,145,6,41579.07 MXN,0,P16-F1,CJ94714,sin_devolucion
2533,2654,424,8,1995.03 MXN,244.44,P37-F3,CJ80850,
3209,2925,321,0,  2793.78  ,520.09,P23-F1,CJ80530,
2282,583,334,6,"2210,00",20%,P14-F5,CJ86182,
1767,3576,516,5,$1869.02,,P30-F3,CJ53671,
2265,624,399,1,26570.51 MXN,3399.15,P12-F4,CJ51511,
4053,682,324,5,"4902,47",0,P28-F2,CJ46806,sin_devolucion
70,639,310,1,  4367.99  ,19%,P36-F4,CJ12518,
3992,2464,558,3,2486.26,322.99,P9-F3,CJ15957,sin_devolucion
1119,3197,138,8,"$7,003",29%,P20-F3,CJ90970,
2390,1751,440,8,  1344.29  ,,P31-F6,CJ53576,
2757,2401,546,2,$2515.65,0,P38-F1,CJ64922,
4213,2631,577,-3,"7085,73",1494.09,P13-F4,CJ22437,
4048,1508,158,6,$4265.11,0,P36-F4,CJ24531,sin_devolucion
4400,789,477,6,185.90,38.26,P16-F5,CJ61569,sin_devolucion
3786,3537,253,3,"$4,813",0,P11-F2,CJ13375,sin_devolucion
4456,1822,423,5,$251,0,P32-F3,CJ53357,sin_devolucion
4140,1537,314,1,"15052,07",25%,P35-F4,CJ85427,
2967,1000,4,3,59704.35 MXN,11773.42,P20-F3,CJ51859,sin_devolucion
2633,3358,219,3,$404,40.41,P38-F4,CJ74827,
2674,2927,90,2,  55867.02  ,0,P34-F1,CJ13823,
2901,2855,496,4,1891.04,16%,P3-F6,CJ82546,
3521,165,84,6,"$16,273",-813.66,P40-F5,CJ57147,
3162,3470,371,-3,23441.01,13%,P6-F6,CJ24716,
4194,2942,448,8,"$1,395",0,P11-F1,CJ74912,
1425,1401,228,3,1374.56 MXN,-68.73,P39-F3,CJ21806,
4572,3883,124,2,36262.62 MXN,0,P30-F2,CJ80852,sin_devolucion
1928,3491,49,8,$51081.62,N/A,P12-F5,CJ20099,sin_devolucion
1496,3043,599,999,1634.01,-81.7,P7-F2,CJ10436,sin_devolucion
4393,1398,83,1,"56550,90",-2827.55,P3-F2,CJ83136,
1903,2211,270,dos,"874,94",0,P16-F1,CJ68935,sin_devolucion
4544,2295,263,2,  5730.99  ,-286.55,P9-F5,CJ54236,
427,2389,123,2,18644.97,13%,P28-F2,CJ89178,
1422,288,268,4,$551.87,62.48,P40-F6,CJ69833,
4178,3521,497,8,  2080.14  ,345.43,P35-F6,CJ46635,sin_devolucion
3363,1665,562,6,7816.25,25%,P19-F3,CJ28552,
4170,3563,446,7,"3256,03",355.79,P8-F6,CJ52376,
3202,753,111,6,7068.08 MXN,1069.34,P28-F5,CJ71189,
3554,1264,563,7,"11445,00",1667.34,P13-F2,CJ60220,
928,1986,117,8,28856.54 MXN,0,P28-F3,CJ75874,
2664,2230,170,7,$20780.00,0,P1-F3,CJ76344,
2168,1617,319,5,"3774,97",520.52,P7-F4,CJ34949,
3501,1079,242,3,  975.73  ,159.49,P19-F4,CJ37899,sin_devolucion
2696,1852,556,2,"858,14",0,P40-F4,CJ81544,sin_devolucion
3350,2615,430,8,$999.52,0,P39-F4,CJ62965,sin_devolucion
3044,2063,318,,  2672.96  ,0,P7-F1,CJ66208,sin_devolucion
4503,1879,72,N/A,19375.14 MXN,,P8-F4,CJ64604,
3441,1936,516,6,1869.02,,P7-F6,CJ51036,
3624,508,583,0,"4356,58",-217.83,P37-F6,CJ95986,
125,3075,438,3,$1451.81,13%,P4-F4,CJ25385,
2700,2767,496,6,"$1,891",265.88,P37-F6,CJ97742,
2924,2564,324,6,  4902.47  ,782.02,P39-F2,CJ92684,
2532,329,256,8,"$1,022",-51.09,P4-F6,CJ35155,
1704,1094,228,5,"1374,56",-68.73,P27-F4,CJ71594,sin_devolucion
3397,328,276,7,"468,04",0,P18-F4,CJ90200,
1384,1064,324,1,  4902.47  ,1139.27,P38-F1,CJ28678,
1525,2335,309,8,  579.38  ,0,P2-F1,CJ93483,sin_devolucion
3573,1018,404,7,6531.34,,P20-F2,CJ29548,sin_devolucion
783,2398,604,8,5124.09 MXN,-256.2,P30-F3,CJ20297,sin_devolucion
3673,3193,428,2,3924.13 MXN,,P26-F6,CJ78353,
2520,2225,169,1,  4684.61  ,-234.23,P19-F5,CJ53867,
3870,932,391,7,11122.21,-556.11,P29-F2,CJ11047,sin_devolucion
398,2506,188,5,"$6,552",29%,P39-F2,CJ90082,sin_devolucion
2385,317,405,4,"$26,381",-1319.05,P22-F1,CJ95460,sin_devolucion
1549,2994,525,7,$9670.16,21%,P32-F5,CJ82971,
825,1102,81,8,$33449.39,3247.21,P30-F5,CJ61062,
3016,410,381,7,3809.89,711.92,P19-F1,CJ31825,
2965,644,313,1,22302.80 MXN,0,P32-F4,CJ10858,
784,1079,294,8,755.89,N/A,P38-F6,CJ51999,
2489,382,379,3,2571.64,24%,P13-F2,CJ37556,sin_devolucion
65,3318,339,8,"20051,22",4833.73,P40-F3,CJ52209,sin_devolucion
4200,131,314,7,  15052.07  ,,P11-F1,CJ44413,
2864,2411,482,0,"1201,93",89.37,P12-F2,CJ58305,
749,257,509,5,  603.92  ,6%,P28-F6,CJ72301,
2308,2122,30,0,"20336,55",16%,P23-F2,CJ35055,sin_devolucion
1324,675,211,3,"$2,399",280.2,P36-F3,CJ61526,
2272,2851,329,3,2798.95,N/A,P32-F1,CJ29307,sin_devolucion
1207,2964,359,7,"16986,90",0,P21-F5,CJ11010,
2670,2608,482,6,  1201.93  ,9%,P21-F5,CJ97355,
2467,2809,245,2,$3654.56,751.33,P30-F4,CJ28884,sin_devolucion
3696,260,271,7,$7591.04,-379.55,P13-F1,CJ13715,sin_devolucion
3054,1592,435,N/A,235.67,0,P27-F2,CJ91730,
371,1376,391,6,$11122.21,1086.35,P33-F5,CJ72348,
3119,3511,568,1,"$7,364",-368.19,P40-F5,CJ61044,
2048,214,228,1,  1374.56  ,0,P30-F4,CJ58955,
892,2414,372,2,"$7,389",5%,P19-F2,CJ45925,
936,3358,263,1,$5730.99,0,P27-F1,CJ30880,
794,2108,231,7,2027.82 MXN,N/A,P17-F4,CJ17783,
3520,2446,366,999,"5166,06",1184.61,P8-F3,CJ13557,sin_devolucion
2244,623,435,3,235.67 MXN,24%,P3-F3,CJ76066,
540,1180,539,5,"3494,06",412.89,P11-F4,CJ46304,
883,950,305,1,  1008.20  ,82.74,P4-F1,CJ38463,sin_devolucion
4045,896,342,7,  7644.17  ,18%,P21-F5,CJ94074,
2846,734,147,6,8671.49 MXN,0,P8-F6,CJ41082,
3435,1669,143,5,$19160.64,1461.55,P26-F4,CJ91682,
3105,3067,101,0,36744.16,22%,P20-F5,CJ39879,
4113,3073,143,8,$19160.64,-958.03,P20-F6,CJ58507,
440,1873,346,5,8515.94,-425.8,P18-F6,CJ61042,
3768,1223,188,5,6551.92 MXN,0,P4-F4,CJ44797,
3512,1207,269,4,$4544.06,-227.2,P28-F1,CJ12077,sin_devolucion
940,329,78,8,49993.67,0,P11-F3,CJ94823,
3736,1715,331,2,  12535.65  ,2093.16,P16-F1,CJ15845,
3731,1326,558,N/A,"$2,486",18%,P8-F6,CJ94136,sin_devolucion
1621,3572,373,-1,"$20,620",0,P33-F3,CJ76317,sin_devolucion
511,1266,324,7,"4902,47",579.34,P27-F5,CJ83085,
4311,34,332,dos,16589.24,1640.55,P14-F2,CJ40714,sin_devolucion
1706,1087,402,3,"5207,91",1108.69,P13-F5,CJ35754,
3815,2594,490,1,  701.76  ,,P7-F3,CJ17268,
1607,643,391,7,11122.21 MXN,18%,P40-F6,CJ31886,
649,545,461,2,3021.14 MXN,0,P14-F4,CJ44469,
3604,3029,309,2,$579.38,31.69,P40-F1,CJ31637,sin_devolucion
1490,3027,151,4,18718.93,0,P17-F2,CJ86806,
1907,3203,306,0,"$1,973",-98.64,P38-F2,CJ11899,
4576,1622,163,2,"34985,40",7337.88,P2-F4,CJ15590,sin_devolucion
362,2211,446,dos,"3256,03",432.33,P38-F1,CJ53892,
351,1496,374,2,  22016.61  ,0,P17-F2,CJ66554,sin_devolucion
69,2518,467,4,  841.05  ,200.22,P23-F5,CJ55278,sin_devolucion
2419,2432,318,N/A,2672.96,13%,P31-F5,CJ57368,
2729,1625,414,7,"$27,836",-1391.8,P36-F3,CJ57162,sin_devolucion
2805,880,165,8,8728.22,11%,P22-F3,CJ94616,
2196,1310,266,5,"2657,04",N/A,P25-F2,CJ24317,
173,2357,90,3,55867.02,-2793.35,P31-F4,CJ28271,sin_devolucion
2760,3295,324,4,4902.47,532.77,P21-F5,CJ15943,
971,2085,123,7,"18644,97",-932.25,P10-F4,CJ84026,
269,1044,25,3,"$44,064",5449.05,P30-F5,CJ45782,sin_devolucion
1363,451,145,7,41579.07,26%,P37-F2,CJ71212,
4191,962,268,6,$552,,P37-F3,CJ44970,sin_devolucion
2987,814,236,4,$3329.05,0,P1-F1,CJ10234,
1620,566,735,2,"27655,76",4803.14,P9-F2,CJ82160,sin_devolucion
4124,1047,47,6,"$18,424",2447.53,P11-F2,CJ80456,
3325,2220,5,3,26069.66 MXN,6007.77,P40-F3,CJ21012,
146,1198,236,999,  3329.05  ,,P28-F4,CJ39854,sin_devolucion
765,3412,296,8,  2185.34  ,339.69,P20-F6,CJ43022,sin_devolucion
528,2304,178,2,  29863.52  ,0,P5-F5,CJ63551,
4236,2319,166,dos,9127.91 MXN,N/A,P37-F3,CJ67243,sin_devolucion
3923,1107,343,8,  19021.91  ,3121.54,P22-F4,CJ93223,
3318,2886,32,4,56222.67,,P31-F5,CJ22784,
1011,386,69,0,33168.84 MXN,8153.41,P7-F4,CJ31846,
4490,548,64,5,13895.81,0,P7-F4,CJ10674,
2522,1246,314,5,$15052.07,2662.07,P35-F4,CJ69475,sin_devolucion
3702,706,448,8,"$1,395",N/A,P40-F6,CJ57874,
2912,2721,566,7,7865.94,697.85,P19-F4,CJ91343,
3648,3151,447,8,195.51 MXN,,P24-F4,CJ51309,
1622,626,494,7,2411.10 MXN,0,P14-F2,CJ77151,
2635,2835,121,1,"12917,12",-645.86,P16-F1,CJ60381,
3038,1073,27,4,$26993.41,5939.0,P23-F2,CJ70345,sin_devolucion
4448,1085,573,1,$2616.22,-130.81,P33-F2,CJ41658,
4038,938,123,7,$18644.97,3107.49,P34-F6,CJ52756,
1018,1787,499,5,  938.22  ,147.32,P40-F2,CJ26098,
1122,21,292,2,"$4,444",0,P3-F4,CJ30440,sin_devolucion
3730,3796,573,-3,2616.22 MXN,,P25-F6,CJ61765,sin_devolucion
1671,883,405,-2,  26380.91  ,14%,P9-F6,CJ77707,sin_devolucion
2040,1776,128,1,"29282,83",N/A,P26-F4,CJ13632,
1486,2676,345,7,2800.57 MXN,,P14-F1,CJ50521,
1513,2595,27,6,"26993,41",-1349.67,P24-F2,CJ30685,sin_devolucion
4300,1149,136,2,"20224,22",-1011.21,P39-F5,CJ32498,
2378,1900,179,999,$24894.74,0,P13-F6,CJ94362,sin_devolucion
3431,2877,357,3,  11859.71  ,2634.04,P28-F6,CJ71755,sin_devolucion
394,2934,236,6,$3329.05,0,P30-F5,CJ98033,
384,2009,43,1,13400.48 MXN,,P13-F3,CJ48473,
3785,2310,514,2,"244,13",-12.21,P23-F2,CJ88599,
264,3263,604,8,$5124.09,22%,P27-F6,CJ23808,sin_devolucion
3234,2294,81,7,33449.39 MXN,3071.41,P17-F1,CJ99993,sin_devolucion
1644,3593,324,6,"4902,47",0,P16-F5,CJ91060,sin_devolucion
1806,1971,268,6,"551,87",,P13-F4,CJ89685,sin_devolucion
322,999,113,4,"$24,817",-1240.84,P12-F4,CJ65019,
3168,364,56,3,  18375.86  ,,P2-F6,CJ72303,sin_devolucion
602,2789,749,6,$2616.22,283.17,P8-F3,CJ82845,
401,2828,123,1,$18644.97,0,P6-F3,CJ13277,
2386,2303,4,-2,59704.35 MXN,6818.49,P15-F3,CJ70183,
514,303,516,6,$1869.02,414.78,P21-F5,CJ65748,
3029,815,562,5,7816.25 MXN,-390.81,P7-F2,CJ92933,sin_devolucion
1295,3105,125,1,"$5,758",502.15,P25-F2,CJ62650,sin_devolucion
764,1514,409,6,$13699.12,0,P15-F4,CJ89127,sin_devolucion
4004,2976,257,7,2514.23 MXN,-125.71,P19-F3,CJ50787,
2350,1161,148,3,"9601,21",0,P39-F2,CJ61100,
3886,2108,437,4,  2181.84  ,-109.09,P2-F1,CJ34552,
524,1449,586,6,  17660.57  ,,P27-F2,CJ21263,sin_devolucion
402,1244,412,7,  23899.28  ,2733.89,P36-F1,CJ41136,sin_devolucion
3088,1344,464,2,224.52,45.84,P28-F5,CJ24667,
121,697,5,3,"26069,66",3186.79,P31-F6,CJ96232,
1208,2075,404,3,  6531.34  ,,P24-F4,CJ89371,
1636,1073,298,4,"747,43",77.84,P6-F6,CJ56603,sin_devolucion
4019,157,409,7,13699.12,-684.96,P19-F5,CJ56825,sin_devolucion
1008,2921,404,6,$6531.34,,P38-F1,CJ14134,
4407,2304,153,8,  35631.03  ,0,P8-F2,CJ19356,sin_devolucion
2781,1681,122,0,4404.82,30%,P33-F1,CJ21038,
1894,2794,526,5,7635.84 MXN,,P4-F6,CJ60908,
1183,2188,208,999,3669.04,-183.45,P17-F6,CJ60895,sin_devolucion
1551,3329,416,5,"541,52",9%,P30-F4,CJ83123,sin_devolucion
942,2789,294,5,"755,89",,P13-F6,CJ56115,
2278,964,183,5,"$9,228",1562.52,P39-F3,CJ97499,sin_devolucion
1083,1403,188,3,"6551,92",,P26-F3,CJ75195,sin_devolucion
2808,856,487,5,$1140.99,89.29,P9-F2,CJ84131,
4463,1240,342,,"$7,644",0,P37-F4,CJ87822,sin_devolucion
4422,2200,174,1,$11259.21,27%,P40-F6,CJ95018,
3331,2610,296,3,$2185.34,27%,P21-F5,CJ94543,sin_devolucion
4357,1483,252,5,  1423.19  ,0,P33-F4,CJ11383,
222,1099,399,5,26570.51,5603.66,P6-F3,CJ99584,sin_devolucion
164,54,469,5,"4056,55",850.38,P19-F4,CJ45169,sin_devolucion
4141,1603,391,4,"11122,21",0,P20-F4,CJ34268,
405,1541,531,7,2414.15 MXN,0,P12-F4,CJ46291,
1762,3432,15,999,"33776,77",,P40-F2,CJ17763,
2021,2447,607,8,9522.34 MXN,2009.31,P38-F2,CJ82277,
2525,3121,107,1,36858.64 MXN,8458.05,P21-F2,CJ75262,sin_devolucion
4126,3222,508,6,  164.68  ,,P32-F1,CJ74831,sin_devolucion
3764,3459,190,3,  17228.70  ,4154.68,P10-F2,CJ24376,
1437,451,246,8,639.20 MXN,0,P9-F4,CJ26969,
174,2139,87,3,"22796,75",2779.75,P15-F2,CJ11548,
1393,1751,598,N/A,$3274.73,729.53,P40-F5,CJ68544,
1053,1600,98,6,"$39,576",0,P18-F2,CJ85811,sin_devolucion
4591,3252,42,1,  44549.41  ,N/A,P33-F3,CJ68058,
508,574,262,7,$596,-29.81,P23-F1,CJ54595,sin_devolucion
122,1518,333,3,  7242.48  ,-362.12,P22-F1,CJ55772,
1565,1701,234,8,1042.83,0,P5-F2,CJ98997,sin_devolucion
2029,1846,242,8,  975.73  ,,P27-F6,CJ91901,
1624,2849,598,5,$3274.73,522.82,P13-F6,CJ79680,
413,777,25,7,"$44,064",,P18-F6,CJ78548,
4190,720,5,1,26069.66 MXN,19%,P8-F1,CJ62478,
1738,1750,596,8,"15149,53",25%,P14-F6,CJ84372,
2784,1548,412,1,23899.28 MXN,3725.2,P18-F6,CJ96205,
1658,1737,5,5,26069.66 MXN,,P17-F2,CJ83218,
2486,2600,886,5,  30772.59  ,-1538.63,P28-F4,CJ48834,sin_devolucion
988,1965,475,7,$2554.85,17%,P33-F1,CJ37272,
1317,1634,547,3,"622,58",20%,P33-F1,CJ72582,
4260,416,346,dos,"8515,94",1952.94,P40-F6,CJ24169,
2562,2506,145,5,  41579.07  ,9386.45,P35-F1,CJ37878,
739,3206,378,1,  8469.68  ,873.12,P31-F4,CJ86232,
4571,1346,272,5,  4993.05  ,,P32-F6,CJ48017,sin_devolucion
3525,905,313,4,"22302,80",0,P36-F4,CJ35467,sin_devolucion
2202,558,405,4,$26380.91,0,P2-F4,CJ54486,sin_devolucion
1213,3349,172,2,3632.94,-181.65,P6-F5,CJ65067,
3784,2878,593,5,"$2,172",-108.59,P5-F5,CJ54526,
3351,1527,18,4,49907.28 MXN,8873.89,P16-F6,CJ95398,
3723,178,38,1,32293.58 MXN,-1614.68,P39-F4,CJ96239,sin_devolucion
4114,1922,277,4,"7528,53",,P18-F6,CJ22336,
2369,3056,119,6,"$5,868",N/A,P3-F1,CJ11183,sin_devolucion
3646,870,324,N/A,4902.47 MXN,-245.12,P23-F2,CJ83305,
2559,2319,540,8,17228.60,2214.05,P7-F5,CJ31961,
1864,2332,427,5,  152.24  ,-7.61,P34-F4,CJ12077,
1407,1596,501,2,"480,82",-24.04,P20-F2,CJ60496,
3867,3474,489,6,722.97 MXN,94.28,P8-F4,CJ19007,
541,3211,20,4,$48420.36,-2421.02,P4-F3,CJ21341,
4584,3025,280,7,"$5,190",0,P38-F2,CJ60862,sin_devolucion
821,3113,517,8,  2835.58  ,-141.78,P2-F4,CJ33843,
1962,2311,382,1,"2447,27",345.28,P31-F1,CJ59094,sin_devolucion
3102,3297,333,3,"7242,48",0,P9-F6,CJ36345,
976,677,11,6,13708.49,0,P27-F5,CJ17619,
3176,469,170,-3,  20780.00  ,,P38-F5,CJ59645,sin_devolucion
643,478,555,8,"1011,56",111.88,P13-F5,CJ91489,
1374,129,526,8,"$7,636",30%,P5-F5,CJ46289,sin_devolucion
2644,989,2,5,25250.01 MXN,3043.51,P22-F3,CJ95019,
2088,2812,29,6,$16972.54,-848.63,P26-F4,CJ78337,
1334,447,123,3,"$18,645",,P40-F3,CJ31531,
2680,1125,236,5,3329.05 MXN,620.01,P16-F1,CJ69818,sin_devolucion
3970,1581,601,1,$2666.31,508.81,P21-F3,CJ90687,
948,2844,454,5,"332,74",20%,P16-F6,CJ51324,
4419,1849,101,7,36744.16,,P29-F6,CJ70752,
2587,497,219,2,  403.99  ,0,P9-F5,CJ28847,
2237,1198,359,5,$16986.90,3832.47,P16-F5,CJ64697,sin_devolucion
635,2019,268,999,"551,87",N/A,P26-F5,CJ25244,sin_devolucion
4376,755,124,0,"$36,263",-1813.13,P15-F3,CJ88564,
2432,2389,167,8,  4609.55  ,-230.48,P6-F3,CJ75550,
860,3498,510,2,"307,04",24.67,P24-F4,CJ78647,
3572,1643,522,6,"1520,34",276.66,P28-F2,CJ69145,sin_devolucion
4168,753,343,1,19021.91 MXN,6%,P40-F4,CJ97811,
317,3150,183,2,"9228,02",0,P15-F4,CJ21562,
2118,1631,550,0,$12661.44,-633.07,P35-F1,CJ52309,
882,2330,6,5,26395.60,5182.2,P38-F5,CJ32376,sin_devolucion
112,765,531,1,"2414,15",526.98,P22-F3,CJ78696,
588,255,4,2,59704.35 MXN,12832.39,P35-F4,CJ20595,
1588,1726,98,5,  39575.72  ,3073.0,P15-F4,CJ34871,sin_devolucion
3733,144,245,6,  3654.56  ,21%,P21-F6,CJ56369,
1031,659,441,5,"2502,58",28%,P38-F4,CJ83352,sin_devolucion
1465,2576,222,7,5707.81,17%,P28-F2,CJ44616,
4417,788,497,7,$2080.14,20%,P40-F4,CJ51202,sin_devolucion
3562,1436,174,3,11259.21 MXN,1592.69,P1-F1,CJ90854,
1084,723,445,999,716.79,15%,P28-F5,CJ23920,
2908,2491,326,-2,"$10,466",0,P25-F2,CJ38406,
982,653,285,999,"1459,41",,P5-F5,CJ63977,
1002,950,268,1,  551.87  ,23%,P13-F1,CJ32960,
2493,821,64,6,"$13,896",,P16-F1,CJ81204,
1472,1085,324,6,"4902,47",30%,P23-F1,CJ49432,
1397,1322,273,6,$2849.98,-142.5,P31-F1,CJ17779,
2524,1602,404,4,"6531,34",807.31,P1-F5,CJ11421,sin_devolucion
3077,3141,31,5,$38226.13,0,P30-F5,CJ22228,
3880,3519,501,dos,"480,82",,P8-F6,CJ25180,sin_devolucion
1792,3060,410,1,"$2,824",259.43,P36-F5,CJ33357,sin_devolucion
225,1292,402,5,5207.91 MXN,905.99,P24-F1,CJ52098,sin_devolucion
1527,592,51,8,68000.00,12997.81,P18-F6,CJ69743,sin_devolucion
2333,2420,236,2,3329.05 MXN,-166.45,P33-F2,CJ16129,sin_devolucion
3882,2024,490,5,$702,12%,P1-F2,CJ92861,
2938,1947,363,5,$2614.49,18%,P6-F1,CJ91504,
888,3593,435,6,235.67,0,P39-F5,CJ50409,sin_devolucion
3097,2629,226,5,"$3,997",N/A,P31-F6,CJ43959,sin_devolucion
4061,2065,286,7,"713,47",0,P5-F6,CJ52476,
2364,670,566,3,  7865.94  ,N/A,P37-F5,CJ18002,sin_devolucion
1145,1614,136,2,20224.22 MXN,0,P34-F2,CJ75898,
2726,1202,113,3,  24816.71  ,4052.71,P8-F6,CJ61469,sin_devolucion
2136,2952,245,-1,"3654,56",21%,P35-F1,CJ37873,
4402,3119,590,4,"$2,112",19%,P28-F5,CJ84905,sin_devolucion
919,1067,807,6,26570.51 MXN,-1328.53,P25-F4,CJ35677,sin_devolucion
309,609,54,7,  65038.31  ,15208.85,P28-F1,CJ16651,
4534,3263,123,8,"18644,97",,P9-F1,CJ29317,
4313,422,403,3,4965.72,0,P40-F1,CJ93309,
2630,1575,318,dos,"$2,673",23%,P27-F5,CJ11286,
239,2949,263,1,5730.99 MXN,1427.92,P28-F2,CJ21083,sin_devolucion
2093,53,27,2,26993.41 MXN,4753.71,P38-F2,CJ51798,
1697,477,247,-3,  3196.01  ,432.6,P24-F2,CJ36644,
1250,125,146,2,"$7,277",659.78,P37-F5,CJ67702,
1748,1933,341,3,4244.16 MXN,-212.21,P40-F6,CJ74280,
3651,3072,238,3,6129.02,29%,P32-F5,CJ12368,sin_devolucion
3744,3086,346,2,  8515.94  ,,P16-F1,CJ55554,
3583,3860,166,3,9127.91,-456.4,P5-F2,CJ82887,sin_devolucion
4388,173,101,N/A,$36744.16,0,P32-F1,CJ53646,
2434,1771,219,1,$404,24.69,P11-F3,CJ70723,
3007,1859,598,5,"$3,275",N/A,P32-F5,CJ13401,
4339,1014,379,2,2571.64 MXN,415.77,P6-F3,CJ18700,
3261,1658,90,4,"55867,02",29%,P26-F3,CJ98624,
4171,1377,505,3,"1346,46",0,P17-F6,CJ10484,sin_devolucion
162,1276,147,5,  8671.49  ,25%,P28-F4,CJ23868,
3316,2668,462,7,$559,26%,P3-F1,CJ88160,
3395,571,322,2,5883.98,-294.2,P16-F4,CJ72881,sin_devolucion
1186,1631,98,3,$39575.72,8487.03,P19-F1,CJ80521,
116,2792,121,6,"12917,12",0,P23-F2,CJ58546,
1599,1162,548,4,"$1,107",-55.34,P19-F2,CJ56808,sin_devolucion
4409,2763,153,0,35631.03 MXN,3882.99,P24-F5,CJ84048,sin_devolucion
567,814,435,8,"235,67",-11.78,P31-F2,CJ65737,
1322,2378,512,7,"$1,287",154.57,P13-F2,CJ94827,sin_devolucion
4270,735,360,8,$13154.00,0,P37-F2,CJ26996,
3400,342,560,5,  4585.28  ,24%,P8-F4,CJ47860,
1076,3013,32,5,56222.67 MXN,12%,P23-F6,CJ10409,sin_devolucion
4481,563,435,8,  235.67  ,0,P14-F4,CJ54924,
4133,333,324,7,"4902,47",,P38-F6,CJ17165,sin_devolucion
845,1366,600,4,$14080.43,1437.28,P31-F3,CJ55320,
1399,2200,525,6,$9670.16,675.27,P17-F2,CJ53869,sin_devolucion
669,624,396,2,4864.14 MXN,,P37-F1,CJ11844,
1576,2471,145,2,41579.07 MXN,0,P10-F3,CJ80840,sin_devolucion
1247,114,549,7,$3539.57,0,P10-F6,CJ71855,
4062,1009,544,3,"$13,373",1346.27,P8-F6,CJ11378,
2796,2284,474,3,"$3,639",0,P35-F4,CJ32474,sin_devolucion
1050,2370,9,2,"27655,76",0,P5-F5,CJ86625,sin_devolucion
4426,619,317,8,4957.78 MXN,1223.58,P13-F5,CJ22816,sin_devolucion
824,402,395,1,"11207,81",0,P36-F3,CJ14319,
3669,2881,467,8,841.05,67.47,P13-F4,CJ23820,
3442,3195,314,1,15052.07,823.63,P18-F1,CJ48610,sin_devolucion
955,3433,330,2,7517.64,,P1-F3,CJ10287,
711,2693,126,3,"$6,208",882.73,P16-F2,CJ40152,
3025,1251,425,1,1199.26,14%,P36-F4,CJ22218,
3379,351,163,1,"$34,985",16%,P30-F3,CJ19630,
2621,1714,271,7,  7591.04  ,1563.01,P21-F4,CJ53451,
2775,2951,557,8,"700,10",6%,P9-F6,CJ92895,
523,758,360,6,"$13,154",671.64,P22-F6,CJ46214,sin_devolucion
1955,1693,147,6,$8671.49,0,P29-F2,CJ48146,sin_devolucion
2243,2216,386,8,15529.88 MXN,1440.56,P25-F4,CJ81928,
1796,146,108,6,12828.66,1465.19,P20-F2,CJ65402,sin_devolucion
3383,3453,236,3,$3329.05,810.31,P38-F2,CJ94449,
1559,122,236,1,3329.05,,P22-F3,CJ99449,sin_devolucion
2194,863,399,5,$26570.51,6087.76,P12-F1,CJ37314,
2820,3292,29,3,  16972.54  ,3146.44,P34-F2,CJ46321,
3585,471,460,6,$328,-16.39,P2-F2,CJ44242,
4165,24,121,,$12917.12,2354.52,P12-F1,CJ75059,
441,1784,111,8,7068.08,1477.37,P7-F1,CJ23099,sin_devolucion
1578,1158,29,3,  16972.54  ,-848.63,P12-F5,CJ33598,
1808,958,560,-1,4585.28,6%,P31-F1,CJ90042,
2957,415,324,6,"$4,902",375.99,P38-F5,CJ83106,sin_devolucion
1758,1749,469,5,$4056.55,327.4,P1-F4,CJ44967,
3058,2618,66,7,"$15,233",,P17-F2,CJ20770,
656,1775,526,3,7635.84 MXN,-381.79,P9-F1,CJ40275,sin_devolucion
1910,338,236,2,"$3,329",803.69,P7-F3,CJ71620,
4010,1907,266,7,"2657,04",-132.85,P18-F3,CJ24140,
4480,3493,134,1,"3972,84",N/A,P18-F6,CJ36984,
903,1387,123,7,18644.97 MXN,0,P22-F2,CJ58096,sin_devolucion
4562,2352,453,3,  1833.28  ,29%,P36-F5,CJ87655,
1969,2670,268,7,$551.87,,P34-F4,CJ88076,sin_devolucion
3907,2904,372,999,"7389,10",0,P36-F5,CJ87226,
2693,556,173,999,"13426,80",719.57,P40-F6,CJ42169,
2884,3297,359,0,  16986.90  ,0,P37-F5,CJ81094,
3503,3045,162,4,32940.52,0,P4-F3,CJ28720,sin_devolucion
3191,2694,47,-4,  18423.86  ,20%,P15-F1,CJ16965,
1000,725,149,1,27409.46 MXN,1917.58,P31-F4,CJ72956,sin_devolucion
404,2136,453,2,$1833.28,0,P26-F3,CJ32969,
1133,2346,122,1,4404.82,-220.24,P35-F5,CJ25323,
2774,2884,281,4,"$2,874",584.52,P34-F6,CJ27051,sin_devolucion
3589,640,90,3,  55867.02  ,0,P26-F4,CJ83548,
2275,164,232,1,$681,N/A,P32-F4,CJ50005,sin_devolucion
2411,1568,128,2,29282.83 MXN,-1464.14,P25-F1,CJ43169,sin_devolucion
1260,456,408,7,  25253.16  ,2065.11,P7-F3,CJ18149,
3783,961,343,1,19021.91 MXN,3386.29,P24-F2,CJ20716,
2402,2396,586,4,17660.57 MXN,-883.03,P3-F6,CJ83871,
1373,1341,98,N/A,  39575.72  ,7065.32,P33-F6,CJ95729,
3522,2585,367,5,$2279.64,-113.98,P5-F6,CJ67167,sin_devolucion
4118,1974,228,1,1374.56 MXN,22%,P4-F2,CJ55742,sin_devolucion
4266,2191,236,4,3329.05,196.71,P40-F6,CJ48705,sin_devolucion
4575,503,599,3,1634.01,,P23-F6,CJ16820,
2590,3149,187,2,"$15,408",24%,P17-F2,CJ84468,
1224,1481,572,4,649.84 MXN,23%,P4-F6,CJ64558,sin_devolucion
2367,3151,437,2,2181.84 MXN,-109.09,P1-F1,CJ65370,
996,2338,471,7,$616,0,P34-F1,CJ65782,
3511,2002,467,4,"841,05",0,P8-F3,CJ74224,sin_devolucion
2970,1890,236,5,"3329,05",8%,P36-F3,CJ18771,sin_devolucion
3060,2586,872,2,  681.28  ,122.26,P35-F5,CJ36626,sin_devolucion
3896,2760,437,8,  2181.84  ,-109.09,P1-F2,CJ50149,sin_devolucion
3858,1568,510,3,$307.04,27%,P35-F4,CJ42814,
3508,3169,34,4,$63820.31,-3191.02,P31-F4,CJ91542,
448,2786,546,7,  2515.65  ,395.77,P20-F5,CJ94962,
3563,2822,419,4,  279.73  ,0,P37-F2,CJ60329,
3409,1340,350,,7901.71,802.93,P6-F4,CJ30336,
968,3359,391,8,"11122,21",0,P2-F5,CJ21977,
2609,954,147,6,"8671,49",0,P29-F1,CJ25074,sin_devolucion
3513,917,27,2,  26993.41  ,23%,P29-F1,CJ38113,
1055,368,367,dos,"2279,64",15%,P7-F5,CJ30615,sin_devolucion
1990,1175,535,3,  2210.07  ,280.12,P15-F6,CJ84129,
1920,966,104,2,$38907.41,N/A,P38-F4,CJ60763,sin_devolucion
2734,1277,318,6,$2672.96,0,P25-F2,CJ63997,
3667,1672,558,2,  2486.26  ,621.03,P35-F6,CJ40815,sin_devolucion
629,3584,90,3,$55867.02,13%,P25-F6,CJ85260,
3972,1648,216,2,"1493,81",,P17-F6,CJ51582,sin_devolucion
3253,2251,444,7,"389,88",-19.49,P3-F5,CJ84853,sin_devolucion
3015,1892,336,2,$3813.68,0,P33-F5,CJ16244,
4515,1745,136,8,"$20,224",,P22-F5,CJ92374,
1046,2234,94,5,  58178.52  ,N/A,P28-F4,CJ70349,
4577,2066,548,8,1106.78,168.89,P36-F3,CJ75616,
4354,2124,360,,  13154.00  ,-657.7,P8-F6,CJ99946,sin_devolucion
2802,820,188,0,"6551,92",21%,P31-F1,CJ69995,
415,953,135,3,$8232.79,N/A,P14-F3,CJ33004,
340,3507,99,0,  18068.67  ,0,P1-F5,CJ29410,
1555,570,123,3,18644.97 MXN,4291.18,P22-F6,CJ49074,
869,2763,173,4,"13426,80",1144.33,P12-F5,CJ85595,sin_devolucion
3548,324,216,7,"$1,494",133.85,P26-F4,CJ25534,
391,3428,177,3,"25698,47",2296.94,P27-F1,CJ27081,
4241,2548,90,2,  55867.02  ,-2793.35,P10-F2,CJ37845,
39,555,106,4,"$33,801",7%,P3-F1,CJ36150,sin_devolucion
1093,1268,187,4,"$15,408",3247.92,P5-F5,CJ93304,
1412,3177,21,1,"$41,666",0,P35-F4,CJ25827,sin_devolucion
1875,3538,344,5,  8737.86  ,0,P40-F1,CJ41025,
3551,3459,123,4,18644.97 MXN,0,P35-F4,CJ12299,
4578,832,382,1,"2447,27",-122.36,P5-F3,CJ17488,sin_devolucion
3928,2649,300,0,$1629.59,,P36-F6,CJ96928,
1341,2772,307,1,"1429,76",,P2-F3,CJ13783,
2634,462,148,1,9601.21,-480.06,P9-F2,CJ63243,
4363,1688,208,5,  3669.04  ,-183.45,P15-F5,CJ24986,sin_devolucion
263,246,546,0,2515.65 MXN,-125.78,P7-F5,CJ25843,
4518,3220,123,6,$18644.97,3618.11,P30-F5,CJ48668,
4012,1353,450,3,296.55,-14.83,P10-F3,CJ80270,sin_devolucion
1283,406,113,8,"24816,71",,P13-F4,CJ77797,
2754,1541,205,3,28895.45 MXN,18%,P28-F4,CJ68776,
2437,2829,63,6,"61097,96",4375.19,P6-F2,CJ54853,
4365,3407,487,6,1140.99,-57.05,P14-F5,CJ35228,
1782,2194,158,2,$4265.11,0,P3-F5,CJ42068,
3643,226,69,8,33168.84,2572.23,P5-F5,CJ18071,sin_devolucion
2314,2731,247,5,"$3,196",-159.8,P37-F5,CJ27754,
2423,3811,596,4,"$15,150",1313.69,P5-F4,CJ11728,
2302,3295,294,7,"755,89",74.22,P17-F2,CJ71048,sin_devolucion
2414,3543,501,0,"480,82",36.02,P31-F3,CJ69343,
1340,1356,27,6,"26993,41",-1349.67,P38-F1,CJ79790,sin_devolucion
2241,558,60,-4,$48462.73,0,P37-F2,CJ30815,
4305,631,268,7,$552,30%,P25-F4,CJ31400,sin_devolucion
1288,1631,24,3,  30772.59  ,6916.13,P1-F1,CJ90459,sin_devolucion
1855,634,475,3,2554.85,0,P17-F3,CJ77715,
4183,2500,420,6,$181,9.88,P21-F4,CJ53706,
419,3098,236,1,  3329.05  ,558.39,P6-F3,CJ41849,
2742,536,112,2,  10289.22  ,2408.9,P36-F4,CJ12120,
1346,1035,36,8,"28216,45",-1410.82,P13-F2,CJ95139,sin_devolucion
4538,2821,315,0,11703.09,-585.15,P33-F3,CJ40284,sin_devolucion
1608,2177,169,4,$4684.61,322.68,P12-F1,CJ34116,sin_devolucion
141,1915,219,6,$404,-20.2,P23-F5,CJ31386,sin_devolucion
3087,1591,321,4,"2793,78",10%,P38-F2,CJ11339,sin_devolucion
2328,2399,299,,1600.51 MXN,320.89,P23-F1,CJ92621,sin_devolucion
2958,1413,324,2,4902.47 MXN,-245.12,P24-F4,CJ67764,
560,114,183,1,9228.02,N/A,P22-F4,CJ53011,
2468,351,372,7,"7389,10",1538.55,P27-F2,CJ42769,sin_devolucion
3978,1116,531,2,  2414.15  ,-120.71,P12-F6,CJ56358,
2475,840,526,2,$7635.84,-381.79,P38-F3,CJ69953,
776,1536,245,2,"$3,655",0,P29-F2,CJ21471,
237,2010,120,-5,  36962.01  ,,P38-F6,CJ63390,
775,2108,105,4,4935.31,18%,P21-F3,CJ19861,sin_devolucion
1985,1957,324,5,4902.47,-245.12,P4-F2,CJ58848,
786,1162,535,5,$2210.07,N/A,P4-F1,CJ60682,
4330,178,319,8,  3774.97  ,,P38-F5,CJ78237,
2167,749,482,8,"$1,202",-60.1,P8-F3,CJ37131,sin_devolucion
3423,2935,324,8,"4902,47",18%,P21-F3,CJ49505,
3150,247,462,3,$558.61,19%,P30-F4,CJ31603,
1228,138,359,4,16986.90,1524.27,P22-F6,CJ48590,sin_devolucion
3805,270,113,2,  24816.71  ,17%,P35-F2,CJ46228,sin_devolucion
234,2143,453,4,$1833.28,223.55,P34-F4,CJ34246,
3546,1602,147,-2,$8671.49,-433.57,P27-F4,CJ62659,
1992,1769,262,3,596.20,-29.81,P18-F4,CJ75815,
2736,654,498,7,$943,6%,P21-F5,CJ70265,
3792,3732,27,3,  26993.41  ,5360.46,P25-F1,CJ69761,
3364,364,236,3,3329.05 MXN,12%,P2-F5,CJ48538,
1626,3475,547,-1,$622.58,23%,P8-F2,CJ73979,
3154,1734,434,6,2492.65 MXN,435.45,P31-F5,CJ40312,
1691,1903,148,8,9601.21 MXN,-480.06,P11-F3,CJ46225,
1406,2475,513,-1,  291.56  ,0,P3-F5,CJ99346,
3166,2902,113,8,$24816.71,3297.5,P38-F5,CJ63500,
807,47,99,,$18068.67,,P33-F3,CJ39192,
590,2475,113,N/A,24816.71 MXN,27%,P2-F2,CJ86346,
2483,261,309,6,  579.38  ,0,P25-F6,CJ67677,
180,2184,20,7,48420.36 MXN,0,P18-F4,CJ78018,
1015,3128,552,8,6261.42,20%,P21-F2,CJ98221,
3010,2055,236,5,3329.05,-166.45,P4-F2,CJ45873,
1019,3397,246,5,639.20,124.93,P10-F4,CJ21294,sin_devolucion
1982,1480,270,0,874.94 MXN,0,P10-F4,CJ76960,sin_devolucion
2340,477,219,6,403.99,73.43,P29-F2,CJ32003,
2235,2791,405,3,  26380.91  ,-1319.05,P19-F3,CJ52007,
3753,2368,27,2,"$26,993",0,P28-F1,CJ33039,
3185,3139,521,2,  7452.11  ,-372.61,P13-F4,CJ40433,
2919,3557,575,2,  1968.00  ,23%,P22-F1,CJ52989,
516,3029,102,8,  27579.79  ,6685.95,P9-F2,CJ86231,
3474,3524,557,4,"700,10",0,P26-F3,CJ18429,sin_devolucion
2319,2255,123,2,18644.97 MXN,0,P33-F2,CJ94281,
2948,1204,55,5,"49270,07",9817.41,P29-F2,CJ48175,
455,1770,392,6,16781.48,0,P40-F5,CJ43638,
3082,103,235,5,  1119.56  ,-55.98,P35-F2,CJ87452,sin_devolucion
2005,1002,83,4,$56550.90,12%,P1-F3,CJ28724,
4332,3825,83,8,"56550,90",0,P14-F5,CJ50597,sin_devolucion
4107,2701,65,3,$15736.34,2791.3,P10-F1,CJ57142,
3244,297,280,8,5190.10 MXN,0,P6-F4,CJ95964,
3470,3072,516,2,$1869.02,22%,P25-F4,CJ25958,
1848,2772,501,4,480.82 MXN,0,P20-F6,CJ77100,sin_devolucion
3506,1095,329,7,"$2,799",-139.95,P24-F4,CJ53813,
4473,337,604,4,5124.09,-256.2,P23-F5,CJ43744,
4593,877,513,2,291.56 MXN,38.06,P37-F4,CJ50215,sin_devolucion
4397,1835,208,-2,"3669,04",410.87,P1-F6,CJ36948,
2691,512,34,5,$63820.31,6480.41,P36-F2,CJ27844,sin_devolucion
3455,3242,321,-3,2793.78,456.22,P2-F2,CJ99638,
1199,529,445,6,  716.79  ,0,P10-F4,CJ83326,
1550,1691,501,8,$480.82,66.25,P34-F3,CJ61507,
2803,1700,544,4,"$13,373",5%,P29-F2,CJ91425,
3988,1511,365,8,  5591.15  ,-279.56,P32-F5,CJ91629,
551,445,285,7,1459.41,0,P1-F4,CJ63839,
2629,969,290,2,"$3,593",,P12-F2,CJ48327,sin_devolucion
3210,1888,373,8,20620.17 MXN,4260.49,P2-F4,CJ89693,
1335,3340,228,0,"$1,375",28%,P12-F2,CJ20191,sin_devolucion
155,3204,165,2,8728.22,,P27-F2,CJ69560,
2375,1003,399,8,"26570,51",9%,P3-F2,CJ86960,
3352,1757,234,6,  1042.83  ,0,P5-F2,CJ13276,
3382,1172,329,4,  2798.95  ,9%,P28-F4,CJ59178,
1794,3517,477,8,185.90 MXN,,P34-F6,CJ32159,sin_devolucion
3939,1997,27,6,"26993,41",14%,P39-F3,CJ40297,sin_devolucion
1194,2751,64,3,$13895.81,3163.36,P4-F3,CJ54699,
1105,2317,57,8,$17856.88,3683.42,P14-F6,CJ42275,
543,2040,444,8,389.88,24.99,P2-F1,CJ57102,sin_devolucion
1343,3363,521,6,$7452.11,,P24-F4,CJ68642,sin_devolucion
4280,1698,306,0,  1972.78  ,0,P40-F5,CJ57561,sin_devolucion
326,473,555,4,"$1,012",0,P13-F4,CJ53734,
3343,2433,295,4,2244.90 MXN,-112.25,P2-F3,CJ37585,
918,2331,90,4,  55867.02  ,N/A,P9-F4,CJ57786,
2494,918,485,3,$3397.59,N/A,P23-F1,CJ59180,sin_devolucion
3192,2491,181,4,"$23,260",14%,P9-F3,CJ56706,sin_devolucion
4000,2977,4,4,"$59,704",9078.57,P16-F5,CJ75170,sin_devolucion
1781,1835,323,8,2463.84 MXN,361.33,P25-F4,CJ47458,
2628,1002,490,6,$702,-35.09,P21-F2,CJ39681,
741,1813,573,2,"$2,616",17%,P34-F4,CJ40464,
159,2703,434,1,2492.65 MXN,607.5,P16-F4,CJ25235,
160,1506,373,1,20620.17 MXN,2142.91,P1-F3,CJ34502,sin_devolucion
2383,1405,171,3,4674.34,0,P11-F2,CJ74378,
1102,2566,146,dos,$7276.84,18%,P28-F4,CJ18550,sin_devolucion
1830,3482,309,7,579.38 MXN,41.41,P36-F6,CJ55526,
3183,1670,238,5,$6129.02,-306.45,P9-F3,CJ25635,
2899,2179,64,5,$13895.81,0,P15-F2,CJ37370,
1016,2056,90,7,55867.02 MXN,-2793.35,P10-F6,CJ75372,
3384,1408,344,3,"$8,738",1893.01,P22-F1,CJ85252,sin_devolucion
768,1612,228,5,1374.56,10%,P19-F4,CJ77005,sin_devolucion
1203,2195,251,6,$2586.41,,P24-F4,CJ50626,sin_devolucion
139,1456,399,7,$26570.51,8%,P29-F2,CJ82808,sin_devolucion
1359,2704,475,2,2554.85 MXN,174.46,P9-F1,CJ74675,
412,1546,547,2,622.58,0,P1-F6,CJ16937,sin_devolucion
1003,1897,340,4,"$11,114",2052.07,P9-F4,CJ55148,
288,3373,382,2,"$2,447",-122.36,P34-F3,CJ51917,
1110,1745,395,8,  11207.81  ,7%,P3-F5,CJ73761,sin_devolucion
333,1089,184,3,  14525.98  ,-726.3,P5-F6,CJ91602,sin_devolucion
3495,1435,268,2,  551.87  ,-27.59,P16-F4,CJ62267,
1967,194,338,6,  2541.00  ,,P1-F1,CJ95547,
4568,658,68,6,  17497.71  ,-874.89,P12-F5,CJ96365,sin_devolucion
803,2446,313,3,22302.80,12%,P11-F2,CJ38033,
3039,2119,218,1,$2497.50,-124.88,P34-F5,CJ42860,
4569,1240,19,4,$52611.56,,P35-F6,CJ14223,
143,971,165,2,$8728.22,23%,P33-F6,CJ11451,
2144,1587,123,0,"18644,97",0,P14-F5,CJ94408,sin_devolucion
3801,1644,245,8,3654.56,0,P4-F3,CJ26739,
2813,479,65,1,"$15,736",3633.12,P19-F6,CJ40988,sin_devolucion
273,3216,354,3,8202.98 MXN,-410.15,P40-F6,CJ90947,
1121,1689,557,2,700.10,0,P31-F2,CJ82737,sin_devolucion
2861,1345,245,3,3654.56,-182.73,P2-F6,CJ49889,sin_devolucion
734,3384,324,-5,4902.47,29%,P1-F5,CJ62606,
2427,2795,396,6,4864.14 MXN,551.0,P11-F6,CJ39478,sin_devolucion
1424,2978,25,4,"44064,36",N/A,P16-F3,CJ74143,sin_devolucion
1268,3035,11,3,$13708.49,0,P39-F1,CJ15874,sin_devolucion
350,1661,354,1,$8202.98,-410.15,P7-F6,CJ35497,sin_devolucion
2476,2432,149,6,"27409,46",28%,P13-F3,CJ85281,
1390,825,62,8,  27227.97  ,1402.23,P19-F2,CJ47275,
2848,344,526,6,"$7,636",1511.98,P26-F1,CJ56935,
3378,1238,196,3,6746.66,1189.13,P6-F5,CJ47219,
3678,943,352,7,$17190.19,-859.51,P9-F4,CJ24491,
3222,306,547,8,  622.58  ,,P39-F1,CJ89671,
3303,2879,226,7,"$3,997",688.98,P37-F3,CJ87863,
1173,591,271,1,"$7,591",1366.27,P5-F2,CJ52277,
1834,3480,382,N/A,  2447.27  ,0,P30-F5,CJ55853,
4372,171,529,4,"$2,494",0,P27-F2,CJ51688,
57,1250,147,5,"$8,671",907.49,P3-F4,CJ24890,
3360,468,219,8,403.99 MXN,N/A,P5-F6,CJ43952,
1416,1547,399,2,  26570.51  ,28%,P20-F2,CJ40872,
3362,364,16,7,31476.59 MXN,0,P6-F2,CJ97994,
4367,2728,537,3,"2027,40",150.75,P18-F4,CJ23728,
2717,3597,309,5,"579,38",0,P5-F2,CJ80892,
2485,1541,88,5,$29304.68,3581.18,P24-F4,CJ45373,sin_devolucion
463,2220,405,8,"$26,381",11%,P28-F6,CJ15449,
4532,1309,296,3,"$2,185",-109.27,P38-F3,CJ27487,sin_devolucion
1226,340,601,6,2666.31 MXN,582.81,P21-F1,CJ57859,sin_devolucion
4403,708,400,-5,2268.61 MXN,226.5,P25-F5,CJ37290,
593,1702,6,6,26395.60 MXN,5255.24,P17-F2,CJ13598,
4092,470,131,6,26459.89 MXN,0,P16-F6,CJ38637,
3680,1678,216,7,"$1,494",23%,P3-F5,CJ52302,sin_devolucion
1946,1054,34,8,63820.31,7590.12,P3-F3,CJ19361,
4581,888,386,1,$15529.88,-776.49,P35-F4,CJ18978,
3469,503,181,4,23260.26,0,P15-F3,CJ90808,
3390,464,27,5,"$26,993",,P18-F1,CJ66998,
2321,495,332,-3,$16589.24,,P10-F1,CJ86633,sin_devolucion
2568,450,214,4,$412.88,,P29-F6,CJ49271,
2715,939,562,3,7816.25,-390.81,P35-F6,CJ31905,sin_devolucion
3796,909,295,6,"$2,245",13%,P38-F5,CJ25546,
1258,2739,48,4,31235.81,0,P21-F4,CJ62174,sin_devolucion
923,703,570,1,2235.17,-111.76,P12-F1,CJ73569,sin_devolucion
3822,1842,216,3,"1493,81",0,P11-F1,CJ24236,
2331,1313,242,5,975.73 MXN,0,P3-F1,CJ95747,
1400,2453,343,6,"$19,022",19%,P19-F2,CJ17739,
3196,943,430,8,999.52 MXN,24%,P15-F3,CJ15095,
163,210,234,3,1042.83,221.57,P13-F3,CJ45441,sin_devolucion
1792,3060,410,1,"$2,824",259.43,P36-F5,CJ33357,sin_devolucion
618,2652,281,5,$2873.68,13%,P38-F1,CJ32079,sin_devolucion
337,2234,205,8,"28895,45",2740.41,P20-F4,CJ17453,sin_devolucion
1738,1750,596,8,"15149,53",25%,P14-F6,CJ84372,
2612,1988,344,3,$8737.86,-436.89,P40-F1,CJ10448,
2382,2509,373,5,"20620,17",1410.51,P29-F5,CJ36259,
589,3561,475,8,  2554.85  ,27%,P14-F1,CJ31897,sin_devolucion
4273,710,57,8,$17856.88,8%,P15-F2,CJ93231,sin_devolucion
817,2873,490,1,$702,-35.09,P13-F1,CJ44393,sin_devolucion
4027,2324,595,N/A,13669.45 MXN,0,P19-F6,CJ98149,
1882,1735,84,3,$16273.21,,P23-F4,CJ43557,
465,2174,377,4,"3602,74",12%,P38-F4,CJ44033,sin_devolucion
1230,315,529,1,2494.40,0,P37-F5,CJ21149,sin_devolucion
1276,1626,285,3,$1459.41,28%,P3-F3,CJ27311,sin_devolucion
3977,3055,14,7,"28475,90",4487.97,P1-F1,CJ15847,
1537,1026,322,5,5883.98,,P32-F2,CJ33951,
2463,1240,90,6,"55867,02",0,P23-F2,CJ24612,
4121,495,253,,  4812.80  ,1180.52,P32-F3,CJ34069,
3024,2480,29,1,"$16,973",-848.63,P8-F2,CJ42128,
2037,1029,446,4,3256.03,-162.8,P36-F3,CJ19498,
2968,2538,281,6,  2873.68  ,N/A,P5-F6,CJ58540,sin_devolucion
2966,142,76,5,18729.75,,P16-F4,CJ83177,
3215,2621,11,dos,13708.49 MXN,2408.53,P17-F5,CJ81739,sin_devolucion
3375,1234,441,2,2502.58,N/A,P23-F1,CJ12959,
1181,2609,456,N/A,$1042.89,25%,P29-F1,CJ53641,sin_devolucion
1043,1996,119,0,  5867.88  ,528.76,P17-F1,CJ51787,sin_devolucion
4389,3015,243,1,  7122.31  ,1203.47,P34-F5,CJ52322,sin_devolucion
3218,1290,180,4,29210.55 MXN,3185.98,P19-F6,CJ11559,sin_devolucion
4337,12,253,0,"$4,813",N/A,P29-F5,CJ19718,sin_devolucion
3231,3477,399,7,"$26,571",0,P3-F2,CJ90978,sin_devolucion
2400,409,165,8,"$8,728",,P39-F1,CJ87616,
2660,2372,349,2,"$8,219",0,P33-F2,CJ43196,sin_devolucion
325,1250,485,1,  3397.59  ,0,P35-F2,CJ73301,sin_devolucion
2637,1506,526,0,"$7,636",0,P5-F4,CJ77526,
1262,2376,601,8,"2666,31",275.42,P33-F6,CJ60223,
1689,1686,461,1,3021.14,-151.06,P17-F3,CJ33109,sin_devolucion
2643,1623,450,1,296.55,-14.83,P14-F2,CJ41330,
1273,74,247,8,3196.01,16%,P21-F2,CJ38819,
2652,2730,272,4,"4993,05",16%,P3-F1,CJ13241,
581,2152,583,1,4356.58,5%,P8-F2,CJ47313,
1811,3330,604,N/A,  5124.09  ,5%,P10-F1,CJ58423,sin_devolucion
4026,2375,26,0,"53168,01",11032.25,P7-F4,CJ67483,
2648,1122,182,1,5269.41 MXN,-263.47,P8-F3,CJ58089,
1804,3253,175,-4,6971.32 MXN,N/A,P35-F1,CJ26170,sin_devolucion
154,2284,600,6,14080.43 MXN,N/A,P33-F4,CJ79805,sin_devolucion
253,2004,263,2,5730.99,1026.4,P20-F5,CJ83877,sin_devolucion
1061,1170,139,4,"$22,592",-1129.62,P4-F2,CJ88683,
4018,3501,18,8,"49907,28",6113.1,P9-F1,CJ21713,
3447,468,393,6,  2250.85  ,227.2,P26-F1,CJ58730,
4277,2543,179,3,"24894,74",8%,P38-F3,CJ73511,
3919,2945,326,1,  10465.54  ,23%,P39-F5,CJ54739,
1451,230,27,-1,  26993.41  ,16%,P27-F3,CJ39203,
876,556,90,5,55867.02,19%,P16-F5,CJ90460,
555,3063,148,2,$9601.21,0,P10-F2,CJ86991,
411,1325,21,2,$41665.57,,P5-F6,CJ11615,
1757,436,449,2,$2103.36,238.17,P35-F5,CJ75626,sin_devolucion
1562,1629,419,4,$280,22%,P29-F3,CJ56499,sin_devolucion
1824,520,113,7,24816.71,20%,P8-F2,CJ45698,sin_devolucion
2327,2535,2,3,25250.01 MXN,N/A,P6-F6,CJ64626,
3669,2881,467,8,841.05,67.47,P13-F4,CJ23820,
1281,3484,121,1,12917.12,N/A,P11-F1,CJ18726,sin_devolucion
1025,2249,296,4,$2185.34,394.23,P40-F3,CJ34330,sin_devolucion
3602,865,294,6,755.89,9%,P10-F5,CJ99719,
4086,2699,121,0,  12917.12  ,22%,P20-F6,CJ36381,
4364,901,427,N/A,  152.24  ,N/A,P16-F4,CJ11305,
3741,1156,221,7,"1736,69",17%,P12-F3,CJ95523,
2367,3151,437,2,2181.84 MXN,-109.09,P1-F1,CJ65370,
1661,3402,102,-2,"27579,79",-1378.99,P17-F5,CJ43888,
1097,3043,461,7,"$3,021",0,P17-F2,CJ91408,
3172,624,343,,19021.91 MXN,-951.1,P27-F4,CJ59225,sin_devolucion
2895,1554,226,7,"$3,997",-199.83,P29-F2,CJ52314,sin_devolucion
2863,1333,306,3,1972.78,-98.64,P9-F3,CJ57334,
470,2181,598,0,3274.73 MXN,647.94,P26-F3,CJ47183,
2867,617,159,2,3901.05,669.43,P7-F5,CJ60577,
4436,658,427,4,$152,14%,P14-F3,CJ80867,sin_devolucion
3116,935,251,8,$2586.41,0,P8-F4,CJ69440,
799,1289,454,5,$333,59.86,P28-F3,CJ33201,
1263,1674,601,4,$2666.31,521.43,P8-F1,CJ35960,sin_devolucion
2370,1386,437,2,2181.84 MXN,0,P21-F6,CJ83306,
2253,2254,27,5,26993.41,,P27-F2,CJ10048,
4001,72,526,5,"7635,84",15%,P7-F4,CJ34021,
997,2748,277,6,  7528.53  ,,P37-F4,CJ10556,sin_devolucion
1024,301,18,4,"49907,28",0,P1-F5,CJ14074,
1377,2179,253,8,  4812.80  ,826.07,P30-F6,CJ87706,
1185,415,399,4,"26570,51",,P4-F2,CJ26141,
1484,1919,204,2,17470.25 MXN,N/A,P10-F5,CJ11348,sin_devolucion
938,3796,333,4,7242.48,1607.05,P10-F4,CJ94027,sin_devolucion
339,1721,201,dos,12657.76,,P18-F4,CJ50969,
129,2204,394,4,"2442,57",-122.13,P11-F1,CJ12688,sin_devolucion
561,2283,196,4,6746.66,0,P12-F6,CJ76926,
2003,949,547,8,$622.58,11%,P19-F3,CJ77232,sin_devolucion
3464,2258,587,N/A,"$6,063",1046.59,P29-F6,CJ99754,
1780,1037,149,1,27409.46,-1370.47,P31-F3,CJ48464,
575,3292,435,5,235.67,0,P17-F1,CJ47250,
35,1717,321,6,2793.78 MXN,-139.69,P11-F6,CJ39243,
1673,2936,263,6,"$5,731",0,P40-F2,CJ90309,
3828,3321,405,2,  26380.91  ,,P11-F6,CJ27113,
2301,66,493,5,$616,0,P19-F1,CJ39719,
205,1847,319,4,$3774.97,15%,P22-F4,CJ71218,
2424,2504,206,8,  35845.90  ,6397.85,P2-F6,CJ45128,sin_devolucion
2972,2216,558,5,2486.26,10%,P20-F4,CJ44472,
1258,2739,48,4,31235.81,0,P21-F4,CJ62174,sin_devolucion
2240,3434,568,5,7363.71 MXN,,P26-F2,CJ81461,
4418,1174,187,1,"15407,88",0,P2-F2,CJ88771,sin_devolucion
3902,3552,245,5,"3654,56",0,P3-F3,CJ47979,sin_devolucion
1223,3340,14,2,$28475.90,6988.46,P36-F5,CJ92126,sin_devolucion
2857,495,253,3,"4812,80",0,P6-F4,CJ19383,
356,2826,205,6,  28895.45  ,0,P16-F2,CJ37772,
3699,1283,268,8,"551,87",105.46,P22-F4,CJ18649,
4378,484,386,2,$15529.88,0,P14-F2,CJ80180,
2595,1303,465,7,$1413.81,0,P30-F6,CJ38957,
3456,1923,377,4,3602.74 MXN,0,P36-F3,CJ82717,
4068,3297,570,3,2235.17 MXN,116.15,P6-F4,CJ69384,sin_devolucion
117,422,382,1,2447.27 MXN,,P29-F2,CJ42383,
3458,2896,490,8,$701.76,135.82,P12-F6,CJ99708,
2122,862,153,2,"35631,03",0,P30-F2,CJ46490,
695,1834,294,4,755.89 MXN,N/A,P25-F3,CJ78538,
932,1595,235,4,1119.56 MXN,0,P4-F2,CJ35557,
477,673,155,5,36068.08 MXN,17%,P19-F3,CJ82199,sin_devolucion
3198,1185,510,5,$307,-15.35,P14-F3,CJ41943,sin_devolucion
4097,2279,314,dos,  15052.07  ,27%,P32-F6,CJ66825,
4452,1836,547,3,$623,22%,P13-F6,CJ32816,sin_devolucion
3388,3009,531,N/A,"2414,15",400.84,P32-F1,CJ47886,sin_devolucion
3418,1639,83,5,56550.90 MXN,7540.35,P37-F6,CJ88363,
363,234,123,1,"18644,97",-932.25,P32-F4,CJ88945,
1409,1312,453,6,1833.28,332.93,P30-F2,CJ88173,
1453,1290,222,1,$5707.81,1290.59,P37-F6,CJ33798,
513,3457,245,7,"$3,655",25%,P15-F4,CJ19884,sin_devolucion
4050,1851,317,-5,4957.78,267.63,P5-F2,CJ77287,
3689,2669,179,4,$24894.74,-1244.74,P15-F1,CJ94940,
1284,2710,227,8,$7709.07,1784.16,P29-F3,CJ43138,sin_devolucion
4450,894,234,1,$1042.83,16%,P3-F3,CJ48266,sin_devolucion
59,940,371,1,23441.01,-1172.05,P28-F3,CJ92175,
1430,1222,573,8,"$2,616",29%,P29-F2,CJ83120,
37,2013,424,7,"$1,995",0,P32-F2,CJ70941,sin_devolucion
3949,2919,384,5,  10968.12  ,25%,P6-F5,CJ98305,
1020,1339,224,6,3092.44 MXN,0,P1-F1,CJ93401,
3121,872,167,8,"$4,610",-230.48,P1-F5,CJ68954,sin_devolucion
703,451,445,4,$716.79,-35.84,P21-F4,CJ31096,
1989,2625,18,5,49907.28 MXN,-2495.36,P18-F3,CJ29314,sin_devolucion
3942,2881,853,5,"2554,85",,P25-F4,CJ67174,
2403,2983,351,8,"$2,169",9%,P11-F6,CJ96449,
446,2242,309,3,$579.38,71.39,P23-F2,CJ38078,
1930,3163,219,8,403.99 MXN,41.22,P31-F1,CJ34642,sin_devolucion
1844,1342,56,8,"18375,86",-918.79,P33-F4,CJ79059,
3467,668,131,5,26459.89 MXN,,P28-F3,CJ47794,sin_devolucion
535,654,18,4,"49907,28",9833.35,P17-F2,CJ21297,
2498,2270,183,1,"$9,228",0,P37-F6,CJ95488,sin_devolucion
3292,1379,399,1,  26570.51  ,-1328.53,P25-F6,CJ70920,
1886,3384,450,999,  296.55  ,66.96,P24-F3,CJ31956,
1231,3599,32,4,56222.67,0,P18-F5,CJ49781,sin_devolucion
3711,840,66,7,  15232.59  ,1790.08,P8-F5,CJ49323,
4140,1537,314,1,"15052,07",25%,P35-F4,CJ85427,
1857,3084,272,4,"4993,05",,P29-F6,CJ57520,sin_devolucion
2610,801,442,5,803.35 MXN,19%,P12-F6,CJ91038,sin_devolucion
657,859,359,3,$16986.90,1692.38,P22-F2,CJ59278,
4003,3324,236,6,  3329.05  ,0,P10-F1,CJ69099,
1511,431,229,N/A,843.37 MXN,134.95,P3-F5,CJ52444,
3278,2084,266,3,"$2,657",-132.85,P22-F1,CJ54078,
318,2407,106,2,"33800,82",8147.34,P1-F6,CJ77938,
767,873,510,-2,307.04 MXN,0,P24-F2,CJ15710,sin_devolucion
2245,1267,143,5,$19160.64,0,P23-F3,CJ19559,
761,3403,39,5,18868.93 MXN,-943.45,P21-F5,CJ40460,sin_devolucion
1988,2243,520,5,  3360.51  ,6%,P14-F4,CJ38779,
4037,85,186,4,"28945,11",4330.55,P33-F5,CJ89701,
4291,1757,312,4,$2695.52,17%,P30-F5,CJ60391,
1693,3233,259,5,$625,9%,P25-F4,CJ27699,sin_devolucion
349,3475,174,8,11259.21,28%,P23-F4,CJ15179,
1243,1443,391,5,"11122,21",0,P4-F1,CJ51352,sin_devolucion
1497,1079,586,4,  17660.57  ,-883.03,P10-F5,CJ83677,
1536,1246,182,1,5269.41 MXN,-263.47,P37-F2,CJ28675,
2740,1516,236,1,"$3,329",0,P37-F1,CJ88671,
3999,451,482,6,1201.93,24%,P13-F5,CJ10546,
3629,2854,408,5,"25253,16",1914.86,P27-F3,CJ37022,
3623,979,217,7,"2671,55",445.7,P18-F3,CJ57574,
380,804,325,3,$24602.67,1937.44,P36-F3,CJ59398,
3588,3163,287,3,"$1,656",-82.81,P31-F1,CJ50959,sin_devolucion
2576,3330,379,8,"2571,64",-128.58,P7-F3,CJ24631,
3839,1950,166,1,9127.91,,P39-F6,CJ27179,
1902,1539,188,N/A,"$6,552",874.19,P37-F2,CJ42665,sin_devolucion
110,1366,324,1,4902.47,-245.12,P18-F5,CJ21130,
2204,121,391,6,11122.21,0,P9-F2,CJ57094,
1603,972,263,5,5730.99,-286.55,P7-F2,CJ65900,
4119,929,145,7,"41579,07",,P33-F2,CJ21034,sin_devolucion
2460,2314,229,1,  843.37  ,19%,P28-F2,CJ49364,
966,3491,197,7,37861.79 MXN,N/A,P5-F2,CJ24301,sin_devolucion
666,1003,6,5,26395.60 MXN,2807.14,P40-F1,CJ97920,
2815,3448,18,8,  49907.28  ,7695.94,P16-F1,CJ80561,
4125,2975,224,6,$3092.44,0,P17-F4,CJ73927,sin_devolucion
2090,674,274,2,$5610.04,-280.5,P32-F1,CJ78538,sin_devolucion
2564,2532,23,4,"$52,235",0,P16-F4,CJ44795,
1040,35,280,5,  5190.10  ,793.8,P17-F4,CJ66843,
2534,3207,236,4,$3329.05,-166.45,P28-F1,CJ50279,
1702,2975,234,8,"1042,83",30%,P20-F1,CJ90901,
331,2710,423,5,"250,67",30.43,P27-F2,CJ59520,
3541,2418,596,3,"$15,150",-757.48,P12-F1,CJ19805,
4521,1966,462,8,558.61 MXN,32.32,P22-F6,CJ63236,
1459,458,148,7,9601.21,,P37-F6,CJ95112,
1500,2046,129,1,24143.58,-1207.18,P22-F5,CJ41121,
596,2212,231,1,2027.82 MXN,,P40-F1,CJ20590,
4295,2142,123,7,"$18,645",2362.64,P15-F3,CJ30754,
2879,2621,17,7,15188.00 MXN,-759.4,P34-F2,CJ94433,
12,89,378,7,8469.68 MXN,-423.48,P24-F3,CJ38080,sin_devolucion
641,1070,11,2,13708.49 MXN,3160.75,P36-F5,CJ51973,
103,3406,596,5,$15149.53,0,P15-F2,CJ80769,sin_devolucion
3314,1968,418,2,"$2,576",19%,P24-F5,CJ89232,
709,1599,501,2,"480,82",0,P35-F1,CJ43308,sin_devolucion
927,3037,344,1,$8737.86,,P29-F1,CJ50398,
2231,357,857,7,5053.47,723.05,P27-F2,CJ54665,sin_devolucion
106,502,298,2,"747,43",0,P36-F4,CJ89688,
1650,3426,396,7,"4864,14",,P10-F1,CJ15033,
2322,2228,475,,$2554.85,0,P25-F5,CJ14556,sin_devolucion
3427,128,235,7,1119.56,100.26,P24-F5,CJ82825,
3968,3219,559,1,"$6,281",1230.78,P26-F1,CJ89209,
2646,66,171,dos,4674.34 MXN,515.15,P18-F3,CJ68221,
1912,1102,292,4,"4443,62",13%,P5-F3,CJ15188,
3455,3242,321,-3,2793.78,456.22,P2-F2,CJ99638,
3908,2093,490,2,701.76,,P39-F2,CJ65467,
526,1681,14,2,28475.90,N/A,P16-F2,CJ12369,
698,2004,185,5,11059.51,20%,P28-F2,CJ66035,
3446,1225,482,3,  1201.93  ,253.01,P26-F1,CJ60682,
1355,915,219,0,$404,,P13-F4,CJ74891,sin_devolucion
3607,3397,118,8,"$24,477",2239.67,P21-F3,CJ13353,sin_devolucion
3515,2649,398,-4,2143.84 MXN,315.23,P34-F1,CJ83696,
3955,2266,434,4,$2492.65,N/A,P24-F4,CJ37097,sin_devolucion
3471,12,277,6,$7528.53,0,P9-F6,CJ23258,sin_devolucion
2270,1931,591,2,827.84 MXN,,P27-F4,CJ87883,
3302,1614,421,8,863.95,84.92,P4-F6,CJ38888,sin_devolucion
3219,343,567,8,  978.47  ,-48.92,P2-F6,CJ28661,
1539,1873,190,2,$17228.70,0,P37-F5,CJ39765,sin_devolucion
2469,74,236,1,$3329.05,25%,P20-F4,CJ26960,
2037,1029,446,4,3256.03,-162.8,P36-F3,CJ19498,
1501,1810,150,1,  4357.07  ,0,P27-F3,CJ49308,
808,3157,27,4,26993.41,5013.67,P19-F4,CJ26156,
1705,1695,498,4,943.07,18%,P9-F4,CJ66431,
2360,134,490,7,  701.76  ,N/A,P7-F3,CJ91100,
1958,2488,424,7,"1995,03",0,P2-F5,CJ77081,
187,2837,242,8,975.73,30%,P38-F4,CJ62458,sin_devolucion
2692,2155,393,8,2250.85 MXN,479.33,P34-F2,CJ23729,
973,937,481,3,3250.60,-162.53,P27-F5,CJ21851,
2125,2875,242,8,975.73 MXN,86.66,P39-F1,CJ14362,sin_devolucion
664,3363,68,1,  17497.71  ,N/A,P36-F6,CJ94457,sin_devolucion
3115,2108,246,2,"639,20",-31.96,P9-F4,CJ93142,
2014,933,65,3,15736.34 MXN,N/A,P12-F1,CJ86385,sin_devolucion
1614,1634,249,8,"3120,87",28%,P40-F3,CJ81647,sin_devolucion
854,921,437,3,"2181,84",0,P8-F1,CJ88048,
2746,1427,548,0,1106.78,221.76,P13-F3,CJ62289,
4163,2907,136,999,$20224.22,18%,P28-F1,CJ62278,sin_devolucion
236,2679,280,8,5190.10 MXN,,P32-F4,CJ19544,
1344,259,324,3,4902.47,-245.12,P22-F1,CJ72549,sin_devolucion
1991,3443,359,6,  16986.90  ,0,P28-F2,CJ19330,
1005,2482,485,7,3397.59,16%,P14-F5,CJ61481,
3543,859,499,2,938.22,0,P32-F4,CJ89031,
3979,175,208,3,  3669.04  ,14%,P38-F2,CJ83131,
3526,1117,148,2,"$9,601",,P14-F5,CJ67423,sin_devolucion
3688,3480,21,7,$41665.57,,P32-F3,CJ27006,
4540,3218,242,N/A,$976,114.52,P8-F1,CJ16490,sin_devolucion
4331,3125,101,7,  36744.16  ,-1837.21,P5-F2,CJ54441,sin_devolucion
3991,134,2,-5,"25250,01",6189.14,P6-F6,CJ90371,
502,350,122,2,$4404.82,1027.56,P3-F5,CJ59738,sin_devolucion
3238,2418,309,7,579.38 MXN,-28.97,P23-F2,CJ20542,sin_devolucion
536,1605,123,1,  18644.97  ,2373.72,P13-F4,CJ28746,
3665,390,222,4,"$5,708",,P11-F1,CJ50392,
1816,2835,65,6,15736.34,-786.82,P28-F3,CJ25832,sin_devolucion
1014,3437,475,8,"$2,555",366.45,P1-F1,CJ12731,sin_devolucion
1641,2237,174,4,"$11,259",6%,P24-F1,CJ73098,
392,3467,592,8,$1728.59,-86.43,P2-F3,CJ83982,
153,625,17,2,  15188.00  ,2009.15,P16-F4,CJ53886,
4503,1879,72,N/A,19375.14 MXN,,P8-F4,CJ64604,
459,3016,340,5,11113.88 MXN,2516.85,P14-F5,CJ41177,
899,3000,304,4,"475,47",5%,P13-F5,CJ59914,
721,2862,523,4,"2831,84",692.12,P6-F5,CJ53420,
2792,2039,598,3,3274.73 MXN,9%,P22-F4,CJ44363,
379,648,90,4,55867.02,-2793.35,P36-F6,CJ87287,sin_devolucion
4175,711,32,N/A,  56222.67  ,23%,P25-F6,CJ84750,
2865,119,320,8,10504.52 MXN,0,P14-F1,CJ47302,
3894,2603,90,3,  55867.02  ,0,P34-F2,CJ64314,
3993,180,19,4,"$52,612",-2630.58,P39-F5,CJ56173,sin_devolucion
2351,2540,605,3,  741.12  ,24%,P13-F3,CJ42075,sin_devolucion
2073,2255,437,7,$2181.84,305.88,P5-F4,CJ66475,sin_devolucion
2107,1549,314,dos,$15052.07,2386.33,P1-F5,CJ30906,
171,1166,137,8,$42000.00,6112.37,P23-F3,CJ91543,sin_devolucion
4147,1020,216,7,$1493.81,-74.69,P34-F6,CJ53794,sin_devolucion
2892,1424,333,7,7242.48 MXN,29%,P5-F3,CJ38713,
2171,2678,450,8,  296.55  ,20.11,P40-F3,CJ23076,sin_devolucion
4347,2230,143,3,"19160,64",0,P13-F6,CJ27020,sin_devolucion
558,2553,421,1,$864,6%,P24-F5,CJ51973,
3365,2571,734,5,"$8,671",1079.51,P8-F6,CJ21079,
289,2101,50,6,22069.52 MXN,6%,P4-F2,CJ69431,
4148,3413,276,1,$468,0,P28-F1,CJ11925,
1469,2212,333,-1,"$7,242",1311.42,P15-F3,CJ90995,
3397,328,276,7,"468,04",0,P18-F4,CJ90200,
726,1740,163,1,"34985,40",7589.42,P1-F3,CJ49066,
506,634,324,6,"$4,902",702.17,P34-F5,CJ62100,sin_devolucion
3151,3131,596,1,"15149,53",,P35-F3,CJ60618,
2371,2323,104,4,38907.41 MXN,0,P17-F5,CJ77840,
3752,1019,510,7,  307.04  ,68.0,P13-F3,CJ13748,
2596,3366,402,3,5207.91,1233.17,P36-F2,CJ36716,
2168,1617,319,5,"3774,97",520.52,P7-F4,CJ34949,
4210,2792,291,1,"439,93",-22.0,P28-F6,CJ66432,
4345,626,360,6,"$13,154",,P24-F1,CJ58272,sin_devolucion
4046,2072,388,6,$5732.64,,P35-F3,CJ67327,sin_devolucion
2012,1977,481,7,"$3,251",701.12,P4-F3,CJ89726,
907,3004,294,6,"755,89",7%,P27-F1,CJ45491,
2507,2646,121,5,  12917.12  ,N/A,P17-F4,CJ30605,sin_devolucion
2134,59,149,6,$27409.46,8%,P4-F1,CJ64262,
4520,1774,268,3,551.87,,P17-F6,CJ80587,
2607,3072,490,4,"701,76",-35.09,P2-F1,CJ73689,sin_devolucion
2894,2654,236,2,"3329,05",378.25,P10-F5,CJ23471,sin_devolucion
3635,722,179,5,"24894,74",12%,P11-F3,CJ67274,sin_devolucion
1252,2385,596,1,"$15,150",0,P22-F6,CJ98572,sin_devolucion
1332,2587,604,0,5124.09 MXN,28%,P36-F4,CJ88536,
4366,118,324,8,4902.47 MXN,724.87,P19-F4,CJ40292,sin_devolucion
832,918,204,1,$17470.25,4285.75,P20-F2,CJ13606,
4285,696,307,3,  1429.76  ,-71.49,P19-F3,CJ88787,sin_devolucion
2614,3249,467,3,$841,0,P26-F1,CJ65235,
1998,2449,295,2,"2244,90",,P6-F3,CJ21343,sin_devolucion
2208,3478,77,7,17232.06,1070.7,P30-F2,CJ77806,
1862,1609,462,2,$559,0,P37-F5,CJ39282,
1032,2709,258,-1,$5972.48,30%,P9-F6,CJ68874,
119,122,322,1,$5883.98,21%,P27-F4,CJ43153,
3344,642,307,8,"$1,430",115.98,P40-F4,CJ59894,sin_devolucion
4094,1148,421,1,863.95 MXN,16%,P27-F1,CJ83880,
71,1841,64,4,13895.81 MXN,17%,P20-F5,CJ30127,sin_devolucion
1686,1908,6,3,$26395.60,0,P34-F4,CJ49107,
3164,1382,510,3,$307.04,73.66,P14-F5,CJ71621,sin_devolucion
4052,538,67,5,15835.57 MXN,-791.78,P11-F2,CJ22409,sin_devolucion
376,2522,31,5,$38226.13,19%,P21-F4,CJ87182,sin_devolucion
3690,1308,575,-1,$1968.00,,P38-F1,CJ74998,
431,1632,573,8,$2616.22,N/A,P20-F6,CJ30859,sin_devolucion
2662,1469,435,1,235.67 MXN,15%,P10-F5,CJ18484,
2900,1291,405,N/A,$26380.91,5162.4,P27-F4,CJ28829,
1711,691,608,N/A,$550.00,N/A,P11-F4,CJ82997,sin_devolucion
2374,2127,517,7,  2835.58  ,240.09,P37-F5,CJ15429,
3658,4,5,1,"26069,66",,P28-F1,CJ49824,sin_devolucion
2357,3095,47,5,18423.86,0,P6-F1,CJ26993,
1931,1192,278,8,1910.50,-95.53,P4-F1,CJ25433,sin_devolucion
3014,1247,604,999,"5124,09",-256.2,P2-F3,CJ60140,
3773,2739,535,0,2210.07,24%,P5-F4,CJ46358,
622,501,174,7,"11259,21",,P2-F6,CJ40971,
4256,782,592,4,$1728.59,,P9-F6,CJ99687,sin_devolucion
406,2781,485,1,3397.59,N/A,P12-F3,CJ62470,
2838,3338,47,4,$18423.86,,P30-F2,CJ91728,sin_devolucion
4032,1096,437,2,"$2,182",9%,P23-F6,CJ71186,sin_devolucion
2971,204,439,1,407.43 MXN,N/A,P20-F2,CJ51654,
648,3184,29,8,"$16,973",2498.5,P30-F4,CJ97033,sin_devolucion
4071,525,179,1,$24894.74,0,P7-F5,CJ50167,
4498,3506,322,7,"$5,884",-294.2,P33-F1,CJ65426,sin_devolucion
2799,3469,4,1,59704.35,0,P28-F4,CJ14611,sin_devolucion
3153,3418,39,6,  18868.93  ,1418.85,P21-F2,CJ45866,
763,2634,537,6,"2027,40",-101.37,P21-F5,CJ34144,
2582,3177,324,3,"4902,47",618.87,P29-F3,CJ31007,
1216,2594,51,7,68000.00,,P17-F3,CJ98379,
2941,128,194,8,35912.42 MXN,-1795.62,P22-F2,CJ27854,
2094,489,577,3,"7085,73",16%,P36-F2,CJ55842,
248,1282,99,5,  18068.67  ,2274.8,P7-F5,CJ40271,
924,3017,188,2,  6551.92  ,N/A,P17-F4,CJ54262,sin_devolucion
4030,1803,232,7,  681.28  ,,P3-F3,CJ13614,
414,747,6,5,$26395.60,,P6-F3,CJ98620,
3877,3148,408,2,$25253.16,5849.7,P26-F6,CJ78421,sin_devolucion
3922,2710,329,-4,2798.95,N/A,P22-F1,CJ10039,
1928,3491,49,8,$51081.62,N/A,P12-F5,CJ20099,sin_devolucion
2640,1038,441,8,$2502.58,28%,P8-F3,CJ47176,
4123,3563,147,6,  8671.49  ,2052.68,P39-F6,CJ29229,sin_devolucion
983,2877,428,1,3924.13 MXN,0,P24-F5,CJ57098,
847,141,583,4,"4356,58",-217.83,P1-F6,CJ80097,
211,432,110,3,25540.08,9%,P32-F1,CJ91272,
3912,902,404,5,6531.34,-326.57,P30-F1,CJ48394,
660,1494,272,999,$4993.05,28%,P26-F5,CJ25219,
67,3541,373,3,20620.17 MXN,2037.41,P27-F2,CJ74843,
118,975,526,7,"7635,84",1547.17,P12-F5,CJ30900,
3301,3592,113,0,  24816.71  ,2097.87,P16-F2,CJ10619,sin_devolucion
956,3378,406,6,6800.95,0,P3-F1,CJ46539,sin_devolucion
2252,2236,241,3,  432.19  ,16%,P31-F2,CJ65399,
992,2784,219,999,"403,99",0,P1-F2,CJ75982,
3949,2919,384,5,  10968.12  ,25%,P6-F5,CJ98305,
509,3097,356,6,  10557.55  ,,P12-F3,CJ39732,
1683,671,209,,"5109,77",0,P18-F2,CJ74930,
3319,963,518,7,$884.39,-44.22,P4-F2,CJ80567,sin_devolucion
1699,1885,485,4,$3397.59,,P37-F3,CJ77806,
2542,2333,143,999,  19160.64  ,,P3-F3,CJ43183,sin_devolucion
2750,724,211,4,"$2,399",435.7,P31-F3,CJ53494,
1833,584,268,5,$552,22%,P36-F6,CJ35174,
2218,507,498,,$943,,P39-F1,CJ19455,
60,1483,236,5,"$3,329",24%,P22-F6,CJ33211,sin_devolucion
4065,1748,322,2,5883.98,-294.2,P37-F5,CJ83617,
2549,169,493,5,615.51,-30.78,P20-F1,CJ79638,sin_devolucion
4258,3548,549,4,"3539,57",12%,P40-F1,CJ40863,
2647,384,325,2,24602.67,1537.91,P26-F5,CJ34435,
226,917,355,3,14690.56 MXN,,P19-F5,CJ19236,sin_devolucion
2388,2567,179,7,24894.74,,P17-F2,CJ60763,
3158,683,502,6,  1187.68  ,91.99,P32-F6,CJ96022,
2384,749,47,5,$18423.86,23%,P2-F5,CJ97452,
2981,3575,510,3,$307.04,73.3,P35-F1,CJ51738,sin_devolucion
4042,2148,45,5,$45333.45,-2266.67,P2-F4,CJ61875,
1827,3335,87,6,  22796.75  ,10%,P39-F2,CJ49543,sin_devolucion
3055,2481,258,1,$5972.48,12%,P14-F6,CJ78351,
3288,3069,560,8,  4585.28  ,652.12,P2-F5,CJ90461,
4441,1669,188,7,6551.92,-327.6,P34-F2,CJ19265,
782,390,484,6,  491.44  ,27.83,P15-F1,CJ96900,
4557,834,357,2,11859.71,943.4,P35-F3,CJ97725,
912,2925,605,5,$741.12,,P10-F3,CJ96486,sin_devolucion
35,1717,321,6,2793.78 MXN,-139.69,P11-F6,CJ39243,
1973,834,424,7,  1995.03  ,17%,P18-F4,CJ22556,sin_devolucion
3865,757,78,3,  49993.67  ,N/A,P20-F5,CJ45468,
359,3402,490,-4,701.76 MXN,,P22-F3,CJ45720,
1152,2930,240,7,"$6,081",15%,P38-F1,CJ27324,
3516,2267,558,8,2486.26 MXN,599.36,P37-F4,CJ81392,sin_devolucion
4301,157,68,8,$17497.71,20%,P19-F4,CJ33219,sin_devolucion
3967,3034,222,6,5707.81,18%,P40-F2,CJ33787,sin_devolucion
2946,1770,184,,14525.98,973.97,P24-F3,CJ58102,
4166,1544,490,2,$702,157.2,P1-F1,CJ96349,
1058,284,245,6,  3654.56  ,0,P16-F1,CJ44473,sin_devolucion
3751,1554,245,6,3654.56 MXN,-182.73,P6-F5,CJ50053,
3950,825,294,8,755.89,106.68,P31-F2,CJ92005,sin_devolucion
2464,496,215,5,"$1,216",0,P18-F1,CJ90744,
4029,3513,9,4,$27655.76,-1382.79,P2-F1,CJ34482,sin_devolucion
4144,462,235,8,1119.56 MXN,0,P18-F2,CJ94820,
1074,18,353,7,$18839.36,0,P18-F1,CJ59639,sin_devolucion
2181,1863,567,4,978.47 MXN,23%,P17-F3,CJ40799,
4215,2171,317,4,4957.78,735.04,P14-F4,CJ19387,
2919,3557,575,2,  1968.00  ,23%,P22-F1,CJ52989,
3405,2437,228,5,1374.56,0,P4-F1,CJ42831,
4248,2956,366,1,5166.06,662.54,P12-F1,CJ83633,sin_devolucion
853,2520,324,7,4902.47 MXN,-245.12,P14-F2,CJ42578,
531,2836,64,4,13895.81 MXN,2122.62,P36-F3,CJ86290,
3568,1824,307,6,1429.76,-71.49,P37-F2,CJ66398,sin_devolucion
209,2707,526,2,$7635.84,519.3,P11-F1,CJ81389,
1670,3237,605,3,"741,12",-37.06,P15-F4,CJ76481,
1564,1889,516,7,"1869,02",369.96,P10-F1,CJ72014,sin_devolucion
3276,1105,155,1,36068.08 MXN,5599.37,P32-F5,CJ68722,
2707,3029,204,6,17470.25 MXN,,P11-F5,CJ87981,
1364,2718,491,6,"205,58",-10.28,P7-F3,CJ67745,
1246,1604,516,1,"1869,02",428.34,P34-F5,CJ52991,
148,3550,376,5,2246.87 MXN,18%,P21-F1,CJ30579,sin_devolucion
1079,3460,224,-4,3092.44 MXN,,P21-F3,CJ54153,
2918,2722,236,2,$3329.05,0,P19-F3,CJ65520,
2656,128,313,2,22302.80 MXN,0,P34-F6,CJ18762,sin_devolucion
1777,165,344,4,"$8,738",2165.64,P33-F6,CJ30267,
1480,1061,450,4,$297,0,P10-F2,CJ80258,
2833,3238,53,7,16779.87 MXN,-838.99,P33-F3,CJ26668,sin_devolucion
3493,642,568,1,"7363,71",0,P7-F3,CJ33887,
3577,1961,153,1,"35631,03",8252.68,P21-F5,CJ70590,sin_devolucion
1090,371,208,5,3669.04 MXN,631.76,P37-F1,CJ48245,sin_devolucion
2741,817,471,2,615.80,153.94,P39-F3,CJ90110,
651,1904,158,dos,$4265.11,26%,P4-F1,CJ20819,sin_devolucion
4179,1633,187,1,$15407.88,-770.39,P2-F2,CJ62295,sin_devolucion
550,644,393,7,"2250,85",-112.54,P20-F3,CJ74758,
204,2565,251,0,"2586,41",28%,P14-F4,CJ37070,
3046,840,109,N/A,$9060.59,1612.68,P1-F3,CJ15934,
1595,2087,157,3,  13768.16  ,,P8-F2,CJ86026,sin_devolucion
2841,3196,276,2,"468,04",10%,P40-F2,CJ80248,
1153,3077,68,999,17497.71 MXN,3956.32,P11-F5,CJ30553,
3091,1788,366,7,"$5,166",348.41,P17-F2,CJ83187,
2843,1159,24,0,30772.59 MXN,7136.39,P6-F1,CJ61704,sin_devolucion
2446,1287,113,7,24816.71,27%,P24-F4,CJ76362,sin_devolucion
1936,2855,309,5,$579,98.59,P8-F6,CJ52790,sin_devolucion
1241,94,219,8,"403,99",41.47,P16-F6,CJ40608,
722,52,148,4,9601.21 MXN,,P11-F5,CJ61201,
1768,3544,599,5,"1634,01",N/A,P18-F2,CJ65863,sin_devolucion
496,3216,465,5,"1413,81",-70.69,P8-F5,CJ26099,
3143,218,501,6,$480.82,101.59,P37-F5,CJ59855,sin_devolucion
2598,2184,29,8,"16972,54",7%,P3-F3,CJ56074,
4444,912,490,5,"701,76",85.58,P28-F6,CJ33190,sin_devolucion
510,1806,324,-3,4902.47 MXN,0,P25-F3,CJ10738,
2309,3464,499,7,$938,0,P16-F3,CJ30594,
2210,3098,165,2,8728.22,0,P21-F3,CJ99254,sin_devolucion
4264,2332,558,3,"$2,486",N/A,P7-F4,CJ50832,
2009,3513,148,8,9601.21 MXN,,P14-F3,CJ44994,
3265,1037,281,8,"2873,68",N/A,P6-F4,CJ11476,
1997,466,291,1,439.93,-22.0,P29-F4,CJ85138,sin_devolucion
604,1146,83,7,56550.90 MXN,12797.59,P4-F6,CJ56188,
2536,3282,318,8,"2672,96",288.28,P9-F2,CJ78771,
1238,12,592,2,"$1,729",-86.43,P12-F3,CJ23675,
2118,1631,550,0,$12661.44,-633.07,P35-F1,CJ52309,
1209,3507,402,3,5207.91 MXN,17%,P31-F4,CJ18317,
4162,959,359,3,"$16,987",-849.35,P38-F5,CJ36930,sin_devolucion
3214,2857,55,2,$49270.07,0,P37-F5,CJ44351,
169,3739,586,2,$17660.57,0,P4-F2,CJ65332,
2700,2767,496,6,"$1,891",265.88,P37-F6,CJ97742,
2767,41,437,1,2181.84,212.98,P18-F1,CJ86133,
1575,2947,258,2,"5972,48",-298.62,P33-F3,CJ32551,
3587,2179,395,-5,$11207.81,0,P31-F2,CJ25255,
3302,1614,421,8,863.95,84.92,P4-F6,CJ38888,sin_devolucion
4398,628,433,6,  2339.97  ,571.73,P37-F1,CJ39861,
2097,2651,196,5,  6746.66  ,1604.71,P26-F1,CJ88219,
3726,658,237,3,904.98,,P30-F6,CJ56680,
1786,358,219,0,403.99,42.8,P36-F2,CJ33209,
1881,3146,329,1,2798.95,,P14-F3,CJ11097,
4006,2213,295,1,2244.90 MXN,526.92,P10-F6,CJ60207,
665,1718,449,,"$2,103",493.93,P11-F1,CJ31450,
4275,533,515,4,"3368,72",0,P15-F2,CJ57741,sin_devolucion
2215,356,108,3,"$12,829",-641.43,P8-F1,CJ61724,
4551,1872,304,8,"475,47",,P3-F4,CJ89898,
26,2134,601,5,2666.31 MXN,0,P33-F2,CJ99643,
341,1691,280,4,"$5,190",13%,P31-F3,CJ69194,sin_devolucion
1504,2758,28,5,24190.36 MXN,,P24-F4,CJ42196,sin_devolucion
3904,1672,418,8,2575.77,418.77,P24-F4,CJ50722,sin_devolucion
562,1172,20,5,48420.36 MXN,0,P32-F3,CJ85123,
2101,2373,570,-1,$2235.17,285.02,P12-F4,CJ12009,
1178,1806,54,dos,$65038.31,11977.19,P27-F5,CJ78599,sin_devolucion
4359,1272,425,5,  1199.26  ,151.43,P19-F1,CJ76314,
3851,1848,172,8,  3632.94  ,0,P21-F6,CJ68966,
2870,2288,598,5,3274.73 MXN,,P7-F6,CJ18152,sin_devolucion
4077,1571,218,3,  2497.50  ,301.01,P37-F5,CJ45359,
3559,2407,329,N/A,"$2,799",,P17-F4,CJ69962,
1419,296,295,6,2244.90 MXN,0,P1-F6,CJ51274,
3720,1197,222,3,"$5,708",0,P32-F5,CJ92020,sin_devolucion
785,3400,143,5,"$19,161",,P12-F5,CJ70859,
2706,3476,487,3,  1140.99  ,147.39,P8-F3,CJ86795,
1612,1616,68,1,"17497,71",1493.96,P32-F6,CJ49557,
3536,1585,531,2,  2414.15  ,N/A,P23-F2,CJ20342,
1696,1875,577,1,7085.73,0,P9-F3,CJ13517,
2154,1393,321,4,$2793.78,389.58,P3-F1,CJ60182,
3538,489,119,7,  5867.88  ,-293.39,P20-F3,CJ11695,
1357,2769,348,5,"$21,842",N/A,P31-F4,CJ63361,
3307,3082,545,0,$11443.06,-572.15,P31-F1,CJ67354,
1613,1735,482,7,"1201,93",-60.1,P36-F2,CJ72516,
2109,427,53,1,"$16,780",,P9-F6,CJ42172,
4482,1759,140,8,"23235,91",-1161.8,P33-F2,CJ38628,sin_devolucion
3330,1551,145,999,41579.07 MXN,,P31-F6,CJ78204,sin_devolucion
1380,1720,444,8,"389,88",12%,P17-F2,CJ29021,
1375,2692,568,-5,7363.71 MXN,1096.0,P3-F6,CJ12926,
2081,3352,121,6,  12917.12  ,23%,P31-F1,CJ36588,
3342,506,605,8,"741,12",105.99,P5-F2,CJ97495,
2995,3181,310,3,  4367.99  ,N/A,P13-F4,CJ23873,sin_devolucion
3743,1876,444,1,389.88,58.11,P39-F5,CJ34074,sin_devolucion
2840,884,125,7,$5757.78,N/A,P8-F5,CJ84062,
283,3158,570,7,$2235.17,15%,P1-F5,CJ78891,
315,1179,607,-2,"$9,522",2166.14,P40-F2,CJ14132,
1191,1600,588,7,11407.11,-570.36,P14-F6,CJ16875,
3929,1296,236,5,3329.05,441.16,P32-F2,CJ58390,
1734,2365,25,0,$44064.36,-2203.22,P9-F3,CJ55967,sin_devolucion
1833,584,268,5,$552,22%,P36-F6,CJ35174,
447,2905,268,N/A,  551.87  ,0,P30-F1,CJ29457,sin_devolucion
1420,600,546,,$2515.65,17%,P37-F5,CJ37993,
1746,1284,437,4,$2181.84,-109.09,P24-F3,CJ60763,
4310,248,579,3,"3346,39",17%,P15-F2,CJ23044,
2257,127,381,8,  3809.89  ,21%,P19-F4,CJ95998,
6,2798,475,4,$2554.85,N/A,P6-F3,CJ26447,
4155,286,428,1,3924.13 MXN,,P12-F4,CJ37675,sin_devolucion
90,188,367,6,"2279,64",5%,P28-F4,CJ22689,
3691,790,266,0,2657.04 MXN,0,P35-F4,CJ28265,
2902,3428,557,7,$700.10,24%,P22-F6,CJ47262,sin_devolucion
2907,2251,557,5,$700.10,123.85,P22-F1,CJ43333,
1774,664,56,2,  18375.86  ,11%,P32-F3,CJ71410,
4246,2078,490,4,  701.76  ,N/A,P19-F6,CJ42791,
3190,3090,168,7,11578.76 MXN,0,P31-F4,CJ67705,
1034,1144,216,1,  1493.81  ,-74.69,P33-F5,CJ24271,
3732,1924,736,1,1736.69 MXN,245.18,P6-F6,CJ54463,sin_devolucion
2220,2584,324,1,4902.47 MXN,402.07,P5-F3,CJ41782,
2985,1391,265,dos,759.78,100.5,P22-F6,CJ50270,
2505,2039,113,8,"$24,817",-1240.84,P12-F5,CJ95612,sin_devolucion
3291,1132,596,8,$15149.53,N/A,P33-F1,CJ68545,sin_devolucion
3924,631,236,7,$3329.05,248.89,P15-F5,CJ98318,sin_devolucion
3849,1112,482,4,1201.93,0,P13-F4,CJ59696,
4237,1448,437,2,  2181.84  ,372.07,P13-F2,CJ29202,
2630,1575,318,dos,"$2,673",23%,P27-F5,CJ11286,
864,453,127,6,"5053,47",367.51,P22-F3,CJ32156,
1677,1951,8,3,"57478,79",N/A,P21-F5,CJ24465,
1773,2072,245,4,3654.56 MXN,854.51,P38-F6,CJ11428,
4067,1401,549,4,3539.57 MXN,,P10-F4,CJ28452,sin_devolucion
1413,1353,73,8,$33688.65,-1684.43,P10-F3,CJ57312,
4535,3385,490,3,701.76,-35.09,P32-F1,CJ11468,sin_devolucion
2016,113,242,4,  975.73  ,21%,P23-F4,CJ12684,sin_devolucion
3,2355,228,7,1374.56 MXN,0,P7-F2,CJ79371,
818,3169,399,8,26570.51 MXN,,P19-F6,CJ95904,sin_devolucion
240,2008,104,3,38907.41 MXN,7269.96,P22-F3,CJ79435,
3941,1291,183,7,"$9,228",0,P13-F1,CJ62731,sin_devolucion
2289,3091,362,7,  20003.47  ,2948.67,P12-F5,CJ82386,sin_devolucion
1601,782,224,8,"3092,44",N/A,P1-F5,CJ71495,
580,259,212,-4,"485,05",,P39-F2,CJ65836,sin_devolucion
4214,2728,123,8,"$18,645",6%,P31-F6,CJ54811,sin_devolucion
1063,1302,32,2,56222.67 MXN,N/A,P37-F1,CJ35214,
3341,459,5,8,$26069.66,3808.3,P16-F6,CJ42939,sin_devolucion
2076,3739,467,4,$841.05,,P33-F4,CJ94668,
36,1815,236,6,3329.05,-166.45,P19-F1,CJ37676,sin_devolucion
1277,1038,182,2,$5269.41,29%,P16-F3,CJ89685,sin_devolucion
2531,1111,245,0,"3654,56",-182.73,P35-F3,CJ29379,
4546,1837,148,-2,"$9,601",18%,P32-F5,CJ87864,sin_devolucion
1584,2941,238,2,6129.02 MXN,30%,P3-F3,CJ46301,
1366,3420,324,6,"4902,47",0,P1-F3,CJ59082,
4395,1560,406,4,$6800.95,23%,P12-F5,CJ30983,sin_devolucion
476,2779,295,,"2244,90",0,P30-F1,CJ19736,
2317,991,496,3,"1891,04",423.59,P30-F4,CJ92137,sin_devolucion
4056,2493,258,2,  5972.48  ,732.66,P14-F2,CJ20441,
3266,1134,11,2,13708.49 MXN,0,P33-F3,CJ67894,
4251,1564,185,dos,"11059,51",N/A,P29-F1,CJ98832,
2276,2538,427,4,152.24,-7.61,P27-F6,CJ24979,
904,2518,384,1,10968.12,1380.21,P26-F4,CJ80784,
3250,2966,107,2,  36858.64  ,,P2-F5,CJ42445,sin_devolucion
3920,560,496,1,"1891,04",9%,P10-F2,CJ41402,
2747,212,315,2,"$11,703",18%,P15-F3,CJ22168,
3906,2632,522,7,  1520.34  ,286.9,P19-F3,CJ27777,
952,3493,296,4,"2185,34",187.03,P31-F6,CJ55334,
72,661,518,4,"884,39",-44.22,P34-F3,CJ47312,
2290,2241,326,4,"$10,466",30%,P11-F6,CJ38598,
773,1391,602,2,8429.83,,P3-F5,CJ46798,
572,2539,324,1,4902.47,1054.79,P31-F2,CJ57029,
3157,3751,475,0,  2554.85  ,0,P19-F6,CJ60502,
2211,1664,453,1,1833.28,0,P19-F3,CJ51331,sin_devolucion
995,2301,119,6,$5867.88,,P9-F6,CJ68491,
633,897,319,N/A,  3774.97  ,352.29,P26-F2,CJ87497,
1296,1524,480,3,1139.96 MXN,0,P5-F4,CJ30467,sin_devolucion
2189,1467,382,-2,2447.27 MXN,0,P22-F6,CJ85089,
4371,197,90,N/A,  55867.02  ,28%,P4-F3,CJ99826,
2991,987,166,8,  9127.91  ,0,P40-F2,CJ76787,
4421,1598,584,999,14346.48,-717.32,P5-F1,CJ58239,
478,655,562,3,$7816.25,707.05,P28-F6,CJ72693,
2686,2425,441,8,2502.58,24%,P24-F3,CJ75131,
797,983,203,1,"8828,92",N/A,P2-F6,CJ24966,
3954,963,384,7,10968.12,2741.31,P38-F2,CJ22294,
628,2312,490,1,$701.76,125.84,P2-F1,CJ16374,
30,1117,253,3,4812.80 MXN,1180.5,P25-F2,CJ74417,sin_devolucion
943,1255,19,2,  52611.56  ,5627.46,P30-F5,CJ76483,sin_devolucion
2999,2559,147,8,8671.49,-433.57,P10-F1,CJ83919,
3233,736,592,0,1728.59 MXN,-86.43,P30-F6,CJ70568,
4132,265,318,4,2672.96 MXN,N/A,P23-F3,CJ80995,sin_devolucion
4296,3394,222,7,5707.81 MXN,29%,P15-F6,CJ23696,sin_devolucion
2926,379,328,6,  13737.01  ,2940.51,P6-F1,CJ78822,sin_devolucion
304,2160,535,1,  2210.07  ,-110.5,P33-F2,CJ84357,sin_devolucion
4472,655,405,6,  26380.91  ,2159.65,P10-F6,CJ79243,sin_devolucion
920,2212,246,3,639.20,,P25-F1,CJ98856,
953,1814,498,3,$943.07,5%,P11-F4,CJ28900,
4398,628,433,6,  2339.97  ,571.73,P37-F1,CJ39861,
98,917,281,3,2873.68,0,P10-F2,CJ78027,
4180,3210,490,1,  701.76  ,-35.09,P11-F6,CJ84941,sin_devolucion
3148,1900,128,8,$29282.83,3325.46,P26-F4,CJ97741,
1225,551,245,7,  3654.56  ,,P1-F2,CJ23306,
3094,347,586,5,17660.57 MXN,4353.3,P1-F2,CJ69613,
34,3238,778,3,$235.67,-11.78,P34-F4,CJ64481,
2923,3205,434,6,2492.65,-124.63,P40-F4,CJ36643,
1587,2951,490,N/A,"701,76",12%,P21-F2,CJ54781,sin_devolucion
3740,3317,96,0,"14490,38",-724.52,P8-F5,CJ15092,
213,101,355,6,  14690.56  ,,P27-F2,CJ78183,
2626,366,529,7,"2494,40",15%,P39-F5,CJ27110,sin_devolucion
1947,2619,418,N/A,2575.77,-128.79,P22-F4,CJ59474,
3399,1621,526,5,7635.84 MXN,-381.79,P32-F3,CJ35513,
4545,299,324,2,  4902.47  ,950.02,P25-F1,CJ38352,
4290,1977,429,2,$402.84,0,P26-F3,CJ10308,sin_devolucion
2033,912,324,8,4902.47 MXN,26%,P19-F4,CJ13336,
1386,94,276,6,  468.04  ,76.51,P39-F3,CJ32889,
3728,3321,433,5,$2339.97,-117.0,P30-F4,CJ99254,
1866,1032,485,2,3397.59,730.39,P7-F6,CJ75448,
682,843,176,4,  5435.69  ,24%,P8-F2,CJ88276,
1802,3450,136,4,"20224,22",0,P23-F6,CJ47661,
1737,3116,341,6,4244.16,520.46,P9-F1,CJ42665,
4219,1796,414,4,"27836,07",27%,P37-F2,CJ95473,
2232,63,560,0,  4585.28  ,8%,P38-F2,CJ32380,
3593,1394,146,3,7276.84 MXN,0,P6-F4,CJ49542,
1960,1416,332,7,  16589.24  ,19%,P7-F2,CJ94392,
1482,1014,208,3,"$3,669",7%,P18-F4,CJ99911,
2847,3322,321,5,"$2,794",416.33,P7-F5,CJ69489,
63,1967,90,,  55867.02  ,5266.27,P32-F6,CJ47856,
1477,1318,573,-2,$2616.22,19%,P19-F6,CJ80338,sin_devolucion
299,325,222,1,5707.81 MXN,-285.39,P36-F6,CJ31507,
3885,189,215,7,  1216.35  ,0,P4-F3,CJ84393,
3916,2077,270,5,$875,26%,P1-F4,CJ93638,
1402,2926,212,5,485.05 MXN,40.81,P38-F5,CJ24194,
435,3516,73,N/A,  33688.65  ,2228.36,P29-F4,CJ40421,
548,3077,223,7,563.70 MXN,87.76,P30-F2,CJ33419,
2615,1318,92,1,  29022.84  ,2355.44,P20-F6,CJ79413,
2352,1915,199,4,  24765.63  ,3193.82,P8-F2,CJ68029,sin_devolucion
886,2013,339,5,$20051.22,1623.92,P18-F3,CJ21662,sin_devolucion
2161,1788,446,6,$3256.03,-162.8,P31-F2,CJ27523,sin_devolucion
4108,2209,22,999,$14001.33,1558.12,P22-F6,CJ74677,
3283,1415,188,5,6551.92 MXN,0,P15-F2,CJ92324,
1132,2434,270,6,  874.94  ,-43.75,P22-F3,CJ85239,
1526,1966,253,4,$4812.80,5%,P22-F2,CJ44911,
632,3114,357,8,"11859,71",2269.3,P40-F4,CJ95250,sin_devolucion
2695,196,11,-4,13708.49,0,P25-F1,CJ69027,
3952,366,594,8,"1737,94",189.92,P15-F5,CJ70977,sin_devolucion
3794,1865,163,4,34985.40,,P9-F4,CJ68266,
1529,3407,352,5,$17190.19,17%,P6-F2,CJ41871,sin_devolucion
538,688,126,4,"6207,95",27%,P36-F1,CJ23954,
2723,1906,272,3,"$4,993",-249.65,P32-F2,CJ61928,
1210,1529,308,2,"$2,046",466.53,P12-F6,CJ63092,
1070,351,470,7,610.57,77.87,P27-F2,CJ49201,
1303,1899,372,6,"$7,389",0,P33-F3,CJ59046,
2256,3305,500,N/A,2257.03,451.55,P19-F5,CJ54865,
3807,584,229,8,843.37,27%,P5-F2,CJ41260,
3251,2646,499,N/A,938.22,-46.91,P19-F2,CJ17935,
4159,1090,137,,$42000.00,10050.28,P21-F2,CJ70077,
179,3342,529,8,"$2,494",N/A,P3-F3,CJ27105,
3482,52,243,4,"$7,122",19%,P26-F1,CJ44476,
4115,3367,145,1,41579.07 MXN,0,P2-F1,CJ94473,sin_devolucion
3411,191,342,3,"7644,17",N/A,P9-F1,CJ81601,sin_devolucion
3565,2336,454,5,332.74 MXN,0,P17-F6,CJ49972,
2949,1555,175,3,6971.32,1264.34,P31-F6,CJ98979,
2174,2890,547,6,622.58 MXN,8%,P24-F1,CJ15929,
3798,1355,529,5,"$2,494",,P27-F2,CJ65451,
474,110,219,2,"403,99",42.42,P31-F3,CJ53775,
366,1131,558,4,  2486.26  ,304.44,P28-F2,CJ53641,
3899,708,318,7,"$2,673",-133.65,P4-F5,CJ48805,
302,1671,529,8,"$2,494",0,P35-F4,CJ35133,
3345,792,437,2,2181.84,,P24-F3,CJ36392,
2449,3025,409,1,13699.12,741.4,P34-F5,CJ10867,
1178,1806,54,dos,$65038.31,11977.19,P27-F5,CJ78599,sin_devolucion
3937,425,549,6,$3539.57,0,P39-F3,CJ62468,
2588,2436,462,3,"558,61",-27.93,P32-F4,CJ76996,
99,2127,441,3,2502.58,-125.13,P12-F1,CJ93868,sin_devolucion
613,135,454,7,$333,0,P8-F5,CJ97571,sin_devolucion
3340,615,346,dos,8515.94 MXN,1205.59,P25-F2,CJ15099,sin_devolucion
3971,3166,104,4,"$38,907",0,P17-F6,CJ80873,sin_devolucion
2229,703,65,6,"$15,736",879.35,P8-F5,CJ84673,
2932,1822,349,8,$8218.80,8%,P30-F4,CJ19546,
3897,2977,560,1,"$4,585",732.56,P38-F5,CJ84796,
1667,384,25,7,  44064.36  ,0,P19-F2,CJ40789,
2195,3422,270,7,$875,-43.75,P2-F1,CJ34966,
130,1418,482,7,1201.93 MXN,,P11-F3,CJ18276,sin_devolucion
1911,968,199,8,24765.63,-1238.28,P17-F1,CJ40303,sin_devolucion
3638,1728,48,2,"31235,81",-1561.79,P37-F6,CJ51977,
2147,778,6,1,26395.60 MXN,-1319.78,P24-F1,CJ46543,
727,3396,252,1,1423.19 MXN,325.39,P35-F2,CJ71220,
2939,2919,20,8,  48420.36  ,11326.11,P26-F6,CJ47784,sin_devolucion
3111,3419,245,3,"3654,56",-182.73,P18-F4,CJ97538,sin_devolucion
1071,534,424,999,1995.03 MXN,23%,P17-F6,CJ50644,
3247,759,603,4,  1952.88  ,,P34-F3,CJ84611,
1151,1485,179,7,24894.74 MXN,14%,P16-F1,CJ21931,sin_devolucion
210,1348,294,6,755.89,-37.79,P40-F5,CJ80085,
1206,1659,236,5,  3329.05  ,0,P36-F6,CJ98287,sin_devolucion
1436,64,2,5,"$25,250",-1262.5,P6-F2,CJ16459,sin_devolucion
4267,3390,24,6,$30772.59,0,P23-F5,CJ62483,
751,663,78,1,$49993.67,-2499.68,P38-F6,CJ29468,sin_devolucion
2899,2179,64,5,$13895.81,0,P15-F2,CJ37370,
1414,1270,341,2,$4244.16,670.79,P20-F6,CJ14847,sin_devolucion
323,3179,219,3,  403.99  ,9%,P1-F4,CJ81432,sin_devolucion
3621,2382,490,2,701.76 MXN,-35.09,P8-F6,CJ40729,sin_devolucion
1787,1493,488,3,668.51,158.11,P13-F2,CJ96601,
1547,1908,400,5,"2268,61",0,P1-F3,CJ53110,
1441,3467,314,3,$15052.07,-752.6,P10-F1,CJ91905,sin_devolucion
3986,2858,108,6,"$12,829",7%,P14-F3,CJ27446,
1448,1935,472,7,"3233,70",187.51,P15-F6,CJ63173,
2811,1416,257,3,  2514.23  ,546.91,P29-F6,CJ59598,
3770,2804,236,2,$3329.05,653.72,P13-F5,CJ15447,
3913,3440,125,8,"5757,78",-287.89,P13-F2,CJ62757,
1922,3196,84,2,  16273.21  ,0,P16-F1,CJ92541,
1889,2392,413,8,  4440.77  ,666.97,P37-F5,CJ32202,
3909,594,21,4,41665.57,N/A,P15-F1,CJ33914,sin_devolucion
3476,1056,215,2,1216.35,11%,P17-F4,CJ35618,
184,1643,244,999,$8672.97,-433.65,P13-F2,CJ73378,
2755,3516,176,3,  5435.69  ,0,P30-F5,CJ51197,
3285,2202,475,3,2554.85,17%,P9-F3,CJ78786,
4235,950,305,7,  1008.20  ,N/A,P32-F2,CJ66709,sin_devolucion
1328,1039,273,7,$2849.98,294.34,P27-F1,CJ78348,sin_devolucion
3333,3086,84,5,"$16,273",0,P22-F3,CJ16338,
3174,3517,166,999,9127.91,905.79,P29-F6,CJ14405,
1651,1666,242,5,"975,73",0,P38-F5,CJ92097,
2818,35,90,7,55867.02 MXN,11508.87,P33-F4,CJ35503,sin_devolucion
3461,622,101,7,"36744,16",4908.92,P20-F1,CJ46107,sin_devolucion
4174,2273,386,2,$15529.88,5%,P35-F1,CJ74237,
2816,821,80,1,$13070.40,2526.05,P23-F1,CJ83454,
2577,1965,475,4,2554.85 MXN,-127.74,P28-F4,CJ16816,
740,761,465,3,1413.81 MXN,283.59,P7-F3,CJ45458,
1633,1504,531,7,2414.15,0,P9-F5,CJ15197,sin_devolucion
990,2424,775,0,1493.81,-74.69,P27-F3,CJ94080,sin_devolucion
1428,3406,557,6,$700,133.84,P14-F1,CJ48013,
1709,1876,377,3,3602.74,-180.14,P28-F3,CJ40598,sin_devolucion
1625,2276,163,5,  34985.40  ,-1749.27,P19-F6,CJ29926,
2611,299,296,2,"2185,34",453.66,P17-F3,CJ22809,sin_devolucion
3934,661,236,N/A,3329.05,801.18,P20-F5,CJ91678,
3135,3836,90,4,55867.02,4236.62,P36-F3,CJ54034,sin_devolucion
2261,678,485,7,3397.59 MXN,0,P13-F3,CJ30616,
2518,3147,466,4,361.84 MXN,22.86,P16-F2,CJ80402,
3933,594,490,6,$701.76,-35.09,P1-F6,CJ18952,
2027,2789,90,0,"55867,02",-2793.35,P34-F6,CJ40416,
717,396,24,6,$30772.59,3359.73,P38-F6,CJ33250,sin_devolucion
2787,2161,324,2,  4902.47  ,0,P25-F6,CJ34111,
2527,913,380,4,"$25,375",11%,P27-F2,CJ29375,sin_devolucion
2689,3391,228,7,  1374.56  ,-68.73,P21-F4,CJ48790,
2438,2409,360,6,13154.00 MXN,0,P18-F1,CJ10924,
583,213,242,dos,975.73 MXN,0,P32-F6,CJ58730,sin_devolucion
2047,2910,90,dos,"$55,867",21%,P10-F6,CJ67859,
2631,3103,487,1,  1140.99  ,-57.05,P9-F6,CJ72576,
175,1605,323,3,  2463.84  ,0,P20-F1,CJ73714,
1381,403,179,3,24894.74 MXN,4471.04,P23-F1,CJ39384,
2296,972,123,7,$18644.97,0,P33-F6,CJ79290,
1163,1922,42,N/A,44549.41,N/A,P35-F4,CJ49729,
2874,408,239,1,6239.94 MXN,0,P18-F4,CJ54104,
140,3312,47,7,  18423.86  ,25%,P28-F5,CJ39648,sin_devolucion
1473,3456,6,8,26395.60,6%,P19-F5,CJ61640,
1743,1179,428,5,"$3,924",0,P24-F2,CJ95328,
1854,2790,560,1,"$4,585",-229.26,P36-F2,CJ20916,sin_devolucion
1077,3428,45,6,  45333.45  ,8094.51,P22-F4,CJ71122,
1313,1994,236,dos,"3329,05",618.66,P37-F1,CJ34294,
3204,1794,163,5,34985.40 MXN,N/A,P12-F5,CJ37155,sin_devolucion
346,953,143,5,19160.64 MXN,-958.03,P1-F6,CJ38270,
1713,1725,90,2,"$55,867",6139.78,P21-F3,CJ68395,
2601,862,4,4,"59704,35",13418.79,P5-F6,CJ82653,sin_devolucion
2116,595,482,dos,$1201.93,247.29,P8-F5,CJ89447,
3125,3000,270,5,$874.94,,P20-F1,CJ43238,
1060,3095,324,4,4902.47 MXN,-245.12,P38-F1,CJ78280,sin_devolucion
2620,2891,405,1,"26380,91",0,P32-F2,CJ87226,
3681,1028,402,3,5207.91 MXN,-260.4,P10-F5,CJ12960,
88,558,490,8,  701.76  ,18%,P31-F2,CJ61006,sin_devolucion
3156,116,133,1,$21141.62,7%,P25-F4,CJ42716,
1803,1873,400,6,2268.61,23%,P5-F2,CJ92704,
2738,321,210,0,$1643.04,409.46,P10-F2,CJ34156,
3561,2714,173,5,$13426.80,,P24-F5,CJ58879,sin_devolucion
1836,2189,360,2,13154.00 MXN,-657.7,P31-F3,CJ66975,sin_devolucion
3136,2839,96,8,"$14,490",1886.11,P24-F6,CJ92674,
2038,1764,2,8,  25250.01  ,29%,P12-F5,CJ25447,
3540,2216,541,N/A,2040.51,,P8-F4,CJ20850,
744,1798,434,7,"2492,65",613.28,P40-F1,CJ74094,sin_devolucion
3068,2297,73,6,$33688.65,-1684.43,P20-F5,CJ68902,
1582,357,72,7,19375.14,-968.76,P25-F6,CJ22910,
2888,1244,87,3,22796.75 MXN,2040.47,P12-F5,CJ49127,
2978,878,20,3,"48420,36",18%,P28-F5,CJ67728,
2200,1654,433,5,  2339.97  ,366.54,P24-F3,CJ48698,
3917,343,400,1,"2268,61",27%,P8-F4,CJ20409,
3000,2423,103,4,17033.51,1990.17,P19-F4,CJ40675,sin_devolucion
1596,28,429,4,402.84 MXN,32.62,P36-F6,CJ91822,
530,799,216,6,1493.81 MXN,242.78,P9-F3,CJ55285,
4530,3457,352,4,  17190.19  ,,P8-F3,CJ65855,
1197,18,162,7,32940.52,N/A,P5-F3,CJ85463,
3083,49,424,2,"$1,995",493.49,P11-F3,CJ93996,
1859,3265,573,5,"2616,22",340.84,P36-F2,CJ82718,
1776,2910,236,2,3329.05,,P26-F1,CJ76956,
38,1107,221,7,  1736.69  ,136.08,P14-F4,CJ30448,sin_devolucion
3918,1558,211,8,  2399.20  ,20%,P27-F1,CJ76179,sin_devolucion
4228,1003,90,7,"$55,867",-2793.35,P22-F4,CJ95240,sin_devolucion
3926,2322,87,2,"22796,75",-1139.84,P37-F5,CJ56273,
2822,1851,313,1,22302.80,-1115.14,P6-F5,CJ53053,sin_devolucion
3742,979,437,0,"2181,84",-109.09,P15-F4,CJ97231,
928,1986,117,8,28856.54 MXN,0,P28-F3,CJ75874,
2359,2208,220,3,"4307,38",21%,P33-F5,CJ35017,sin_devolucion
4201,3741,236,1,"3329,05",484.97,P14-F6,CJ56651,
2246,1105,48,4,  31235.81  ,-1561.79,P7-F6,CJ61432,
3167,3568,399,1,"$26,571",1819.71,P30-F6,CJ76270,sin_devolucion
2268,641,222,2,$5707.81,0,P40-F3,CJ19913,
2300,2514,839,3,"$3,329",475.69,P1-F4,CJ39220,sin_devolucion
974,3016,64,3,$13895.81,-694.79,P12-F4,CJ19704,sin_devolucion
3527,1859,412,3,  23899.28  ,-1194.96,P25-F6,CJ58347,sin_devolucion
4093,655,510,6,$307.04,41.33,P17-F4,CJ74298,
3598,703,309,2,  579.38  ,-28.97,P37-F6,CJ86677,
1568,2364,281,5,$2873.68,6%,P26-F1,CJ95789,
2072,2784,593,6,"2171,89",,P25-F4,CJ18443,
4326,1742,187,0,15407.88 MXN,14%,P11-F4,CJ72213,sin_devolucion
3193,1317,228,N/A,"1374,56",0,P10-F4,CJ60045,sin_devolucion
1870,2702,748,7,9228.02,-461.4,P35-F5,CJ45276,sin_devolucion
965,51,233,7,"1137,67",,P24-F3,CJ42692,sin_devolucion
2676,93,269,5,"4544,06",682.38,P11-F5,CJ77966,
1052,325,170,1,20780.00,-1039.0,P31-F6,CJ81201,
1082,1774,170,3,$20780.00,25%,P19-F4,CJ68770,sin_devolucion
4469,2566,598,1,3274.73,,P24-F3,CJ40993,
4351,2608,42,7,44549.41 MXN,,P37-F5,CJ69651,sin_devolucion
2481,3440,79,4,  54722.42  ,13247.1,P38-F1,CJ91439,
2444,2169,78,5,"49993,67",10218.52,P2-F6,CJ22916,
961,2264,73,6,  33688.65  ,,P25-F1,CJ34488,
2426,982,172,4,3632.94,18%,P2-F6,CJ14439,sin_devolucion
3757,1528,299,7,1600.51 MXN,,P27-F4,CJ82124,
4064,2316,131,1,$26459.89,21%,P10-F6,CJ83786,sin_devolucion
2102,947,176,7,5435.69 MXN,N/A,P28-F2,CJ17916,
3374,3283,101,3,36744.16,4264.62,P3-F2,CJ18092,
3719,1997,143,-2,19160.64,1525.5,P37-F3,CJ98655,sin_devolucion
2513,1480,112,999,10289.22 MXN,1246.18,P4-F1,CJ46512,
4034,3538,136,4,20224.22 MXN,-1011.21,P33-F1,CJ86730,sin_devolucion
1315,2825,432,2,$236.92,-11.85,P30-F5,CJ98588,
2697,3562,51,4,68000.00 MXN,-3400.0,P28-F4,CJ22021,
2878,790,388,7,"5732,64",1170.8,P34-F5,CJ73719,
1254,2068,329,7,2798.95 MXN,0,P34-F3,CJ48654,sin_devolucion
3686,2867,63,7,"$61,098",10669.79,P10-F6,CJ95034,
4240,94,329,3,  2798.95  ,-139.95,P35-F6,CJ43537,
3187,1920,519,5,  2234.16  ,10%,P3-F5,CJ71235,
675,2485,477,1,  185.90  ,24.53,P31-F5,CJ40468,
2320,2421,414,1,27836.07,6423.27,P10-F3,CJ55971,
1729,955,153,3,  35631.03  ,7564.46,P19-F5,CJ93788,
4306,104,7,1,27100.03 MXN,-1355.0,P35-F1,CJ95593,
1837,863,136,-3,  20224.22  ,,P16-F1,CJ82930,
3747,34,424,6,$1995.03,0,P26-F6,CJ75476,
3402,1820,271,8,"7591,04",23%,P35-F5,CJ17763,
4072,2422,418,5,$2575.77,10%,P39-F2,CJ27537,sin_devolucion
2239,1002,467,1,$841,56.45,P28-F3,CJ32156,sin_devolucion
2777,20,496,3,"$1,891",30%,P30-F3,CJ47499,
1637,2051,36,8,  28216.45  ,-1410.82,P5-F3,CJ65565,
4416,518,113,7,  24816.71  ,-1240.84,P6-F6,CJ48242,
1165,3476,511,8,852.71,7%,P29-F1,CJ36594,
2160,227,514,3,$244.13,25%,P10-F1,CJ28226,
809,2480,296,2,  2185.34  ,-109.27,P16-F5,CJ90292,
2528,2432,181,1,23260.26,1756.71,P13-F5,CJ16886,
545,3186,505,4,  1346.46  ,27%,P20-F1,CJ77092,
4317,2577,76,7,$18729.75,-936.49,P6-F4,CJ98759,
4370,1177,271,6,"$7,591",0,P21-F1,CJ53802,
3220,1664,531,8,"$2,414",154.08,P1-F6,CJ11476,
1041,1467,545,N/A,$11443.06,0,P8-F4,CJ92591,
3846,649,149,N/A,$27409.46,-1370.47,P35-F3,CJ96617,
1421,2368,546,6,  2515.65  ,17%,P9-F4,CJ23529,sin_devolucion
2677,1617,353,7,"18839,36",4227.71,P13-F6,CJ82267,
947,2460,528,6,  1560.80  ,-78.04,P40-F3,CJ93738,
1168,1539,500,8,2257.03,13%,P31-F2,CJ99391,
2056,2196,123,5,"18644,97",4064.48,P28-F5,CJ82423,sin_devolucion
621,35,280,8,$5190.10,5%,P2-F1,CJ67521,
3306,607,435,7,$236,-11.78,P17-F3,CJ32501,sin_devolucion
1176,2445,517,4,2835.58,24%,P35-F5,CJ56578,
136,2384,121,4,12917.12,0,P10-F3,CJ50941,
2721,3524,218,5,2497.50,-124.88,P35-F1,CJ23172,sin_devolucion
185,357,123,1,"18644,97",1411.3,P18-F4,CJ19023,sin_devolucion
2649,1645,20,7,  48420.36  ,30%,P12-F4,CJ12727,sin_devolucion
834,1871,174,0,11259.21,1094.13,P18-F4,CJ78552,
1440,643,487,8,"$1,141",-57.05,P3-F5,CJ14445,
562,1172,20,5,48420.36 MXN,0,P32-F3,CJ85123,
4254,2340,343,4,19021.91 MXN,,P35-F6,CJ53389,sin_devolucion
994,2444,301,6,911.04 MXN,,P7-F5,CJ60946,
1202,559,318,4,2672.96 MXN,22%,P22-F2,CJ54757,sin_devolucion
2797,3458,573,1,2616.22 MXN,29%,P3-F2,CJ74315,sin_devolucion
2641,442,163,4,$34985.40,22%,P24-F2,CJ70402,
1845,1406,90,2,55867.02,30%,P31-F2,CJ85180,sin_devolucion
4320,445,215,4,  1216.35  ,,P23-F1,CJ86227,
134,3429,57,-3,  17856.88  ,-892.84,P23-F3,CJ71358,
3670,2955,98,5,39575.72 MXN,-1978.79,P6-F1,CJ86918,
2066,1472,324,1,$4902.47,,P39-F1,CJ71346,
3002,3217,404,2,6531.34,28%,P14-F5,CJ19903,
2429,2351,551,5,10480.07,0,P32-F1,CJ65165,
276,2069,236,,3329.05 MXN,17%,P32-F1,CJ43522,
2408,2132,32,8,56222.67 MXN,29%,P31-F3,CJ23750,sin_devolucion
4318,2935,35,3,"$22,375",N/A,P39-F6,CJ27022,
4103,3162,278,6,1910.50,0,P36-F5,CJ60348,sin_devolucion
2673,1075,343,N/A,  19021.91  ,,P3-F5,CJ55377,
2110,290,29,1,$16972.54,11%,P32-F2,CJ95908,
1598,2001,599,8,  1634.01  ,208.31,P24-F5,CJ12055,sin_devolucion
4594,2734,5,dos,"26069,66",0,P14-F2,CJ62700,
3581,2698,537,4,$2027.40,-101.37,P15-F6,CJ16664,
4327,2667,147,5,8671.49 MXN,788.19,P3-F2,CJ89392,sin_devolucion
2975,1816,257,2,  2514.23  ,,P11-F5,CJ85134,
3710,762,83,1,  56550.90  ,12%,P36-F5,CJ85700,
4459,718,47,1,18423.86 MXN,0,P28-F1,CJ20422,
3131,467,433,5,2339.97,558.46,P16-F2,CJ11018,sin_devolucion
4340,2214,333,4,$7242.48,1445.25,P34-F3,CJ80415,
3549,2823,355,7,$14690.56,,P31-F4,CJ86604,sin_devolucion
4583,3369,482,2,  1201.93  ,,P19-F4,CJ70870,
4105,784,169,8,4684.61 MXN,10%,P40-F6,CJ19825,sin_devolucion
3463,213,404,2,6531.34 MXN,617.67,P33-F5,CJ47703,
1,1682,344,8,8737.86 MXN,0,P26-F5,CJ66296,
3679,3867,444,1,"389,88",N/A,P39-F4,CJ56766,
603,1904,29,dos,"16972,54",4219.5,P16-F3,CJ32692,
1707,2953,101,6,36744.16 MXN,4073.06,P11-F4,CJ65345,
1956,1065,280,5,"5190,10",0,P14-F6,CJ40289,
3936,1394,387,3,4885.24 MXN,0,P39-F5,CJ55968,sin_devolucion
3159,1844,396,5,  4864.14  ,0,P8-F4,CJ62052,
906,1246,281,5,2873.68,,P26-F5,CJ46474,
295,1894,399,3,$26570.51,,P34-F4,CJ59461,
3347,2673,205,3,28895.45,,P19-F6,CJ68704,
1460,3179,27,4,$26993.41,-1349.67,P1-F5,CJ57089,
2496,2691,525,4,"9670,16",N/A,P35-F6,CJ35027,
3454,427,557,3,700.10 MXN,102.54,P11-F4,CJ22602,
542,2545,296,1,$2185.34,0,P18-F2,CJ59814,sin_devolucion
3514,902,165,4,  8728.22  ,N/A,P32-F6,CJ94543,
4588,3264,232,4,$681,118.79,P38-F6,CJ97853,sin_devolucion
2138,1812,497,2,$2080.14,243.99,P6-F1,CJ51764,
219,3120,423,4,$251,54.74,P18-F5,CJ45963,
4494,2288,437,2,2181.84,N/A,P26-F3,CJ13393,
2529,246,219,8,"403,99",0,P29-F6,CJ19584,sin_devolucion
2951,2799,431,3,254.94,0,P5-F3,CJ63908,
631,2173,18,8,49907.28,12041.26,P39-F5,CJ66221,
3113,2518,145,8,  41579.07  ,,P7-F5,CJ30370,
1496,3043,599,999,1634.01,-81.7,P7-F2,CJ10436,sin_devolucion
1996,2433,90,2,  55867.02  ,-2793.35,P21-F4,CJ28822,sin_devolucion
1839,297,535,7,"2210,07",0,P22-F4,CJ32382,
694,3051,174,2,  11259.21  ,1773.45,P28-F6,CJ59497,
816,1592,334,5,$2210.00,,P32-F4,CJ31267,
2925,1719,526,7,"$7,636",,P1-F4,CJ44936,sin_devolucion
1810,965,103,3,$17033.51,-851.68,P40-F2,CJ22270,
1229,2778,242,5,  975.73  ,0,P7-F2,CJ32522,
2098,1545,90,6,55867.02 MXN,N/A,P4-F3,CJ79546,
1934,253,351,8,"2168,74",237.11,P25-F3,CJ57180,sin_devolucion
247,107,601,2,2666.31 MXN,10%,P30-F5,CJ47220,
3412,1534,476,3,484.90,,P9-F6,CJ75999,
652,3005,441,7,2502.58,169.17,P1-F5,CJ54645,
2412,2805,112,0,"10289,22",,P18-F6,CJ82501,
1580,1571,274,3,5610.04,19%,P28-F5,CJ88611,sin_devolucion
4369,957,407,6,19163.47 MXN,3950.63,P17-F4,CJ32240,
2373,2669,171,7,$4674.34,0,P18-F6,CJ41975,sin_devolucion
4393,1398,83,1,"56550,90",-2827.55,P3-F2,CJ83136,
330,737,358,6,2475.35 MXN,6%,P38-F6,CJ12827,
3914,2076,573,8,  2616.22  ,-130.81,P14-F2,CJ20671,
4153,1574,340,N/A,11113.88,2307.24,P39-F3,CJ33137,
2164,3257,90,2,55867.02,13273.84,P21-F1,CJ97701,sin_devolucion
922,603,380,3,"$25,375",13%,P24-F1,CJ50607,sin_devolucion
2885,465,482,-4,"1201,93",11%,P15-F5,CJ96543,
1609,2370,147,6,8671.49 MXN,670.73,P26-F5,CJ12600,
2586,869,325,8,24602.67 MXN,,P24-F3,CJ70895,
3243,2723,167,4,$4609.55,803.53,P2-F1,CJ11464,
1577,2964,14,999,28475.90 MXN,2597.85,P28-F3,CJ55283,
3725,2794,324,7,"4902,47",N/A,P27-F1,CJ71977,sin_devolucion
3263,2235,399,7,26570.51 MXN,18%,P35-F3,CJ37073,
142,1671,22,6,  14001.33  ,1311.75,P32-F6,CJ80643,
2708,3306,568,3,$7363.71,0,P30-F3,CJ62556,
4253,2083,277,4,"$7,529",10%,P26-F5,CJ96027,
2773,280,324,5,$4902.47,0,P32-F1,CJ43495,
2323,2027,180,N/A,"$29,211",0,P14-F5,CJ37369,
4309,588,36,4,$28216.45,3375.32,P25-F3,CJ30481,
2768,1005,256,7,$1021.80,-51.09,P5-F3,CJ61879,sin_devolucion
3208,2867,475,6,  2554.85  ,30%,P15-F6,CJ83522,
4054,1507,206,7,"35845,90",0,P35-F5,CJ87597,
1072,1622,175,1,$6971.32,1034.6,P38-F2,CJ11971,sin_devolucion
3864,1466,343,7,19021.91,-951.1,P28-F1,CJ51776,
2049,3090,219,4,403.99,41.1,P10-F1,CJ40598,
823,3512,515,6,3368.72 MXN,,P19-F5,CJ50058,
3069,989,90,1,55867.02 MXN,13050.87,P17-F3,CJ38553,sin_devolucion
3041,3428,499,N/A,938.22 MXN,-46.91,P14-F3,CJ17886,sin_devolucion
3240,659,271,1,7591.04,604.46,P4-F5,CJ91609,
2026,823,90,4,55867.02 MXN,11690.02,P25-F3,CJ64259,sin_devolucion
780,1427,90,0,  55867.02  ,,P27-F4,CJ48551,sin_devolucion
3216,2315,577,999,7085.73,0,P19-F3,CJ86294,
240,2008,104,3,38907.41 MXN,7269.96,P22-F3,CJ79435,
849,3370,125,2,5757.78,747.84,P25-F6,CJ18447,
1232,1401,516,1,"$1,869",254.93,P15-F6,CJ37097,
612,1339,497,8,"2080,14",250.37,P40-F5,CJ30540,sin_devolucion
2070,1191,295,1,"2244,90",337.33,P30-F6,CJ16551,
3189,3052,578,1,5427.05 MXN,24%,P1-F2,CJ84635,
1299,269,249,1,  3120.87  ,0,P23-F3,CJ38918,
2447,2005,573,-3,$2616.22,29%,P7-F2,CJ93370,
3612,2742,266,4,"$2,657",-132.85,P21-F1,CJ21774,
3419,524,319,3,"$3,775",N/A,P10-F4,CJ84375,
2764,1750,453,3,$1833.28,,P6-F4,CJ52266,sin_devolucion
2420,605,181,5,23260.26 MXN,-1163.01,P6-F3,CJ93265,
320,94,373,-5,"$20,620",0,P7-F6,CJ81095,
3985,968,549,5,3539.57,-176.98,P3-F3,CJ41584,
999,2133,320,6,  10504.52  ,0,P22-F2,CJ55731,
4329,1042,123,3,$18644.97,5%,P36-F2,CJ30485,
4033,2399,158,4,"$4,265",881.89,P21-F6,CJ11542,sin_devolucion
3132,1798,302,2,"$2,861",7%,P37-F5,CJ73274,sin_devolucion
1184,3876,319,6,"$3,775",10%,P33-F6,CJ50819,
2159,2082,90,4,  55867.02  ,-2793.35,P10-F1,CJ90940,sin_devolucion
456,3016,45,6,45333.45 MXN,,P37-F3,CJ96779,
329,936,172,2,"3632,94",539.04,P38-F2,CJ31070,sin_devolucion
1387,792,245,5,$3654.56,262.2,P1-F5,CJ82205,
1807,172,125,6,"5757,78",-287.89,P33-F6,CJ67236,
1010,701,281,N/A,  2873.68  ,,P10-F1,CJ41695,sin_devolucion
1895,344,73,0,"$33,689",4455.73,P18-F5,CJ88655,
2158,2006,314,1,15052.07 MXN,16%,P33-F4,CJ77056,
1763,6,465,8,1413.81 MXN,10%,P9-F3,CJ57747,sin_devolucion
2778,1463,594,8,  1737.94  ,-86.9,P25-F4,CJ90061,
176,1748,557,5,  700.10  ,142.58,P39-F4,CJ19292,
3881,2620,420,-3,$181,0,P10-F6,CJ96684,sin_devolucion
2247,1829,481,6,  3250.60  ,450.3,P4-F3,CJ95417,sin_devolucion
3205,1387,183,3,  9228.02  ,-461.4,P1-F4,CJ21033,sin_devolucion
2225,2037,468,1,$367.66,,P39-F5,CJ91383,
4446,55,182,6,$5269.41,14%,P14-F5,CJ74905,sin_devolucion
4049,1097,594,2,1737.94,-86.9,P36-F3,CJ29025,sin_devolucion
2186,2695,270,6,"874,94",111.48,P7-F3,CJ65148,
1918,3478,14,4,28475.90 MXN,-1423.8,P34-F2,CJ95921,
893,16,236,8,3329.05 MXN,0,P13-F3,CJ40391,
2441,859,270,7,$874.94,83.37,P2-F3,CJ49501,
1868,2782,475,8,2554.85 MXN,0,P30-F5,CJ27181,
1983,1614,344,3,  8737.86  ,6%,P33-F4,CJ90962,
3369,364,399,5,26570.51,N/A,P39-F2,CJ41454,sin_devolucion
3844,1444,83,4,  56550.90  ,-2827.55,P30-F6,CJ48425,sin_devolucion
481,3313,418,7,"2575,77",0,P28-F5,CJ13355,
2642,1496,182,5,  5269.41  ,0,P3-F1,CJ52571,sin_devolucion
640,3339,113,4,"$24,817",N/A,P20-F5,CJ38689,
3569,849,149,3,"$27,409",1499.43,P5-F3,CJ69254,
4335,664,586,1,17660.57 MXN,0,P24-F1,CJ12885,
3299,2850,465,5,"$1,414",,P21-F3,CJ75218,
357,3003,90,5,  55867.02  ,-2793.35,P14-F6,CJ76967,
2994,2389,27,2,"26993,41",,P33-F3,CJ66014,sin_devolucion
1301,536,170,1,$20780.00,5191.57,P24-F1,CJ38111,
3035,107,542,8,$7389.25,0,P15-F2,CJ54096,
2930,3340,324,5,$4902.47,,P23-F6,CJ10170,
2678,2273,349,8,8218.80 MXN,5%,P5-F3,CJ80562,
1021,3488,36,8,$28216.45,4449.33,P19-F2,CJ63946,
2442,1335,21,6,"41665,57",0,P23-F1,CJ90515,sin_devolucion
2842,3080,56,3,"$18,376",,P27-F2,CJ46992,sin_devolucion
549,1245,113,7,24816.71,1375.84,P6-F4,CJ11173,
3758,1775,373,6,"$20,620",3293.19,P20-F2,CJ85716,
4501,1345,38,4,32293.58 MXN,6236.67,P21-F1,CJ73656,sin_devolucion
2313,1020,209,3,5109.77,18%,P21-F1,CJ31853,
2889,371,42,2,  44549.41  ,23%,P4-F6,CJ41562,sin_devolucion
2213,2459,171,2,4674.34 MXN,,P2-F6,CJ76751,
1221,307,409,1,"$13,699",2792.4,P17-F6,CJ38920,
1389,2829,564,1,16332.52 MXN,2396.81,P16-F3,CJ24385,
4293,3517,120,2,"36962,01",23%,P29-F2,CJ76303,
1350,2580,549,N/A,3539.57 MXN,-176.98,P27-F2,CJ24866,sin_devolucion
1326,2953,19,6,"$52,612",16%,P34-F6,CJ82615,
3061,3284,263,4,5730.99 MXN,401.73,P4-F4,CJ43336,
546,1508,234,2,  1042.83  ,27%,P17-F2,CJ46006,sin_devolucion
2830,2939,307,2,  1429.76  ,104.32,P11-F6,CJ72507,
1567,2885,27,2,  26993.41  ,-1349.67,P15-F3,CJ77188,
3887,2578,424,8,1995.03 MXN,-99.75,P35-F6,CJ36380,
2212,3036,346,7,8515.94,-425.8,P37-F6,CJ77275,
1051,878,155,3,$36068.08,4845.43,P25-F1,CJ62937,sin_devolucion
1825,1333,571,4,5252.42,295.52,P4-F6,CJ44201,sin_devolucion
355,2230,301,3,911.04 MXN,0,P27-F6,CJ76533,
3089,2022,558,2,$2486.26,548.62,P7-F5,CJ98886,
1242,1466,515,8,3368.72 MXN,476.45,P34-F2,CJ68405,
1646,473,505,5,1346.46,23%,P23-F6,CJ26431,sin_devolucion
2260,1390,573,6,$2616.22,,P40-F2,CJ87828,sin_devolucion
788,2264,123,1,"18644,97",4185.23,P19-F2,CJ41770,
2500,668,20,5,48420.36,0,P20-F1,CJ94294,
2297,223,428,-1,"3924,13",,P5-F4,CJ87559,sin_devolucion
2028,231,354,6,8202.98 MXN,,P19-F1,CJ68145,sin_devolucion
2084,1986,45,0,"$45,333",6%,P3-F4,CJ97026,
1935,1966,4,2,"59704,35",13014.24,P2-F5,CJ79850,
2137,1611,64,6,$13895.81,-694.79,P40-F1,CJ84088,
3587,2179,395,-5,$11207.81,0,P31-F2,CJ25255,
4479,1151,173,1,"13426,80",1238.15,P33-F5,CJ11745,sin_devolucion
4314,3491,7,3,$27100.03,-1355.0,P36-F3,CJ60669,sin_devolucion
4059,211,17,2,15188.00,6%,P7-F5,CJ37312,
1574,3450,291,2,439.93 MXN,66.86,P34-F2,CJ17755,
2445,3226,93,2,43980.89 MXN,0,P16-F3,CJ23969,
3070,74,51,8,"68000,00",,P29-F3,CJ10876,
270,2250,418,8,  2575.77  ,8%,P6-F4,CJ71437,
1712,1991,366,6,"5166,06",616.68,P31-F1,CJ47568,
4186,1478,445,2,$717,0,P31-F3,CJ90051,sin_devolucion
571,100,446,5,$3256.03,551.99,P26-F4,CJ27008,sin_devolucion
1233,1134,84,4,  16273.21  ,-813.66,P31-F2,CJ68582,
1884,1475,575,1,1968.00 MXN,462.8,P16-F5,CJ48426,sin_devolucion
2010,2986,332,4,16589.24,,P34-F1,CJ96685,
3631,1785,488,8,$669,-33.43,P11-F1,CJ73088,
1978,29,482,6,1201.93 MXN,0,P25-F2,CJ58309,
564,23,355,N/A,  14690.56  ,,P30-F2,CJ71419,sin_devolucion
4171,1377,505,3,"1346,46",0,P17-F6,CJ10484,sin_devolucion
3890,1891,505,0,1346.46 MXN,241.87,P13-F3,CJ81260,
344,3373,245,2,3654.56,0,P15-F6,CJ96746,sin_devolucion
2753,3367,277,4,"$7,529",N/A,P24-F4,CJ80279,
2834,2343,268,7,551.87,82.17,P23-F6,CJ21686,sin_devolucion
2955,3854,145,,41579.07 MXN,-2078.95,P29-F6,CJ27232,
433,1858,90,3,55867.02,6280.59,P15-F4,CJ16755,
2484,2420,31,2,  38226.13  ,2090.09,P35-F3,CJ41389,sin_devolucion
3019,1733,123,2,"$18,645",,P2-F1,CJ57469,sin_devolucion
393,1677,16,4,31476.59 MXN,-1573.83,P32-F2,CJ89664,
2461,605,176,3,$5435.69,-271.78,P8-F3,CJ16396,
2795,603,458,8,  372.52  ,22.66,P1-F5,CJ76196,sin_devolucion
3392,2342,5,1,  26069.66  ,5995.97,P2-F3,CJ43800,sin_devolucion
4252,3236,153,1,"35631,03",-1781.55,P7-F6,CJ30656,sin_devolucion
2791,1366,450,3,"296,55",N/A,P37-F3,CJ88434,
686,1286,424,2,$1995.03,0,P3-F1,CJ43830,
334,3187,24,8,"30772,59",3144.26,P32-F6,CJ59373,
4202,3380,272,0,4993.05,8%,P40-F2,CJ53177,sin_devolucion
3984,2700,490,2,701.76 MXN,130.3,P17-F5,CJ23308,sin_devolucion
1388,1295,40,,"33096,61",14%,P26-F4,CJ98000,
4447,656,165,1,"8728,22",25%,P17-F1,CJ49567,sin_devolucion
386,2804,236,4,"$3,329",24%,P5-F5,CJ29221,
280,2662,90,1,55867.02,0,P17-F5,CJ15868,
3443,2587,384,2,10968.12,N/A,P25-F3,CJ19703,
4157,2771,268,6,"551,87",5%,P24-F1,CJ65402,sin_devolucion
1304,929,5,3,"26069,66",4580.81,P28-F6,CJ99339,
3161,2263,281,7,2873.68,0,P21-F4,CJ43651,
3644,3866,360,4,"$13,154",1471.95,P7-F3,CJ32071,sin_devolucion
2794,240,323,2,2463.84,0,P28-F1,CJ34582,sin_devolucion
3310,1385,529,4,"$2,494",185.82,P9-F5,CJ61107,sin_devolucion
1899,1379,320,4,  10504.52  ,-525.23,P4-F4,CJ69001,
206,185,5,6,26069.66 MXN,-1303.48,P39-F3,CJ51823,sin_devolucion
719,2349,500,1,$2257.03,-112.85,P5-F4,CJ55398,sin_devolucion
3531,2141,398,3,"$2,144",184.09,P3-F6,CJ70373,
2286,1473,480,2,$1139.96,101.3,P15-F1,CJ78589,
2311,2324,537,2,"2027,40",12%,P17-F2,CJ10823,
3457,2013,54,5,$65038.31,,P13-F4,CJ16147,
1361,2897,80,3,13070.40,0,P2-F3,CJ54407,
905,1789,358,4,2475.35 MXN,265.08,P10-F4,CJ44454,sin_devolucion
1248,940,236,1,"$3,329",25%,P36-F1,CJ83768,
2188,1229,529,6,"2494,40",0,P23-F1,CJ35570,sin_devolucion
2959,2851,48,,"$31,236",0,P32-F4,CJ67916,
1964,3289,276,8,  468.04  ,-23.4,P22-F5,CJ25733,
4504,1583,542,8,  7389.25  ,1132.87,P11-F2,CJ98476,
639,2116,490,3,701.76 MXN,-35.09,P19-F4,CJ81912,
4143,406,587,2,  6062.64  ,1128.51,P24-F1,CJ35472,
1775,1148,245,3,"$3,655",30%,P34-F4,CJ95298,sin_devolucion
4541,3124,145,7,  41579.07  ,-2078.95,P27-F1,CJ43504,
2541,3392,324,8,$4902.47,406.84,P9-F4,CJ51203,
3900,3535,64,5,13895.81 MXN,3471.71,P21-F1,CJ92006,sin_devolucion
2547,3209,236,3,"$3,329",649.46,P20-F2,CJ18461,sin_devolucion
908,3458,222,5,"$5,708",0,P3-F4,CJ40892,
4315,129,235,7,  1119.56  ,0,P4-F6,CJ15063,
1158,2518,81,7,"33449,39",22%,P6-F2,CJ66959,
871,1240,307,8,  1429.76  ,85.01,P19-F3,CJ52767,
1042,1752,236,1,3329.05,,P30-F5,CJ27895,
2623,1107,307,3,1429.76,0,P40-F1,CJ49402,sin_devolucion
1043,1996,119,0,  5867.88  ,528.76,P17-F1,CJ51787,sin_devolucion
2326,2721,238,3,6129.02,-306.45,P7-F5,CJ67834,
3412,1534,476,3,484.90,,P9-F6,CJ75999,
2273,2239,601,8,$2666.31,22%,P10-F4,CJ61822,sin_devolucion
1385,1317,424,3,$1995.03,25%,P30-F2,CJ22551,sin_devolucion
4470,3357,243,5,"7122,31",582.54,P2-F2,CJ73204,sin_devolucion
4060,3404,742,0,22061.28,16%,P39-F4,CJ29333,
3600,1218,578,6,"5427,05",1027.26,P16-F2,CJ66321,
259,83,78,2,"$49,994",30%,P37-F5,CJ37729,
104,2244,268,8,551.87,20%,P5-F3,CJ74230,
3144,3142,47,4,  18423.86  ,-921.19,P13-F6,CJ34982,
3165,3015,179,7,"24894,74",-1244.74,P24-F3,CJ33356,
56,2365,599,-3,$1634.01,25%,P3-F5,CJ52400,
1959,1168,286,3,$713,0,P30-F5,CJ61772,sin_devolucion
1545,3019,113,6,"$24,817",5804.53,P28-F6,CJ59991,
826,241,343,5,$19021.91,,P3-F4,CJ50279,
1345,2652,317,1,$4957.78,846.39,P31-F5,CJ51447,
42,2115,601,2,"2666,31",,P21-F2,CJ26368,
2312,1244,271,8,7591.04 MXN,1040.37,P39-F6,CJ87218,
4346,1855,371,1,"$23,441",11%,P34-F3,CJ16826,
1700,1401,14,4,  28475.90  ,,P21-F4,CJ32115,
432,1987,433,1,$2339.97,28%,P1-F2,CJ98907,
58,2822,192,4,$4268.11,-213.41,P3-F2,CJ82199,sin_devolucion
2230,2696,222,5,"5707,81",,P16-F5,CJ97992,sin_devolucion
2069,1521,245,8,  3654.56  ,26%,P16-F5,CJ69906,
3394,3273,42,2,  44549.41  ,0,P40-F2,CJ21061,sin_devolucion
2062,1674,216,5,1493.81,319.51,P23-F5,CJ58162,
4181,2378,169,2,"4684,61",0,P26-F1,CJ63152,
3254,1649,324,3,4902.47 MXN,0,P2-F6,CJ75117,sin_devolucion
2568,450,214,4,$412.88,,P29-F6,CJ49271,
3524,2409,68,5,17497.71,,P13-F6,CJ94800,sin_devolucion
1642,571,496,8,1891.04 MXN,9%,P11-F3,CJ55791,
1755,461,245,7,3654.56,236.26,P31-F5,CJ63524,sin_devolucion
875,3056,441,2,2502.58 MXN,0,P18-F5,CJ95783,sin_devolucion
4561,323,459,,"1255,48",-62.77,P30-F5,CJ97869,
3371,2409,499,4,938.22 MXN,-46.91,P27-F1,CJ29083,
4,123,475,6,  2554.85  ,,P16-F2,CJ55538,
4196,3596,418,6,2575.77,246.55,P2-F1,CJ30375,
3262,3123,544,3,13372.76 MXN,2670.84,P22-F1,CJ90840,sin_devolucion
434,671,12,5,"30314,90",3403.25,P3-F2,CJ51522,
1096,3096,234,6,1042.83 MXN,145.27,P1-F5,CJ85917,
3961,1706,144,3,"$13,818",2667.77,P1-F1,CJ98644,
1048,1668,123,8,18644.97,17%,P17-F2,CJ76509,
2931,935,22,2,14001.33 MXN,20%,P39-F5,CJ89930,
4319,956,439,1,"407,43",-20.37,P21-F3,CJ37207,
2945,372,245,5,  3654.56  ,0,P19-F4,CJ66809,sin_devolucion
2332,2872,399,0,$26570.51,3215.5,P9-F5,CJ82412,sin_devolucion
4565,535,113,2,24816.71 MXN,0,P10-F5,CJ66879,
3225,1520,84,N/A,16273.21,15%,P12-F6,CJ65610,sin_devolucion
387,3464,418,8,  2575.77  ,135.31,P38-F5,CJ37833,sin_devolucion
900,1941,158,8,"$4,265",487.77,P31-F1,CJ90016,sin_devolucion
373,681,359,,  16986.90  ,2838.98,P1-F5,CJ16778,
2464,496,215,5,"$1,216",0,P18-F1,CJ90744,
2207,3414,487,1,"$1,141",-57.05,P37-F4,CJ15980,
3040,786,581,5,"$14,758",,P16-F4,CJ25996,
3834,846,490,-4,$702,24%,P21-F4,CJ20989,
3445,2529,502,3,"$1,188",0,P13-F3,CJ57710,sin_devolucion
3433,976,296,7,"2185,34",12%,P38-F5,CJ11744,
3011,2507,474,5,3638.88 MXN,357.78,P28-F6,CJ89079,
1392,1969,471,8,"615,80",0,P17-F4,CJ89118,
1162,1460,218,2,2497.50,-124.88,P1-F3,CJ94496,
1379,553,9,4,  27655.76  ,,P38-F4,CJ94138,sin_devolucion
3284,2922,242,8,"975,73",N/A,P36-F2,CJ19456,
4533,826,487,2,  1140.99  ,257.13,P25-F5,CJ73263,
1312,357,319,5,"$3,775",15%,P29-F1,CJ84782,
1831,1332,399,N/A,26570.51 MXN,0,P26-F2,CJ22252,
1063,1302,32,2,56222.67 MXN,N/A,P37-F1,CJ35214,
321,197,483,4,2656.31 MXN,,P30-F6,CJ28074,sin_devolucion
2914,3560,498,6,"943,07",0,P24-F2,CJ11178,
2929,2391,24,7,  30772.59  ,-1538.63,P21-F6,CJ38130,sin_devolucion
779,312,435,2,"235,67",0,P20-F1,CJ40064,sin_devolucion
2281,1748,108,2,  12828.66  ,2978.33,P12-F4,CJ63385,
1113,2053,208,4,3669.04,-183.45,P6-F1,CJ98032,
1120,2251,319,4,  3774.97  ,541.42,P32-F2,CJ83195,
195,2702,547,8,$622.58,-31.13,P29-F6,CJ34204,sin_devolucion
1282,1700,327,5,14660.89 MXN,3603.89,P26-F3,CJ72997,
1745,2231,320,7,10504.52 MXN,N/A,P2-F6,CJ92430,
1139,366,90,7,"$55,867",N/A,P26-F6,CJ60759,
2835,2917,144,3,13818.03,,P1-F2,CJ93828,
697,1858,51,5,68000.00 MXN,0,P29-F1,CJ79714,sin_devolucion
133,3577,402,1,5207.91 MXN,0,P11-F6,CJ69561,
2600,1353,101,N/A,"36744,16",,P27-F4,CJ89094,sin_devolucion
458,1157,424,8,1995.03 MXN,-99.75,P22-F6,CJ17379,
637,1824,396,5,$4864.14,-243.21,P22-F2,CJ53452,
3479,3576,21,5,  41665.57  ,8515.56,P26-F6,CJ40606,
2785,3879,594,6,"$1,738",280.85,P20-F5,CJ71648,sin_devolucion
777,2037,83,3,$56550.90,13515.18,P37-F6,CJ98254,
4455,1356,90,2,"55867,02",0,P27-F5,CJ90244,
442,288,267,2,$7520.58,1042.64,P21-F6,CJ92968,
3709,924,417,1,  351.91  ,43.35,P37-F1,CJ58927,
1367,482,500,2,2257.03,0,P14-F3,CJ41778,
2845,2579,547,3,622.58 MXN,111.5,P27-F2,CJ71188,
1623,787,415,3,"1413,02",347.45,P10-F1,CJ77774,sin_devolucion
597,268,233,1,1137.67 MXN,30%,P27-F1,CJ33418,sin_devolucion
708,1263,113,3,$24816.71,4735.3,P37-F5,CJ56011,sin_devolucion
2679,1263,596,2,"15149,53",N/A,P6-F1,CJ48217,
3903,2999,216,1,"$1,494",0,P21-F3,CJ93494,sin_devolucion
3976,625,381,8,3809.89 MXN,27%,P6-F5,CJ57317,
878,2577,208,5,"3669,04",5%,P28-F5,CJ20401,sin_devolucion
3618,1486,121,7,$12917.12,-645.86,P37-F5,CJ82362,
4383,800,231,1,2027.82,,P34-F3,CJ99803,sin_devolucion
3408,558,241,4,"432,19",94.42,P16-F1,CJ74317,
4598,2135,103,3,17033.51,1261.18,P18-F6,CJ20629,sin_devolucion
1805,3553,451,5,"$2,041",0,P17-F4,CJ30390,sin_devolucion
863,97,121,4,12917.12,2285.14,P7-F5,CJ17172,
3407,586,324,7,"$4,902",-245.12,P22-F2,CJ70157,
2910,726,321,4,  2793.78  ,20%,P13-F6,CJ77441,sin_devolucion
1617,2007,29,-4,  16972.54  ,2733.21,P14-F1,CJ39203,
2953,166,434,5,"2492,65",411.79,P5-F6,CJ72429,
475,3084,529,-2,2494.40,486.23,P25-F4,CJ23199,
4257,2128,236,4,3329.05,,P5-F1,CJ72967,sin_devolucion
3494,3287,65,2,15736.34 MXN,28%,P29-F6,CJ36399,sin_devolucion
312,1000,331,5,12535.65,,P29-F3,CJ83023,
1994,3427,468,3,$368,-18.38,P19-F6,CJ35798,sin_devolucion
416,1430,289,7,"1020,85",77.42,P10-F4,CJ25846,
1431,461,769,4,"$1,995",,P22-F6,CJ94056,
1171,1565,170,3,20780.00 MXN,-1039.0,P4-F4,CJ67486,
1069,1977,391,2,11122.21,2262.01,P40-F6,CJ94114,sin_devolucion
2752,436,359,6,"$16,987",-849.35,P11-F5,CJ16413,
1475,232,93,2,"$43,981",14%,P24-F1,CJ29925,
365,3306,296,6,"2185,34",238.51,P6-F2,CJ76062,
2556,962,203,4,  8828.92  ,0,P28-F6,CJ99489,sin_devolucion
1863,3358,301,8,$911.04,13%,P23-F6,CJ38331,
4238,970,236,6,$3329.05,294.1,P22-F5,CJ49640,
4002,1011,18,3,$49907.28,20%,P30-F5,CJ34076,sin_devolucion
3832,3190,436,1,$195,0,P16-F4,CJ83933,sin_devolucion
2807,3133,531,2,"2414,15",N/A,P20-F1,CJ55263,
2759,2935,533,5,"$2,017",-100.84,P17-F4,CJ83353,sin_devolucion
2018,1909,516,5,  1869.02  ,30%,P5-F4,CJ41308,
654,585,106,2,  33800.82  ,,P32-F5,CJ26217,
898,1396,313,2,22302.80 MXN,1450.35,P9-F4,CJ67686,
1905,3021,521,8,"7452,11",982.61,P16-F3,CJ65006,sin_devolucion
2091,3360,96,6,"$14,490",,P11-F3,CJ90377,
4552,3182,184,8,  14525.98  ,-726.3,P8-F1,CJ17473,
2295,2643,68,0,$17497.71,,P28-F4,CJ46082,
2439,626,16,N/A,$31476.59,-1573.83,P34-F2,CJ97606,sin_devolucion
1395,2511,260,5,  644.34  ,71.03,P9-F4,CJ80298,
1923,1927,119,4,5867.88 MXN,566.1,P7-F5,CJ49691,sin_devolucion
2205,1836,69,3,$33168.84,-1658.44,P39-F6,CJ30756,
1054,2389,552,7,  6261.42  ,8%,P6-F2,CJ18117,
196,3429,547,999,622.58 MXN,-31.13,P31-F3,CJ16482,sin_devolucion
2407,3086,292,8,"$4,444",876.75,P33-F4,CJ20301,
2330,3375,119,3,"5867,88",984.86,P34-F1,CJ26633,
3370,2521,254,5,$1176.97,-58.85,P39-F2,CJ40544,
2191,3471,468,1,$368,0,P18-F5,CJ12552,sin_devolucion
3239,1458,598,2,"$3,275",-163.74,P20-F6,CJ92216,sin_devolucion
539,775,187,4,"15407,88",0,P27-F4,CJ80486,sin_devolucion
461,3099,411,5,25253.96 MXN,2084.0,P31-F6,CJ53173,
4303,2626,236,N/A,"$3,329",N/A,P35-F4,CJ78384,sin_devolucion
1095,1353,319,0,3774.97 MXN,239.98,P34-F6,CJ75486,
2943,2374,119,3,5867.88 MXN,17%,P39-F4,CJ51022,
231,1129,158,1,4265.11 MXN,-213.26,P5-F3,CJ90011,
4502,1472,209,5,$5109.77,15%,P12-F3,CJ68509,sin_devolucion
1508,754,272,8,$4993.05,10%,P29-F5,CJ96070,
3335,2038,1,7,  14452.98  ,0,P2-F5,CJ52879,
2730,2533,209,1,"5109,77",314.14,P20-F6,CJ60051,sin_devolucion
2553,2192,281,1,  2873.68  ,213.05,P26-F6,CJ71898,
2698,3106,245,3,$3654.56,529.93,P15-F3,CJ33659,sin_devolucion
3703,1549,526,5,"$7,636",11%,P13-F6,CJ89205,
4206,1450,604,1,"5124,09",-256.2,P32-F4,CJ80421,
3566,2612,88,1,29304.68 MXN,6513.1,P33-F1,CJ26908,
285,625,324,3,"4902,47",0,P29-F4,CJ25534,
2024,3125,64,3,13895.81 MXN,2489.36,P10-F1,CJ44604,
3255,2770,117,4,  28856.54  ,-1442.83,P17-F4,CJ42475,
3718,3479,215,5,  1216.35  ,228.73,P4-F1,CJ17689,
4182,3804,531,7,  2414.15  ,21%,P20-F1,CJ97023,
2431,2010,226,2,$3996.67,26%,P8-F4,CJ52067,sin_devolucion
1688,1433,290,8,3593.11,0,P19-F6,CJ78731,sin_devolucion
4442,3096,324,4,  4902.47  ,1114.06,P38-F1,CJ40748,
4471,597,233,1,$1137.67,,P32-F4,CJ98449,
4005,2980,79,2,"54722,42",N/A,P12-F3,CJ71306,
925,552,19,7,"$52,612",-2630.58,P25-F1,CJ70165,sin_devolucion
246,280,585,6,"2782,78",0,P22-F6,CJ45319,
4013,2842,27,4,$26993.41,2724.47,P38-F6,CJ51455,sin_devolucion
2748,3205,281,-2,2873.68 MXN,23%,P39-F5,CJ61321,
2334,2534,349,7,  8218.80  ,0,P36-F1,CJ93675,
1929,3476,65,5,15736.34,0,P11-F2,CJ20461,
594,1959,64,3,$13895.81,961.29,P29-F5,CJ93965,
493,2270,102,N/A,"27579,79",4215.85,P1-F2,CJ56950,
3722,2078,90,6,55867.02 MXN,-2793.35,P24-F4,CJ43292,
4322,438,65,8,  15736.34  ,-786.82,P27-F2,CJ68329,
762,3834,77,8,$17232.06,-861.6,P24-F5,CJ54351,
811,358,424,7,1995.03 MXN,-99.75,P22-F4,CJ39333,
4230,161,572,6,$649.84,6%,P14-F2,CJ32195,
3893,1987,146,N/A,$7276.84,1077.78,P5-F1,CJ26045,sin_devolucion
3487,2023,90,5,"55867,02",0,P21-F2,CJ68312,
1394,3063,144,8,  13818.03  ,1513.9,P19-F4,CJ69906,
3794,1865,163,4,34985.40,,P9-F4,CJ68266,
4043,2393,162,2,32940.52 MXN,,P8-F5,CJ48075,sin_devolucion
872,2856,27,4,$26993.41,2434.53,P36-F4,CJ85413,
3485,264,560,8,4585.28,0,P4-F6,CJ92182,sin_devolucion
3510,3754,55,5,"49270,07",0,P17-F1,CJ56165,sin_devolucion
2042,1418,482,6,1201.93 MXN,29%,P9-F6,CJ16741,
3452,3491,309,3,579.38 MXN,-28.97,P21-F1,CJ94117,sin_devolucion
902,3155,404,7,  6531.34  ,1149.57,P26-F4,CJ85676,
3762,927,64,0,"13895,81",2033.87,P24-F3,CJ82976,sin_devolucion
2973,2324,171,2,4674.34 MXN,-233.72,P1-F2,CJ41270,
1037,285,592,6,"$1,729",,P29-F3,CJ54847,
294,2661,236,5,3329.05 MXN,,P18-F1,CJ43276,
1302,2384,35,999,22374.88,-1118.74,P35-F1,CJ68421,
1814,1285,222,2,"5707,81",1283.04,P8-F2,CJ16892,
170,2338,153,7,$35631.03,21%,P37-F5,CJ12237,
4425,1817,349,7,$8218.80,0,P34-F1,CJ65597,sin_devolucion
611,2494,513,6,$291.56,0,P32-F2,CJ24727,
2451,3277,143,5,"19160,64",1193.66,P29-F3,CJ65117,sin_devolucion
1555,570,123,3,18644.97 MXN,4291.18,P22-F6,CJ49074,
197,2945,23,7,52234.68 MXN,4952.22,P35-F1,CJ44640,
2083,2346,213,2,"1117,04",-55.85,P36-F6,CJ66727,
877,2716,242,2,975.73,0,P22-F4,CJ76860,sin_devolucion
4431,2030,90,3,"$55,867",-2793.35,P17-F4,CJ75160,
2248,1250,209,8,"$5,110",1116.68,P36-F3,CJ25486,sin_devolucion
4589,923,208,2,3669.04 MXN,,P18-F2,CJ94685,
2223,2960,72,-2,"19375,14",0,P19-F3,CJ45989,
3642,2165,369,8,"8683,55",0,P8-F1,CJ97175,sin_devolucion
1286,314,372,0,7389.10 MXN,1032.25,P15-F1,CJ32299,
2053,665,309,0,"579,38",0,P7-F5,CJ14301,sin_devolucion
3944,441,592,0,  1728.59  ,0,P14-F3,CJ53824,
4220,2763,402,2,  5207.91  ,,P23-F2,CJ52060,
1143,956,22,5,"$14,001",-700.07,P34-F1,CJ63692,
2148,202,330,2,  7517.64  ,-375.88,P21-F1,CJ63380,
1196,2398,429,3,$402.84,0,P21-F5,CJ68510,sin_devolucion
4493,1292,222,dos,5707.81 MXN,0,P3-F1,CJ43461,
3380,1810,196,0,6746.66 MXN,-337.33,P18-F3,CJ42106,sin_devolucion
2128,3298,425,2,1199.26 MXN,-59.96,P17-F2,CJ85568,sin_devolucion
1741,492,150,5,4357.07,,P27-F2,CJ24595,sin_devolucion
532,18,236,1,3329.05 MXN,N/A,P7-F6,CJ31994,sin_devolucion
1914,1066,518,1,884.39 MXN,-44.22,P29-F5,CJ69527,sin_devolucion
157,577,400,6,  2268.61  ,,P4-F1,CJ87638,
1663,2740,119,6,"$5,868",30%,P28-F5,CJ56414,sin_devolucion
2263,1836,217,5,"2671,55",320.62,P19-F3,CJ82722,
3163,3010,347,2,27599.29 MXN,-1379.96,P33-F4,CJ97770,
4555,2241,324,4,4902.47,15%,P36-F3,CJ15447,
2011,1968,90,6,"55867,02",,P39-F1,CJ85722,sin_devolucion
3440,1711,206,4,35845.90,,P22-F4,CJ75737,
3139,3045,268,5,551.87 MXN,20%,P23-F1,CJ57070,sin_devolucion
563,2298,360,2,"13154,00",0,P18-F6,CJ50119,
3057,2821,147,1,  8671.49  ,818.07,P32-F1,CJ29575,
725,510,382,2,"2447,27",-122.36,P21-F5,CJ40617,
2942,2241,5,8,"26069,66",5905.3,P24-F4,CJ45176,
2356,1952,566,3,"7865,94",-393.3,P9-F3,CJ11153,
2307,1264,559,3,"$6,281",757.68,P8-F1,CJ22395,
1065,726,297,8,$3306.83,234.47,P32-F4,CJ42442,sin_devolucion
2711,2575,112,7,"$10,289",,P26-F1,CJ88314,
2086,1962,537,0,"$2,027",20%,P9-F2,CJ78746,sin_devolucion
3491,1907,437,5,"$2,182",411.72,P15-F3,CJ79832,
1204,491,328,4,13737.01,2456.2,P7-F2,CJ26584,sin_devolucion
3269,800,206,2,"35845,90",2920.3,P14-F4,CJ46122,sin_devolucion
1189,1584,64,8,13895.81,1253.07,P37-F6,CJ27678,
680,2466,118,4,"24476,80",0,P26-F2,CJ31671,
1954,748,537,5,2027.40 MXN,481.45,P28-F5,CJ53915,
3708,1524,324,2,"4902,47",0,P35-F6,CJ95682,sin_devolucion
2602,116,187,3,$15407.88,2873.93,P4-F4,CJ64582,sin_devolucion
1062,1946,230,1,"$2,364",583.13,P11-F6,CJ26725,
3853,2899,490,8,$702,21%,P26-F2,CJ70414,
361,1273,236,6,3329.05 MXN,788.53,P16-F6,CJ59176,sin_devolucion
3199,3320,883,1,"$3,540",-176.98,P21-F2,CJ94446,
1466,1739,190,7,17228.70,0,P2-F1,CJ63649,
1908,1151,137,6,$42000.00,,P2-F3,CJ59218,sin_devolucion
3656,410,155,4,"$36,068",0,P17-F4,CJ75842,
1861,1397,238,4,  6129.02  ,,P4-F1,CJ73138,sin_devolucion
517,1014,528,2,$1560.80,216.17,P34-F2,CJ12404,sin_devolucion
4465,3327,55,6,49270.07,2711.15,P6-F3,CJ94349,
2617,3476,382,7,$2447.27,6%,P6-F3,CJ53516,sin_devolucion
326,473,555,4,"$1,012",0,P13-F4,CJ53734,
1251,2210,526,2,  7635.84  ,5%,P32-F6,CJ96583,sin_devolucion
820,3894,27,7,$26993.41,1908.8,P12-F1,CJ33015,
2526,1659,39,6,"$18,869",1931.29,P10-F2,CJ80078,
1554,454,400,8,2268.61,156.4,P11-F5,CJ81117,
4531,3180,163,5,"$34,985",,P39-F4,CJ24444,
3067,249,5,7,$26069.66,2787.3,P26-F6,CJ35611,
3789,1694,268,2,$551.87,,P10-F5,CJ97535,
1049,352,242,4,975.73 MXN,118.05,P37-F4,CJ99244,sin_devolucion
758,1472,324,6,  4902.47  ,-245.12,P13-F1,CJ72586,sin_devolucion
1187,2447,45,1,"45333,45",15%,P2-F4,CJ42407,
2201,3138,568,5,  7363.71  ,,P27-F5,CJ68063,
3545,92,607,4,$9522.34,1682.18,P35-F3,CJ13159,sin_devolucion
3229,509,165,N/A,  8728.22  ,2111.68,P26-F2,CJ16748,sin_devolucion
3430,1116,37,3,16371.57,-818.58,P10-F3,CJ37640,
2668,3016,534,8,2916.16,604.76,P27-F5,CJ18792,sin_devolucion
4434,638,59,5,"$31,949",3414.56,P13-F6,CJ52965,
437,1908,29,4,  16972.54  ,999.49,P40-F5,CJ69049,
566,1460,407,4,"19163,47",4424.35,P38-F4,CJ57963,
305,1600,313,1,22302.80,1150.57,P27-F3,CJ50456,
201,1993,508,6,$165,20%,P13-F1,CJ44759,sin_devolucion
1752,2263,526,5,7635.84 MXN,1294.09,P20-F3,CJ35793,
2904,2,407,3,$19163.47,4740.46,P6-F3,CJ77918,
4095,234,369,dos,  8683.55  ,,P3-F5,CJ41723,
4585,2499,386,3,"15529,88",-776.49,P17-F6,CJ32079,
1951,1693,222,6,5707.81,29%,P30-F6,CJ48939,
290,1509,469,7,"4056,55",22%,P35-F2,CJ85255,sin_devolucion
4523,787,490,3,701.76 MXN,19%,P3-F3,CJ94633,
1943,1724,123,2,$18644.97,3267.24,P33-F5,CJ37688,
81,1148,499,3,$938.22,0,P1-F6,CJ15858,
1987,1197,568,3,$7363.71,522.01,P4-F6,CJ14348,
3787,2685,192,0,$4268.11,491.47,P14-F6,CJ38848,sin_devolucion
2880,2007,437,6,2181.84 MXN,-109.09,P37-F6,CJ49091,
659,661,91,1,"$16,734",2713.6,P6-F6,CJ92795,sin_devolucion
3713,271,563,4,11445.00 MXN,938.45,P27-F6,CJ13496,sin_devolucion
1170,764,487,6,1140.99 MXN,-57.05,P4-F1,CJ16606,
4440,2497,489,,722.97 MXN,26%,P19-F6,CJ90125,sin_devolucion
3327,2851,529,2,2494.40 MXN,14%,P30-F2,CJ56980,sin_devolucion
4517,3781,71,6,  15201.53  ,1348.1,P13-F3,CJ71520,
4224,1693,45,,45333.45 MXN,-2266.67,P34-F3,CJ16734,sin_devolucion
2453,2930,404,N/A,6531.34 MXN,-326.57,P39-F4,CJ82078,
3232,2350,121,5,"12917,12",2653.82,P33-F2,CJ55017,sin_devolucion
1198,1425,360,3,"13154,00",-657.7,P8-F2,CJ97537,
115,3301,294,6,"755,89",13%,P5-F4,CJ90446,
281,1002,483,8,"$2,656",10%,P33-F3,CJ96494,
3036,1311,13,3,22061.28 MXN,0,P36-F4,CJ13170,
3155,890,354,7,  8202.98  ,0,P18-F4,CJ56661,
770,3196,483,6,$2656.31,-132.82,P37-F5,CJ97888,
4474,1650,467,8,841.05 MXN,-42.05,P7-F2,CJ33996,
689,1955,529,3,2494.40,142.89,P15-F1,CJ68294,sin_devolucion
2051,1485,192,1,4268.11,321.46,P36-F3,CJ66870,sin_devolucion
4560,1687,102,6,27579.79,6547.14,P14-F5,CJ25527,
1320,3267,217,4,2671.55,,P30-F3,CJ66195,
109,258,294,1,755.89,-37.79,P23-F3,CJ52553,sin_devolucion
1823,3452,73,8,$33688.65,-1684.43,P17-F6,CJ52337,sin_devolucion
2667,1286,44,7,"$32,249",-1612.46,P9-F6,CJ97351,sin_devolucion
3066,2698,14,6,28475.90 MXN,,P20-F4,CJ95894,
2443,1578,391,1,"11122,21",,P35-F3,CJ18430,sin_devolucion
3499,2066,170,5,  20780.00  ,3511.62,P4-F2,CJ45705,
582,2453,294,-5,$755.89,0,P11-F1,CJ79816,sin_devolucion
957,2300,435,3,$236,0,P17-F2,CJ38878,
1517,3084,187,8,$15407.88,27%,P17-F3,CJ62869,
1716,2670,299,5,"$1,601",N/A,P20-F5,CJ16337,
3160,771,390,5,  11337.65  ,1757.76,P37-F1,CJ89596,
1068,83,357,0,"11859,71",1483.45,P9-F4,CJ70657,sin_devolucion
3018,192,222,5,5707.81 MXN,21%,P30-F4,CJ19673,sin_devolucion
1520,3711,373,5,20620.17 MXN,13%,P28-F4,CJ56157,
480,1555,405,0,"$26,381",,P4-F5,CJ50515,
3869,3576,572,999,"649,84",5%,P10-F3,CJ46053,
857,1424,223,5,563.70,,P11-F1,CJ77895,
691,1836,324,1,$4902.47,1132.76,P36-F5,CJ76829,sin_devolucion
4443,162,418,2,2575.77,8%,P32-F3,CJ55802,
3714,1580,591,3,"827,84",0,P37-F2,CJ99054,
2828,235,426,6,554.04 MXN,16%,P25-F2,CJ62159,
3177,1716,499,3,938.22 MXN,159.76,P25-F6,CJ93461,
3636,3733,465,1,  1413.81  ,279.19,P35-F6,CJ77086,
2616,2771,280,1,  5190.10  ,664.53,P20-F6,CJ28707,
1672,3269,362,-5,"$20,003",2744.32,P19-F3,CJ99742,
1736,309,331,999,12535.65,0,P9-F1,CJ20469,sin_devolucion
2206,3751,493,-1,615.51,-30.78,P34-F1,CJ84322,
3008,2634,573,5,2616.22,314.09,P17-F5,CJ60220,sin_devolucion
1177,2999,448,2,1395.04,347.77,P16-F2,CJ80539,sin_devolucion
482,3511,238,6,  6129.02  ,359.36,P1-F5,CJ79253,
3974,3293,508,7,  164.68  ,11.09,P34-F2,CJ64499,
2156,553,216,N/A,1493.81 MXN,339.96,P12-F4,CJ52210,sin_devolucion
2176,1745,112,1,  10289.22  ,10%,P29-F6,CJ26287,sin_devolucion
230,2934,214,999,412.88,-20.64,P14-F1,CJ42533,
4243,598,300,4,  1629.59  ,,P3-F3,CJ89235,sin_devolucion
1108,557,90,2,$55867.02,-2793.35,P2-F4,CJ56518,sin_devolucion
2591,2632,15,5,"33776,77",1741.05,P28-F1,CJ55290,sin_devolucion
2821,2034,125,5,"5757,78",383.13,P10-F2,CJ88759,sin_devolucion
2492,320,598,7,  3274.73  ,-163.74,P15-F5,CJ78173,
609,3206,267,2,"7520,58",22%,P14-F3,CJ12050,
2548,3012,165,7,"$8,728",-436.41,P35-F6,CJ10135,sin_devolucion
3632,2396,437,5,2181.84,-109.09,P28-F6,CJ62988,
2566,199,30,5,"20336,55",29%,P1-F5,CJ55672,
3528,1581,354,4,8202.98 MXN,,P23-F4,CJ87840,sin_devolucion
2506,2607,519,3,"2234,16",211.51,P36-F2,CJ69568,sin_devolucion
120,3584,557,3,  700.10  ,76.31,P1-F5,CJ71870,sin_devolucion
2934,148,13,8,  22061.28  ,28%,P28-F6,CJ66941,
1479,1613,301,,"911,04",139.74,P1-F3,CJ75157,
2517,58,347,5,27599.29 MXN,0,P3-F2,CJ76099,
772,1164,233,4,"$1,138",167.29,P32-F1,CJ77958,sin_devolucion
1446,286,26,4,$53168.01,19%,P28-F2,CJ55072,
737,2243,20,2,"$48,420",0,P14-F3,CJ43616,
707,1625,552,-4,  6261.42  ,989.27,P2-F2,CJ36743,
378,666,59,7,"31948,64",16%,P15-F3,CJ99112,sin_devolucion
3998,3574,371,3,$23441.01,,P4-F5,CJ14284,sin_devolucion
3912,902,404,5,6531.34,-326.57,P30-F1,CJ48394,
4386,447,429,5,$403,,P34-F5,CJ30633,sin_devolucion
1370,1702,90,6,"$55,867",-2793.35,P11-F6,CJ55629,
1287,2416,529,1,  2494.40  ,422.59,P22-F2,CJ30972,
4410,3296,531,3,2414.15,445.77,P28-F2,CJ90515,
1597,2038,147,2,"8671,49",667.14,P38-F6,CJ56579,sin_devolucion
76,1574,59,3,$31948.64,-1597.43,P9-F3,CJ80499,sin_devolucion
4089,478,102,-5,"27579,79",3331.06,P36-F3,CJ24266,
2060,2482,110,5,  25540.08  ,N/A,P3-F4,CJ20447,
4091,2634,526,2,$7635.84,-381.79,P10-F5,CJ77147,
4332,3825,83,8,"56550,90",0,P14-F5,CJ50597,sin_devolucion
4381,1782,123,8,18644.97 MXN,0,P2-F2,CJ52662,
851,70,482,7,$1201.93,183.13,P6-F1,CJ25627,sin_devolucion
1674,880,265,-1,759.78 MXN,27%,P22-F6,CJ24477,sin_devolucion
1924,3361,499,6,938.22 MXN,0,P33-F4,CJ22078,
2422,504,321,5,  2793.78  ,0,P26-F3,CJ96943,
4268,3417,596,3,$15149.53,1288.08,P33-F5,CJ44658,
2886,57,235,-2,"1119,56",143.74,P36-F4,CJ45650,
1653,415,236,999,3329.05 MXN,17%,P27-F2,CJ73490,sin_devolucion
4415,3189,465,2,"$1,414",-70.69,P11-F3,CJ17791,
3277,2226,147,8,$8671.49,,P10-F5,CJ30155,sin_devolucion
1004,1260,321,5,"$2,794",-139.69,P20-F1,CJ54147,
712,210,406,3,  6800.95  ,23%,P14-F2,CJ82691,
3107,176,592,8,  1728.59  ,0,P3-F6,CJ82457,
1937,483,66,8,"15232,59",24%,P24-F6,CJ55770,sin_devolucion
1089,2376,604,7,  5124.09  ,-256.2,P36-F4,CJ31294,
54,1076,435,N/A,"235,67",-11.78,P6-F1,CJ15488,
1808,958,560,-1,4585.28,6%,P31-F1,CJ90042,
3180,2054,369,4,"$8,684",644.89,P38-F6,CJ29907,sin_devolucion
2280,3435,485,2,  3397.59  ,-169.88,P32-F3,CJ72576,
193,1954,604,4,"5124,09",17%,P19-F3,CJ47620,
658,3178,79,2,"$54,722",24%,P3-F1,CJ31799,sin_devolucion
1044,477,234,5,1042.83 MXN,-52.14,P21-F1,CJ48739,
3579,3003,526,8,7635.84 MXN,407.19,P28-F1,CJ26363,
1323,280,256,1,"1021,80",229.2,P40-F1,CJ72647,
2983,2258,245,7,  3654.56  ,812.07,P34-F2,CJ12889,sin_devolucion
1261,1,65,7,"15736,34",1608.54,P13-F4,CJ51974,sin_devolucion
128,2874,30,3,  20336.55  ,0,P8-F4,CJ32768,
4497,916,14,4,  28475.90  ,6077.78,P29-F2,CJ72445,
579,1668,251,0,  2586.41  ,211.1,P21-F2,CJ33308,sin_devolucion
3145,725,236,4,"$3,329",,P3-F1,CJ39209,sin_devolucion
3973,2185,324,6,$4902.47,28%,P16-F6,CJ27465,sin_devolucion
3609,2634,389,5,  3131.91  ,213.96,P11-F6,CJ87245,
293,3709,294,3,$755.89,163.98,P2-F6,CJ19250,
2039,1411,321,3,$2793.78,-139.69,P22-F1,CJ57509,sin_devolucion
2257,127,381,8,  3809.89  ,21%,P19-F4,CJ95998,
403,368,301,8,"911,04",0,P1-F3,CJ75447,
519,2972,603,8,"1952,88",29%,P11-F5,CJ82393,
132,2712,98,7,  39575.72  ,0,P8-F5,CJ69160,
3633,2857,596,5,$15149.53,3109.95,P6-F2,CJ72699,
2810,1205,55,3,"49270,07",7%,P25-F2,CJ10515,
483,3258,521,1,"$7,452",-372.61,P28-F2,CJ17817,sin_devolucion
865,2723,324,4,  4902.47  ,720.72,P27-F3,CJ41062,sin_devolucion
84,976,329,1,"$2,799",-139.95,P26-F6,CJ58204,sin_devolucion
1980,1699,208,1,  3669.04  ,17%,P9-F1,CJ51171,
2592,352,79,2,54722.42 MXN,6151.96,P20-F3,CJ39753,sin_devolucion
4137,261,497,1,$2080.14,0,P23-F2,CJ87833,
1639,2061,42,5,44549.41,12%,P13-F5,CJ32232,
1447,3089,187,2,"15407,88",0,P2-F2,CJ30398,sin_devolucion
2927,1649,295,5,2244.90,,P3-F6,CJ69369,sin_devolucion
1841,2026,65,2,15736.34 MXN,-786.82,P9-F2,CJ70322,
4087,2486,404,3,"6531,34",0,P13-F1,CJ87444,sin_devolucion
534,3323,295,8,"2244,90",198.24,P14-F5,CJ51658,
3149,1310,147,7,"$8,671",0,P10-F4,CJ25597,sin_devolucion
3063,1737,123,8,$18644.97,3546.01,P40-F3,CJ42260,
2765,3122,324,2,  4902.47  ,927.57,P26-F2,CJ47379,
3338,2412,37,3,16371.57 MXN,,P33-F1,CJ31671,sin_devolucion
1006,1284,290,5,3593.11,0,P37-F5,CJ73248,
935,2833,123,8,"$18,645",0,P20-F4,CJ97890,sin_devolucion
3122,1815,314,N/A,15052.07 MXN,1459.12,P31-F3,CJ90732,
4208,271,35,7,$22374.88,5%,P9-F2,CJ29295,sin_devolucion
1026,1727,330,7,  7517.64  ,0,P31-F2,CJ73974,sin_devolucion
1592,1526,608,8,$550,N/A,P34-F4,CJ54146,sin_devolucion
1327,3156,496,4,"$1,891",,P30-F1,CJ49944,
3614,378,324,2,"4902,47",7%,P38-F4,CJ45976,
1200,156,596,4,"$15,150",N/A,P19-F6,CJ25777,
4075,1807,547,2,622.58,10%,P9-F4,CJ91674,sin_devolucion
1495,427,321,5,"$2,794",0,P26-F5,CJ81162,
3195,1755,277,8,"$7,529",22%,P8-F1,CJ29684,
2418,3042,482,-4,1201.93 MXN,225.26,P19-F3,CJ74265,
202,276,196,7,6746.66 MXN,0,P32-F1,CJ58360,
4394,1758,135,7,8232.79 MXN,13%,P25-F3,CJ89015,
2552,2817,334,7,$2210.00,-110.5,P14-F1,CJ40954,sin_devolucion
3295,3447,544,1,  13372.76  ,,P23-F3,CJ59850,
1371,3258,586,N/A,17660.57,-883.03,P5-F1,CJ91827,
287,2995,552,5,  6261.42  ,1393.49,P1-F6,CJ62922,sin_devolucion
2737,292,126,8,6207.95,1120.64,P25-F1,CJ25416,
3947,2133,253,N/A,"4812,80",434.92,P15-F1,CJ46806,sin_devolucion
2608,2340,244,6,  8672.97  ,12%,P26-F4,CJ84088,
970,2920,428,4,3924.13 MXN,,P33-F2,CJ96875,
815,859,219,999,$404,95.84,P4-F3,CJ88911,
4400,789,477,6,185.90,38.26,P16-F5,CJ61569,sin_devolucion
3518,3900,56,1,  18375.86  ,7%,P11-F2,CJ31760,sin_devolucion
338,3137,499,8,$938.22,48.54,P7-F5,CJ63976,
2497,1375,64,3,  13895.81  ,,P26-F4,CJ74767,
1027,2369,542,1,7389.25,19%,P11-F4,CJ35761,
4570,1251,352,2,"$17,190",0,P1-F6,CJ32208,
4111,1174,315,6,11703.09,2755.21,P30-F6,CJ82014,
3428,2344,402,6,"$5,208",0,P13-F3,CJ36784,sin_devolucion
301,2260,309,5,$579.38,109.06,P37-F6,CJ93599,
4209,1177,868,5,  3092.44  ,0,P20-F6,CJ46147,sin_devolucion
798,2818,405,3,26380.91,3718.1,P9-F5,CJ45208,
1717,3080,64,5,$13895.81,8%,P31-F5,CJ90759,sin_devolucion
894,75,2,2,25250.01,,P26-F3,CJ30658,sin_devolucion
2126,901,259,8,$625,66.79,P19-F1,CJ48737,
1742,2776,322,8,5883.98,15%,P16-F4,CJ60891,
2872,2477,274,3,$5610.04,-280.5,P9-F4,CJ74393,
3076,2508,26,8,53168.01 MXN,,P1-F1,CJ74851,
1220,1284,412,4,$23899.28,,P8-F1,CJ50586,
578,7,578,5,5427.05,998.57,P20-F1,CJ36571,sin_devolucion
2896,819,542,6,"$7,389",0,P35-F4,CJ57311,
3856,1179,343,8,  19021.91  ,8%,P27-F4,CJ63127,
3272,1641,300,2,"1629,59",0,P32-F4,CJ50020,sin_devolucion
167,413,323,5,  2463.84  ,,P5-F3,CJ67214,
467,797,165,4,"8728,22",0,P2-F5,CJ32089,
2992,2884,424,5,$1995.03,392.89,P28-F1,CJ93745,sin_devolucion
1294,2390,405,5,$26380.91,,P14-F3,CJ10298,sin_devolucion
4127,3156,464,7,$225,,P2-F4,CJ91350,
2969,747,522,-4,$1520.34,152.66,P26-F1,CJ89305,
1488,3022,209,2,$5109.77,,P21-F5,CJ94627,
2996,2496,296,8,2185.34,434.87,P23-F5,CJ46318,
1155,2366,266,3,2657.04 MXN,16%,P12-F1,CJ17069,sin_devolucion
3065,1620,365,3,"$5,591",,P3-F3,CJ90081,
2399,1199,548,3,"$1,107",0,P23-F2,CJ65555,sin_devolucion
2381,3084,519,999,2234.16,0,P3-F2,CJ57316,
1832,575,558,4,2486.26 MXN,418.87,P32-F1,CJ97588,
1257,876,145,2,  41579.07  ,5721.67,P36-F4,CJ77632,
4238,970,236,6,$3329.05,294.1,P22-F5,CJ49640,
4138,879,477,1,185.90,,P33-F6,CJ97405,sin_devolucion
2795,603,458,8,  372.52  ,22.66,P1-F5,CJ76196,sin_devolucion
2304,3375,147,4,8671.49,2002.73,P10-F2,CJ33946,
1022,890,66,1,15232.59,-761.63,P15-F5,CJ77910,
3504,1407,27,5,  26993.41  ,N/A,P39-F1,CJ36790,
3704,1393,234,0,"1042,83",0,P17-F2,CJ46816,sin_devolucion
47,1302,399,1,26570.51,6144.71,P38-F2,CJ49968,sin_devolucion
4461,2724,441,8,$2502.58,423.8,P34-F6,CJ62799,sin_devolucion
2480,2955,402,6,  5207.91  ,1168.2,P37-F4,CJ42284,
1872,2411,604,7,5124.09 MXN,1054.79,P7-F1,CJ65762,
4016,1093,106,0,  33800.82  ,21%,P15-F4,CJ58943,
2459,2358,65,6,$15736.34,3699.71,P10-F6,CJ42079,
144,155,268,2,$551.87,-27.59,P35-F2,CJ64433,
3803,631,253,6,4812.80,30%,P30-F1,CJ22256,sin_devolucion
693,1450,442,7,  803.35  ,0,P7-F1,CJ34496,
1311,1649,158,2,  4265.11  ,0,P5-F6,CJ58290,sin_devolucion
1815,2934,300,3,"$1,630",5%,P16-F3,CJ48071,
256,2878,221,1,"1736,69",286.67,P16-F6,CJ67567,sin_devolucion
4341,3848,300,5,1629.59 MXN,-81.48,P19-F5,CJ58070,
1391,878,11,8,13708.49,-685.42,P40-F2,CJ16754,
1291,378,474,5,  3638.88  ,N/A,P8-F6,CJ29753,sin_devolucion
3258,2304,568,1,"$7,364",1116.57,P37-F3,CJ61857,
1847,2096,236,6,  3329.05  ,29%,P34-F6,CJ42286,
4507,693,4,4,  59704.35  ,10500.6,P11-F1,CJ95472,
1111,597,437,1,$2181.84,N/A,P35-F3,CJ96408,sin_devolucion
2058,620,297,3,"$3,307",28%,P34-F1,CJ97056,
897,1476,90,4,"55867,02",,P10-F6,CJ15490,
4160,620,21,-2,41665.57 MXN,26%,P20-F4,CJ78280,
2663,1523,4,N/A,  59704.35  ,-2985.22,P34-F5,CJ33135,
2045,3101,102,6,"27579,79",11%,P23-F3,CJ88621,sin_devolucion
2921,3189,123,7,"18644,97",N/A,P29-F5,CJ52954,sin_devolucion
3814,3584,236,3,  3329.05  ,7%,P24-F3,CJ85956,sin_devolucion
3981,3550,379,2,  2571.64  ,30%,P8-F1,CJ28609,sin_devolucion
2345,207,169,3,  4684.61  ,5%,P11-F3,CJ65517,
1703,2759,77,6,$17232.06,13%,P18-F2,CJ91481,
2007,3215,349,7,8218.80,22%,P34-F2,CJ10435,sin_devolucion
1085,2737,18,1,49907.28 MXN,N/A,P10-F1,CJ97027,sin_devolucion
837,2970,355,5,14690.56 MXN,19%,P10-F5,CJ89594,
1266,1503,414,2,27836.07 MXN,5605.02,P7-F1,CJ32338,sin_devolucion
2684,2047,547,2,$622.58,-31.13,P34-F1,CJ11434,
4096,3563,301,2,911.04,,P12-F2,CJ27751,sin_devolucion
2450,899,35,2,"$22,375",-1118.74,P15-F1,CJ84352,
397,1039,119,5,"5867,88",,P11-F4,CJ44860,
4188,552,287,3,$1656.26,N/A,P26-F3,CJ29688,sin_devolucion
4468,2617,251,3,2586.41,0,P34-F2,CJ72728,
2416,201,509,-2,  603.92  ,28%,P15-F2,CJ27269,sin_devolucion
1714,1611,399,8,26570.51 MXN,4187.88,P10-F6,CJ97194,
3078,3166,321,1,2793.78 MXN,26%,P13-F1,CJ18074,sin_devolucion
844,2397,64,5,"$13,896",1187.59,P6-F5,CJ63547,
3059,1198,150,8,4357.07,0,P12-F3,CJ11545,
1779,51,529,2,2494.40 MXN,-124.72,P35-F2,CJ37751,
3023,1480,604,6,5124.09 MXN,1088.74,P32-F3,CJ14373,
1137,3552,54,6,"65038,31",0,P31-F5,CJ13981,
913,176,427,2,  152.24  ,0,P13-F1,CJ26717,
2561,2162,188,6,6551.92 MXN,707.73,P33-F1,CJ83390,sin_devolucion
2956,654,391,1,$11122.21,N/A,P33-F1,CJ99181,
634,853,158,999,  4265.11  ,22%,P32-F2,CJ60228,
525,384,125,0,$5757.78,-287.89,P2-F5,CJ41158,
2580,3067,29,5,"16972,54",-848.63,P23-F1,CJ70706,
1890,3460,402,3,5207.91,,P22-F4,CJ64503,sin_devolucion
1001,1794,426,2,  554.04  ,138.01,P29-F5,CJ67460,
1572,3747,356,3,  10557.55  ,N/A,P22-F4,CJ19755,
610,1144,435,4,"235,67",44.27,P22-F6,CJ31636,
646,989,542,-3,7389.25 MXN,1444.05,P38-F5,CJ16410,
4307,202,574,7,$11070.22,-553.51,P29-F2,CJ82953,
3855,3189,95,8,$51105.77,,P16-F6,CJ62883,
1136,706,24,5,$30772.59,-1538.63,P33-F5,CJ96668,sin_devolucion
2545,3443,315,3,"$11,703",2905.14,P26-F4,CJ26411,sin_devolucion
1088,2000,234,6,"$1,043",0,P26-F5,CJ19454,sin_devolucion
75,648,562,-3,  7816.25  ,431.03,P14-F3,CJ10254,
1581,966,147,7,$8671.49,0,P26-F2,CJ83700,
417,2287,587,7,  6062.64  ,1226.18,P21-F5,CJ37359,sin_devolucion
4321,207,424,6,  1995.03  ,N/A,P32-F6,CJ45056,
790,949,601,,"2666,31",575.17,P11-F5,CJ25648,
1733,261,296,7,2185.34,0,P7-F1,CJ50158,
3692,2414,424,2,"1995,03",-99.75,P24-F6,CJ31244,
2779,1786,356,5,10557.55 MXN,-527.88,P1-F2,CJ39024,
46,2462,2,5,$25250.01,,P5-F3,CJ51736,sin_devolucion
3883,692,219,2,$404,10%,P24-F4,CJ69923,sin_devolucion
1533,3086,256,7,"1021,80",0,P39-F6,CJ35041,sin_devolucion
2851,3309,90,5,"55867,02",7%,P24-F6,CJ91972,
1278,1398,35,4,"$22,375",-1118.74,P19-F5,CJ55103,
25,1583,595,5,$13669.45,2216.65,P26-F1,CJ69237,sin_devolucion
2184,3182,438,4,  1451.81  ,213.4,P20-F1,CJ90449,
1290,615,167,8,  4609.55  ,1067.92,P1-F6,CJ50964,
1790,1675,235,7,  1119.56  ,178.41,P1-F3,CJ26826,
3505,905,242,8,$975.73,242.07,P4-F5,CJ75256,
1468,3589,166,6,9127.91 MXN,15%,P30-F6,CJ15327,sin_devolucion
4438,3801,438,dos,1451.81 MXN,-72.59,P15-F4,CJ16237,
1099,55,2,4,"$25,250",5835.97,P17-F4,CJ44984,
4110,2636,467,3,  841.05  ,,P27-F3,CJ94164,
1204,491,328,4,13737.01,2456.2,P7-F2,CJ26584,sin_devolucion
2809,2693,29,2,"$16,973",27%,P15-F1,CJ18299,
4212,3601,578,2,"5427,05",0,P4-F4,CJ55311,
2989,408,322,2,5883.98 MXN,1074.28,P22-F3,CJ52740,sin_devolucion
1376,2221,573,8,2616.22,,P24-F3,CJ11054,
986,3265,268,7,$552,N/A,P7-F4,CJ82340,
3484,1491,185,1,11059.51 MXN,,P32-F1,CJ32053,sin_devolucion
4549,495,351,5,$2168.74,0,P24-F6,CJ32224,
3260,2659,233,5,"1137,67",-56.88,P38-F5,CJ28773,sin_devolucion
3317,3305,368,1,$2004.61,14%,P4-F2,CJ56743,sin_devolucion
2624,2907,318,4,  2672.96  ,415.94,P14-F4,CJ82162,
190,2580,301,1,911.04,178.82,P34-F6,CJ56377,
1892,959,219,5,403.99,0,P27-F5,CJ97086,sin_devolucion
1455,448,309,N/A,579.38,15%,P15-F6,CJ33973,
3300,1286,261,6,"6917,86",0,P30-F5,CJ99546,
1514,1129,27,,26993.41,0,P28-F1,CJ51420,sin_devolucion
499,3555,47,6,18423.86,15%,P34-F4,CJ91412,
2728,47,482,4,  1201.93  ,0,P23-F5,CJ52932,
2893,16,440,6,1344.29 MXN,119.95,P5-F4,CJ70236,
573,164,309,8,  579.38  ,,P22-F5,CJ55941,sin_devolucion
529,1139,385,-3,"$1,800",29%,P27-F6,CJ70168,sin_devolucion
830,503,224,4,$3092.44,570.34,P24-F1,CJ31948,
4084,3450,566,3,$7865.94,,P16-F5,CJ97093,
1512,1068,148,4,9601.21,28%,P20-F6,CJ15329,
1128,610,545,2,$11443.06,,P7-F3,CJ67088,
2176,1745,112,1,  10289.22  ,10%,P29-F6,CJ26287,sin_devolucion
2225,2037,468,1,$367.66,,P39-F5,CJ91383,
1732,297,359,3,"$16,987",8%,P30-F4,CJ20416,
486,3070,516,3,"1869,02",141.65,P8-F6,CJ20156,
4501,1345,38,4,32293.58 MXN,6236.67,P21-F1,CJ73656,sin_devolucion
3859,1803,217,5,$2671.55,,P5-F3,CJ97597,sin_devolucion
1463,2931,209,5,"$5,110",0,P16-F4,CJ55197,
1489,3469,351,6,2168.74 MXN,-108.44,P36-F4,CJ99495,
3182,1078,184,,"$14,526",N/A,P11-F3,CJ49315,
111,742,604,1,5124.09,-256.2,P14-F5,CJ76257,sin_devolucion
4028,2806,179,5,"24894,74",,P30-F5,CJ28966,
3147,2580,333,3,  7242.48  ,1125.95,P36-F3,CJ54107,
1724,1599,502,2,  1187.68  ,284.45,P33-F4,CJ44710,
699,651,533,8,$2016.78,104.27,P34-F3,CJ70575,sin_devolucion
1979,1260,399,2,"26570,51",2340.48,P15-F6,CJ24710,sin_devolucion
909,550,508,1,164.68,-8.23,P15-F4,CJ36905,
2435,264,508,3,164.68 MXN,-8.23,P18-F4,CJ39350,
381,1948,80,1,13070.40 MXN,2564.08,P38-F2,CJ31898,
1461,1738,342,1,$7644.17,16%,P14-F3,CJ26537,
1494,880,519,6,"$2,234",N/A,P8-F5,CJ97408,
3605,2211,259,3,625.08 MXN,0,P31-F3,CJ59483,
3481,527,58,3,"65036,76",N/A,P9-F2,CJ76038,
2023,1340,405,N/A,26380.91 MXN,-1319.05,P14-F2,CJ65752,
4333,850,592,4,1728.59 MXN,234.32,P26-F2,CJ70477,
3415,769,490,,701.76,,P18-F4,CJ65407,
1822,940,79,6,$54722.42,N/A,P32-F2,CJ66925,
3647,256,324,6,"4902,47",0,P21-F5,CJ86947,sin_devolucion
3355,3048,324,4,$4902.47,-245.12,P11-F2,CJ13529,
1880,149,18,999,49907.28,12034.03,P1-F5,CJ31450,sin_devolucion
954,1021,335,6,"$18,538",0,P2-F4,CJ45797,
2604,2877,60,3,48462.73 MXN,,P37-F1,CJ32192,
4284,3452,329,4,$2798.95,167.6,P30-F4,CJ48176,sin_devolucion
3576,1830,362,3,"$20,003",4058.65,P4-F4,CJ98749,
3127,2553,236,2,3329.05 MXN,N/A,P40-F1,CJ78553,
1023,1745,596,4,"15149,53",N/A,P3-F4,CJ30086,sin_devolucion
1645,2077,147,5,8671.49,20%,P15-F6,CJ69447,
1659,2499,566,7,7865.94 MXN,15%,P20-F6,CJ22828,sin_devolucion
4308,1876,32,2,  56222.67  ,9%,P29-F5,CJ69775,sin_devolucion
3009,1222,324,7,  4902.47  ,0,P23-F6,CJ59116,
2254,3593,440,dos,$1344.29,138.2,P33-F2,CJ81631,
4368,1828,165,-2,8728.22 MXN,15%,P39-F1,CJ45703,
466,2467,490,3,$702,-35.09,P23-F6,CJ14722,
3450,1767,324,4,4902.47 MXN,-245.12,P4-F5,CJ39501,sin_devolucion
796,834,145,2,  41579.07  ,7317.07,P29-F1,CJ26479,
3682,3723,36,0,$28216.45,,P25-F1,CJ76429,
4556,238,562,7,$7816.25,1864.61,P26-F6,CJ73250,
2242,2803,454,4,  332.74  ,9%,P11-F3,CJ95886,sin_devolucion
1457,1748,594,7,1737.94 MXN,,P15-F2,CJ79978,
969,3341,437,7,$2181.84,N/A,P36-F4,CJ59918,
4041,1940,179,6,24894.74,4411.76,P35-F2,CJ29046,
4286,1614,496,4,"1891,04",,P34-F6,CJ53174,
2000,2643,563,5,11445.00,9%,P37-F6,CJ92153,
2179,3166,90,8,"$55,867",,P40-F3,CJ66633,
2471,1333,145,4,  41579.07  ,6269.81,P12-F1,CJ23689,
3027,3166,198,2,"14532,61",11%,P8-F2,CJ96673,
3564,2965,90,6,"$55,867",,P13-F5,CJ38742,
399,916,266,4,"2657,04",0,P36-F6,CJ36219,sin_devolucion
4063,534,586,2,$17660.57,-883.03,P6-F6,CJ65895,
2063,593,319,1,"$3,775",803.31,P9-F3,CJ14568,
2544,1118,90,1,  55867.02  ,2879.98,P3-F1,CJ78334,
1675,3534,47,4,"18423,86",-921.19,P7-F3,CJ60397,
1600,3246,372,6,7389.10,1827.16,P15-F4,CJ66843,
623,828,584,2,  14346.48  ,27%,P11-F3,CJ57196,
1821,2604,84,N/A,"16273,21",-813.66,P5-F3,CJ34830,sin_devolucion
3859,1803,217,5,$2671.55,,P5-F3,CJ97597,sin_devolucion
4392,3461,90,N/A,$55867.02,11179.8,P5-F3,CJ58030,
4362,1931,512,2,"1287,31",,P6-F3,CJ80596,
1144,2016,544,8,  13372.76  ,0,P25-F4,CJ81793,sin_devolucion
2661,3429,149,8,$27409.46,7%,P15-F2,CJ94060,
150,464,429,6,402.84,-20.14,P1-F2,CJ31082,
3547,1244,904,6,4902.47 MXN,-245.12,P35-F1,CJ99746,
3666,3060,351,4,$2168.74,193.95,P19-F1,CJ71887,sin_devolucion
1723,1570,599,8,"1634,01",0,P17-F5,CJ81453,sin_devolucion
2020,3487,245,8,3654.56,12%,P13-F4,CJ59220,sin_devolucion
2226,760,245,7,3654.56,-182.73,P33-F3,CJ52305,
474,110,219,2,"403,99",42.42,P31-F3,CJ53775,
2866,1270,484,,491.44 MXN,,P39-F6,CJ93549,
2578,2150,234,4,$1042.83,N/A,P31-F6,CJ27951,
3099,3285,187,7,"15407,88",0,P35-F1,CJ63151,
4239,2617,236,4,$3329.05,,P1-F6,CJ49382,
422,3322,123,6,18644.97,2483.13,P16-F4,CJ29976,
383,1351,366,2,$5166.06,1187.73,P26-F3,CJ99578,
3509,2799,324,N/A,"4902,47",-245.12,P3-F3,CJ47392,
3420,1257,122,8,  4404.82  ,30%,P6-F2,CJ61173,sin_devolucion
4483,2913,546,2,"$2,516",245.07,P21-F1,CJ52835,
51,3471,497,8,$2080.14,-104.01,P31-F5,CJ28572,
49,1832,502,3,1187.68 MXN,,P40-F2,CJ54029,sin_devolucion
1840,887,14,6,$28475.90,13%,P5-F3,CJ25438,
3616,722,547,5,"622,58",-31.13,P12-F2,CJ16904,sin_devolucion
1265,2350,490,7,701.76 MXN,N/A,P28-F2,CJ97449,sin_devolucion
92,2112,558,5,$2486.26,9%,P3-F4,CJ76576,
2321,495,332,-3,$16589.24,,P10-F1,CJ86633,sin_devolucion
4299,3550,125,6,  5757.78  ,1026.41,P36-F4,CJ64784,
3275,2847,165,dos,"$8,728",1651.57,P29-F5,CJ46865,
2594,1131,596,7,15149.53 MXN,5%,P37-F6,CJ44103,
1483,351,87,6,"$22,797",22%,P17-F2,CJ81492,sin_devolucion
426,2937,324,-2,4902.47,485.54,P26-F1,CJ37464,
4073,1680,468,6,$367.66,65.77,P12-F4,CJ61259,
667,3294,112,8,  10289.22  ,0,P3-F4,CJ28057,sin_devolucion
766,2854,343,7,  19021.91  ,,P35-F5,CJ71004,sin_devolucion
347,87,313,8,22302.80 MXN,,P39-F2,CJ61584,
3200,1517,475,3,2554.85,-127.74,P17-F4,CJ90745,
884,937,6,6,"26395,60",2929.77,P28-F1,CJ66754,sin_devolucion
4255,3261,118,4,24476.80 MXN,1729.47,P39-F2,CJ56060,
1594,2113,275,4,"2036,34",0,P12-F2,CJ15860,
4485,84,424,3,  1995.03  ,210.84,P38-F4,CJ69938,
3130,1261,238,1,6129.02,-306.45,P17-F2,CJ78165,
274,2791,147,5,$8671.49,,P23-F3,CJ99191,sin_devolucion
2653,333,490,5,$701.76,0,P33-F4,CJ44527,
827,2281,494,6,  2411.10  ,0,P35-F2,CJ88036,
745,2923,35,4,22374.88 MXN,0,P17-F3,CJ92538,
291,3018,441,0,2502.58,,P29-F1,CJ75390,sin_devolucion
1754,1194,528,6,$1560.80,-78.04,P8-F4,CJ96835,sin_devolucion
1493,869,171,2,4674.34,337.01,P23-F2,CJ69562,sin_devolucion
4505,1438,115,6,28828.44 MXN,-1441.42,P17-F5,CJ79465,
1687,2530,324,-4,4902.47 MXN,N/A,P38-F5,CJ76849,
1939,3047,377,3,$3602.74,0,P35-F6,CJ48750,
1035,530,562,2,$7816.25,690.68,P29-F1,CJ75244,
2046,2401,452,2,"$3,108",0,P28-F3,CJ90559,
1631,3393,81,4,33449.39,6084.52,P10-F3,CJ12197,sin_devolucion
3045,3326,560,8,"$4,585",,P19-F2,CJ72647,sin_devolucion
2347,1964,360,3,13154.00,14%,P40-F6,CJ62700,
1747,1421,239,5,"$6,240",N/A,P39-F3,CJ98274,
769,2170,510,N/A,$307,,P25-F2,CJ24358,
77,232,519,8,"$2,234",320.41,P16-F2,CJ39527,
829,1837,392,3,"$16,781",-839.07,P7-F4,CJ95014,
2249,3016,86,7,37053.65 MXN,0,P38-F6,CJ61968,
1356,3346,159,4,$3901.05,-195.05,P11-F2,CJ40297,
3721,2842,467,8,841.05,159.98,P19-F3,CJ85517,
1891,312,533,3,"2016,78",156.74,P28-F5,CJ52740,
3668,2305,236,1,  3329.05  ,-166.45,P29-F6,CJ14563,
2397,3236,291,4,439.93 MXN,59.96,P27-F6,CJ43646,
200,1129,369,5,8683.55 MXN,-434.18,P14-F4,CJ87080,
1502,866,411,7,"25253,96",-1262.7,P39-F2,CJ13062,
3320,2418,96,5,"$14,490",N/A,P20-F2,CJ87560,
3489,840,324,1,"$4,902",-245.12,P18-F1,CJ82485,
4250,3401,169,4,4684.61,-234.23,P32-F1,CJ15408,
3811,1248,424,3,  1995.03  ,12%,P19-F4,CJ50625,sin_devolucion
2801,28,113,4,24816.71,N/A,P28-F4,CJ12261,
1876,1459,219,7,  403.99  ,46.18,P20-F1,CJ51847,
3422,3033,598,4,"$3,275",-163.74,P22-F6,CJ13789,
3982,990,598,5,"$3,275",,P36-F3,CJ46323,sin_devolucion
862,2218,231,3,  2027.82  ,0,P37-F6,CJ10733,
1701,1588,158,3,4265.11,0,P36-F2,CJ24041,
4130,2480,146,7,$7276.84,,P8-F1,CJ82343,sin_devolucion
4011,3212,404,2,6531.34 MXN,25%,P31-F5,CJ24863,
2115,2715,227,5,$7709.07,-385.45,P19-F4,CJ99262,
584,74,435,4,$235.67,38.13,P32-F2,CJ15730,
3315,7,25,3,44064.36 MXN,10879.92,P20-F5,CJ21459,sin_devolucion
2853,860,535,5,2210.07,,P23-F5,CJ20667,
993,2145,263,8,5730.99 MXN,,P6-F2,CJ89151,
1028,733,453,5,1833.28 MXN,,P40-F4,CJ44429,
1904,2156,440,2,"1344,29",-67.21,P9-F5,CJ55588,
1212,1522,478,1,  401.93  ,62.75,P30-F4,CJ44543,
3784,2878,593,5,"$2,172",-108.59,P5-F5,CJ54526,
372,2090,444,6,389.88,72.83,P38-F5,CJ47847,
2573,2623,437,8,"2181,84",,P34-F4,CJ29190,
677,3382,605,1,741.12 MXN,80.13,P33-F3,CJ97437,sin_devolucion
2789,1318,522,1,1520.34,347.17,P1-F3,CJ93769,
3845,1319,453,4,$1833.28,141.65,P8-F4,CJ76779,
4454,1646,587,-5,"6062,64",5%,P40-F4,CJ17224,
1791,3273,584,2,$14346.48,-717.32,P34-F5,CJ58172,
1573,2215,453,6,  1833.28  ,198.71,P24-F3,CJ31895,sin_devolucion
1543,1365,324,8,"$4,902",619.79,P30-F6,CJ42709,
3640,98,309,1,  579.38  ,0,P34-F2,CJ27117,
1237,2399,260,4,  644.34  ,28%,P32-F1,CJ78044,sin_devolucion
4412,1735,595,8,13669.45,2125.21,P15-F5,CJ74200,
2788,372,196,8,6746.66,1498.26,P21-F4,CJ52013,
2993,3096,792,2,25253.96 MXN,0,P2-F1,CJ91564,sin_devolucion
2251,3247,604,2,"$5,124",30%,P27-F2,CJ44047,
1901,3574,208,7,"3669,04",21%,P18-F6,CJ81613,sin_devolucion
3486,138,451,3,"2041,42",452.09,P24-F1,CJ57955,
1195,2577,482,5,$1201.93,236.17,P2-F4,CJ41910,
3425,3371,601,2,2666.31,0,P34-F5,CJ75804,
606,386,11,N/A,$13708.49,0,P2-F4,CJ75823,
3175,1643,143,3,$19160.64,0,P38-F3,CJ41694,
2413,3263,238,-5,"$6,129",0,P34-F5,CJ90577,
2067,2535,157,2,"13768,16",-688.41,P9-F3,CJ38666,sin_devolucion
4539,3714,507,5,"572,23",97.24,P15-F6,CJ94926,
874,1577,570,8,2235.17,557.66,P21-F5,CJ28007,
914,1139,531,2,$2414.15,258.66,P10-F3,CJ69833,sin_devolucion
4074,388,224,6,3092.44 MXN,0,P13-F2,CJ42906,
4135,823,594,0,"1737,94",314.25,P11-F3,CJ49906,
4152,39,558,7,"$2,486",282.22,P25-F6,CJ85314,sin_devolucion
2080,3371,544,4,"$13,373",-668.64,P31-F2,CJ74182,
4476,1889,496,8,"$1,891",-94.55,P36-F3,CJ66595,sin_devolucion
688,2190,292,6,"$4,444",N/A,P28-F5,CJ95437,sin_devolucion
3932,193,60,1,$48462.73,4381.66,P35-F3,CJ79375,
3619,1733,333,1,$7242.48,,P1-F6,CJ47502,
3410,1962,408,4,$25253.16,-1262.66,P19-F1,CJ36357,
2368,989,414,5,"$27,836",3649.89,P1-F5,CJ70460,sin_devolucion
509,3097,356,6,  10557.55  ,,P12-F3,CJ39732,
4522,3295,113,6,24816.71 MXN,0,P29-F4,CJ91471,sin_devolucion
4136,562,482,3,  1201.93  ,-60.1,P22-F5,CJ46024,
3840,2886,174,3,  11259.21  ,0,P24-F1,CJ36352,
3081,534,5,N/A,"26069,66",6%,P8-F1,CJ85490,
784,1079,294,8,755.89,N/A,P38-F6,CJ51999,
2462,1738,467,7,$841.05,171.32,P26-F6,CJ56156,
4302,3145,123,-2,"18644,97",0,P28-F3,CJ84843,
4070,1989,294,8,"755,89",0,P13-F1,CJ43953,
867,2652,123,3,18644.97,2767.15,P7-F2,CJ89740,
4543,2186,425,7,"1199,26",0,P32-F5,CJ50849,
2727,3359,573,2,  2616.22  ,,P21-F3,CJ33483,
252,2627,163,4,34985.40,,P10-F4,CJ71682,
495,1248,307,8,1429.76,14%,P10-F4,CJ48926,
1678,469,509,4,"603,92",96.97,P18-F1,CJ86631,sin_devolucion
989,2500,104,1,38907.41 MXN,25%,P33-F3,CJ39899,
3322,1587,328,1,"13737,01",2485.02,P15-F4,CJ25393,
2387,2234,187,6,"$15,408",,P17-F3,CJ91934,
736,1716,55,,49270.07,0,P20-F4,CJ77809,
3863,1945,226,6,3996.67 MXN,0,P2-F2,CJ51546,
2306,27,65,7,$15736.34,,P13-F1,CJ52856,
3951,3601,148,-1,"9601,21",-480.06,P20-F6,CJ72708,
2783,2270,208,4,"$3,669",-183.45,P18-F4,CJ71133,
3093,611,84,4,$16273.21,3586.73,P16-F6,CJ89656,sin_devolucion
3476,1056,215,2,1216.35,11%,P17-F4,CJ35618,
2008,600,373,1,$20620.17,2843.32,P1-F2,CJ65813,
4289,1915,177,4,  25698.47  ,,P26-F3,CJ50609,
2417,2905,208,4,3669.04 MXN,8%,P8-F1,CJ29535,sin_devolucion
2800,3053,68,8,"$17,498",-874.89,P30-F4,CJ55282,sin_devolucion
2108,3186,35,2,"$22,375",0,P25-F2,CJ92213,sin_devolucion
3453,1908,517,dos,2835.58,454.67,P30-F2,CJ46937,
3778,3255,242,N/A,  975.73  ,0,P4-F3,CJ84766,
3715,10,139,2,$22592.32,,P37-F3,CJ87060,
3186,2041,222,4,5707.81 MXN,0,P24-F6,CJ61878,
2833,3238,53,7,16779.87 MXN,-838.99,P33-F3,CJ26668,sin_devolucion
2363,1056,180,1,29210.55 MXN,,P31-F1,CJ95367,sin_devolucion
991,1363,497,7,"$2,080",208.02,P26-F1,CJ28967,
3892,3381,590,1,"2112,02",-105.6,P6-F2,CJ70763,
591,392,547,7,"622,58",N/A,P30-F3,CJ13607,
3133,3079,343,8,"19021,91",-951.1,P21-F4,CJ22767,
275,535,542,,"7389,25",N/A,P23-F6,CJ27478,sin_devolucion
1843,2531,176,1,"$5,436",16%,P13-F4,CJ13124,
1970,622,92,4,$29022.84,25%,P7-F5,CJ34480,
4076,21,100,4,"$17,834",1750.79,P5-F4,CJ60601,
967,2663,277,5,"$7,529",541.22,P35-F2,CJ53661,sin_devolucion
2928,191,45,2,"$45,333",5763.63,P13-F6,CJ33636,sin_devolucion
89,72,519,4,"2234,16",-111.71,P7-F3,CJ76929,
3843,1511,241,5,432.19,26%,P26-F4,CJ31827,sin_devolucion
1538,1018,272,3,  4993.05  ,1084.71,P39-F6,CJ32444,
494,2066,595,6,  13669.45  ,1292.27,P39-F6,CJ96697,
1444,1672,307,2,1429.76 MXN,,P36-F4,CJ72929,
2683,764,236,1,$3329.05,-166.45,P19-F1,CJ10218,
4085,955,89,4,$23366.80,0,P29-F6,CJ28829,
1566,2360,588,4,11407.11,2683.48,P5-F1,CJ33850,sin_devolucion
2935,2242,206,4,35845.90 MXN,28%,P12-F2,CJ97930,sin_devolucion
316,2292,572,8,$649.84,-32.49,P19-F1,CJ98321,sin_devolucion
4151,2057,24,3,$30772.59,0,P24-F3,CJ25419,
2392,715,64,7,  13895.81  ,2974.19,P20-F5,CJ81041,
2139,3243,596,3,  15149.53  ,17%,P10-F4,CJ32676,
3833,1007,185,3,11059.51 MXN,-552.98,P36-F2,CJ29610,sin_devolucion
3321,2415,139,2,"22592,32",3845.99,P6-F2,CJ79591,
369,3431,542,1,$7389.25,,P22-F3,CJ68791,
1150,794,165,4,8728.22,-436.41,P1-F4,CJ64013,sin_devolucion
1652,3172,29,5,"$16,973",-848.63,P29-F6,CJ82852,
3124,1273,302,6,2861.27,0,P8-F6,CJ47428,
917,2630,44,3,$32249.20,5336.86,P30-F4,CJ63824,
4075,1807,547,2,622.58,10%,P9-F4,CJ91674,sin_devolucion
4088,2470,90,8,"55867,02",,P13-F5,CJ79158,
674,1576,144,4,"$13,818",-690.9,P33-F5,CJ44020,sin_devolucion
2825,834,380,4,  25375.31  ,N/A,P11-F2,CJ27746,
833,3308,467,7,$841,-42.05,P27-F1,CJ51264,sin_devolucion
3790,3241,215,-1,"1216,35",0,P23-F2,CJ94060,
4263,2973,596,4,15149.53,2742.09,P35-F6,CJ18673,sin_devolucion
2006,1917,47,3,"$18,424",0,P34-F2,CJ14737,
3436,1085,6,5,26395.60 MXN,2940.31,P28-F2,CJ24126,
946,829,289,3,1020.85,80.49,P21-F4,CJ27222,
962,1421,199,2,24765.63 MXN,0,P38-F5,CJ19110,sin_devolucion
963,2403,321,5,"2793,78",25%,P1-F6,CJ85962,
3560,3566,123,2,"18644,97",0,P40-F5,CJ10179,
126,2186,307,5,  1429.76  ,18%,P30-F2,CJ80821,
2685,2216,9,0,"27655,76",0,P5-F4,CJ93875,
3734,1476,738,4,  563.70  ,N/A,P17-F2,CJ65115,
2739,2552,5,5,26069.66 MXN,N/A,P33-F1,CJ77378,
1850,902,409,6,"13699,12",0,P1-F5,CJ71851,
661,1189,391,3,$11122.21,-556.11,P19-F5,CJ50332,
4445,402,242,2,  975.73  ,25%,P30-F3,CJ18815,
2255,2649,402,1,5207.91,865.83,P34-F2,CJ46088,
4231,1030,357,3,"11859,71",10%,P36-F6,CJ84853,sin_devolucion
1535,2198,342,6,7644.17,N/A,P7-F2,CJ68557,sin_devolucion
462,3344,502,6,1187.68,0,P27-F1,CJ99968,sin_devolucion
934,1571,360,N/A,13154.00,879.66,P29-F4,CJ21035,
732,3208,64,4,$13895.81,0,P11-F1,CJ64383,
3835,1481,382,8,2447.27 MXN,N/A,P38-F3,CJ83297,sin_devolucion
2563,1658,447,8,195.51,,P20-F3,CJ68231,
4025,252,433,5,$2339.97,18%,P31-F2,CJ68994,sin_devolucion
4390,1459,230,7,"$2,364",-118.21,P11-F5,CJ48347,
468,2328,540,3,  17228.60  ,0,P35-F4,CJ39837,sin_devolucion
1506,1357,236,5,$3329.05,-166.45,P38-F1,CJ87954,
2622,1222,97,2,$44347.38,,P9-F5,CJ41262,
2852,1340,27,4,"$26,993",3092.94,P12-F4,CJ52778,
3523,991,515,4,3368.72 MXN,827.11,P20-F3,CJ69513,
343,2563,499,2,  938.22  ,53.08,P14-F1,CJ63426,
1214,2631,311,8,"742,92",0,P14-F5,CJ20037,
1739,2105,218,-1,"2497,50",599.71,P29-F4,CJ25254,
2819,1635,510,0,$307.04,N/A,P11-F3,CJ44169,sin_devolucion
4156,3442,222,8,"$5,708",-285.39,P32-F6,CJ30079,sin_devolucion
2852,1340,27,4,"$26,993",3092.94,P12-F4,CJ52778,
1365,2239,526,7,$7635.84,,P14-F1,CJ49486,
4567,815,368,999,"2004,61",22%,P11-F1,CJ64317,
82,3543,236,5,$3329.05,0,P33-F4,CJ99237,sin_devolucion
3438,1970,349,5,"8218,80",730.28,P2-F4,CJ54550,sin_devolucion
250,2364,5,3,26069.66,,P27-F3,CJ61836,sin_devolucion
1589,465,314,1,"$15,052",3161.99,P24-F4,CJ55822,sin_devolucion
3134,1568,547,4,622.58 MXN,N/A,P36-F3,CJ41549,
4109,2931,242,2,  975.73  ,130.73,P15-F1,CJ40104,sin_devolucion
1570,1707,165,3,8728.22,505.94,P26-F4,CJ99079,sin_devolucion
11,2878,515,0,  3368.72  ,242.44,P4-F4,CJ20080,sin_devolucion
2733,2732,155,5,"36068,08",,P19-F1,CJ52150,
3931,2572,505,7,"$1,346",74.37,P26-F6,CJ24856,
879,661,143,3,$19160.64,3140.75,P15-F2,CJ38006,
3831,689,17,3,15188.00,17%,P30-F2,CJ68331,sin_devolucion
2466,160,357,5,$11859.71,19%,P35-F1,CJ47916,sin_devolucion
2341,316,327,1,  14660.89  ,-733.04,P15-F5,CJ50337,
4259,2710,604,6,"$5,124",,P10-F5,CJ16965,
151,2607,487,5,1140.99 MXN,,P14-F4,CJ17047,
1338,3266,437,3,$2181.84,,P6-F3,CJ77124,sin_devolucion
189,2456,547,3,  622.58  ,55.56,P3-F4,CJ49810,
1245,1308,238,1,6129.02,823.58,P9-F1,CJ93208,
491,405,234,2,1042.83,0,P17-F1,CJ81618,sin_devolucion
1033,395,370,N/A,8863.69 MXN,0,P37-F4,CJ42063,
3090,472,170,5,$20780.00,N/A,P6-F1,CJ91031,sin_devolucion
2013,1687,280,8,5190.10,13%,P7-F6,CJ94478,
3676,2064,450,6,$296.55,56.45,P19-F5,CJ23149,
2478,3865,421,2,"863,95",50.01,P20-F4,CJ63352,sin_devolucion
1591,235,165,6,  8728.22  ,,P20-F3,CJ60120,
4512,2750,437,1,2181.84 MXN,-109.09,P28-F5,CJ42875,sin_devolucion
3597,2945,207,,"4901,39",10%,P30-F4,CJ37944,sin_devolucion
439,811,513,4,  291.56  ,40.56,P17-F1,CJ70163,
4221,3220,359,2,$16986.90,1368.73,P35-F2,CJ60736,sin_devolucion
3052,1683,601,1,  2666.31  ,-133.32,P24-F6,CJ94390,
3727,2510,144,2,$13818.03,-690.9,P29-F3,CJ76978,sin_devolucion
1965,1093,47,,18423.86 MXN,-921.19,P30-F2,CJ57310,
1972,564,98,4,  39575.72  ,0,P7-F4,CJ98155,
1604,1948,598,3,  3274.73  ,,P38-F5,CJ70144,
2719,3441,315,7,  11703.09  ,-585.15,P22-F3,CJ40060,sin_devolucion
1576,2471,145,2,41579.07 MXN,0,P10-F3,CJ80840,sin_devolucion
4232,2529,366,1,"$5,166",,P11-F6,CJ31860,
101,2543,153,-3,"$35,631",N/A,P35-F5,CJ55078,
4218,3421,104,0,38907.41 MXN,27%,P32-F5,CJ11548,
3346,1288,563,7,"11445,00",7%,P30-F1,CJ72060,sin_devolucion
2155,1167,105,4,$4935.31,270.12,P23-F5,CJ77679,
4338,63,81,6,  33449.39  ,29%,P15-F3,CJ16753,sin_devolucion
4197,279,140,7,  23235.91  ,,P38-F4,CJ12628,
1372,1220,94,8,"$58,179",9556.0,P22-F1,CJ40549,
1695,2534,219,8,"403,99",59.1,P15-F2,CJ50499,
2814,3595,309,7,579.38,59.86,P35-F6,CJ65010,
266,543,158,5,"$4,265",0,P18-F3,CJ99713,
1009,363,179,,"$24,895",6079.58,P7-F4,CJ56968,
1853,2044,320,5,"10504,52",752.6,P25-F6,CJ12023,
2019,1486,83,6,56550.90,14059.14,P26-F1,CJ18975,
3468,3011,245,1,3654.56,,P22-F3,CJ44015,
1772,807,531,5,$2414.15,361.02,P14-F6,CJ77937,sin_devolucion
2671,1985,417,6,  351.91  ,-17.6,P15-F2,CJ67999,
1531,3177,388,2,5732.64 MXN,,P17-F2,CJ48011,
2599,134,294,5,  755.89  ,-37.79,P34-F1,CJ10342,
3179,3346,607,5,  9522.34  ,5%,P35-F6,CJ45117,
4146,2751,446,2,$3256.03,432.08,P31-F1,CJ32158,sin_devolucion
4536,1816,5,7,26069.66 MXN,12%,P34-F4,CJ88298,
3137,2133,11,1,13708.49 MXN,2417.58,P19-F2,CJ32673,
4184,881,309,6,  579.38  ,,P19-F4,CJ72016,
715,415,280,2,5190.10,9%,P6-F6,CJ92350,
4414,1615,558,4,$2486.26,586.75,P21-F6,CJ12396,sin_devolucion
1829,715,273,4,"2849,98",0,P15-F2,CJ53504,sin_devolucion
2043,640,601,6,$2666.31,6%,P35-F4,CJ10199,sin_devolucion
3685,242,251,,"$2,586",28%,P7-F5,CJ41068,sin_devolucion
2291,3357,156,5,  36447.38  ,0,P13-F6,CJ11814,
368,2141,481,6,3250.60,10%,P7-F1,CJ64782,
1337,2640,90,N/A,55867.02,-2793.35,P40-F4,CJ75158,
2798,2889,329,N/A,$2798.95,142.45,P11-F5,CJ83679,
166,3724,174,1,  11259.21  ,2256.85,P3-F2,CJ22389,
1629,1968,827,6,551.87,-27.59,P28-F1,CJ71363,
3850,2647,490,dos,701.76,142.82,P3-F2,CJ17541,sin_devolucion
4600,245,494,-3,  2411.10  ,,P27-F5,CJ14046,
1700,1401,14,4,  28475.90  ,,P21-F4,CJ32115,
2214,1742,591,2,$827.84,0,P21-F5,CJ79023,sin_devolucion
702,2010,462,6,558.61 MXN,24%,P19-F4,CJ82629,
4542,3177,129,4,  24143.58  ,28%,P38-F6,CJ33054,
1560,2297,211,2,"$2,399",-119.96,P12-F6,CJ58579,
1648,2520,277,0,"7528,53",N/A,P31-F5,CJ98321,
4404,1517,558,7,"2486,26",271.09,P38-F2,CJ84059,
3575,1865,490,1,$701.76,24%,P2-F5,CJ20517,sin_devolucion
1611,2322,7,3,27100.03,3595.09,P31-F1,CJ96017,sin_devolucion
473,678,162,6,32940.52,1826.23,P35-F2,CJ96357,
178,2848,110,8,"25540,08",N/A,P10-F4,CJ56404,
2499,3252,245,6,"3654,56",-182.73,P35-F1,CJ39672,
1087,3182,22,2,$14001.33,-700.07,P4-F1,CJ91120,
662,2927,170,7,"20780,00",0,P11-F3,CJ32910,
4573,819,510,4,$307.04,19%,P23-F4,CJ32733,
3129,2437,531,6,"$2,414",,P26-F4,CJ13767,
2963,725,29,7,16972.54 MXN,1265.38,P12-F4,CJ51932,
3178,888,13,4,"22061,28",20%,P32-F5,CJ64693,
1532,1614,52,0,"$38,900",6104.32,P4-F6,CJ35082,sin_devolucion
4563,1815,123,5,"18644,97",-932.25,P32-F1,CJ24018,
3376,2727,570,3,$2235.17,542.03,P20-F6,CJ16024,
2727,3359,573,2,  2616.22  ,,P21-F3,CJ33483,
429,2149,512,3,"$1,287",,P39-F1,CJ49774,
4014,3009,90,2,55867.02,-2793.35,P9-F5,CJ48047,
4467,2313,121,2,12917.12 MXN,-645.86,P2-F1,CJ55405,sin_devolucion
1314,692,48,1,31235.81,17%,P23-F1,CJ42551,sin_devolucion
4405,2253,25,6,"$44,064",0,P2-F1,CJ13862,sin_devolucion
1250,125,146,2,"$7,277",659.78,P37-F5,CJ67702,
2362,55,147,5,"$8,671",-433.57,P35-F4,CJ99313,sin_devolucion
2915,1767,55,N/A,"$49,270",,P15-F4,CJ83546,
2515,2096,570,8,"$2,235",,P31-F2,CJ44403,sin_devolucion
1858,1680,215,1,$1216.35,74.0,P29-F2,CJ34238,
705,1485,242,3,  975.73  ,N/A,P39-F4,CJ48487,
747,3500,573,4,  2616.22  ,19%,P18-F1,CJ23599,
3672,3494,461,5,"$3,021",0,P38-F2,CJ42656,
1293,210,196,2,6746.66 MXN,1590.38,P20-F1,CJ48512,
1544,353,391,6,"11122,21",N/A,P29-F4,CJ54730,
1174,1187,461,3,"$3,021",0,P16-F1,CJ32886,
492,3425,502,8,"1187,68",260.01,P2-F1,CJ60496,
4055,2345,546,4,  2515.65  ,-125.78,P37-F3,CJ97231,
4079,2840,119,N/A,5867.88,0,P19-F5,CJ86219,
2855,2879,549,7,3539.57,645.15,P12-F1,CJ82701,
3706,2543,459,7,"$1,255",-62.77,P31-F4,CJ53892,sin_devolucion
364,2061,593,5,  2171.89  ,,P12-F3,CJ81913,
1160,2675,765,2,$4902.47,616.14,P9-F2,CJ21076,
3212,3580,150,6,4357.07,0,P39-F2,CJ99573,
2657,2679,529,3,2494.40,0,P10-F6,CJ34757,
1984,574,223,8,  563.70  ,N/A,P28-F1,CJ33059,
2266,1473,294,dos,"755,89",115.14,P15-F5,CJ88986,
1478,1942,253,3,"$4,813",-240.64,P2-F3,CJ82345,
2217,2240,123,3,  18644.97  ,6%,P38-F3,CJ66983,
4287,916,402,7,$5207.91,11%,P38-F6,CJ32307,
2531,1111,245,0,"3654,56",-182.73,P35-F3,CJ29379,
945,3128,230,6,"2364,14",444.98,P37-F3,CJ12375,sin_devolucion
3356,2245,456,5,1042.89,172.65,P15-F5,CJ62417,
3126,1267,354,4,8202.98 MXN,,P13-F4,CJ87791,
3259,2754,24,7,  30772.59  ,2166.11,P22-F2,CJ35390,sin_devolucion
2372,2908,542,1,7389.25,778.96,P11-F4,CJ66274,sin_devolucion
3538,489,119,7,  5867.88  ,-293.39,P20-F3,CJ11695,
3393,1000,343,3,19021.91 MXN,-951.1,P6-F3,CJ39166,sin_devolucion
62,2335,377,5,3602.74 MXN,,P17-F6,CJ22226,sin_devolucion
1471,453,437,3,2181.84,0,P29-F4,CJ39754,
1383,3248,550,N/A,12661.44,994.39,P8-F3,CJ41580,
4278,1627,36,0,  28216.45  ,,P23-F2,CJ29508,sin_devolucion
4478,1959,274,7,"5610,04",1276.43,P20-F2,CJ87845,
1275,1845,20,8,  48420.36  ,4638.73,P26-F4,CJ83322,
1553,1250,569,7,903.22,N/A,P26-F1,CJ51375,sin_devolucion
4420,2611,291,2,439.93 MXN,,P20-F2,CJ91523,
1080,1835,54,7,$65038.31,26%,P37-F6,CJ91003,sin_devolucion
1768,3544,599,5,"1634,01",N/A,P18-F2,CJ65863,sin_devolucion
586,855,292,6,4443.62,256.75,P18-F6,CJ49929,sin_devolucion
3324,656,45,1,45333.45,20%,P12-F6,CJ51160,
4242,3392,423,8,$251,-12.53,P10-F5,CJ96474,
2428,1372,340,,"11113,88",0,P25-F3,CJ52542,
4233,783,547,,$623,20%,P22-F5,CJ73850,sin_devolucion
887,1962,359,5,$16986.90,0,P21-F6,CJ85137,sin_devolucion
3698,1729,38,-4,$32293.58,7779.86,P34-F6,CJ81116,sin_devolucion
2135,2076,149,5,"$27,409",17%,P1-F4,CJ95762,
505,1751,519,7,"$2,234",438.3,P23-F4,CJ82710,sin_devolucion
1321,2119,341,6,"$4,244",302.32,P35-F4,CJ78356,
3771,504,309,3,"579,38",119.38,P39-F1,CJ99840,
3437,2640,5,5,$26069.66,3420.01,P15-F6,CJ40511,
813,2380,571,2,5252.42 MXN,-262.62,P19-F5,CJ74165,
479,2117,18,6,"49907,28",0,P36-F6,CJ48065,
424,3353,56,2,$18375.86,1981.39,P36-F2,CJ10091,
3354,646,277,8,"$7,529",,P24-F2,CJ74051,sin_devolucion
2703,749,186,7,28945.11 MXN,0,P20-F4,CJ64875,
684,3072,307,-2,"1429,76",,P28-F2,CJ19998,
1842,777,338,5,"$2,541",0,P6-F4,CJ54770,
4193,965,231,0,2027.82,15%,P40-F3,CJ35967,
3544,779,575,4,"1968,00",,P8-F2,CJ12825,
910,3258,435,0,$235.67,,P18-F1,CJ82476,sin_devolucion
3779,2724,294,7,755.89,26%,P21-F1,CJ78446,
3304,392,356,4,  10557.55  ,,P5-F1,CJ32558,
1114,1083,595,dos,13669.45,0,P14-F1,CJ98688,
2193,1880,230,1,2364.14 MXN,121.8,P12-F2,CJ61729,
3905,1009,133,7,21141.62 MXN,20%,P40-F5,CJ58459,sin_devolucion
3555,1052,526,5,  7635.84  ,-381.79,P8-F5,CJ85859,
1540,1521,334,8,"2210,00",,P39-F3,CJ54628,sin_devolucion
2829,292,226,2,$3996.67,550.99,P4-F2,CJ63824,
4447,656,165,1,"8728,22",25%,P17-F1,CJ49567,sin_devolucion
1289,2716,352,2,17190.19 MXN,0,P27-F2,CJ33179,
3707,121,48,-3,  31235.81  ,1965.17,P30-F2,CJ80738,
1665,1176,323,1,$2463.84,0,P14-F3,CJ73982,
4104,2286,462,7,  558.61  ,15%,P37-F3,CJ97925,sin_devolucion
3827,3108,357,3,$11859.71,-592.99,P3-F2,CJ64913,sin_devolucion
1227,2562,216,1,1493.81,,P1-F3,CJ50005,
3595,1120,43,-3,"$13,400",-670.02,P3-F4,CJ67920,
2876,3002,149,999,27409.46,,P11-F2,CJ27986,sin_devolucion
2645,445,134,2,"$3,973",355.44,P8-F5,CJ57825,
2199,2951,194,4,35912.42,2433.17,P21-F6,CJ77501,
2735,2556,496,3,1891.04 MXN,,P9-F4,CJ72593,sin_devolucion
2022,171,324,4,"4902,47",0,P33-F2,CJ12145,
980,1304,172,-5,  3632.94  ,0,P35-F2,CJ97595,sin_devolucion
4586,538,8,3,"$57,479",,P6-F1,CJ96761,sin_devolucion
1330,1669,113,7,"$24,817",4055.08,P22-F5,CJ17399,
2030,2299,324,1,"4902,47",,P10-F5,CJ38932,
1883,1645,82,2,"$26,390",3912.73,P36-F5,CJ17142,sin_devolucion
241,763,419,3,  279.73  ,47.44,P28-F3,CJ36855,sin_devolucion
2150,1746,458,3,372.52,39.0,P8-F1,CJ27169,
4134,1964,344,8,"$8,738",1978.38,P29-F4,CJ15013,sin_devolucion
2839,2979,18,7,49907.28,0,P21-F5,CJ66984,
2337,2931,485,4,$3397.59,N/A,P12-F4,CJ25270,sin_devolucion
2041,3367,392,7,"16781,48",-839.07,P14-F1,CJ93724,sin_devolucion
3242,2336,2,2,  25250.01  ,16%,P23-F1,CJ18656,
1783,3187,490,1,701.76,,P7-F6,CJ68924,
2454,2975,295,7,"$2,245",20%,P32-F4,CJ42590,
642,3347,300,5,"$1,630",159.97,P32-F1,CJ46823,
1921,311,148,4,9601.21,N/A,P18-F2,CJ34342,
3975,2233,80,4,  13070.40  ,30%,P40-F5,CJ88507,
3557,1688,487,dos,$1140.99,-57.05,P24-F3,CJ88601,
5,3855,314,6,15052.07,1018.77,P8-F4,CJ58004,
4358,283,598,-2,"3274,73",0,P25-F2,CJ49008,
1056,2465,516,N/A,1869.02 MXN,243.5,P10-F1,CJ93203,
614,1925,11,6,13708.49,1178.94,P8-F5,CJ41456,sin_devolucion
4187,3009,529,8,"$2,494",,P15-F6,CJ24296,
2976,169,71,-2,15201.53,2215.95,P26-F4,CJ34424,sin_devolucion
86,3100,134,7,3972.84 MXN,-198.64,P21-F5,CJ42685,
2173,513,69,5,  33168.84  ,,P11-F5,CJ94713,
3553,1724,19,5,"$52,612",17%,P12-F1,CJ19839,
2031,1305,541,-5,$2040.51,0,P7-F1,CJ18023,sin_devolucion
3261,1658,90,4,"55867,02",29%,P26-F3,CJ98624,
4574,2268,113,7,24816.71 MXN,0,P27-F4,CJ63910,
374,2058,399,2,"26570,51",3934.85,P25-F4,CJ33346,
4279,871,495,5,775.96,0,P27-F3,CJ80425,sin_devolucion
3170,2824,445,6,$717,17%,P26-F6,CJ80373,
55,95,313,6,  22302.80  ,4472.77,P10-F1,CJ41367,
3776,1976,501,2,  480.82  ,0,P21-F1,CJ29660,
3826,434,11,5,13708.49,5%,P22-F3,CJ77089,
2477,1304,24,1,$30772.59,-1538.63,P21-F5,CJ66364,sin_devolucion
2338,2211,247,8,3196.01 MXN,324.41,P30-F1,CJ93710,sin_devolucion
2085,1174,374,1,22016.61 MXN,0,P24-F1,CJ44431,
2856,960,270,7,"874,94",23%,P28-F5,CJ60350,
1029,3467,242,8,"975,73",0,P11-F2,CJ13194,
1236,1029,170,3,$20780.00,0,P27-F4,CJ83374,sin_devolucion
278,12,208,5,"3669,04",27%,P21-F2,CJ36382,sin_devolucion
1217,2071,547,8,$622.58,-31.13,P21-F6,CJ53467,
3448,2597,413,6,"4440,77",347.5,P32-F6,CJ71034,
2906,1284,547,3,"622,58",-31.13,P22-F4,CJ23266,sin_devolucion
4217,1102,566,1,"7865,94",,P4-F2,CJ85117,
4559,3167,321,6,$2793.78,0,P9-F6,CJ10278,sin_devolucion
3983,3127,359,dos,"$16,987",0,P8-F6,CJ77361,
3071,2749,118,N/A,24476.80,0,P10-F4,CJ42665,sin_devolucion
1563,267,226,2,3996.67 MXN,,P21-F4,CJ97522,
4492,15,500,3,"$2,257",15%,P13-F4,CJ35801,sin_devolucion
3271,1793,224,-1,  3092.44  ,27%,P32-F1,CJ91163,sin_devolucion
3349,3201,5,2,$26069.66,-1303.48,P16-F5,CJ77450,
1156,626,145,2,"41579,07",28%,P23-F3,CJ94332,
3965,3749,369,5,$8683.55,0,P17-F5,CJ71846,sin_devolucion
370,229,475,8,2554.85 MXN,-127.74,P8-F5,CJ14554,
3273,861,407,3,$19163.47,3483.57,P3-F2,CJ74091,
2555,377,59,6,  31948.64  ,N/A,P19-F6,CJ81819,sin_devolucion
255,687,338,8,2541.00 MXN,-127.05,P14-F1,CJ12240,
3498,3029,170,4,20780.00 MXN,24%,P24-F2,CJ28202,
2404,458,325,1,"$24,603",27%,P1-F1,CJ38151,sin_devolucion
1100,3215,6,5,  26395.60  ,-1319.78,P1-F6,CJ30032,
3535,1112,9,6,"$27,656",-1382.79,P7-F2,CJ48926,
1396,1257,5,1,26069.66 MXN,,P8-F6,CJ28657,sin_devolucion
3935,3332,171,N/A,4674.34,0,P3-F5,CJ80160,sin_devolucion
3480,865,64,5,13895.81,2863.97,P5-F5,CJ93388,
3413,3513,352,2,$17190.19,0,P22-F2,CJ33708,sin_devolucion
4164,2237,195,7,"5464,68",672.97,P35-F2,CJ23299,
3460,2113,574,N/A,11070.22 MXN,1697.53,P35-F3,CJ27428,
4169,324,425,5,1199.26,231.2,P29-F1,CJ27149,
2897,865,494,1,$2411.10,411.01,P37-F2,CJ65215,
1926,1108,546,7,2515.65,397.95,P9-F1,CJ34570,
2143,1746,607,8,"9522,34",,P11-F4,CJ48520,
1766,358,321,1,2793.78 MXN,N/A,P36-F3,CJ64205,
4433,263,148,1,9601.21,2217.55,P38-F5,CJ71053,
1968,1553,309,2,$579,21%,P29-F5,CJ25447,
600,1103,487,5,"1140,99",0,P38-F6,CJ73944,
3729,3142,203,2,8828.92,14%,P23-F5,CJ28054,sin_devolucion
3989,1362,358,2,"2475,35",-123.77,P8-F2,CJ36548,
1368,2458,570,7,2235.17 MXN,500.38,P13-F3,CJ22821,
617,956,309,6,"579,38",-28.97,P10-F5,CJ42856,
3100,3395,45,5,"$45,333",,P1-F1,CJ33504,sin_devolucion
895,2745,271,7,7591.04,0,P24-F4,CJ75675,
2917,760,340,7,11113.88 MXN,977.94,P34-F2,CJ20621,
1669,1893,273,4,2849.98,28%,P11-F1,CJ61479,
616,380,468,8,367.66,0,P12-F6,CJ62865,
3791,881,8,5,57478.79,4688.33,P16-F3,CJ72327,
2132,2000,291,7,$440,0,P39-F5,CJ92804,sin_devolucion
3627,1527,260,5,$644.34,42.94,P24-F6,CJ57446,
3827,3108,357,3,$11859.71,-592.99,P3-F2,CJ64913,sin_devolucion
533,1308,236,7,"3329,05",0,P35-F3,CJ63453,sin_devolucion
137,3452,454,6,"332,74",,P8-F4,CJ25486,
1331,1664,430,6,999.52,-49.98,P22-F3,CJ21678,
861,225,276,5,"468,04",0,P27-F1,CJ57409,sin_devolucion
3542,1292,410,0,"2824,30",0,P17-F3,CJ77822,sin_devolucion
2859,975,558,-2,"2486,26",252.3,P32-F3,CJ22757,
2361,2872,391,3,11122.21,N/A,P2-F2,CJ88517,
644,673,547,4,622.58,-31.13,P31-F4,CJ23441,sin_devolucion
4265,1090,64,8,"13895,81",2517.19,P27-F5,CJ26071,
2944,3251,105,4,"4935,31",-246.77,P39-F3,CJ28133,
2549,169,493,5,615.51,-30.78,P20-F1,CJ79638,sin_devolucion
3037,2407,143,3,  19160.64  ,15%,P23-F1,CJ31023,sin_devolucion
15,2864,547,0,622.58 MXN,118.13,P7-F4,CJ67566,sin_devolucion
1556,1039,332,1,  16589.24  ,,P12-F1,CJ46955,sin_devolucion
3996,467,243,7,7122.31,14%,P36-F3,CJ51859,sin_devolucion
3064,1281,90,4,"55867,02",17%,P23-F6,CJ20849,
2096,1455,549,,  3539.57  ,-176.98,P27-F4,CJ55423,sin_devolucion
626,2925,228,-3,1374.56,-68.73,P27-F5,CJ75342,sin_devolucion
1378,197,608,7,$550,0,P2-F6,CJ58478,
68,2345,315,5,11703.09 MXN,2459.01,P6-F6,CJ31933,sin_devolucion
1785,949,145,8,41579.07,4168.02,P28-F3,CJ51321,
2675,1733,501,6,$481,65.0,P9-F6,CJ33310,
752,2003,437,7,"2181,84",299.77,P6-F1,CJ41169,
1718,2991,68,2,  17497.71  ,N/A,P20-F6,CJ21862,
4495,1488,526,5,$7635.84,,P21-F1,CJ89519,sin_devolucion
2034,395,435,dos,  235.67  ,,P16-F4,CJ47168,
592,850,45,7,"$45,333",N/A,P21-F2,CJ44834,
2613,2690,604,3,$5124.09,-256.2,P38-F6,CJ49922,
4222,2660,251,4,  2586.41  ,0,P30-F5,CJ85839,
1249,2758,102,8,27579.79,,P27-F2,CJ67900,
3795,344,21,2,"41665,57",,P29-F1,CJ63596,sin_devolucion
1057,1392,382,6,  2447.27  ,,P11-F3,CJ24354,sin_devolucion
2589,253,430,dos,$999.52,,P38-F5,CJ73862,
1650,3426,396,7,"4864,14",,P10-F1,CJ15033,
503,2032,301,5,911.04,131.94,P25-F6,CJ63695,
452,1425,307,6,  1429.76  ,191.06,P32-F4,CJ95197,
1927,1997,437,4,"$2,182",0,P18-F3,CJ90888,
559,1266,434,3,$2492.65,27%,P8-F5,CJ53305,
3206,539,53,7,"16779,87",3872.68,P13-F1,CJ36992,
3879,1090,238,,  6129.02  ,-306.45,P37-F5,CJ95070,
2409,1156,169,8,4684.61 MXN,,P26-F2,CJ31735,sin_devolucion
2546,2087,319,3,$3774.97,751.46,P16-F1,CJ20150,sin_devolucion
1078,1647,475,5,  2554.85  ,0,P19-F1,CJ98824,sin_devolucion
2380,3076,510,8,$307.04,,P9-F6,CJ59687,
2343,1101,121,1,$12917.12,0,P21-F6,CJ82929,
4298,259,118,8,  24476.80  ,0,P39-F4,CJ69961,
681,2858,140,-2,$23235.91,-1161.8,P31-F6,CJ18618,
348,1561,271,2,7591.04 MXN,,P21-F3,CJ87295,
2530,1580,22,6,"$14,001",-700.07,P13-F4,CJ72054,
964,3380,575,8,1968.00,22%,P40-F2,CJ77996,
2294,868,317,1,$4957.78,20%,P5-F1,CJ17654,
2883,3141,490,4,$701.76,-35.09,P21-F5,CJ32055,
2651,3555,562,8,$7816.25,1816.33,P17-F3,CJ77172,
1590,2303,200,2,"4786,57",16%,P11-F3,CJ62739,sin_devolucion
1917,2140,386,5,15529.88 MXN,N/A,P6-F2,CJ24125,
1415,3464,333,-5,"$7,242",-362.12,P21-F4,CJ44999,
1680,1510,554,4,10738.36 MXN,13%,P28-F5,CJ76314,
127,1691,344,1,  8737.86  ,-436.89,P21-F1,CJ52266,
678,3532,425,4,  1199.26  ,9%,P35-F3,CJ57977,
1523,1279,477,5,"185,90",,P37-F3,CJ26496,
1635,502,32,5,$56222.67,23%,P34-F6,CJ65796,
2696,1852,556,2,"858,14",0,P40-F4,CJ81544,sin_devolucion
3290,534,9,1,$27655.76,4474.82,P3-F6,CJ12602,
859,3164,37,8,16371.57 MXN,2925.51,P40-F2,CJ78185,
3296,444,257,5,2514.23,-125.71,P19-F5,CJ73514,sin_devolucion
2353,10,549,4,3539.57 MXN,737.14,P38-F2,CJ52819,
2052,2033,606,8,$1587.17,-79.36,P31-F6,CJ38718,sin_devolucion
388,2716,522,6,"$1,520",303.3,P1-F2,CJ64569,
1192,551,439,5,$407.43,-20.37,P27-F2,CJ67590,
4525,1775,404,5,"$6,531",-326.57,P29-F4,CJ75203,sin_devolucion
4554,2663,572,2,"649,84",-32.49,P32-F6,CJ18016,
3766,2320,20,8,48420.36,10562.88,P10-F1,CJ17731,sin_devolucion
1491,142,197,4,"$37,862",0,P38-F2,CJ39768,
47,1302,399,1,26570.51,6144.71,P38-F2,CJ49968,sin_devolucion
4229,2370,577,3,"7085,73",-354.29,P39-F5,CJ50005,sin_devolucion
93,4,546,3,"2515,65",222.81,P6-F3,CJ65838,sin_devolucion
3901,2881,132,4,5345.95,,P7-F5,CJ85298,
3462,2913,163,1,"34985,40",7745.77,P5-F4,CJ82104,sin_devolucion
2,1446,222,3,$5707.81,,P23-F6,CJ16984,
4128,2644,90,4,55867.02,9826.55,P22-F6,CJ32132,
1873,2410,285,2,1459.41,17%,P33-F2,CJ38657,
3889,782,409,7,"$13,699",0,P6-F2,CJ23171,sin_devolucion
882,2330,6,5,26395.60,5182.2,P38-F5,CJ32376,sin_devolucion
4582,46,222,7,5707.81 MXN,0,P39-F2,CJ50637,sin_devolucion
4283,1029,231,4,"$2,028",26%,P11-F4,CJ24604,sin_devolucion
3567,2871,222,3,"$5,708",9%,P1-F4,CJ95748,
3434,1515,515,7,3368.72 MXN,0,P31-F6,CJ51758,
2909,1050,236,6,3329.05 MXN,315.27,P37-F5,CJ53270,
1726,2631,148,2,  9601.21  ,,P16-F6,CJ71156,
118,975,526,7,"7635,84",1547.17,P12-F5,CJ30900,
2632,2042,596,5,15149.53 MXN,3179.27,P16-F2,CJ65474,
1271,477,273,3,  2849.98  ,603.24,P21-F4,CJ94028,
757,1460,127,3,  5053.47  ,27%,P32-F6,CJ20308,sin_devolucion
3283,1415,188,5,6551.92 MXN,0,P15-F2,CJ92324,
2405,353,563,2,11445.00 MXN,-572.25,P27-F1,CJ52693,sin_devolucion
4185,3864,123,N/A,"$18,645",28%,P11-F1,CJ88660,
308,2279,494,3,2411.10,,P18-F4,CJ77964,
3823,3022,380,1,"$25,375",3114.16,P2-F3,CJ71185,
2743,1093,236,6,3329.05,,P2-F4,CJ76144,
1059,653,236,3,"3329,05",18%,P15-F2,CJ95242,sin_devolucion
3023,1480,604,6,5124.09 MXN,1088.74,P32-F3,CJ14373,
2120,578,319,3,$3774.97,,P10-F4,CJ14237,
2988,1063,236,,  3329.05  ,0,P36-F4,CJ12846,sin_devolucion
4106,2529,228,2,  1374.56  ,29%,P7-F1,CJ55935,sin_devolucion
4004,2976,257,7,2514.23 MXN,-125.71,P19-F3,CJ50787,
1534,156,468,3,$368,5%,P8-F4,CJ31673,
2980,2226,67,7,$15835.57,,P9-F1,CJ45402,
3096,1352,324,1,$4902.47,-245.12,P3-F1,CJ58094,
3716,1831,67,3,"$15,836",-791.78,P26-F1,CJ48935,sin_devolucion
3313,3221,222,4,$5707.81,0,P8-F2,CJ83819,sin_devolucion
3868,1001,54,6,$65038.31,0,P34-F2,CJ95276,
4244,3743,328,5,"13737,01",N/A,P11-F5,CJ12886,
3653,722,54,5,  65038.31  ,11%,P14-F5,CJ23525,
1800,3304,558,6,  2486.26  ,387.29,P26-F2,CJ13790,sin_devolucion
2619,2384,277,1,7528.53 MXN,0,P10-F5,CJ65911,
576,2977,148,5,9601.21,-480.06,P32-F5,CJ44544,
1826,819,47,2,$18423.86,17%,P15-F3,CJ71748,
1470,2843,788,1,"$3,398",10%,P10-F1,CJ84007,
3862,355,24,6,30772.59,6%,P35-F5,CJ23324,sin_devolucion
1975,3070,149,-2,  27409.46  ,22%,P25-F4,CJ17753,
3337,1144,35,3,22374.88 MXN,4224.15,P11-F1,CJ65927,sin_devolucion
3756,1772,14,6,28475.90 MXN,4104.27,P25-F1,CJ11861,sin_devolucion
1799,768,584,7,14346.48 MXN,18%,P9-F2,CJ39959,
407,2107,18,7,$49907.28,-2495.36,P28-F1,CJ52468,sin_devolucion
4432,356,545,1,$11443.06,,P22-F2,CJ80881,sin_devolucion
4057,3218,382,8,  2447.27  ,438.86,P3-F3,CJ42627,
4007,1339,90,5,$55867.02,-2793.35,P39-F4,CJ86417,
1519,2491,147,7,"8671,49",,P9-F2,CJ99372,sin_devolucion
754,1575,247,4,$3196.01,0,P13-F5,CJ31008,
3611,965,268,N/A,551.87 MXN,21%,P8-F5,CJ87031,
3802,436,170,8,$20780.00,0,P29-F6,CJ22920,
1349,2267,399,2,  26570.51  ,2728.93,P7-F5,CJ54901,
3852,1265,249,7,3120.87 MXN,0,P13-F1,CJ93352,sin_devolucion
460,1658,520,3,$3360.51,0,P24-F2,CJ78123,
4499,677,435,6,  235.67  ,23%,P27-F4,CJ11256,
4342,2637,270,6,"874,94",7%,P10-F5,CJ45590,
1240,475,150,2,4357.07 MXN,636.18,P1-F3,CJ51858,
1879,132,103,5,17033.51,0,P28-F3,CJ99104,
1468,3589,166,6,9127.91 MXN,15%,P30-F6,CJ15327,sin_devolucion
3426,2287,64,3,13895.81,24%,P4-F1,CJ59251,
2837,687,65,5,"$15,736",2270.85,P27-F1,CJ28407,
2832,156,501,999,$480.82,,P22-F3,CJ19383,
2152,1438,172,4,"3632,94",,P20-F2,CJ46410,sin_devolucion
2891,2670,429,-3,"402,84",34.24,P13-F1,CJ25110,
1735,1149,501,4,  480.82  ,94.82,P11-F6,CJ87041,
3114,3278,195,4,"5464,68",-273.23,P40-F4,CJ47978,sin_devolucion
933,3292,751,1,1201.93,-60.1,P33-F4,CJ69576,sin_devolucion
227,3166,295,7,2244.90,282.65,P11-F3,CJ45302,
1269,622,288,6,5296.45,,P11-F3,CJ55356,
916,2847,391,6,11122.21,N/A,P6-F2,CJ64789,
1485,419,237,1,904.98,62.31,P28-F2,CJ20006,sin_devolucion
806,656,187,1,15407.88,N/A,P30-F4,CJ39784,
774,263,512,5,"$1,287",233.17,P18-F2,CJ31663,
1953,764,450,5,  296.55  ,28%,P29-F6,CJ19586,sin_devolucion
2050,800,120,5,36962.01,2810.37,P11-F2,CJ91899,
3652,2676,41,4,$49158.25,-2457.91,P24-F5,CJ96579,
4411,3089,236,5,  3329.05  ,0,P14-F5,CJ49862,sin_devolucion
3245,1767,230,2,"2364,14",216.58,P12-F4,CJ64754,sin_devolucion
1149,2242,27,7,$26993.41,0,P4-F5,CJ90474,
1913,750,234,5,"$1,043",-52.14,P25-F6,CJ98633,sin_devolucion
1179,407,281,2,"2873,68",0,P2-F1,CJ81557,
3662,2213,196,1,"$6,747",10%,P34-F4,CJ20092,
1454,2990,64,4,  13895.81  ,769.97,P33-F2,CJ92700,sin_devolucion
745,2923,35,4,22374.88 MXN,0,P17-F3,CJ92538,
284,1131,601,4,2666.31,651.73,P29-F1,CJ74455,
2175,1855,313,8,22302.80,1809.67,P3-F4,CJ25147,
2986,2887,292,1,"4443,62",459.21,P9-F2,CJ34290,sin_devolucion
843,1162,432,0,$237,43.96,P14-F2,CJ86839,
22,2019,90,8,55867.02 MXN,N/A,P33-F3,CJ88397,sin_devolucion
1510,1853,558,-3,"2486,26",-124.31,P17-F1,CJ68029,
714,1136,495,8,"775,96",130.0,P9-F6,CJ58979,
3184,2131,123,3,18644.97 MXN,16%,P33-F5,CJ79893,
1109,1288,162,7,"$32,941",3046.6,P35-F6,CJ29115,
4396,326,2,2,25250.01,0,P6-F6,CJ91975,
3348,825,21,1,  41665.57  ,2676.88,P40-F1,CJ37389,
3323,25,125,8,  5757.78  ,8%,P1-F5,CJ85197,
1271,477,273,3,  2849.98  ,603.24,P21-F4,CJ94028,
3128,3290,313,2,22302.80 MXN,12%,P23-F2,CJ69296,sin_devolucion
1725,2708,464,N/A,224.52 MXN,,P35-F6,CJ41169,sin_devolucion
4384,1754,447,5,"195,51",47.57,P8-F6,CJ61845,sin_devolucion
1583,909,165,7,$8728.22,547.67,P39-F4,CJ79001,
2395,1668,515,1,3368.72 MXN,-168.44,P1-F2,CJ95139,
327,1589,525,6,  9670.16  ,0,P6-F4,CJ99611,sin_devolucion
1175,3476,568,2,7363.71 MXN,0,P29-F2,CJ57886,sin_devolucion
873,3162,210,4,  1643.04  ,-82.15,P14-F6,CJ87303,
2639,490,772,3,$1968.00,-98.4,P7-F1,CJ45799,
1724,1599,502,2,  1187.68  ,284.45,P33-F4,CJ44710,
1602,187,65,0,"15736,34",2321.12,P27-F4,CJ21049,
1764,2626,793,6,$15407.88,0,P37-F3,CJ49584,
3490,2007,556,6,"858,14",108.06,P33-F3,CJ75370,
2540,1697,753,6,"25250,01",5251.42,P21-F5,CJ31080,sin_devolucion
1507,809,272,0,4993.05 MXN,621.44,P39-F4,CJ67021,
2259,390,13,5,22061.28 MXN,,P25-F6,CJ61410,
645,2046,510,6,307.04,66.13,P40-F4,CJ31652,sin_devolucion
4328,2009,23,6,  52234.68  ,12290.15,P36-F3,CJ33133,
123,758,537,6,2027.40,327.07,P15-F2,CJ18067,
1403,784,59,6,"$31,949",N/A,P7-F4,CJ58537,
3763,898,399,6,  26570.51  ,4177.79,P28-F3,CJ69213,
1818,3563,391,2,11122.21 MXN,0,P4-F1,CJ75971,sin_devolucion
2141,829,564,1,$16332.52,-816.63,P27-F5,CJ27351,
2298,3296,43,6,  13400.48  ,7%,P29-F3,CJ16587,
977,9,367,-3,2279.64 MXN,0,P35-F1,CJ70295,sin_devolucion
2227,1294,24,999,  30772.59  ,,P16-F6,CJ35527,
4245,74,239,4,6239.94,0,P24-F6,CJ60610,
313,2095,64,7,13895.81,-694.79,P15-F3,CJ46170,sin_devolucion
2055,1215,510,8,  307.04  ,72.82,P9-F3,CJ20520,
2687,2836,170,5,20780.00 MXN,1471.63,P13-F4,CJ91751,
1274,1757,429,1,402.84 MXN,84.69,P35-F4,CJ85422,
3079,3294,20,4,"$48,420",3492.76,P5-F1,CJ27308,sin_devolucion
128,2874,30,3,  20336.55  ,0,P8-F4,CJ32768,
1966,956,90,7,  55867.02  ,8999.69,P1-F1,CJ59492,
755,1721,432,8,  236.92  ,23%,P39-F6,CJ52735,
3871,312,415,1,1413.02 MXN,-70.65,P4-F6,CJ79500,
759,3345,309,5,$579,7%,P14-F4,CJ47254,
1840,887,14,6,$28475.90,13%,P5-F3,CJ25438,
1362,1933,117,5,  28856.54  ,5795.29,P26-F6,CJ72999,
4189,2299,583,2,"4356,58",1078.15,P15-F6,CJ16505,
1073,1003,83,0,56550.90,-2827.55,P24-F5,CJ67996,
4435,2293,149,6,  27409.46  ,-1370.47,P26-F4,CJ32791,sin_devolucion
1999,840,449,6,"$2,103",0,P16-F5,CJ81525,
1016,2056,90,7,55867.02 MXN,-2793.35,P10-F6,CJ75372,
1319,2389,221,6,1736.69,125.04,P5-F2,CJ94646,
760,2633,20,0,  48420.36  ,3890.0,P17-F2,CJ87663,
881,1248,582,5,"$5,334",-266.72,P2-F5,CJ27988,
182,437,485,1,3397.59,12%,P18-F5,CJ35043,sin_devolucion
4021,3271,231,1,2027.82 MXN,0,P15-F3,CJ68250,sin_devolucion
1405,1643,64,2,"$13,896",1735.94,P31-F4,CJ41349,sin_devolucion
73,523,357,5,11859.71,1546.55,P37-F5,CJ33426,sin_devolucion
926,3311,307,2,$1429.76,0,P25-F4,CJ21903,
1450,2597,212,2,$485.05,-24.25,P33-F5,CJ66748,
3280,794,477,dos,$185.90,22%,P30-F1,CJ74203,sin_devolucion
267,1708,145,1,"41579,07",16%,P17-F2,CJ90729,
1664,1098,170,7,  20780.00  ,,P28-F3,CJ81352,sin_devolucion
901,3750,36,3,  28216.45  ,0,P7-F5,CJ27807,
1809,3119,211,4,"$2,399",0,P21-F6,CJ10248,
2288,3467,219,8,403.99,0,P13-F5,CJ26130,
2180,456,163,8,34985.40 MXN,15%,P15-F1,CJ76130,sin_devolucion
3660,68,320,5,  10504.52  ,0,P11-F2,CJ56576,
1586,257,90,4,"55867,02",7%,P16-F4,CJ44532,
3386,2076,314,1,15052.07 MXN,13%,P8-F4,CJ37642,
4514,723,526,8,7635.84,21%,P30-F4,CJ33251,
1552,3270,166,5,9127.91 MXN,9%,P39-F4,CJ65327,
2849,770,549,8,3539.57 MXN,-176.98,P36-F3,CJ33117,
728,797,599,1,"1634,01",,P15-F1,CJ50903,
2887,2000,405,3,26380.91,-1319.05,P27-F5,CJ81670,
2913,2065,228,2,  1374.56  ,,P9-F2,CJ79370,
1579,941,265,8,$760,0,P25-F4,CJ18085,
1306,942,348,,21842.43 MXN,9%,P29-F4,CJ56734,sin_devolucion
1759,2693,171,7,"4674,34",8%,P28-F4,CJ87034,
3700,922,566,7,"$7,866",,P20-F6,CJ59166,
2504,81,434,2,"2492,65",436.32,P29-F2,CJ22752,
4374,912,437,6,"$2,182",0,P8-F3,CJ68133,
1649,3093,558,4,"$2,486",0,P12-F3,CJ72504,
4066,102,105,8,4935.31 MXN,-246.77,P22-F2,CJ78846,sin_devolucion
1933,3379,185,3,11059.51 MXN,-552.98,P15-F2,CJ47368,
1157,1920,404,,6531.34,10%,P19-F1,CJ87508,sin_devolucion
1542,3370,449,1,2103.36 MXN,-105.17,P7-F1,CJ20349,sin_devolucion
296,3344,175,8,  6971.32  ,0,P19-F5,CJ27890,
4051,1255,166,1,"$9,128",-456.4,P7-F4,CJ99454,
1976,2667,314,1,"$15,052",N/A,P26-F6,CJ99356,sin_devolucion
2379,2517,421,-4,"863,95",165.28,P3-F1,CJ12485,sin_devolucion
4139,976,153,2,"35631,03",-1781.55,P39-F6,CJ12933,
1906,3545,173,7,13426.80,,P32-F6,CJ67833,
1270,694,138,5,"7002,61",-350.13,P19-F5,CJ40214,
937,3363,405,6,26380.91 MXN,-1319.05,P6-F1,CJ90003,
4099,213,370,8,"$8,864",1315.09,P16-F1,CJ84666,sin_devolucion
2082,3251,379,8,2571.64 MXN,455.39,P14-F1,CJ50955,
1761,3476,603,2,$1952.88,15%,P24-F1,CJ62808,
3558,412,222,7,5707.81,,P17-F3,CJ76244,sin_devolucion
4344,3322,164,4,"13854,22",2940.62,P18-F5,CJ69758,
4035,1782,566,6,$7865.94,713.52,P19-F3,CJ19186,
4352,2982,22,2,  14001.33  ,5%,P22-F4,CJ51078,
700,59,276,6,  468.04  ,0,P23-F1,CJ71732,
1101,964,459,6,"1255,48",-62.77,P18-F5,CJ90403,
4080,356,147,N/A,8671.49,-433.57,P22-F2,CJ41676,
1798,2323,510,0,  307.04  ,0,P10-F6,CJ80401,
2491,1354,91,-2,  16734.15  ,3444.7,P40-F1,CJ12566,sin_devolucion
3817,2632,494,3,2411.10 MXN,0,P19-F3,CJ66251,
2488,1983,395,5,"$11,208",0,P10-F2,CJ29285,
1272,1644,171,6,$4674.34,880.62,P21-F5,CJ41568,
4343,1828,209,5,"5109,77",20%,P19-F3,CJ75265,
1932,57,165,8,$8728.22,0,P19-F1,CJ65774,
2059,512,598,1,"$3,275",,P35-F6,CJ43475,
2681,3559,477,,185.90,,P29-F4,CJ54739,
1115,2934,461,1,"$3,021",19%,P29-F1,CJ43696,
168,487,541,6,$2040.51,457.65,P40-F2,CJ91923,
2238,1142,577,5,"7085,73",19%,P1-F5,CJ57779,
3820,2632,281,3,"$2,874",0,P32-F2,CJ61877,
4466,1696,330,3,  7517.64  ,0,P36-F6,CJ13123,
921,2665,805,6,4408.93,0,P29-F1,CJ58958,
3336,290,454,3,"332,74",0,P14-F5,CJ22646,
1846,1894,324,6,4902.47,,P1-F6,CJ19332,
487,1583,242,2,$975.73,5%,P22-F4,CJ15280,
2606,2935,446,1,$3256.03,-162.8,P6-F5,CJ95470,
2558,2193,278,5,  1910.50  ,,P22-F5,CJ15016,sin_devolucion
2187,2285,144,6,13818.03,,P25-F4,CJ84699,
249,1021,253,4,4812.80,N/A,P38-F3,CJ58765,
3837,2648,592,N/A,"1728,59",26%,P11-F1,CJ48631,sin_devolucion
272,1376,234,4,  1042.83  ,7%,P9-F1,CJ91804,sin_devolucion
3806,1078,237,3,"904,98",0,P9-F2,CJ48952,
1860,2955,598,2,3274.73,381.64,P5-F3,CJ47197,sin_devolucion
1666,2395,288,4,"5296,45",576.6,P20-F4,CJ88318,
3439,2212,236,5,  3329.05  ,296.9,P5-F1,CJ40182,
3500,2910,118,4,$24476.80,1827.57,P24-F4,CJ43668,
3435,1669,143,5,$19160.64,1461.55,P26-F4,CJ91682,
3783,961,343,1,19021.91 MXN,3386.29,P24-F2,CJ20716,
3650,2862,246,2,  639.20  ,41.43,P31-F3,CJ39773,sin_devolucion
2365,351,90,8,"$55,867",-2793.35,P13-F4,CJ65243,sin_devolucion
1458,3028,147,7,8671.49 MXN,0,P27-F2,CJ98074,
17,862,5,7,"26069,66",0,P22-F1,CJ36155,
2823,1168,602,-1,8429.83,-421.49,P16-F2,CJ82981,sin_devolucion
3654,563,441,6,2502.58,387.62,P12-F4,CJ62827,
2385,317,405,4,"$26,381",-1319.05,P22-F1,CJ95460,sin_devolucion
1007,694,473,5,"2345,93",N/A,P11-F3,CJ23113,sin_devolucion
3213,980,47,8,  18423.86  ,N/A,P27-F1,CJ53693,
3496,3523,243,4,7122.31,1556.94,P15-F5,CJ13152,sin_devolucion
4020,2033,573,6,"$2,616",N/A,P15-F6,CJ39039,sin_devolucion
2335,3402,529,7,"2494,40",434.4,P33-F4,CJ59445,
1452,1886,305,1,1008.20,0,P4-F1,CJ67369,
831,3460,405,3,"26380,91",,P30-F3,CJ77103,
743,882,510,2,307.04,-15.35,P36-F1,CJ14970,
307,3158,218,6,2497.50,364.68,P19-F2,CJ45095,
354,3291,534,3,2916.16,0,P37-F6,CJ44312,
1571,767,128,5,29282.83 MXN,0,P8-F1,CJ75549,sin_devolucion
3043,1222,353,8,18839.36 MXN,-941.97,P15-F1,CJ55240,sin_devolucion
970,2920,428,4,3924.13 MXN,,P33-F2,CJ96875,
547,2523,516,6,"$1,869",418.66,P19-F6,CJ13057,
1235,3368,222,8,"$5,708",371.57,P33-F4,CJ97643,
1715,1709,78,3,"$49,994",21%,P19-F3,CJ23788,
2793,1289,123,0,  18644.97  ,16%,P32-F3,CJ13280,sin_devolucion
3723,178,38,1,32293.58 MXN,-1614.68,P39-F4,CJ96239,sin_devolucion
984,94,476,8,  484.90  ,,P29-F5,CJ25320,
3173,3120,548,dos,$1106.78,80.24,P30-F2,CJ11450,
1676,359,549,8,3539.57,-176.98,P40-F4,CJ31735,sin_devolucion
425,3571,296,7,"$2,185",,P29-F2,CJ81378,sin_devolucion
1126,3511,490,4,701.76 MXN,41.48,P3-F1,CJ24896,sin_devolucion
4015,1204,166,8,$9127.91,1321.6,P36-F6,CJ37136,
3201,774,123,4,18644.97 MXN,,P24-F5,CJ58281,
518,2210,241,1,432.19 MXN,74.58,P26-F6,CJ52229,sin_devolucion
41,3410,478,1,$401.93,9%,P21-F2,CJ35682,
1849,3235,11,3,$13708.49,-685.42,P13-F5,CJ97912,
724,176,477,7,185.90 MXN,36.45,P32-F1,CJ81422,sin_devolucion
3596,2925,174,3,11259.21 MXN,12%,P36-F2,CJ32021,sin_devolucion
812,285,531,2,2414.15,,P37-F6,CJ28383,
4558,2576,453,7,$1833.28,,P14-F6,CJ91092,sin_devolucion
4519,458,355,6,  14690.56  ,10%,P35-F4,CJ15645,sin_devolucion
3659,3261,500,4,"2257,03",N/A,P10-F5,CJ90851,sin_devolucion
3001,241,360,6,$13154.00,2544.15,P29-F1,CJ54586,sin_devolucion
3946,1093,270,3,874.94,0,P23-F1,CJ11634,
3048,860,145,3,41579.07 MXN,-2078.95,P38-F5,CJ53336,
2329,429,307,5,"1429,76",-71.49,P34-F3,CJ36848,sin_devolucion
4203,2094,148,0,"$9,601",20%,P28-F1,CJ87879,
2890,818,104,8,38907.41,2176.21,P17-F6,CJ18962,
2550,873,207,3,"4901,39",,P17-F3,CJ54257,
2658,313,158,1,$4265.11,407.51,P24-F1,CJ65034,
3675,2016,90,7,55867.02,13%,P12-F1,CJ72348,
4083,3268,238,4,$6129.02,30%,P36-F5,CJ49510,
245,1484,409,7,$13699.12,,P27-F4,CJ56536,
515,2787,177,4,  25698.47  ,1990.22,P26-F2,CJ95497,sin_devolucion
619,1587,123,4,$18644.97,1245.64,P21-F1,CJ42702,sin_devolucion
4129,1156,355,7,  14690.56  ,1081.95,P2-F1,CJ34157,
949,2403,340,1,11113.88,2126.81,P27-F4,CJ42746,
959,98,335,7,18537.78,15%,P28-F2,CJ55044,
2324,3464,219,6,$404,37.56,P32-F3,CJ65332,sin_devolucion
3084,466,272,7,4993.05,0,P32-F5,CJ77163,sin_devolucion
3146,2081,119,4,5867.88,-293.39,P9-F5,CJ23072,
2078,2955,351,,2168.74 MXN,-108.44,P18-F1,CJ44722,sin_devolucion
1503,1673,295,2,"2244,90",558.9,P36-F5,CJ68494,
3591,317,145,7,"$41,579",-2078.95,P8-F3,CJ24240,
2121,2082,79,8,54722.42,0,P39-F1,CJ90599,
2114,171,127,2,  5053.47  ,-252.67,P1-F2,CJ59029,sin_devolucion
2057,470,90,6,55867.02,8056.15,P4-F6,CJ34951,
2310,3264,566,3,7865.94 MXN,-393.3,P20-F3,CJ29745,
2117,3221,517,8,2835.58,,P36-F5,CJ98640,
1967,194,338,6,  2541.00  ,,P1-F1,CJ95547,
746,1495,218,4,"2497,50",199.93,P7-F3,CJ76785,
3417,2221,20,4,  48420.36  ,22%,P28-F1,CJ47452,sin_devolucion
3021,2140,324,3,"$4,902",894.2,P34-F2,CJ34853,sin_devolucion
1445,2338,461,5,3021.14,169.67,P7-F4,CJ47056,sin_devolucion
4023,2101,268,3,  551.87  ,40.34,P20-F5,CJ38342,
2997,316,55,2,49270.07,10288.1,P19-F4,CJ36559,sin_devolucion
522,784,143,3,19160.64 MXN,1431.36,P38-F2,CJ74124,sin_devolucion
3609,2634,389,5,  3131.91  ,213.96,P11-F6,CJ87245,
1522,1964,428,1,"$3,924",453.8,P39-F4,CJ99044,sin_devolucion
1916,2596,11,2,"$13,708",2973.92,P12-F4,CJ25418,
3930,1279,806,1,558.61 MXN,134.58,P18-F4,CJ58284,
4336,143,529,7,2494.40,529.8,P3-F2,CJ71901,
855,3382,382,6,"2447,27",-122.36,P1-F3,CJ71429,
2509,792,360,1,  13154.00  ,-657.7,P13-F5,CJ27164,
2732,1791,318,8,"2672,96",16%,P33-F5,CJ75979,sin_devolucion
2209,175,501,2,"480,82",41.04,P2-F6,CJ41789,sin_devolucion
32,2683,547,6,622.58 MXN,22%,P9-F5,CJ27323,sin_devolucion
453,2766,232,1,$681,58.23,P3-F4,CJ27405,sin_devolucion
2761,2574,104,3,"$38,907",-1945.37,P10-F1,CJ16089,sin_devolucion
3171,1989,309,1,  579.38  ,21%,P30-F1,CJ70245,
2236,453,313,3,"22302,80",1494.06,P34-F5,CJ88696,sin_devolucion
1167,433,508,2,164.68,27%,P24-F3,CJ59923,sin_devolucion
3072,1841,549,4,"3539,57",179.64,P1-F2,CJ48334,sin_devolucion
436,1509,416,5,  541.52  ,-27.08,P24-F1,CJ60446,
3746,475,236,6,3329.05,0,P20-F4,CJ22620,
3940,3551,113,5,  24816.71  ,10%,P40-F4,CJ39585,
778,2315,573,1,2616.22,478.19,P39-F3,CJ20924,sin_devolucion
4040,2443,254,3,  1176.97  ,0,P40-F2,CJ57157,
2812,255,184,7,"$14,526",,P40-F2,CJ85514,sin_devolucion
3309,2701,296,5,"2185,34",11%,P33-F5,CJ35722,
3582,2248,16,0,"$31,477",,P38-F6,CJ58603,sin_devolucion
804,1307,235,2,1119.56,0,P11-F5,CJ75560,
2569,1750,208,4,$3669.04,-183.45,P22-F6,CJ59811,
3305,3452,60,1,48462.73,-2423.14,P2-F1,CJ97060,
671,3267,324,7,$4902.47,0,P30-F5,CJ42897,sin_devolucion
2585,3272,435,3,235.67 MXN,12.33,P2-F3,CJ10624,sin_devolucion
1851,386,18,7,$49907.28,29%,P10-F1,CJ64996,
3780,1994,6,,"$26,396",,P39-F3,CJ91505,
4553,3212,104,1,38907.41 MXN,17%,P33-F5,CJ28226,
454,3477,482,7,1201.93,18%,P33-F3,CJ87508,sin_devolucion
2079,3355,329,3,2798.95,0,P16-F6,CJ67428,
2036,2627,295,4,$2244.90,-112.25,P22-F4,CJ78796,
2537,1710,236,2,3329.05 MXN,27%,P40-F3,CJ50433,sin_devolucion
3818,2042,280,4,$5190.10,964.11,P10-F2,CJ14708,
124,747,274,6,"5610,04",N/A,P22-F2,CJ95422,
756,908,411,,"25253,96",,P3-F1,CJ37406,
4453,3380,524,3,$750,,P37-F5,CJ26250,
3368,3187,507,2,572.23,56.57,P19-F3,CJ39857,
2039,1411,321,3,$2793.78,-139.69,P22-F1,CJ57509,sin_devolucion
3895,806,369,3,"8683,55",18%,P2-F3,CJ70197,
242,1875,205,1,28895.45,1536.41,P23-F2,CJ45761,sin_devolucion
3162,3470,371,-3,23441.01,13%,P6-F6,CJ24716,
3051,3403,236,2,3329.05,-166.45,P29-F3,CJ52452,
1081,2631,187,5,"15407,88",26%,P34-F2,CJ26636,
3123,2633,601,5,$2666.31,410.54,P31-F3,CJ66740,
2974,3540,572,2,$650,,P25-F5,CJ61135,
2659,1403,36,2,  28216.45  ,4221.06,P40-F4,CJ87303,sin_devolucion
4227,70,49,2,51081.62,28%,P26-F6,CJ14916,
1426,313,384,8,  10968.12  ,12%,P9-F4,CJ23665,
4150,1358,342,6,  7644.17  ,N/A,P21-F6,CJ83916,
1300,1200,236,3,3329.05 MXN,N/A,P22-F1,CJ83092,sin_devolucion
668,457,294,4,"755,89",-37.79,P18-F5,CJ79985,
94,245,461,5,3021.14 MXN,0,P40-F2,CJ91318,
438,2680,309,7,$579,-28.97,P32-F6,CJ14067,sin_devolucion
3020,403,222,4,5707.81 MXN,1206.94,P35-F2,CJ66433,sin_devolucion
3610,3096,404,4,6531.34,29%,P34-F3,CJ65218,
4375,1227,90,-5,  55867.02  ,0,P30-F3,CJ13065,
1432,1096,219,7,"403,99",N/A,P9-F1,CJ25887,
2977,513,123,7,"$18,645",12%,P39-F4,CJ96659,
18,2874,105,2,4935.31 MXN,1083.47,P32-F4,CJ97793,
4288,3200,423,-4,  250.67  ,20%,P37-F3,CJ32591,
40,3503,219,7,403.99 MXN,0,P18-F4,CJ79190,
1919,3116,27,5,26993.41,N/A,P39-F4,CJ46335,
1138,597,165,2,$8728.22,N/A,P31-F3,CJ77815,
4211,2283,27,,26993.41,,P32-F5,CJ59304,
3359,3071,64,5,"$13,896",1972.62,P27-F5,CJ96417,
410,1315,212,-2,  485.05  ,73.83,P23-F6,CJ41099,
336,1076,43,3,"13400,48",-670.02,P6-F6,CJ26795,
3677,2581,296,7,2185.34,346.1,P4-F5,CJ44438,sin_devolucion
1353,1467,599,1,1634.01,0,P2-F4,CJ36229,
1333,128,324,7,  4902.47  ,0,P29-F5,CJ32379,
3816,2406,453,4,  1833.28  ,398.64,P12-F2,CJ93016,
352,1791,384,,10968.12 MXN,-548.41,P34-F4,CJ79326,
2705,2854,596,7,"$15,150",0,P34-F2,CJ98350,
4249,3757,65,5,$15736.34,0,P18-F5,CJ96117,sin_devolucion
2911,997,356,8,10557.55 MXN,1868.21,P10-F1,CJ23257,sin_devolucion
3006,1014,146,0,"7276,84",623.69,P14-F5,CJ47470,
2962,1022,519,999,$2234.16,399.94,P28-F2,CJ99685,sin_devolucion
172,1869,253,8,4812.80,781.8,P3-F1,CJ98701,
2772,490,290,6,"3593,11",,P28-F1,CJ18503,
620,1512,510,2,$307.04,0,P25-F6,CJ71373,sin_devolucion
1682,3149,603,-5,"$1,953",0,P27-F3,CJ56631,
1856,3095,27,8,26993.41,3336.8,P3-F4,CJ22991,
3032,1298,4,3,59704.35 MXN,-2985.22,P8-F1,CJ73187,sin_devolucion
627,2216,444,7,"389,88",0,P36-F3,CJ51547,
2197,1528,340,5,"11113,88",,P5-F6,CJ30756,
2151,1511,324,7,$4902.47,-245.12,P9-F4,CJ36785,
2720,2082,329,4,"2798,95",0,P36-F2,CJ23837,
1852,560,147,4,"8671,49",12%,P6-F3,CJ11541,
2001,3027,98,2,"39575,72",,P2-F2,CJ83342,sin_devolucion
2881,2375,123,3,18644.97,13%,P2-F5,CJ11059,sin_devolucion
1297,2239,355,6,14690.56,1102.55,P4-F6,CJ94102,sin_devolucion
1867,579,242,1,"975,73",58.63,P20-F2,CJ54756,
1618,2915,388,5,$5732.64,25%,P8-F4,CJ53156,
3492,2085,209,5,$5109.77,N/A,P38-F6,CJ79620,
13,3597,41,6,49158.25 MXN,4599.63,P10-F3,CJ42522,
1722,3141,150,6,"4357,07",-217.85,P28-F3,CJ92294,
4353,440,453,7,$1833.28,N/A,P11-F5,CJ48433,sin_devolucion
3987,3128,155,4,36068.08,,P39-F6,CJ31375,
4173,778,236,2,"3329,05",808.31,P16-F6,CJ78351,sin_devolucion
960,1466,551,2,10480.07,2353.52,P18-F5,CJ92497,sin_devolucion
3109,3453,90,-4,  55867.02  ,N/A,P7-F3,CJ97430,
1900,873,147,3,8671.49,,P28-F6,CJ47771,
3809,850,123,1,  18644.97  ,-932.25,P5-F1,CJ21622,sin_devolucion
1684,562,88,4,"$29,305",0,P18-F5,CJ54273,sin_devolucion
2389,3180,344,1,$8737.86,0,P26-F1,CJ29586,
2694,2494,591,3,827.84,203.56,P30-F6,CJ28775,
2075,1793,144,2,13818.03,-690.9,P4-F2,CJ77270,
1942,2274,171,1,"$4,674",-233.72,P22-F6,CJ72882,
2763,908,153,3,  35631.03  ,11%,P15-F6,CJ50776,
3617,1948,40,7,"33096,61",-1654.83,P29-F4,CJ13987,
1756,2347,331,999,12535.65 MXN,0,P3-F4,CJ55596,
1148,2715,535,4,2210.07,0,P1-F5,CJ77589,
1915,3123,147,8,8671.49,7%,P40-F4,CJ24329,
4365,3407,487,6,1140.99,-57.05,P14-F5,CJ35228,
2716,2442,604,3,5124.09,0,P32-F4,CJ16287,
4397,1835,208,-2,"3669,04",410.87,P1-F6,CJ36948,
4325,1798,445,3,716.79 MXN,164.96,P39-F5,CJ95550,
85,3480,190,8,"17228,70",942.58,P20-F6,CJ61487,sin_devolucion
4424,1773,98,8,39575.72 MXN,-1978.79,P1-F5,CJ60641,
4566,1078,202,999,  9188.59  ,1759.23,P32-F4,CJ30539,sin_devolucion
2344,714,196,8,"6746,66",14%,P11-F2,CJ67272,
4294,3391,5,7,$26069.66,3944.71,P27-F2,CJ76860,sin_devolucion
3959,2968,130,3,$12493.91,-624.7,P39-F4,CJ90854,sin_devolucion
1963,782,347,2,  27599.29  ,4193.55,P17-F6,CJ28450,
298,1676,446,1,  3256.03  ,604.68,P10-F6,CJ60341,sin_devolucion
484,279,324,8,$4902.47,,P35-F6,CJ48379,
1945,665,14,6,$28475.90,0,P25-F6,CJ78303,
2342,857,184,8,14525.98 MXN,2067.06,P38-F6,CJ44167,sin_devolucion
2554,1541,64,4,"13895,81",20%,P38-F3,CJ61022,
2479,606,484,1,$491.44,13%,P35-F6,CJ47583,
1429,2427,592,7,"$1,729",-86.43,P37-F1,CJ86401,
1530,2928,571,1,  5252.42  ,536.72,P36-F5,CJ97709,
1885,655,833,7,"2554,85",-127.74,P1-F1,CJ64458,
607,2489,440,8,"$1,344",119.05,P28-F6,CJ79817,sin_devolucion
1630,1314,324,-1,4902.47,11%,P38-F1,CJ18190,sin_devolucion
2458,1570,90,2,55867.02,13%,P36-F3,CJ18886,sin_devolucion
2234,1892,217,3,2671.55 MXN,519.47,P33-F2,CJ74747,sin_devolucion
4234,2408,147,1,"$8,671",1939.7,P38-F1,CJ16367,sin_devolucion
3739,3208,360,5,  13154.00  ,2542.85,P32-F4,CJ29582,
1662,3309,45,6,  45333.45  ,,P6-F1,CJ40937,sin_devolucion
3808,2597,27,3,26993.41 MXN,28%,P14-F5,CJ19831,
3326,1668,324,5,4902.47,466.66,P35-F6,CJ87879,
3036,1311,13,3,22061.28 MXN,0,P36-F4,CJ13170,
1638,2916,577,1,"$7,086",14%,P17-F2,CJ12625,sin_devolucion
1045,460,796,7,"5124,09",18%,P21-F2,CJ70653,
3956,226,236,8,"$3,329",-166.45,P19-F4,CJ51105,
220,3074,90,dos,"55867,02",-2793.35,P5-F3,CJ32937,sin_devolucion
3547,1244,904,6,4902.47 MXN,-245.12,P35-F1,CJ99746,
4172,2059,253,dos,"$4,813",27%,P13-F3,CJ88973,sin_devolucion
1307,2915,319,8,  3774.97  ,311.8,P29-F1,CJ53286,sin_devolucion
2271,562,123,2,18644.97 MXN,-932.25,P29-F4,CJ41972,sin_devolucion
950,2853,123,4,  18644.97  ,N/A,P21-F2,CJ26795,
840,2372,450,6,"296,55",24%,P13-F4,CJ82649,sin_devolucion
3106,3426,418,3,  2575.77  ,N/A,P29-F5,CJ15419,
1094,603,294,2,755.89 MXN,174.27,P23-F4,CJ85109,
2551,1590,64,1,  13895.81  ,-694.79,P19-F5,CJ50375,
2157,2156,16,5,31476.59,N/A,P9-F5,CJ14617,
3328,2304,399,1,26570.51,,P30-F2,CJ57224,
96,3502,160,2,"26414,66",15%,P21-F1,CJ85489,
3737,2919,262,1,596.20,58.28,P26-F3,CJ32495,
3964,1293,248,3,$1659.37,245.89,P14-F3,CJ50257,
2654,1629,215,7,"1216,35",175.99,P5-F1,CJ33401,sin_devolucion
451,2145,54,1,"$65,038",,P14-F2,CJ59756,
2961,220,208,1,3669.04 MXN,9%,P4-F5,CJ80798,
1298,1608,549,7,$3539.57,-176.98,P21-F4,CJ21048,
389,3162,915,7,26993.41,0,P31-F5,CJ12651,
3207,1112,34,6,  63820.31  ,7072.86,P2-F3,CJ10919,
3943,3163,222,7,5707.81,-285.39,P36-F3,CJ89382,
3728,3321,433,5,$2339.97,-117.0,P30-F4,CJ99254,
3367,872,123,8,"$18,645",3679.74,P30-F3,CJ52814,
1515,391,177,7,25698.47,-1284.92,P11-F3,CJ10583,
3663,2097,298,1,"747,43",42.32,P27-F6,CJ28024,
1159,1556,222,3,"$5,708",698.85,P36-F5,CJ71088,sin_devolucion
1593,1739,242,-1,$976,-48.79,P5-F3,CJ56342,
3404,2170,90,6,"55867,02",10652.0,P1-F2,CJ37738,
3308,120,424,5,"$1,995",-99.75,P38-F2,CJ91157,
1116,357,251,7,"2586,41",451.33,P17-F1,CJ99423,
3188,1122,224,7,"$3,092",177.7,P10-F1,CJ69288,
1610,1617,593,4,$2171.89,-108.59,P9-F3,CJ20778,sin_devolucion
3891,1953,598,4,$3274.73,0,P36-F2,CJ48621,
3963,2958,296,7,  2185.34  ,18%,P34-F1,CJ76898,
2065,2985,483,7,2656.31 MXN,-132.82,P22-F1,CJ63827,
819,2402,411,1,"25253,96",,P15-F5,CJ77883,sin_devolucion
199,2077,295,3,$2244.90,,P14-F2,CJ55522,
1660,1482,11,5,$13708.49,-685.42,P35-F4,CJ68977,
2575,1465,381,8,$3809.89,295.9,P28-F5,CJ92684,sin_devolucion
91,1402,20,3,  48420.36  ,-2421.02,P24-F6,CJ67832,sin_devolucion
2756,1200,517,7,$2835.58,,P37-F6,CJ67403,
4017,2922,525,0,"$9,670",602.59,P12-F4,CJ65180,sin_devolucion
568,401,313,8,22302.80,21%,P39-F3,CJ40036,
569,3318,217,1,2671.55 MXN,359.75,P29-F6,CJ33015,
2624,2907,318,4,  2672.96  ,415.94,P14-F4,CJ82162,
1813,204,557,2,700.10,173.33,P12-F5,CJ86416,
3878,2630,526,1,$7635.84,796.17,P22-F5,CJ56626,
856,2409,407,3,"19163,47",4108.79,P24-F6,CJ98880,
1104,1369,324,-4,4902.47,945.83,P18-F5,CJ28085,sin_devolucion
1487,3812,558,999,"2486,26",169.91,P38-F5,CJ36517,
2922,1166,64,5,13895.81,0,P1-F6,CJ36266,
2725,3234,121,7,12917.12,2890.91,P24-F3,CJ46186,
1259,3140,81,3,"33449,39",3514.15,P35-F3,CJ96507,
1234,2903,240,3,6081.11 MXN,14%,P35-F2,CJ26756,
2699,2935,210,5,1643.04 MXN,17%,P4-F4,CJ10962,sin_devolucion
1253,2155,74,1,44780.52,N/A,P26-F4,CJ17160,
4304,2461,526,5,"$7,636",592.5,P25-F2,CJ69642,
3836,2595,362,5,$20003.47,0,P11-F3,CJ14417,sin_devolucion
2002,967,557,7,$700.10,0,P7-F4,CJ63732,
2095,3049,529,6,"$2,494",403.55,P29-F1,CJ60297,sin_devolucion
4316,920,179,8,  24894.74  ,-1244.74,P9-F2,CJ11143,
2455,3082,125,5,  5757.78  ,-287.89,P24-F2,CJ29199,sin_devolucion
630,3560,542,8,7389.25 MXN,0,P1-F1,CJ41273,
624,411,148,7,9601.21,0,P13-F6,CJ97202,
3391,680,226,2,"3996,67",655.08,P39-F5,CJ65937,sin_devolucion
3782,1547,435,8,$236,0,P39-F5,CJ74510,
3385,1123,186,-3,  28945.11  ,0,P37-F3,CJ41108,
1952,199,317,3,"4957,78",968.02,P35-F1,CJ83925,
4580,1741,521,1,$7452.11,0,P26-F1,CJ15344,
1874,3195,599,N/A,1634.01 MXN,0,P5-F5,CJ74757,
802,3063,324,999,$4902.47,1126.31,P3-F5,CJ30394,
2178,1450,274,4,$5610.04,1107.6,P35-F5,CJ78926,
4401,1729,604,dos,  5124.09  ,,P23-F4,CJ57305,sin_devolucion
490,3243,435,6,235.67 MXN,36.24,P13-F2,CJ81777,sin_devolucion
2222,298,24,3,"$30,773",,P30-F2,CJ59366,sin_devolucion
3414,1580,572,7,"649,84",-32.49,P30-F2,CJ79610,sin_devolucion
3257,2104,349,8,$8218.80,-410.94,P14-F6,CJ57205,sin_devolucion
1012,3132,84,4,"16273,21",-813.66,P33-F2,CJ51708,
2897,865,494,1,$2411.10,411.01,P37-F2,CJ65215,
4261,1160,245,8,"3654,56",N/A,P34-F4,CJ12877,
3781,2896,219,5,$404,52.23,P36-F3,CJ81985,
2538,2446,534,3,"2916,16",271.77,P10-F3,CJ24018,sin_devolucion
904,2518,384,1,10968.12,1380.21,P26-F4,CJ80784,
2448,369,108,8,"$12,829",-641.43,P28-F1,CJ19740,sin_devolucion
1654,641,198,6,  14532.61  ,0,P17-F4,CJ55886,
3861,473,15,-3,$33776.77,5297.74,P3-F1,CJ95583,
1977,2417,462,1,  558.61  ,38.2,P23-F2,CJ48664,
214,2736,136,1,"$20,224",,P34-F1,CJ36606,
2672,1356,360,4,$13154.00,,P26-F1,CJ69726,sin_devolucion
1865,2032,195,8,"$5,465",1014.5,P23-F2,CJ74035,sin_devolucion
2873,1236,598,7,"3274,73",,P1-F2,CJ40269,sin_devolucion
1499,373,105,3,4935.31,-246.77,P18-F2,CJ43591,
1404,1598,404,3,  6531.34  ,,P28-F1,CJ11754,
2284,2264,437,3,2181.84,13%,P9-F6,CJ14457,
21,2257,570,4,  2235.17  ,494.39,P18-F1,CJ81216,sin_devolucion
4161,3123,324,2,4902.47 MXN,,P40-F5,CJ43576,
1869,793,27,7,"$26,993",0,P29-F4,CJ35491,
4496,407,482,5,"1201,93",108.99,P5-F3,CJ79421,
444,181,724,5,$20620.17,,P35-F3,CJ95409,sin_devolucion
3451,1415,573,2,"$2,616",0,P22-F3,CJ49669,sin_devolucion
2898,3210,21,1,$41665.57,3862.95,P11-F2,CJ69244,
3759,696,144,3,"13818,03",N/A,P11-F2,CJ66028,
2192,712,90,7,55867.02 MXN,3530.85,P22-F3,CJ11520,
1256,3223,526,5,"$7,636",1150.29,P3-F5,CJ78753,
3628,1880,413,4,4440.77 MXN,0,P2-F4,CJ16497,
3850,2647,490,dos,701.76,142.82,P3-F2,CJ17541,sin_devolucion
108,2038,90,1,"55867,02",10601.94,P27-F3,CJ91166,
45,876,323,4,2463.84 MXN,-123.19,P3-F3,CJ26721,
1627,2060,88,3,  29304.68  ,-1465.23,P18-F1,CJ16898,sin_devolucion
251,1418,245,2,"$3,655",-182.73,P10-F4,CJ71971,sin_devolucion
1492,453,382,4,"2447,27",477.3,P11-F1,CJ94001,
3655,2453,505,5,$1346.46,,P30-F3,CJ86834,
1909,2904,496,4,"$1,891",229.55,P20-F3,CJ63626,
3118,3255,47,8,"18423,86",2751.22,P4-F2,CJ98546,sin_devolucion
2061,19,165,7,8728.22,,P9-F4,CJ95080,sin_devolucion
418,3583,90,8,55867.02 MXN,10753.34,P22-F5,CJ22721,sin_devolucion
4380,1556,333,1,7242.48 MXN,20%,P18-F6,CJ41177,sin_devolucion
1135,220,170,7,20780.00 MXN,0,P14-F2,CJ61696,
2650,2346,398,6,"2143,84",213.72,P21-F2,CJ59416,
1713,1725,90,2,"$55,867",6139.78,P21-F3,CJ68395,
3056,2696,172,3,"3632,94",315.6,P36-F5,CJ10757,sin_devolucion
488,3145,123,8,18644.97,3960.97,P6-F1,CJ65986,sin_devolucion
3085,3771,90,4,  55867.02  ,-2793.35,P21-F5,CJ44842,sin_devolucion
2113,1602,242,0,  975.73  ,0,P35-F3,CJ12162,
852,3497,33,2,  45533.09  ,,P6-F5,CJ34450,sin_devolucion
4413,1125,111,2,7068.08 MXN,0,P6-F5,CJ75177,
1877,2612,216,3,1493.81,17%,P32-F3,CJ72825,
257,1657,242,2,$976,25%,P34-F6,CJ12875,
1643,3170,274,1,$5610.04,923.61,P36-F6,CJ66111,
701,457,490,-5,$702,143.78,P36-F5,CJ87733,sin_devolucion
3634,2588,560,4,"$4,585",-229.26,P33-F3,CJ61665,sin_devolucion
3683,620,241,4,$432.19,0,P19-F2,CJ64522,sin_devolucion
2960,2580,83,5,  56550.90  ,5207.81,P5-F3,CJ91827,
3945,2652,437,6,"2181,84",,P22-F6,CJ10892,sin_devolucion
2979,1310,294,7,  755.89  ,-37.79,P4-F3,CJ26417,sin_devolucion
4081,726,276,,468.04 MXN,26%,P14-F2,CJ36118,sin_devolucion
3211,359,510,8,"307,04",0,P2-F3,CJ53569,
