id_pedido,fecha_pedido,id_cliente,canal_venta,id_sucursal,estado,referencia_bancaria,cupon_descuento_raw,hora_impresion_ticket
70,2024-11-24,1551,tienda_fisica,10,cancelado,REF406845,,
794,03/12/2026,1432,tienda_fisica,9,completado,REF352140,VERANO10,2024-06-01 12:00
774,19 de noviembre de 2024,816,tienda_fisica,10,completado,REF139162,NAVIDAD15,
3157,03-02-2026,1209,web,1,completado,REF371684,,2024-06-01 12:00
1529,2024-04-07 00:00:00,1252,web,2,cancelado,REF489042,,2024-06-01 12:00
254,2024-02-27,104,tienda_fisica,7,enviado,REF566280,,2024-06-01 12:00
2048,3 de mayo de 2024,1173,app_movil,9,pendiente,REF536158,NAVIDAD15,2024-06-01 12:00
1889,28/10/2024,808,app_movil,9,enviado,REF990020,NAVIDAD15,
2941,2024-05-08,529,web,4,enviado,REF614345,NAVIDAD15,2024-06-01 12:00
2431,04/29/2024,1584,web,7,pendiente,REF134460,VERANO10,
194,16-07-2026,871,tienda_fisica,12,cancelado,REF941256,NAVIDAD15,
3372,04/04/2026,1113,tienda_fisica,3,enviado,REF176190,,
395,2026-02-11 00:00:00,614,web,4,pendiente,REF972794,VERANO10,2024-06-01 12:00
23,2026-08-08,79,app_movil,7,pendiente,REF415102,,
1657,2026-05-20 00:00:00,1854,web,4,pendiente,REF227555,VERANO10,2024-06-01 12:00
1423,26 de agosto de 2026,678,app_movil,1,pendiente,REF571174,VERANO10,
3537,30 de abril de 2026,1921,web,9,completado,REF384862,,2024-06-01 12:00
1585,4 de agosto de 2024,1569,tienda_fisica,6,completado,REF115137,,
2910,07/18/2026,371,web,2,cancelado,REF769166,,2024-06-01 12:00
2297,2025-01-22,1457,web,12,completado,REF388048,,2024-06-01 12:00
102,09/10/2024,436,web,7,completado,REF837906,NAVIDAD15,2024-06-01 12:00
2778,2024-07-31,479,app_movil,8,completado,REF881185,NAVIDAD15,
2521,12/09/2024,997,app_movil,9,enviado,REF625020,,
1606,19/07/2025,1629,tienda_fisica,5,completado,REF647627,VERANO10,2024-06-01 12:00
2400,07/02/2026,663,web,12,enviado,REF506346,NAVIDAD15,
64,2026-02-15,1889,null,1,completado,REF622287,VERANO10,2024-06-01 12:00
421,09/19/2025,1681,tienda_fisica,9,cancelado,REF818528,NAVIDAD15,2024-06-01 12:00
3274,2026-05-30,1838,web,1,completado,REF818755,VERANO10,2024-06-01 12:00
683,2024-04-24,43,web,12,pendiente,REF831449,VERANO10,2024-06-01 12:00
1252,28-05-2026,24,tienda_fisica,10,completado,REF779173,,
720,2026-09-23,261,app_movil,2,completado,REF155218,,
1640,16-03-2025,1363,tienda_fisica,4,completado,REF210970,,
44,27/10/2025,1865,NULL,12,completado,REF476412,,
2685,2024-12-08,253,web,8,enviado,REF467462,,2024-06-01 12:00
1834,28 de junio de 2024,857,app_movil,2,completado,REF595417,NAVIDAD15,
918,2024-08-10 00:00:00,805,app_movil,5,completado,REF624208,,
876,08-09-2024,1714,app_movil,1,pendiente,REF436159,NAVIDAD15,2024-06-01 12:00
1218,29/08/2024,53,web,7,completado,REF113731,VERANO10,
158,2026-04-03,443,web,5,completado,REF514755,VERANO10,
2653,06/14/2026,1595,tienda_fisica,5,completado,REF877974,,2024-06-01 12:00
1110,2024-11-25,1834,tienda_fisica,4,completado,REF694978,VERANO10,
2295,2025-11-08,1472,app_movil,2,completado,REF510038,VERANO10,2024-06-01 12:00
3338,08/18/2024,39,web,5,completado,REF859092,VERANO10,
2183,10/05/2025,502,web,7,pendiente,REF948111,NAVIDAD15,
2626,05-11-2025,44,web,4,enviado,REF694925,,
377,09/20/2024,1972,app_movil,8,completado,REF570046,VERANO10,
2950,1 de mayo de 2025,889,app_movil,7,cancelado,REF472923,VERANO10,
3222,2024-10-18,1068,app_movil,7,enviado,REF487828,,2024-06-01 12:00
9,05/23/2025,1898,app_movil,3,completado,REF851868,VERANO10,2024-06-01 12:00
79,25/12/2024,1169,app_movil,12,completado,REF923140,,2024-06-01 12:00
2472,21/08/2026,918,tienda_fisica,1,pendiente,REF964649,,
605,2024-11-30,632,tienda_fisica,8,completado,REF326754,,
846,2024-04-02,1608,app_movil,4,completado,REF756845,,
520,16 de julio de 2025,1385,app_movil,4,enviado,REF516445,VERANO10,2024-06-01 12:00
50,8 de marzo de 2026,1234,web,5,completado,REF150785,NAVIDAD15,2024-06-01 12:00
173,02-03-2025,962,app_movil,3,cancelado,REF887912,,2024-06-01 12:00
3600,13 de agosto de 2024,1126,web,1,completado,REF412968,,
443,03/02/2026,1834,web,11,completado,REF218136,NAVIDAD15,
1771,27 de septiembre de 2025,983,tienda_fisica,3,completado,REF473834,VERANO10,
3442,05-06-2024,192,app_movil,8,enviado,REF998995,NAVIDAD15,2024-06-01 12:00
1683,14/04/2025,1524,tienda_fisica,7,cancelado,REF900355,,
2496,20/08/2026,1630,tienda_fisica,11,completado,REF446881,VERANO10,2024-06-01 12:00
2383,2026-09-26,1026,tienda_fisica,4,completado,REF855054,,2024-06-01 12:00
2677,2025-09-15,399,app_movil,2,completado,REF720856,,
3281,2026-01-12,109,web,9,enviado,REF562119,,2024-06-01 12:00
2957,08/07/2025,1461,app_movil,7,enviado,REF769601,VERANO10,
2356,17-09-2024,905,tienda_fisica,9,cancelado,REF506169,VERANO10,
3468,25-02-2025,81,tienda_fisica,5,completado,REF928572,,2024-06-01 12:00
2112,07/28/2024,680,app_movil,6,pendiente,REF749574,,
1438,02/17/2025,477,tienda_fisica,9,cancelado,REF689305,,
83,2024-08-23,731,N/A,10,completado,REF210147,NAVIDAD15,
793,28/02/2026,551,app_movil,10,pendiente,REF577483,,
2920,03-09-2026,434,app_movil,11,completado,REF723127,VERANO10,
125,2025-05-04 00:00:00,67,web,2,completado,REF481246,NAVIDAD15,
1283,01-06-2026,1879,web,2,pendiente,REF801239,,
362,03/12/2025,1661,tienda_fisica,5,completado,REF903164,NAVIDAD15,
3152,2025-02-17,1004,tienda_fisica,5,completado,REF133270,NAVIDAD15,2024-06-01 12:00
2418,02-06-2024,579,app_movil,3,completado,REF518250,,
1582,07-04-2026,446,app_movil,8,completado,REF216601,VERANO10,2024-06-01 12:00
3507,23/06/2026,1280,web,10,completado,REF310089,NAVIDAD15,
3572,9 de septiembre de 2024,1060,tienda_fisica,12,cancelado,REF879890,NAVIDAD15,
2346,2025-03-16,789,app_movil,11,completado,REF164286,VERANO10,2024-06-01 12:00
968,25/06/2025,602,tienda_fisica,2,pendiente,REF199391,,
3453,11-06-2024,355,app_movil,9,completado,REF186086,,
1441,17-07-2026,878,web,6,completado,REF750020,NAVIDAD15,2024-06-01 12:00
2680,11 de octubre de 2024,127,web,1,completado,REF696791,NAVIDAD15,
3121,26/07/2026,1145,app_movil,11,cancelado,REF134792,,2024-06-01 12:00
100,2024-12-24,849,web,12,pendiente,REF280241,,
2657,07/10/2024,166,web,10,completado,REF183323,VERANO10,2024-06-01 12:00
2077,15-07-2026,80,web,12,cancelado,REF999208,,2024-06-01 12:00
449,12-10-2024,657,web,3,completado,REF360164,VERANO10,2024-06-01 12:00
2785,20-07-2026,1065,tienda_fisica,6,completado,REF710884,VERANO10,2024-06-01 12:00
1916,24 de noviembre de 2024,564,tienda_fisica,4,enviado,REF129551,,
2219,2025-12-08 00:00:00,1888,web,9,completado,REF285511,VERANO10,2024-06-01 12:00
1810,22/04/2026,1732,tienda_fisica,6,completado,REF352205,VERANO10,
941,26 de septiembre de 2024,546,web,12,enviado,REF515363,VERANO10,
2827,2024-10-17 00:00:00,899,tienda_fisica,1,enviado,REF173718,NAVIDAD15,2024-06-01 12:00
692,11 de julio de 2025,463,tienda_fisica,11,pendiente,REF397403,NAVIDAD15,
1147,28 de enero de 2025,2087,web,4,completado,REF473768,NAVIDAD15,2024-06-01 12:00
1422,15/04/2026,65,web,12,completado,REF152176,NAVIDAD15,2024-06-01 12:00
1781,2026-06-10,1221,tienda_fisica,9,cancelado,REF497243,,
3412,09/23/2026,1688,tienda_fisica,12,pendiente,REF368168,NAVIDAD15,
643,30/11/2025,1929,web,11,cancelado,REF874871,NAVIDAD15,2024-06-01 12:00
1066,12/22/2024,116,app_movil,4,completado,REF503008,,
74,2026-06-02,632,tienda_fisica,1,completado,REF774530,VERANO10,
2360,04/10/2024,1386,app_movil,11,completado,REF306633,,2024-06-01 12:00
676,2024-07-28,355,web,7,completado,REF436206,,2024-06-01 12:00
2875,2024-07-18 00:00:00,22,tienda_fisica,1,pendiente,REF667578,,
795,2026-05-08,1521,app_movil,1,cancelado,REF148205,,
1537,2026-02-25 00:00:00,868,tienda_fisica,10,enviado,REF633672,VERANO10,
342,2024-03-30,816,app_movil,9,cancelado,REF654449,,
3454,2025-04-14 00:00:00,828,tienda_fisica,7,cancelado,REF544758,,
1123,20 de septiembre de 2025,599,tienda_fisica,3,cancelado,REF414400,VERANO10,
2941,2024-05-08,529,web,4,enviado,REF614345,NAVIDAD15,2024-06-01 12:00
3302,11/29/2024,416,tienda_fisica,6,completado,REF961742,,
2410,2026-06-04,1342,tienda_fisica,8,completado,REF330510,,
3172,15/02/2026,218,app_movil,2,completado,REF778426,VERANO10,2024-06-01 12:00
2582,2025-08-06,663,tienda_fisica,6,cancelado,REF838358,VERANO10,2024-06-01 12:00
472,02/08/2024,898,web,4,enviado,REF116265,,
2505,07/12/2024,114,tienda_fisica,5,completado,REF876942,VERANO10,
1121,20-09-2025,1228,app_movil,12,cancelado,REF560144,,
1433,23 de enero de 2024,6,app_movil,3,completado,REF955268,,
3354,23/05/2025,1527,app_movil,4,completado,REF184629,,
1496,7 de diciembre de 2025,717,web,7,pendiente,REF347174,NAVIDAD15,2024-06-01 12:00
286,19 de junio de 2026,1342,tienda_fisica,3,completado,REF404799,,2024-06-01 12:00
3515,01/17/2025,22,tienda_fisica,10,completado,REF368254,,
585,2024-02-05 00:00:00,1339,web,9,completado,REF593323,,
734,2026-09-20,578,tienda_fisica,10,pendiente,REF204581,NAVIDAD15,2024-06-01 12:00
3365,03-01-2024,1908,web,8,completado,REF979783,,2024-06-01 12:00
2416,23 de septiembre de 2026,1811,app_movil,11,cancelado,REF602426,,
1647,30 de agosto de 2026,1102,tienda_fisica,4,completado,REF440697,NAVIDAD15,
1864,2024-12-24,1483,tienda_fisica,2,cancelado,REF253742,VERANO10,
3424,2025-03-26 00:00:00,1856,tienda_fisica,6,enviado,REF874030,,2024-06-01 12:00
2737,06-05-2026,1638,app_movil,2,completado,REF643000,VERANO10,
2858,2026-07-10 00:00:00,912,tienda_fisica,2,completado,REF172513,NAVIDAD15,
3330,2025-07-01,219,tienda_fisica,9,pendiente,REF246057,VERANO10,2024-06-01 12:00
371,19-03-2026,756,tienda_fisica,11,pendiente,REF818348,NAVIDAD15,2024-06-01 12:00
2081,3 de junio de 2025,103,web,11,completado,REF320768,NAVIDAD15,2024-06-01 12:00
1637,07/09/2025,350,app_movil,4,pendiente,REF386400,VERANO10,2024-06-01 12:00
3493,2024-11-17,2163,tienda_fisica,8,completado,REF384708,,
3590,2024-01-28 00:00:00,917,app_movil,9,completado,REF948510,,
2100,01/03/2024,535,tienda_fisica,11,cancelado,REF719258,VERANO10,2024-06-01 12:00
2956,2025-03-04,598,app_movil,11,completado,REF585747,NAVIDAD15,
3489,2025-10-15,885,app_movil,10,completado,REF336162,NAVIDAD15,2024-06-01 12:00
292,2024-05-02,805,web,12,completado,REF662596,NAVIDAD15,
2610,03/09/2025,304,tienda_fisica,3,cancelado,REF732518,,
1351,09/22/2026,347,web,12,pendiente,REF904652,,
1561,2026-09-25 00:00:00,822,app_movil,8,completado,REF464237,VERANO10,
345,06/05/2025,1203,web,4,pendiente,REF574891,VERANO10,
2711,04/15/2025,210,app_movil,6,completado,REF858133,VERANO10,
1568,2024-11-15,84,tienda_fisica,3,cancelado,REF101909,,
3591,2025-04-17,1635,web,12,enviado,REF399650,,
3522,2025-12-25,284,web,6,cancelado,REF240977,,
1262,03/06/2025,1108,app_movil,10,completado,REF557196,VERANO10,
739,18-05-2026,730,tienda_fisica,4,completado,REF957809,VERANO10,2024-06-01 12:00
1296,8 de julio de 2025,258,web,4,enviado,REF578982,,
2978,11 de enero de 2026,536,app_movil,6,enviado,REF492510,NAVIDAD15,
3238,05/25/2025,609,app_movil,6,cancelado,REF492028,,
3393,2026-02-08,1641,web,4,cancelado,REF517738,VERANO10,2024-06-01 12:00
3262,30-10-2025,512,tienda_fisica,6,cancelado,REF769389,,
2445,23-03-2024,641,tienda_fisica,8,completado,REF570326,,
2035,2026-08-11 00:00:00,1464,web,8,completado,REF282163,NAVIDAD15,
3139,06/28/2024,1312,tienda_fisica,3,enviado,REF971368,,
332,1 de mayo de 2024,271,tienda_fisica,9,enviado,REF587716,,
723,2025-04-15 00:00:00,1757,tienda_fisica,12,completado,REF231519,,
2250,2024-11-13 00:00:00,173,tienda_fisica,10,enviado,REF125227,,
2333,24-06-2026,508,tienda_fisica,4,pendiente,REF436648,NAVIDAD15,
2718,2026-04-06,892,tienda_fisica,3,cancelado,REF541901,VERANO10,
27,2026-06-10,139,app_movil,3,enviado,REF395914,,2024-06-01 12:00
1686,05/08/2024,1713,tienda_fisica,11,completado,REF169532,VERANO10,
1058,2025-09-22,1742,web,2,completado,REF234151,,
1705,17/11/2024,1614,tienda_fisica,11,cancelado,REF446625,VERANO10,2024-06-01 12:00
3155,2024-10-26 00:00:00,134,tienda_fisica,2,completado,REF258707,,2024-06-01 12:00
243,07/12/2025,551,app_movil,3,cancelado,REF719515,NAVIDAD15,
1835,2025-02-06 00:00:00,129,app_movil,7,pendiente,REF993953,,2024-06-01 12:00
471,30/08/2026,332,app_movil,5,pendiente,REF876022,,
1215,2025-05-04 00:00:00,1,tienda_fisica,5,enviado,REF749041,VERANO10,
235,25-03-2026,1142,web,2,enviado,REF706924,NAVIDAD15,2024-06-01 12:00
1017,09/09/2025,962,app_movil,12,pendiente,REF827565,,2024-06-01 12:00
324,14/04/2025,1791,app_movil,8,completado,REF210251,,
903,2024-04-26,526,app_movil,6,completado,REF471269,,
408,6 de agosto de 2026,1741,app_movil,7,pendiente,REF548515,VERANO10,
3476,21 de mayo de 2026,1551,web,10,completado,REF340073,NAVIDAD15,
358,09/23/2025,1358,web,10,cancelado,REF164985,VERANO10,2024-06-01 12:00
2212,10/19/2024,1293,tienda_fisica,9,completado,REF109685,VERANO10,
2211,08/19/2026,954,app_movil,1,enviado,REF845832,,
1032,11/02/2026,173,app_movil,1,completado,REF194283,VERANO10,
1681,2025-04-28 00:00:00,72,app_movil,12,cancelado,REF923278,,2024-06-01 12:00
850,2026-05-21,1044,tienda_fisica,10,cancelado,REF596038,VERANO10,
2423,01-09-2026,404,web,2,pendiente,REF717136,,
1641,06/26/2026,766,app_movil,11,completado,REF690549,NAVIDAD15,
1425,23 de agosto de 2024,39,web,7,enviado,REF348360,,
336,2025-07-17 00:00:00,305,web,12,pendiente,REF607858,,
457,23-03-2024,61,web,4,completado,REF956492,,2024-06-01 12:00
2713,2025-09-13,687,app_movil,6,completado,REF194219,VERANO10,
1416,08-02-2025,174,tienda_fisica,10,cancelado,REF937775,,
3582,03/12/2025,562,tienda_fisica,4,cancelado,REF424194,,2024-06-01 12:00
1424,03-03-2026,1322,web,7,completado,REF412922,,
1938,2 de febrero de 2024,1426,app_movil,12,cancelado,REF525024,NAVIDAD15,2024-06-01 12:00
3400,11 de julio de 2025,875,web,3,enviado,REF270079,NAVIDAD15,2024-06-01 12:00
271,2026-01-17,914,tienda_fisica,10,cancelado,REF687286,,2024-06-01 12:00
890,27/07/2026,413,tienda_fisica,2,cancelado,REF532779,,
1366,27/07/2025,627,app_movil,5,completado,REF387111,,
888,2024-11-07,47,tienda_fisica,1,completado,REF277920,NAVIDAD15,
1871,04/01/2025,464,web,2,cancelado,REF992799,NAVIDAD15,
384,2025-05-31,1243,web,11,enviado,REF457759,,2024-06-01 12:00
1145,2026-01-26 00:00:00,1567,web,2,pendiente,REF992037,,
1308,16-06-2025,309,app_movil,4,pendiente,REF649715,,
3519,2025-12-30,71,tienda_fisica,9,completado,REF296225,,
2191,2024-09-13 00:00:00,910,app_movil,10,pendiente,REF136279,NAVIDAD15,
1223,2026-05-25,1858,tienda_fisica,1,completado,REF885869,,
3093,2025-05-24,1992,web,4,completado,REF425362,,
2484,2025-06-15,72,app_movil,9,completado,REF671475,,2024-06-01 12:00
682,06/14/2024,522,app_movil,10,completado,REF411199,NAVIDAD15,2024-06-01 12:00
2525,2024-06-27,1470,app_movil,6,completado,REF253336,VERANO10,2024-06-01 12:00
1886,11/10/2024,1786,web,3,completado,REF434258,NAVIDAD15,
401,2024-12-26 00:00:00,1423,web,6,enviado,REF754052,NAVIDAD15,
1411,05/03/2025,1055,tienda_fisica,3,pendiente,REF161221,,2024-06-01 12:00
1295,2025-01-16,1502,tienda_fisica,4,completado,REF582029,NAVIDAD15,2024-06-01 12:00
402,07-08-2026,522,tienda_fisica,3,completado,REF613474,,2024-06-01 12:00
2223,2024-10-29,594,app_movil,8,pendiente,REF111149,VERANO10,
1740,2026-06-26,2061,tienda_fisica,1,cancelado,REF806062,VERANO10,
1964,2025-02-19,1076,web,7,completado,REF813687,,
1692,30-08-2025,914,app_movil,1,completado,REF686823,,
2010,2025-06-06,796,app_movil,11,completado,REF849562,,
1476,01/04/2024,1393,tienda_fisica,10,completado,REF427976,NAVIDAD15,
2189,14-04-2026,1227,web,2,completado,REF809486,,
2325,2025-09-12 00:00:00,1388,tienda_fisica,6,pendiente,REF842365,NAVIDAD15,
2684,2025-06-28 00:00:00,555,tienda_fisica,11,completado,REF932167,,
3514,2026-04-27 00:00:00,1723,web,5,pendiente,REF612088,,2024-06-01 12:00
1477,16/12/2024,447,tienda_fisica,4,completado,REF804126,,
3455,2025-05-13,1307,app_movil,7,enviado,REF739234,,
1801,2025-04-28 00:00:00,1315,web,7,pendiente,REF974255,,
1462,2026-07-24,943,app_movil,1,completado,REF639767,VERANO10,
146,12-04-2025,1393,web,10,completado,REF890117,VERANO10,2024-06-01 12:00
1838,2026-07-31,1319,tienda_fisica,2,completado,REF407775,,
2430,07/29/2026,779,app_movil,7,completado,REF921496,VERANO10,
2710,2026-03-16 00:00:00,1709,tienda_fisica,8,cancelado,REF459282,NAVIDAD15,
3266,2026-06-08 00:00:00,250,app_movil,8,pendiente,REF718687,VERANO10,2024-06-01 12:00
2299,2026-06-15,883,web,11,completado,REF981897,,2024-06-01 12:00
3098,12-04-2025,174,tienda_fisica,6,completado,REF803699,VERANO10,2024-06-01 12:00
2098,08/08/2025,415,tienda_fisica,5,cancelado,REF565459,,2024-06-01 12:00
3483,2025-02-24 00:00:00,1522,web,1,pendiente,REF261987,,
748,14 de diciembre de 2024,1024,web,6,cancelado,REF492895,,
1076,04/07/2025,526,tienda_fisica,12,pendiente,REF583982,VERANO10,
156,2026-09-02,1728,web,5,enviado,REF433502,NAVIDAD15,
880,2025-01-22 00:00:00,71,app_movil,12,cancelado,REF469402,VERANO10,2024-06-01 12:00
655,24 de agosto de 2026,801,tienda_fisica,12,completado,REF345566,VERANO10,
1119,15/11/2025,1694,app_movil,12,completado,REF720107,VERANO10,
3293,28-01-2026,1372,web,5,completado,REF618028,VERANO10,
2907,6 de septiembre de 2025,709,web,7,completado,REF468186,,2024-06-01 12:00
3450,10/12/2025,632,tienda_fisica,11,cancelado,REF915466,NAVIDAD15,
807,2025-10-29,996,tienda_fisica,6,enviado,REF939017,,
1295,2025-01-16,1502,tienda_fisica,4,completado,REF582029,NAVIDAD15,2024-06-01 12:00
1280,29 de octubre de 2024,484,web,9,completado,REF139198,,
1442,13 de agosto de 2026,510,web,10,completado,REF905071,NAVIDAD15,
3134,22-05-2025,932,tienda_fisica,9,pendiente,REF443428,NAVIDAD15,
3000,2026-08-18 00:00:00,1841,tienda_fisica,11,enviado,REF384771,VERANO10,2024-06-01 12:00
2567,17-11-2024,1391,web,11,enviado,REF170959,,
3380,19 de abril de 2025,111,tienda_fisica,11,pendiente,REF893622,,
1704,08/16/2024,460,tienda_fisica,7,completado,REF819650,,
3324,18/04/2025,1235,app_movil,2,completado,REF103509,VERANO10,
222,2025-07-19,1428,app_movil,10,pendiente,REF164472,NAVIDAD15,2024-06-01 12:00
1084,2025-04-16,883,web,3,pendiente,REF215700,,
1317,03/14/2026,1445,web,7,cancelado,REF449162,VERANO10,
1417,2025-01-19,1273,web,1,cancelado,REF867315,,
3297,23/04/2026,1064,tienda_fisica,5,completado,REF119608,VERANO10,
485,06/14/2024,357,tienda_fisica,1,completado,REF828064,VERANO10,
174,19 de junio de 2024,261,web,10,pendiente,REF638854,,2024-06-01 12:00
595,12 de diciembre de 2024,1741,tienda_fisica,10,completado,REF419513,,
706,2024-08-29,1964,tienda_fisica,7,completado,REF119106,,2024-06-01 12:00
3169,23/08/2025,379,web,6,cancelado,REF206785,NAVIDAD15,
1996,02-04-2025,1074,tienda_fisica,12,enviado,REF339010,,
2021,23 de septiembre de 2025,346,tienda_fisica,11,completado,REF866596,NAVIDAD15,
2556,23-09-2024,1396,tienda_fisica,11,pendiente,REF201833,,
2514,22-10-2024,696,app_movil,7,completado,REF526963,VERANO10,
1536,11-11-2025,206,tienda_fisica,8,completado,REF629582,NAVIDAD15,
2376,09/01/2024,1456,tienda_fisica,3,pendiente,REF560913,,2024-06-01 12:00
215,2025-01-30,1950,web,4,pendiente,REF864367,NAVIDAD15,
673,2026-08-18,23,tienda_fisica,8,completado,REF991858,,2024-06-01 12:00
3428,2024-04-24,770,web,8,completado,REF572388,NAVIDAD15,2024-06-01 12:00
441,2024-10-14,820,tienda_fisica,2,completado,REF863785,,
3087,26 de abril de 2024,1283,tienda_fisica,8,pendiente,REF930622,VERANO10,
2200,07/01/2024,486,tienda_fisica,3,cancelado,REF695684,VERANO10,2024-06-01 12:00
810,2024-09-26,566,web,2,enviado,REF774213,NAVIDAD15,
3126,04/05/2026,1096,tienda_fisica,11,pendiente,REF908853,,
2159,15/03/2024,242,web,7,cancelado,REF626959,,2024-06-01 12:00
2568,11/25/2025,577,tienda_fisica,11,completado,REF354548,VERANO10,
3253,2025-09-09 00:00:00,1914,app_movil,8,pendiente,REF586573,,
3071,27/07/2026,991,web,2,pendiente,REF902280,VERANO10,
587,12-09-2025,114,tienda_fisica,12,pendiente,REF325126,NAVIDAD15,2024-06-01 12:00
2070,02/10/2025,1220,web,8,completado,REF522436,,
1957,2026-03-09,144,tienda_fisica,8,pendiente,REF316136,,2024-06-01 12:00
2104,27-07-2026,439,web,12,cancelado,REF202064,NAVIDAD15,2024-06-01 12:00
841,2024-12-04 00:00:00,456,tienda_fisica,7,completado,REF413851,,
3533,2025-08-24,834,web,5,completado,REF160494,,2024-06-01 12:00
2374,23/05/2026,684,app_movil,10,completado,REF806922,VERANO10,
183,08/22/2024,1991,tienda_fisica,3,pendiente,REF106006,,
3295,17 de enero de 2024,1103,web,9,completado,REF285247,,2024-06-01 12:00
1786,2025-09-30 00:00:00,825,app_movil,12,completado,REF645515,,
29,03/01/2024,354,tienda_fisica,12,completado,REF229170,NAVIDAD15,2024-06-01 12:00
2319,07-07-2025,529,tienda_fisica,6,pendiente,REF866701,,
2260,2025-12-12,1651,web,4,completado,REF312452,NAVIDAD15,
3182,9 de enero de 2024,1685,app_movil,12,enviado,REF192729,NAVIDAD15,
1273,2026-05-18,555,tienda_fisica,10,completado,REF374578,NAVIDAD15,
2867,2024-12-28,1267,app_movil,8,cancelado,REF252658,,2024-06-01 12:00
2844,2024-01-16,1857,tienda_fisica,9,enviado,REF314398,,
296,2025-06-12,917,tienda_fisica,4,completado,REF881625,VERANO10,2024-06-01 12:00
3532,2025-03-20,192,tienda_fisica,2,completado,REF896872,NAVIDAD15,
2976,04/20/2026,98,web,7,enviado,REF623757,VERANO10,
310,23 de noviembre de 2025,355,web,2,completado,REF854685,NAVIDAD15,
2301,09/26/2024,1532,web,11,cancelado,REF478525,VERANO10,
2364,2026-06-30,154,app_movil,6,completado,REF252278,,2024-06-01 12:00
3594,22-09-2026,1734,web,10,completado,REF558589,,
1384,19/12/2025,1507,web,10,pendiente,REF227023,VERANO10,
1948,2026-06-08,10,web,2,completado,REF184537,,2024-06-01 12:00
1547,2026-08-08,521,app_movil,5,completado,REF944598,,
2683,2024-12-30,293,tienda_fisica,1,enviado,REF991880,NAVIDAD15,2024-06-01 12:00
2158,01/07/2026,1537,web,1,completado,REF491592,NAVIDAD15,
3558,2025-06-29,419,app_movil,6,enviado,REF850793,VERANO10,
489,19 de enero de 2024,1589,tienda_fisica,3,completado,REF264116,NAVIDAD15,
2145,2024-10-03,1513,app_movil,9,completado,REF609897,VERANO10,
2571,2024-01-29 00:00:00,1688,app_movil,9,completado,REF190787,NAVIDAD15,2024-06-01 12:00
2473,2026-08-10,1017,tienda_fisica,1,completado,REF748456,VERANO10,
3129,26 de julio de 2026,1714,app_movil,10,cancelado,REF293170,,
1092,2025-02-25 00:00:00,593,tienda_fisica,4,cancelado,REF691734,,
1427,2026-02-16,1473,web,5,cancelado,REF853991,NAVIDAD15,
3214,16-11-2024,16,tienda_fisica,10,completado,REF176676,,
3340,2025-04-21,413,tienda_fisica,1,cancelado,REF762606,NAVIDAD15,2024-06-01 12:00
1967,2024-12-27,1455,app_movil,1,completado,REF679735,NAVIDAD15,
3252,18/05/2026,949,tienda_fisica,12,completado,REF458959,,
3352,13 de junio de 2024,568,web,7,pendiente,REF638672,,
801,01/14/2025,933,tienda_fisica,8,completado,REF163341,,
2396,2026-08-20,1032,web,6,completado,REF282009,NAVIDAD15,
3491,16-05-2024,1275,tienda_fisica,12,cancelado,REF836792,NAVIDAD15,
2123,2024-03-11,1207,web,10,completado,REF198624,,
976,2025-06-12,894,web,10,pendiente,REF702392,VERANO10,
1173,25 de junio de 2026,68,web,6,enviado,REF536573,,2024-06-01 12:00
423,2026-06-12,1594,app_movil,10,completado,REF161281,VERANO10,
615,12/30/2025,1232,tienda_fisica,11,completado,REF169726,VERANO10,
139,2025-12-22,1053,app_movil,12,enviado,REF763793,,2024-06-01 12:00
3433,9 de agosto de 2025,251,tienda_fisica,5,completado,REF214556,NAVIDAD15,
122,04/25/2026,625,tienda_fisica,10,cancelado,REF481536,VERANO10,
3287,2025-05-10,11,tienda_fisica,12,completado,REF956174,VERANO10,
2469,2025-11-20,1779,web,1,pendiente,REF518698,NAVIDAD15,2024-06-01 12:00
1228,2026-03-31,1985,app_movil,1,pendiente,REF125052,,
1335,2024-09-22 00:00:00,1011,tienda_fisica,8,pendiente,REF835948,,
1241,2024-12-20,1702,app_movil,12,enviado,REF305534,VERANO10,2024-06-01 12:00
1091,04/17/2026,125,tienda_fisica,1,enviado,REF255863,,
1239,02/09/2026,2090,tienda_fisica,9,cancelado,REF436667,,
3460,2025-07-12,1346,tienda_fisica,10,completado,REF514761,VERANO10,
105,2025-01-10,1653,web,4,pendiente,REF792843,VERANO10,
2071,04/01/2025,893,web,7,completado,REF837986,VERANO10,
7,2024-05-01,89,tienda_fisica,11,completado,REF310730,NAVIDAD15,2024-06-01 12:00
2327,2025-09-21 00:00:00,129,app_movil,11,completado,REF158189,,2024-06-01 12:00
979,09/05/2025,1439,app_movil,1,enviado,REF960720,,
121,2 de noviembre de 2025,582,web,1,pendiente,REF963005,VERANO10,
889,31/08/2025,1516,web,1,pendiente,REF322099,,
1599,10-06-2024,510,web,11,completado,REF895953,,
822,24 de noviembre de 2025,145,app_movil,6,cancelado,REF355129,VERANO10,2024-06-01 12:00
309,11/14/2024,198,app_movil,1,pendiente,REF814192,,
1183,2024-02-01 00:00:00,66,tienda_fisica,9,cancelado,REF581508,,
1578,2024-12-29,256,tienda_fisica,5,completado,REF429145,,2024-06-01 12:00
428,2024-08-28 00:00:00,183,app_movil,12,pendiente,REF747969,NAVIDAD15,2024-06-01 12:00
1449,18/04/2026,346,app_movil,9,pendiente,REF958854,NAVIDAD15,2024-06-01 12:00
1986,2024-09-14,1429,web,4,completado,REF909073,,2024-06-01 12:00
1382,28/08/2026,752,tienda_fisica,5,enviado,REF199770,VERANO10,
2093,04/09/2026,1579,web,6,pendiente,REF541763,NAVIDAD15,
1053,2026-02-28,345,tienda_fisica,6,completado,REF551338,VERANO10,2024-06-01 12:00
2403,2025-06-14 00:00:00,238,tienda_fisica,2,completado,REF245835,VERANO10,
2888,10-04-2026,1947,web,12,completado,REF555451,NAVIDAD15,
1748,2024-11-19,1770,web,3,enviado,REF733939,,2024-06-01 12:00
2195,12/18/2025,481,web,3,pendiente,REF485736,NAVIDAD15,2024-06-01 12:00
1651,01/21/2026,492,app_movil,8,completado,REF915417,VERANO10,2024-06-01 12:00
2766,2024-08-11,1641,app_movil,4,completado,REF581588,,
2573,11/11/2025,94,tienda_fisica,7,pendiente,REF820093,,
3374,2026-09-04 00:00:00,502,app_movil,8,completado,REF865939,VERANO10,
162,06/20/2025,1891,app_movil,9,completado,REF545767,,2024-06-01 12:00
1621,2024-03-07,708,tienda_fisica,9,completado,REF757938,VERANO10,
919,24-11-2025,423,tienda_fisica,10,completado,REF886630,,
3141,2026-07-10 00:00:00,268,tienda_fisica,9,completado,REF916925,VERANO10,2024-06-01 12:00
3195,2026-07-09 00:00:00,1434,app_movil,8,completado,REF804315,NAVIDAD15,
2625,2024-05-02 00:00:00,801,tienda_fisica,8,completado,REF155725,,
1083,12/22/2025,1168,web,1,completado,REF539328,VERANO10,
52,4 de abril de 2026,278,app_movil,12,completado,REF447198,NAVIDAD15,
882,2026-06-17,157,app_movil,6,pendiente,REF177842,,
2373,21 de julio de 2026,142,app_movil,8,pendiente,REF558811,,2024-06-01 12:00
3219,2024-09-29,1256,tienda_fisica,2,cancelado,REF852046,VERANO10,
2176,9 de mayo de 2026,129,web,9,enviado,REF925157,NAVIDAD15,
375,08/01/2024,802,web,9,completado,REF264287,,
672,28-07-2024,1723,tienda_fisica,5,completado,REF867774,NAVIDAD15,2024-06-01 12:00
2025,03/12/2024,1227,app_movil,1,completado,REF146906,,2024-06-01 12:00
982,2024-07-08,744,web,10,completado,REF371911,VERANO10,
1207,27/08/2024,970,web,5,cancelado,REF122973,,2024-06-01 12:00
588,2024-11-17,1755,tienda_fisica,11,cancelado,REF697336,,
501,2025-04-13,1764,app_movil,11,cancelado,REF167170,NAVIDAD15,
1702,13-04-2026,1856,app_movil,11,cancelado,REF875815,VERANO10,
3124,2025-05-04,1329,tienda_fisica,8,completado,REF854423,VERANO10,
2817,2024-01-16 00:00:00,1884,web,2,completado,REF229348,NAVIDAD15,
3260,30 de septiembre de 2025,1621,app_movil,5,completado,REF211877,VERANO10,
1911,2025-05-02,657,app_movil,12,pendiente,REF540390,NAVIDAD15,2024-06-01 12:00
2493,2024-03-09,1526,app_movil,5,pendiente,REF643078,VERANO10,2024-06-01 12:00
3107,25-09-2025,1033,tienda_fisica,9,cancelado,REF416505,,
3456,2026-05-18 00:00:00,590,app_movil,10,completado,REF910642,,
2968,6 de mayo de 2024,1636,app_movil,7,enviado,REF698779,,2024-06-01 12:00
2565,23 de julio de 2025,1420,web,3,enviado,REF195253,,
2791,2026-09-15 00:00:00,1453,tienda_fisica,6,pendiente,REF527200,,2024-06-01 12:00
2723,2026-04-28 00:00:00,900,tienda_fisica,12,pendiente,REF981002,,
1936,2026-02-18,1741,web,12,pendiente,REF657174,NAVIDAD15,
868,2024-04-24,1537,web,4,enviado,REF879321,,2024-06-01 12:00
2087,22/08/2024,641,web,7,enviado,REF727438,,2024-06-01 12:00
1310,29-05-2025,404,web,3,completado,REF167681,,
1318,23-07-2026,64,tienda_fisica,10,pendiente,REF406678,,2024-06-01 12:00
2665,06/09/2024,1215,tienda_fisica,11,cancelado,REF137039,,2024-06-01 12:00
2274,01/22/2026,791,app_movil,2,enviado,REF459601,NAVIDAD15,
892,09/13/2025,1285,tienda_fisica,6,completado,REF270323,,
511,07/10/2024,981,web,7,cancelado,REF387500,,
176,05/17/2025,75,tienda_fisica,12,completado,REF944484,VERANO10,
1172,25/07/2026,18,tienda_fisica,10,completado,REF789951,NAVIDAD15,
1146,05/06/2026,1549,web,9,completado,REF944088,NAVIDAD15,
2289,14/06/2024,362,app_movil,3,completado,REF637004,,2024-06-01 12:00
3415,12-03-2025,774,web,10,enviado,REF702736,NAVIDAD15,
775,02-03-2025,197,app_movil,3,completado,REF989395,NAVIDAD15,
3196,2024-05-09,1461,app_movil,3,pendiente,REF310629,,2024-06-01 12:00
1481,20 de mayo de 2026,1060,tienda_fisica,11,completado,REF317528,,2024-06-01 12:00
2734,10-01-2025,428,tienda_fisica,8,completado,REF532953,,
718,2025-04-27 00:00:00,299,app_movil,7,completado,REF158198,,
1469,2026-01-18,293,web,11,completado,REF401903,,
1190,03/07/2025,1661,app_movil,12,completado,REF648595,VERANO10,
3234,2025-05-14,1366,tienda_fisica,7,completado,REF882587,,
2507,2024-10-05,426,tienda_fisica,4,pendiente,REF427978,,
3419,10/07/2025,220,tienda_fisica,4,pendiente,REF740667,VERANO10,
3289,29/11/2024,1969,app_movil,11,pendiente,REF619807,VERANO10,
2044,2024-11-18,1590,tienda_fisica,2,enviado,REF788738,NAVIDAD15,2024-06-01 12:00
3336,01/07/2024,344,tienda_fisica,12,cancelado,REF529057,VERANO10,
932,3 de marzo de 2024,181,tienda_fisica,8,pendiente,REF344094,,
450,2025-11-15,473,tienda_fisica,5,completado,REF527915,VERANO10,2024-06-01 12:00
3444,2025-06-03 00:00:00,835,tienda_fisica,6,pendiente,REF264066,VERANO10,
3158,04/11/2024,822,tienda_fisica,7,pendiente,REF481365,VERANO10,2024-06-01 12:00
3439,2026-03-13,842,web,1,enviado,REF527250,VERANO10,
2015,2025-03-09,463,tienda_fisica,8,enviado,REF945355,,
930,06/24/2024,1741,web,8,completado,REF265908,,
1870,06/20/2024,485,tienda_fisica,11,completado,REF946377,NAVIDAD15,
730,27 de agosto de 2024,617,app_movil,12,enviado,REF606430,,
2088,16-11-2025,462,tienda_fisica,12,cancelado,REF699987,,
2005,2024-04-25 00:00:00,1764,app_movil,1,completado,REF209850,NAVIDAD15,
765,2025-05-04,1139,tienda_fisica,3,cancelado,REF422252,NAVIDAD15,2024-06-01 12:00
1694,08/06/2024,336,tienda_fisica,9,completado,REF628639,NAVIDAD15,
2506,01/23/2024,1287,web,1,completado,REF658250,VERANO10,
2624,2024-07-31,1529,app_movil,10,completado,REF838503,,
789,09/09/2026,1451,app_movil,11,completado,REF984807,,
2130,07/03/2026,1508,web,12,completado,REF973983,VERANO10,
1336,24 de abril de 2024,1375,web,11,pendiente,REF408681,NAVIDAD15,
203,2024-02-13,1380,app_movil,2,completado,REF837352,VERANO10,2024-06-01 12:00
3242,2024-04-10 00:00:00,1586,web,11,completado,REF163568,,
2770,2026-09-17,236,tienda_fisica,7,pendiente,REF139054,,2024-06-01 12:00
2268,2024-06-05 00:00:00,1482,app_movil,8,cancelado,REF352740,,2024-06-01 12:00
783,05/11/2024,1004,web,5,completado,REF719782,,
95,06/22/2025,1396,app_movil,8,cancelado,REF795615,,
1284,04/09/2024,1755,tienda_fisica,12,pendiente,REF236181,,
915,16-03-2026,1287,tienda_fisica,8,cancelado,REF110087,,
1989,01/06/2026,1287,web,11,completado,REF214850,NAVIDAD15,2024-06-01 12:00
527,2024-06-01,1789,tienda_fisica,6,cancelado,REF108071,VERANO10,
2580,16-05-2026,253,app_movil,4,pendiente,REF751142,NAVIDAD15,
1788,2024-08-16,105,web,1,completado,REF411771,,2024-06-01 12:00
1208,17 de agosto de 2025,297,app_movil,4,completado,REF392578,NAVIDAD15,
2040,2026-01-16,952,app_movil,11,cancelado,REF756900,,
2128,2026-09-03,1732,app_movil,9,completado,REF241231,,2024-06-01 12:00
978,16 de julio de 2025,424,app_movil,11,completado,REF688132,VERANO10,
1619,2024-08-01 00:00:00,1041,web,11,enviado,REF977766,,
608,07/09/2024,1846,web,10,completado,REF310433,,2024-06-01 12:00
3102,02/28/2026,1452,web,3,pendiente,REF875400,,
1141,06-01-2025,982,web,7,completado,REF548748,,
1013,22 de noviembre de 2024,266,app_movil,9,completado,REF316630,VERANO10,
1178,2026-03-31,1218,web,11,completado,REF518989,NAVIDAD15,
2899,2025-01-24,906,app_movil,3,enviado,REF325303,,
2318,2025-05-28 00:00:00,1551,web,7,cancelado,REF770355,,
297,2026-06-25,553,tienda_fisica,11,cancelado,REF137307,,2024-06-01 12:00
2717,2024-11-27 00:00:00,1243,app_movil,4,completado,REF858826,,
31,14-10-2024,381,tienda_fisica,5,completado,REF285582,,2024-06-01 12:00
731,2026-03-03,1278,web,4,cancelado,REF340076,,
928,26-03-2026,1433,tienda_fisica,10,pendiente,REF656709,,2024-06-01 12:00
188,29-03-2026,1368,app_movil,2,pendiente,REF690616,NAVIDAD15,
749,2026-09-29 00:00:00,801,app_movil,11,pendiente,REF790152,VERANO10,
2649,2026-09-01 00:00:00,973,app_movil,1,completado,REF679037,,
1656,23 de enero de 2025,538,web,11,pendiente,REF679662,NAVIDAD15,2024-06-01 12:00
1374,15-08-2026,568,web,7,completado,REF721204,VERANO10,
1731,11/06/2025,13,tienda_fisica,9,completado,REF804095,,2024-06-01 12:00
1346,18-02-2026,1735,app_movil,4,completado,REF990919,,
1279,2024-08-08,753,tienda_fisica,4,cancelado,REF967766,VERANO10,
2323,2025-02-28,1461,app_movil,11,cancelado,REF552115,,2024-06-01 12:00
2604,06/11/2025,109,web,1,completado,REF700663,NAVIDAD15,
3210,2025-07-22,901,app_movil,8,completado,REF438762,,2024-06-01 12:00
1751,15-08-2024,1890,web,5,enviado,REF713435,VERANO10,2024-06-01 12:00
2673,05-01-2026,981,app_movil,5,completado,REF824900,,
415,2025-10-11,328,app_movil,5,pendiente,REF942954,,
340,2026-04-23 00:00:00,1832,tienda_fisica,5,enviado,REF303743,,
524,11/01/2024,956,app_movil,5,cancelado,REF893872,,
553,2026-07-19 00:00:00,539,tienda_fisica,6,completado,REF308758,NAVIDAD15,
1625,29/08/2024,499,app_movil,8,completado,REF494340,VERANO10,
3060,3 de julio de 2026,777,app_movil,5,pendiente,REF526150,,2024-06-01 12:00
1897,2024-04-30,932,app_movil,11,completado,REF838307,NAVIDAD15,
404,22 de febrero de 2024,1718,tienda_fisica,10,cancelado,REF110305,VERANO10,
39,18 de agosto de 2024,217,app_movil,10,completado,REF357794,,
2851,10 de julio de 2026,1435,web,9,completado,REF116270,VERANO10,
3341,2025-03-16,989,tienda_fisica,10,pendiente,REF183326,,
1793,2026-04-24,316,app_movil,5,pendiente,REF524179,VERANO10,2024-06-01 12:00
3022,01/13/2024,1233,app_movil,12,completado,REF946902,,2024-06-01 12:00
1862,01/07/2026,1565,tienda_fisica,4,completado,REF290657,,
2520,19-09-2026,1947,web,9,completado,REF898757,,
2485,01/27/2025,1420,web,3,pendiente,REF323879,,2024-06-01 12:00
635,02/27/2025,566,web,1,completado,REF898898,VERANO10,
3580,20/07/2024,670,app_movil,9,completado,REF732352,,
2620,2025-09-03,1535,tienda_fisica,12,completado,REF312123,VERANO10,
3076,16-02-2026,1952,tienda_fisica,12,completado,REF609978,NAVIDAD15,2024-06-01 12:00
2235,2025-12-07,676,tienda_fisica,12,enviado,REF556184,,2024-06-01 12:00
1500,2025-04-15,1341,web,6,enviado,REF815753,,
1164,2024-10-30,836,app_movil,8,completado,REF432003,VERANO10,2024-06-01 12:00
1061,2026-08-28 00:00:00,820,tienda_fisica,10,cancelado,REF184505,VERANO10,
1298,31/10/2024,1779,app_movil,11,pendiente,REF324678,VERANO10,2024-06-01 12:00
696,28 de noviembre de 2024,924,web,11,cancelado,REF431890,,2024-06-01 12:00
1595,24 de enero de 2025,1717,tienda_fisica,12,pendiente,REF800334,,
2378,03/04/2025,1895,web,8,cancelado,REF676432,,
601,21/01/2024,118,tienda_fisica,5,completado,REF350298,,
2527,17-02-2026,517,tienda_fisica,10,completado,REF678076,VERANO10,
560,14/05/2024,553,app_movil,2,cancelado,REF202385,NAVIDAD15,2024-06-01 12:00
1474,3 de agosto de 2024,604,tienda_fisica,10,pendiente,REF776412,,
2660,11 de agosto de 2025,25,tienda_fisica,6,completado,REF715575,,2024-06-01 12:00
419,15 de junio de 2024,1807,app_movil,11,completado,REF830917,VERANO10,2024-06-01 12:00
2278,02/01/2026,1899,app_movil,11,cancelado,REF979205,,
322,2024-02-16,530,web,7,cancelado,REF797628,NAVIDAD15,2024-06-01 12:00
3371,2025-03-23,1212,app_movil,10,completado,REF108516,VERANO10,2024-06-01 12:00
1322,2025-11-22 00:00:00,1827,app_movil,6,enviado,REF737514,NAVIDAD15,2024-06-01 12:00
1844,7 de julio de 2026,1632,web,2,completado,REF654302,VERANO10,2024-06-01 12:00
2810,2025-07-17,1735,app_movil,5,completado,REF450698,,
3192,01/04/2026,301,tienda_fisica,12,cancelado,REF212080,,2024-06-01 12:00
1122,30 de abril de 2025,769,web,2,completado,REF578126,,
3378,2025-09-06,1218,web,12,completado,REF564496,VERANO10,
2987,03/28/2026,1627,web,9,completado,REF271811,,
2432,2024-10-13 00:00:00,1657,tienda_fisica,5,completado,REF702420,,
629,12/07/2024,545,app_movil,9,completado,REF973056,VERANO10,2024-06-01 12:00
2391,2026-02-23 00:00:00,1241,web,12,completado,REF626411,VERANO10,
2965,4 de enero de 2025,527,app_movil,11,completado,REF569517,,
1768,2025-09-07,276,app_movil,4,cancelado,REF641484,,
2908,2025-06-29,1886,app_movil,8,pendiente,REF235009,VERANO10,2024-06-01 12:00
1677,08/28/2026,663,web,9,completado,REF238009,NAVIDAD15,2024-06-01 12:00
733,9 de junio de 2026,1819,web,10,completado,REF759405,VERANO10,
1930,07/31/2025,1833,app_movil,8,cancelado,REF503133,,
3099,04/03/2024,1490,web,5,pendiente,REF643148,VERANO10,
1194,2026-04-25 00:00:00,366,web,2,completado,REF980230,,
1940,2024-12-08,486,app_movil,5,completado,REF133761,VERANO10,2024-06-01 12:00
1385,2024-01-11,1354,tienda_fisica,5,completado,REF291468,VERANO10,2024-06-01 12:00
1991,2025-12-09,193,app_movil,10,completado,REF525338,,
2861,01/05/2026,887,tienda_fisica,2,cancelado,REF689660,NAVIDAD15,2024-06-01 12:00
2936,2025-06-19 00:00:00,1803,tienda_fisica,2,pendiente,REF973628,NAVIDAD15,
848,2026-07-08,1044,tienda_fisica,6,completado,REF248715,VERANO10,
514,2024-12-09,1687,tienda_fisica,12,completado,REF239537,NAVIDAD15,2024-06-01 12:00
2354,22-02-2025,1199,app_movil,2,pendiente,REF550137,,2024-06-01 12:00
1588,4 de febrero de 2024,75,tienda_fisica,7,enviado,REF850698,NAVIDAD15,2024-06-01 12:00
2153,2026-03-04,1961,web,6,pendiente,REF365151,,
3097,09-04-2025,1852,tienda_fisica,2,completado,REF593520,VERANO10,
3133,2024-07-14 00:00:00,1397,web,5,cancelado,REF655916,,
3383,11/10/2024,1816,web,7,completado,REF943617,VERANO10,2024-06-01 12:00
2945,2024-02-01 00:00:00,562,app_movil,6,pendiente,REF112735,,
2198,31 de mayo de 2025,1960,app_movil,8,completado,REF703974,NAVIDAD15,
430,2025-07-30,1872,app_movil,5,cancelado,REF295435,VERANO10,
2703,30 de agosto de 2026,1637,web,9,pendiente,REF969691,VERANO10,
636,2026-08-16,990,app_movil,5,pendiente,REF427137,,2024-06-01 12:00
911,2025-11-20,1180,tienda_fisica,10,enviado,REF504145,,
951,2026-06-18 00:00:00,1842,web,3,pendiente,REF323855,NAVIDAD15,
3406,04/02/2026,1107,tienda_fisica,4,pendiente,REF137710,,
2805,05/31/2024,565,web,10,completado,REF277204,VERANO10,
1018,25/05/2026,1052,tienda_fisica,5,completado,REF830115,,
2892,09/18/2026,1994,tienda_fisica,4,pendiente,REF108443,,
551,14-08-2024,277,web,5,pendiente,REF677294,,2024-06-01 12:00
764,2024-08-16,1500,web,10,completado,REF651903,NAVIDAD15,
1443,04/17/2024,324,tienda_fisica,11,completado,REF950578,,2024-06-01 12:00
155,2025-05-04 00:00:00,1232,web,12,completado,REF803081,NAVIDAD15,
1437,2025-02-13,1050,app_movil,1,completado,REF714617,VERANO10,2024-06-01 12:00
3510,19-03-2026,1208,app_movil,7,completado,REF737637,,2024-06-01 12:00
1093,7 de enero de 2026,1458,tienda_fisica,4,completado,REF148822,VERANO10,2024-06-01 12:00
2648,2024-07-10 00:00:00,640,web,6,enviado,REF896269,,2024-06-01 12:00
2074,01/05/2026,588,tienda_fisica,9,completado,REF426512,VERANO10,2024-06-01 12:00
2137,2025-02-05 00:00:00,1502,app_movil,7,pendiente,REF444750,NAVIDAD15,2024-06-01 12:00
543,16-03-2024,535,web,11,completado,REF540133,,
319,22 de junio de 2026,1241,tienda_fisica,9,completado,REF450640,NAVIDAD15,
2105,21/08/2025,657,app_movil,3,completado,REF210837,NAVIDAD15,
638,02/09/2026,861,tienda_fisica,12,completado,REF141483,NAVIDAD15,2024-06-01 12:00
303,2025-11-24,1130,app_movil,7,pendiente,REF387383,,
1537,2026-02-25 00:00:00,868,tienda_fisica,10,enviado,REF633672,VERANO10,
2263,2024-02-04 00:00:00,1923,app_movil,9,completado,REF450030,,
1267,2024-06-25,756,tienda_fisica,3,completado,REF355248,,
3573,17 de enero de 2024,2092,app_movil,5,pendiente,REF582752,NAVIDAD15,
3259,2025-07-01,210,app_movil,6,completado,REF813036,,
160,9 de marzo de 2024,1564,tienda_fisica,9,completado,REF282733,NAVIDAD15,
2182,10/05/2024,190,app_movil,4,completado,REF409658,VERANO10,
713,17-08-2026,1113,app_movil,9,completado,REF315313,NAVIDAD15,2024-06-01 12:00
1364,13/10/2024,354,app_movil,1,pendiente,REF318112,,
2190,04/04/2026,788,tienda_fisica,5,completado,REF689299,NAVIDAD15,
3229,04/14/2026,769,web,10,enviado,REF216320,NAVIDAD15,2024-06-01 12:00
1661,21-07-2025,1863,app_movil,1,completado,REF655077,VERANO10,
139,2025-12-22,1053,app_movil,12,enviado,REF763793,,2024-06-01 12:00
335,06/28/2026,1225,app_movil,11,pendiente,REF152564,,
412,2026-06-19 00:00:00,1393,app_movil,1,completado,REF199302,,
288,2025-02-22 00:00:00,920,web,7,pendiente,REF897122,,2024-06-01 12:00
3518,2026-09-15 00:00:00,1785,app_movil,1,cancelado,REF981694,NAVIDAD15,
2408,25/11/2025,646,web,7,completado,REF761172,NAVIDAD15,
1833,28-02-2024,1556,tienda_fisica,4,pendiente,REF824104,VERANO10,2024-06-01 12:00
936,26-05-2026,933,web,11,cancelado,REF879076,,
2233,2025-11-07,766,web,10,completado,REF375684,VERANO10,2024-06-01 12:00
625,2024-06-08 00:00:00,2087,app_movil,11,completado,REF254319,NAVIDAD15,
2426,2024-06-05,1280,web,7,enviado,REF301391,,2024-06-01 12:00
955,26/06/2026,1281,web,12,completado,REF652703,VERANO10,
1075,10/21/2025,512,app_movil,4,completado,REF281441,NAVIDAD15,
828,2024-11-09 00:00:00,1851,app_movil,1,completado,REF817407,VERANO10,2024-06-01 12:00
273,2026-07-02,583,web,2,completado,REF536978,,
97,2025-01-08,1445,app_movil,7,completado,REF471830,,
2382,2 de junio de 2025,491,tienda_fisica,12,completado,REF616327,,
2644,03/19/2025,1298,tienda_fisica,11,cancelado,REF397071,VERANO10,
2749,11/13/2025,1069,web,12,completado,REF581840,VERANO10,2024-06-01 12:00
244,2026-01-05,68,app_movil,6,cancelado,REF104015,,
350,7 de noviembre de 2025,478,app_movil,5,cancelado,REF778565,NAVIDAD15,
1309,31/01/2025,696,app_movil,7,cancelado,REF196430,NAVIDAD15,
1994,2026-04-08,1422,tienda_fisica,10,completado,REF253330,NAVIDAD15,
2018,2025-03-15,1528,app_movil,6,completado,REF889630,NAVIDAD15,2024-06-01 12:00
2594,2024-02-03 00:00:00,620,tienda_fisica,5,completado,REF908017,,
2602,2025-09-05,33,app_movil,3,completado,REF110682,,
3007,2025-08-24,1033,app_movil,4,cancelado,REF119765,,
735,4 de enero de 2025,1533,web,12,pendiente,REF185374,VERANO10,
1541,2026-04-14,971,tienda_fisica,7,enviado,REF672508,,
3469,05/04/2025,436,web,5,completado,REF993405,VERANO10,2024-06-01 12:00
1773,2026-05-21 00:00:00,549,web,9,cancelado,REF279724,NAVIDAD15,
2194,25/03/2024,1462,tienda_fisica,8,completado,REF900198,NAVIDAD15,
3382,23-05-2024,636,tienda_fisica,7,cancelado,REF304362,VERANO10,
463,2024-11-15 00:00:00,289,tienda_fisica,2,completado,REF404017,,
2420,04-09-2025,1154,tienda_fisica,1,enviado,REF983654,,
2753,2024-07-06,1127,web,5,completado,REF948700,,
1857,09-02-2026,362,tienda_fisica,12,completado,REF553512,,2024-06-01 12:00
1881,2024-06-28 00:00:00,676,app_movil,8,enviado,REF662764,,2024-06-01 12:00
2740,23-10-2025,73,web,6,cancelado,REF349256,,2024-06-01 12:00
800,2026-07-20,1500,tienda_fisica,6,completado,REF787974,,
3248,2024-10-10,1445,web,10,completado,REF249390,VERANO10,
741,03/05/2026,654,tienda_fisica,9,cancelado,REF790123,NAVIDAD15,
1348,14-06-2025,1434,web,8,completado,REF741918,,
814,2025-04-09,1520,web,10,completado,REF658293,,
1408,2024-08-10,269,tienda_fisica,9,enviado,REF513108,NAVIDAD15,
996,2024-02-02,85,tienda_fisica,6,completado,REF229997,VERANO10,2024-06-01 12:00
2225,27-05-2025,109,web,3,completado,REF329116,NAVIDAD15,
975,2024-12-27,200,tienda_fisica,9,completado,REF122122,,2024-06-01 12:00
1691,2024-03-14,128,web,2,completado,REF775959,VERANO10,
710,23 de marzo de 2026,1531,tienda_fisica,8,completado,REF991685,,
1995,25/08/2026,895,web,7,completado,REF219357,VERANO10,
1708,2024-08-30 00:00:00,1742,app_movil,5,completado,REF368948,,2024-06-01 12:00
3376,05/10/2024,1628,tienda_fisica,7,completado,REF552683,,2024-06-01 12:00
3250,2025-04-26,1659,web,3,completado,REF926233,NAVIDAD15,
2439,2024-09-03,1277,web,4,completado,REF594476,NAVIDAD15,
1031,2026-03-20,1554,tienda_fisica,4,pendiente,REF923196,NAVIDAD15,2024-06-01 12:00
2206,19/06/2026,1174,web,2,completado,REF311159,VERANO10,
2421,05/18/2024,974,tienda_fisica,6,completado,REF326094,NAVIDAD15,
2924,12/25/2024,1049,web,5,enviado,REF402054,NAVIDAD15,
1480,21/06/2025,1987,web,8,pendiente,REF675304,VERANO10,
2453,2024-01-28,233,app_movil,9,completado,REF310834,,
1451,2025-05-21 00:00:00,326,tienda_fisica,9,cancelado,REF882191,,2024-06-01 12:00
2996,22-08-2026,380,app_movil,8,completado,REF553034,,
3050,2024-11-22 00:00:00,1591,tienda_fisica,10,completado,REF940943,NAVIDAD15,2024-06-01 12:00
2670,2025-12-27,1786,app_movil,2,completado,REF644405,NAVIDAD15,
1962,16/10/2025,65,web,10,completado,REF951688,VERANO10,2024-06-01 12:00
221,26 de marzo de 2026,1356,tienda_fisica,2,pendiente,REF129467,,
899,15/06/2025,779,tienda_fisica,4,completado,REF124521,NAVIDAD15,
2084,2026-06-18,1802,web,1,completado,REF204728,,
2174,05-03-2026,908,tienda_fisica,10,completado,REF576233,NAVIDAD15,
1260,2026-07-23,611,tienda_fisica,11,completado,REF540182,VERANO10,
2895,30-03-2025,1758,tienda_fisica,4,completado,REF678732,,
1127,8 de julio de 2026,76,app_movil,11,completado,REF511091,NAVIDAD15,
3407,29/05/2026,1725,web,11,pendiente,REF759592,,2024-06-01 12:00
2101,2025-04-16,1730,web,8,completado,REF624597,,
1285,04-07-2026,1323,tienda_fisica,12,cancelado,REF419321,VERANO10,2024-06-01 12:00
2452,21 de noviembre de 2025,9,tienda_fisica,5,completado,REF455794,VERANO10,2024-06-01 12:00
2767,21 de septiembre de 2024,237,tienda_fisica,7,cancelado,REF536222,,
3540,01/01/2026,90,web,7,completado,REF498985,,2024-06-01 12:00
1816,09/12/2024,982,tienda_fisica,8,completado,REF617317,NAVIDAD15,
2966,2026-05-28,1402,app_movil,3,pendiente,REF682221,VERANO10,
3320,30-01-2026,1450,app_movil,7,pendiente,REF674894,,2024-06-01 12:00
1749,30/06/2026,1344,app_movil,11,completado,REF654117,,2024-06-01 12:00
2181,1 de mayo de 2025,1498,web,12,completado,REF792059,VERANO10,
581,10/01/2024,1303,tienda_fisica,3,enviado,REF674253,,2024-06-01 12:00
1974,25-05-2024,1424,tienda_fisica,11,completado,REF126943,,
2825,13 de noviembre de 2024,1088,web,11,completado,REF989092,NAVIDAD15,
1918,2026-09-17,1302,app_movil,10,completado,REF850197,,
824,2026-01-04,1694,app_movil,12,cancelado,REF886495,,2024-06-01 12:00
253,2024-11-14 00:00:00,1420,web,2,enviado,REF804310,NAVIDAD15,
1268,29-11-2025,46,web,6,completado,REF322049,,2024-06-01 12:00
2691,01/05/2026,101,web,2,completado,REF304370,,
1344,12 de enero de 2026,926,web,3,completado,REF567502,,2024-06-01 12:00
2027,17 de septiembre de 2024,1722,app_movil,6,completado,REF718308,,2024-06-01 12:00
2649,2026-09-01 00:00:00,973,app_movil,1,completado,REF679037,,
555,9 de septiembre de 2024,2200,web,8,completado,REF341556,NAVIDAD15,
411,2026-06-13,1759,app_movil,5,completado,REF917605,NAVIDAD15,
2355,15-04-2025,912,tienda_fisica,6,completado,REF895289,VERANO10,
1334,01/09/2025,1023,app_movil,10,completado,REF675808,NAVIDAD15,2024-06-01 12:00
653,2025-08-02 00:00:00,181,tienda_fisica,8,enviado,REF508943,VERANO10,2024-06-01 12:00
1097,10 de agosto de 2025,1786,app_movil,5,completado,REF207449,NAVIDAD15,2024-06-01 12:00
2920,03-09-2026,434,app_movil,11,completado,REF723127,VERANO10,
3486,01-04-2026,361,web,3,pendiente,REF878176,VERANO10,2024-06-01 12:00
2064,21/12/2025,838,app_movil,11,cancelado,REF423045,NAVIDAD15,2024-06-01 12:00
2559,2026-02-10,1659,app_movil,12,cancelado,REF672809,,
2066,2024-08-12,1188,app_movil,10,completado,REF812446,,2024-06-01 12:00
1244,08/08/2025,1824,tienda_fisica,7,pendiente,REF252544,NAVIDAD15,
1055,05-03-2026,26,web,8,completado,REF956408,VERANO10,2024-06-01 12:00
2971,2026-03-07 00:00:00,832,tienda_fisica,12,completado,REF776525,,2024-06-01 12:00
3249,2025-10-20,1339,web,8,cancelado,REF335820,,
1802,2026-03-13,1302,web,8,completado,REF109683,,
2752,05/12/2024,973,app_movil,1,completado,REF264360,NAVIDAD15,
1803,2025-11-20,1113,web,4,pendiente,REF524118,VERANO10,
2590,21 de octubre de 2024,1421,web,2,enviado,REF639647,,
239,2026-01-25,1937,web,3,completado,REF401592,,
1549,11-03-2026,752,tienda_fisica,5,enviado,REF505652,,
351,12/12/2025,342,tienda_fisica,3,completado,REF147518,VERANO10,2024-06-01 12:00
353,04-11-2025,957,web,4,cancelado,REF905442,,
1142,2025-01-04 00:00:00,1181,app_movil,5,cancelado,REF575293,,
2797,2024-08-09 00:00:00,1823,web,9,completado,REF875981,VERANO10,
771,2025-06-21 00:00:00,333,app_movil,6,completado,REF978002,NAVIDAD15,2024-06-01 12:00
129,14-02-2025,25,tienda_fisica,6,cancelado,REF351843,VERANO10,
561,2025-06-11,803,tienda_fisica,8,cancelado,REF154117,NAVIDAD15,
1324,18/06/2026,1822,app_movil,12,enviado,REF856973,,
3383,11/10/2024,1816,web,7,completado,REF943617,VERANO10,2024-06-01 12:00
3407,29/05/2026,1725,web,11,pendiente,REF759592,,2024-06-01 12:00
3495,2026-07-19 00:00:00,890,web,2,pendiente,REF100733,VERANO10,
1497,13/11/2025,1298,app_movil,4,pendiente,REF321206,VERANO10,
577,2024-03-12 00:00:00,1184,tienda_fisica,6,completado,REF505484,,2024-06-01 12:00
205,24/05/2025,851,tienda_fisica,5,completado,REF919509,NAVIDAD15,
3521,10/29/2025,441,web,5,enviado,REF671003,,2024-06-01 12:00
234,29/08/2026,1672,web,9,cancelado,REF350803,,2024-06-01 12:00
1894,10 de junio de 2024,1167,app_movil,5,completado,REF493809,,
2394,03/10/2025,155,web,2,completado,REF962627,VERANO10,
1931,2026-04-10,1961,app_movil,11,completado,REF318152,,
3089,2024-08-23 00:00:00,414,app_movil,6,cancelado,REF725964,VERANO10,
1354,29/11/2025,805,web,4,completado,REF669816,NAVIDAD15,2024-06-01 12:00
1001,2026-05-20,1762,tienda_fisica,5,completado,REF361326,,2024-06-01 12:00
1011,07/13/2024,519,web,5,pendiente,REF954916,VERANO10,
3038,2024-07-12,1861,tienda_fisica,11,completado,REF755878,VERANO10,
2668,2025-11-12,115,tienda_fisica,11,enviado,REF658914,,
117,14 de septiembre de 2025,85,web,9,enviado,REF516046,NAVIDAD15,
2443,11 de octubre de 2024,231,web,7,completado,REF619857,NAVIDAD15,
2482,2025-06-05,73,app_movil,5,pendiente,REF188271,,
695,05/13/2026,503,app_movil,8,completado,REF653257,NAVIDAD15,2024-06-01 12:00
3465,8 de octubre de 2024,1310,web,6,completado,REF490806,NAVIDAD15,2024-06-01 12:00
2142,1 de septiembre de 2024,1968,tienda_fisica,2,completado,REF440821,NAVIDAD15,2024-06-01 12:00
1222,05-05-2025,463,web,11,completado,REF949111,,2024-06-01 12:00
2641,2024-10-22,1245,tienda_fisica,12,enviado,REF863473,,
3055,2024-07-24 00:00:00,1320,tienda_fisica,11,completado,REF140288,VERANO10,
3471,2024-10-13,167,tienda_fisica,3,completado,REF752818,,
385,2026-02-06 00:00:00,1834,tienda_fisica,12,completado,REF780960,NAVIDAD15,
1409,24-06-2025,450,web,4,completado,REF920914,VERANO10,
513,2026-06-26 00:00:00,1913,web,2,completado,REF153407,NAVIDAD15,
2154,2024-02-12,1869,web,7,pendiente,REF421356,VERANO10,2024-06-01 12:00
1848,15-03-2026,338,tienda_fisica,1,pendiente,REF610609,NAVIDAD15,2024-06-01 12:00
260,2026-03-01 00:00:00,442,web,6,pendiente,REF461196,,
2671,3 de febrero de 2026,1708,app_movil,12,enviado,REF804619,VERANO10,
59,2026-07-14,513,app_movil,8,cancelado,REF698105,,
2003,8 de marzo de 2025,1559,web,11,completado,REF644336,,2024-06-01 12:00
37,2025-07-19 00:00:00,307,tienda_fisica,11,pendiente,REF103275,NAVIDAD15,
1985,2026-09-17,917,tienda_fisica,10,pendiente,REF556270,NAVIDAD15,
703,09/10/2026,1357,tienda_fisica,12,enviado,REF557134,VERANO10,2024-06-01 12:00
821,2026-09-29,1635,tienda_fisica,11,completado,REF937986,VERANO10,
2637,22/09/2024,1247,web,7,pendiente,REF620387,VERANO10,2024-06-01 12:00
3081,2024-07-24,119,app_movil,9,completado,REF153783,,
2171,2026-04-26,1213,tienda_fisica,1,enviado,REF837275,NAVIDAD15,2024-06-01 12:00
817,2024-09-12 00:00:00,1058,tienda_fisica,3,pendiente,REF491501,VERANO10,
2322,31-05-2024,1397,app_movil,12,enviado,REF780405,NAVIDAD15,
535,20 de mayo de 2024,951,tienda_fisica,9,completado,REF140583,,
277,2024-11-27 00:00:00,484,tienda_fisica,3,completado,REF781576,,2024-06-01 12:00
2204,24-06-2026,1545,tienda_fisica,1,enviado,REF255893,,2024-06-01 12:00
1934,24 de noviembre de 2025,1515,tienda_fisica,12,enviado,REF616441,,2024-06-01 12:00
207,03/03/2026,1768,web,12,cancelado,REF835209,,2024-06-01 12:00
516,2024-08-23,1112,tienda_fisica,8,cancelado,REF300693,,2024-06-01 12:00
3189,2026-09-10,636,app_movil,9,completado,REF436337,VERANO10,
1918,2026-09-17,1302,app_movil,10,completado,REF850197,,
657,2025-09-06,1206,web,5,pendiente,REF222677,NAVIDAD15,2024-06-01 12:00
306,2026-01-04,172,web,2,pendiente,REF338893,VERANO10,
1224,2025-10-30 00:00:00,436,app_movil,11,pendiente,REF414478,,2024-06-01 12:00
3224,27-08-2024,139,tienda_fisica,5,cancelado,REF682527,VERANO10,
318,11 de octubre de 2024,374,app_movil,9,completado,REF507224,,
767,08/01/2025,1386,web,3,pendiente,REF342384,NAVIDAD15,2024-06-01 12:00
761,2024-12-23,796,tienda_fisica,11,enviado,REF157175,,2024-06-01 12:00
1459,2025-09-13 00:00:00,526,tienda_fisica,8,enviado,REF794717,NAVIDAD15,2024-06-01 12:00
2451,20-05-2026,491,web,4,cancelado,REF315038,NAVIDAD15,2024-06-01 12:00
669,7 de mayo de 2024,1092,tienda_fisica,5,cancelado,REF593481,VERANO10,
3241,29/08/2025,1165,app_movil,3,pendiente,REF818549,,
1616,5 de agosto de 2026,1614,tienda_fisica,5,completado,REF171261,,
3430,2026-04-02 00:00:00,1505,web,8,pendiente,REF395492,VERANO10,2024-06-01 12:00
512,07/27/2024,1500,web,6,pendiente,REF957695,NAVIDAD15,2024-06-01 12:00
1152,04/03/2024,848,app_movil,3,completado,REF968210,VERANO10,
1210,06/30/2024,472,tienda_fisica,11,pendiente,REF297223,,2024-06-01 12:00
663,2025-06-14,1149,app_movil,11,completado,REF129024,VERANO10,2024-06-01 12:00
1895,24/08/2025,707,web,11,completado,REF873767,,
1117,12/20/2025,149,app_movil,11,completado,REF378792,,
1292,2024-05-03,1254,app_movil,4,completado,REF144890,,
1988,2025-02-08,1046,app_movil,2,completado,REF430834,NAVIDAD15,
1780,24 de agosto de 2026,47,tienda_fisica,3,cancelado,REF978366,VERANO10,
1575,2024-09-18 00:00:00,745,tienda_fisica,9,enviado,REF315536,NAVIDAD15,2024-06-01 12:00
685,04-02-2025,414,web,11,enviado,REF606869,NAVIDAD15,
523,06/23/2024,460,tienda_fisica,1,completado,REF542252,,2024-06-01 12:00
1698,13/09/2025,1726,tienda_fisica,2,enviado,REF616126,,2024-06-01 12:00
2854,2024-07-07,763,app_movil,9,pendiente,REF777836,VERANO10,
3569,24 de enero de 2026,986,app_movil,1,enviado,REF659150,,
988,05/09/2026,1384,app_movil,6,completado,REF627157,,
2547,5 de octubre de 2025,588,web,9,completado,REF379162,,2024-06-01 12:00
16,02-09-2025,505,NULL,1,pendiente,REF190670,VERANO10,
2747,07/30/2026,461,web,5,completado,REF388563,,2024-06-01 12:00
1464,28/04/2026,1724,app_movil,1,completado,REF278576,NAVIDAD15,
3014,2024-12-18,583,web,1,cancelado,REF765217,,
2248,5 de junio de 2026,1571,app_movil,11,completado,REF283868,NAVIDAD15,2024-06-01 12:00
3061,2025-10-30,437,app_movil,3,completado,REF394373,VERANO10,2024-06-01 12:00
1744,17/11/2025,281,web,1,completado,REF544026,,
1201,03/30/2025,1732,tienda_fisica,7,cancelado,REF213315,,
596,12/05/2025,83,tienda_fisica,11,pendiente,REF584571,NAVIDAD15,
1504,2025-01-27,137,web,4,completado,REF826365,NAVIDAD15,
234,29/08/2026,1672,web,9,cancelado,REF350803,,2024-06-01 12:00
12,14/06/2026,92,N/A,4,completado,REF362486,,
1181,2025-03-30 00:00:00,29,app_movil,8,completado,REF702171,NAVIDAD15,
103,2025-06-24 00:00:00,944,web,7,pendiente,REF454752,,2024-06-01 12:00
1339,29/06/2026,1476,web,4,enviado,REF648841,,
154,22 de septiembre de 2026,1302,web,12,pendiente,REF154521,,
2309,2024-10-25,1466,tienda_fisica,8,pendiente,REF299773,,2024-06-01 12:00
1182,2024-03-24,910,tienda_fisica,12,pendiente,REF485619,,
940,28-09-2024,221,web,8,completado,REF646564,,
3140,15-05-2026,1604,web,10,enviado,REF753102,VERANO10,
1546,01-01-2024,800,app_movil,11,completado,REF172798,VERANO10,2024-06-01 12:00
2638,31 de enero de 2026,1824,tienda_fisica,2,pendiente,REF259998,,2024-06-01 12:00
526,2026-02-26 00:00:00,2106,tienda_fisica,7,cancelado,REF892130,NAVIDAD15,
698,05/20/2024,961,web,5,enviado,REF804816,VERANO10,
331,06/03/2025,769,web,10,pendiente,REF787241,,
3272,06-03-2026,127,web,1,completado,REF148696,VERANO10,2024-06-01 12:00
972,30/01/2026,1606,app_movil,9,completado,REF724467,,2024-06-01 12:00
2147,2026-09-19 00:00:00,610,tienda_fisica,6,completado,REF934872,VERANO10,2024-06-01 12:00
1316,16/06/2025,1816,app_movil,4,completado,REF242517,,2024-06-01 12:00
3541,23-09-2024,1461,app_movil,6,completado,REF421752,VERANO10,
20,19/09/2025,1894,N/A,11,pendiente,REF805281,NAVIDAD15,2024-06-01 12:00
1355,21/12/2024,155,app_movil,7,enviado,REF818435,,
2570,01/12/2025,1192,web,9,completado,REF193929,VERANO10,
2674,2025-05-26,1827,web,9,enviado,REF356122,NAVIDAD15,
1067,29 de enero de 2024,278,app_movil,1,enviado,REF749383,,
477,2026-04-14,1768,app_movil,5,completado,REF289953,,
3255,2025-09-28,212,web,2,pendiente,REF266514,NAVIDAD15,
1118,2025-01-20,373,tienda_fisica,6,pendiente,REF545019,,
2510,2024-07-10,381,web,9,cancelado,REF738255,,
187,2026-09-24,601,tienda_fisica,9,cancelado,REF442410,,
2308,27 de mayo de 2026,587,web,3,pendiente,REF773144,,2024-06-01 12:00
1743,2026-07-06,1647,web,6,cancelado,REF793510,,2024-06-01 12:00
664,2025-10-01,1309,tienda_fisica,1,pendiente,REF769904,,
1707,2024-12-19 00:00:00,651,web,1,cancelado,REF182939,,
2415,05/23/2026,1867,web,12,enviado,REF128128,,
590,17/07/2026,1059,tienda_fisica,7,pendiente,REF149357,,2024-06-01 12:00
2244,01/09/2025,696,web,10,completado,REF220491,NAVIDAD15,2024-06-01 12:00
66,2025-04-02,549,tienda_fisica,12,completado,REF322747,,
2532,2024-04-20 00:00:00,776,app_movil,9,completado,REF362100,NAVIDAD15,2024-06-01 12:00
2314,2026-04-02,1644,web,12,completado,REF734832,,2024-06-01 12:00
2782,25/06/2024,405,tienda_fisica,1,enviado,REF959168,,
839,11/15/2024,1795,app_movil,3,cancelado,REF537727,,
2475,2024-03-10,839,web,9,completado,REF499428,NAVIDAD15,2024-06-01 12:00
114,2026-01-09 00:00:00,1035,web,5,cancelado,REF535775,VERANO10,
1760,2024-11-22 00:00:00,1909,app_movil,11,enviado,REF328852,,
2321,2025-03-31,998,web,11,completado,REF364876,NAVIDAD15,2024-06-01 12:00
502,2026-05-03,2166,app_movil,1,completado,REF475475,,2024-06-01 12:00
536,2024-09-05,1973,web,3,cancelado,REF234131,,
1005,21-05-2024,1442,app_movil,6,completado,REF403520,NAVIDAD15,
792,10-06-2024,1007,tienda_fisica,4,pendiente,REF590895,VERANO10,
2735,05/18/2025,54,tienda_fisica,8,completado,REF735848,VERANO10,2024-06-01 12:00
392,25 de enero de 2025,1127,tienda_fisica,8,completado,REF430417,NAVIDAD15,2024-06-01 12:00
3593,05/02/2025,906,tienda_fisica,3,enviado,REF151009,,
2369,2025-03-26,218,web,11,completado,REF936682,NAVIDAD15,
459,2025-09-05,1869,app_movil,3,completado,REF117094,NAVIDAD15,
2523,2026-06-25,291,app_movil,5,pendiente,REF338997,,2024-06-01 12:00
1329,2025-09-13 00:00:00,421,web,11,completado,REF890934,,
379,2024-11-03,1252,tienda_fisica,11,pendiente,REF220195,VERANO10,
1472,04/21/2026,1116,tienda_fisica,1,completado,REF561357,,
1393,2024-06-11 00:00:00,60,web,2,pendiente,REF444295,VERANO10,
3292,16 de septiembre de 2026,180,app_movil,12,enviado,REF311042,VERANO10,
2853,26/02/2026,1933,app_movil,6,enviado,REF483344,VERANO10,2024-06-01 12:00
2253,23-04-2025,1285,tienda_fisica,1,completado,REF756081,NAVIDAD15,
171,2026-08-31 00:00:00,389,app_movil,9,completado,REF859613,VERANO10,
2578,10-07-2024,343,tienda_fisica,1,cancelado,REF719268,,
1878,24/01/2024,271,tienda_fisica,4,enviado,REF574053,,
1859,01-10-2025,439,web,2,pendiente,REF418523,,
1946,2025-08-31,1747,web,3,completado,REF570273,NAVIDAD15,
558,22 de mayo de 2024,121,app_movil,11,cancelado,REF593026,NAVIDAD15,
2508,27/04/2024,1769,tienda_fisica,8,completado,REF136960,VERANO10,2024-06-01 12:00
289,16-05-2026,1446,app_movil,2,enviado,REF135145,NAVIDAD15,2024-06-01 12:00
3384,28 de abril de 2024,397,tienda_fisica,5,pendiente,REF525019,VERANO10,
445,26-05-2026,1402,web,10,cancelado,REF484763,,2024-06-01 12:00
726,25/02/2025,434,tienda_fisica,4,completado,REF633112,NAVIDAD15,2024-06-01 12:00
506,2024-08-15,781,app_movil,6,cancelado,REF461661,NAVIDAD15,
2370,2025-04-27 00:00:00,265,app_movil,2,enviado,REF830573,,
3551,19-07-2025,1701,tienda_fisica,11,pendiente,REF756186,,
3235,2024-03-23,881,app_movil,11,completado,REF720777,,2024-06-01 12:00
1281,5 de febrero de 2025,1847,app_movil,12,completado,REF796961,NAVIDAD15,
1186,19/09/2024,1795,web,9,completado,REF859702,,
57,07/24/2025,1609,app_movil,1,pendiente,REF714591,,2024-06-01 12:00
1357,02/19/2025,197,web,9,completado,REF453781,,
3523,2025-01-27,1035,tienda_fisica,9,pendiente,REF330977,,2024-06-01 12:00
3194,22/04/2026,532,web,5,completado,REF106950,,
1430,05-11-2025,362,app_movil,10,completado,REF930574,,
2305,04-09-2025,1953,web,4,pendiente,REF181605,NAVIDAD15,
1762,01-08-2026,408,web,1,cancelado,REF367701,VERANO10,2024-06-01 12:00
3145,2024-04-29,1112,app_movil,6,enviado,REF559587,,
1820,17-11-2025,1043,web,9,pendiente,REF153753,VERANO10,
3475,2024-03-08,297,web,10,completado,REF583189,VERANO10,2024-06-01 12:00
1944,2025-11-08,1799,app_movil,9,completado,REF710520,,
1807,29 de mayo de 2024,1701,tienda_fisica,10,pendiente,REF393989,,
3273,05/15/2025,727,web,8,cancelado,REF298448,,
237,2025-07-04 00:00:00,996,app_movil,11,completado,REF792266,VERANO10,2024-06-01 12:00
2905,12 de agosto de 2025,941,app_movil,11,enviado,REF533909,,
119,26 de mayo de 2024,186,tienda_fisica,1,completado,REF167962,,
1784,2024-07-06 00:00:00,499,app_movil,5,completado,REF583049,NAVIDAD15,
2386,17-04-2024,1387,web,12,pendiente,REF102103,,
3179,2024-12-27,830,web,4,completado,REF570495,,
71,31 de mayo de 2024,1045,tienda_fisica,3,completado,REF868852,NAVIDAD15,2024-06-01 12:00
997,08-09-2026,1883,web,3,completado,REF111668,VERANO10,2024-06-01 12:00
1950,12/02/2026,1992,app_movil,2,cancelado,REF197977,NAVIDAD15,
1238,2026-07-29,1894,tienda_fisica,9,completado,REF396649,,2024-06-01 12:00
2118,2025-06-03 00:00:00,1924,app_movil,2,completado,REF785147,VERANO10,2024-06-01 12:00
80,2026-07-28 00:00:00,1904,,9,enviado,REF191897,NAVIDAD15,
376,2025-03-10,238,web,7,pendiente,REF920032,,
2561,05/05/2025,1459,tienda_fisica,12,completado,REF670344,,
3416,2025-09-10,1905,tienda_fisica,7,pendiente,REF219926,VERANO10,
431,30/11/2024,2200,web,4,pendiente,REF903370,NAVIDAD15,2024-06-01 12:00
2774,03/25/2025,1201,tienda_fisica,6,pendiente,REF118078,,2024-06-01 12:00
2656,25-06-2026,1562,tienda_fisica,7,completado,REF140320,NAVIDAD15,2024-06-01 12:00
2963,10/26/2024,1762,web,6,pendiente,REF285493,VERANO10,
2072,09/27/2024,231,tienda_fisica,5,pendiente,REF953361,VERANO10,
687,16/10/2024,461,app_movil,5,enviado,REF980399,VERANO10,
3264,2025-02-23,463,tienda_fisica,7,completado,REF236700,NAVIDAD15,
3473,24 de abril de 2025,120,web,10,pendiente,REF715473,NAVIDAD15,
2585,2025-08-09 00:00:00,1031,app_movil,4,completado,REF303740,NAVIDAD15,
973,16 de mayo de 2024,1519,web,1,completado,REF903950,,2024-06-01 12:00
1490,10/07/2024,1992,app_movil,2,completado,REF367243,,2024-06-01 12:00
2646,02/15/2025,1264,tienda_fisica,2,enviado,REF414408,NAVIDAD15,2024-06-01 12:00
1590,2025-12-31,1360,web,9,completado,REF921472,VERANO10,2024-06-01 12:00
1947,08/18/2025,845,app_movil,8,pendiente,REF235289,VERANO10,
598,2025-01-31,1673,tienda_fisica,3,completado,REF558866,,
1928,2024-01-15 00:00:00,368,app_movil,5,pendiente,REF642915,,
446,6 de diciembre de 2025,1516,app_movil,2,completado,REF802625,,2024-06-01 12:00
1079,08-04-2024,1479,app_movil,11,enviado,REF284690,,
2017,1 de noviembre de 2025,1226,web,8,completado,REF662832,NAVIDAD15,
1564,2026-05-06,222,web,4,cancelado,REF854855,NAVIDAD15,
1046,11/02/2026,1932,tienda_fisica,4,pendiente,REF933826,,2024-06-01 12:00
622,17-05-2025,270,tienda_fisica,1,completado,REF347992,,
1628,2024-11-22,138,tienda_fisica,1,enviado,REF574274,NAVIDAD15,
3419,10/07/2025,220,tienda_fisica,4,pendiente,REF740667,VERANO10,
1777,07/21/2026,100,app_movil,8,completado,REF312839,,
1899,2025-09-21,1594,tienda_fisica,6,completado,REF971498,NAVIDAD15,
3316,2026-01-22,796,app_movil,5,completado,REF953874,NAVIDAD15,2024-06-01 12:00
2264,2024-05-19,308,app_movil,8,completado,REF351242,,
2315,2025-12-02 00:00:00,99,web,7,enviado,REF811300,,2024-06-01 12:00
1620,24/03/2024,1970,app_movil,10,enviado,REF398010,,2024-06-01 12:00
2252,2025-07-20,1602,tienda_fisica,4,completado,REF852173,,
3544,2025-04-15,421,app_movil,11,enviado,REF860052,,2024-06-01 12:00
3168,2025-03-21 00:00:00,1986,app_movil,7,completado,REF876713,,2024-06-01 12:00
1971,2026-06-19,527,tienda_fisica,2,completado,REF666315,NAVIDAD15,
3042,2025-07-06,1925,tienda_fisica,6,pendiente,REF965447,NAVIDAD15,2024-06-01 12:00
574,30 de junio de 2024,1772,tienda_fisica,5,enviado,REF371081,,2024-06-01 12:00
2109,07/24/2025,894,app_movil,6,completado,REF646707,VERANO10,
1131,2025-11-27 00:00:00,91,app_movil,1,enviado,REF636055,,
1347,03-06-2024,1483,tienda_fisica,11,completado,REF920843,NAVIDAD15,
1106,2026-04-27,1746,tienda_fisica,12,completado,REF765690,VERANO10,
2773,2026-07-22,940,app_movil,5,enviado,REF744588,,
2821,08/12/2024,19,app_movil,1,completado,REF506593,,2024-06-01 12:00
738,16-09-2026,72,tienda_fisica,7,pendiente,REF198180,NAVIDAD15,
1925,7 de mayo de 2025,1013,web,5,cancelado,REF620650,,2024-06-01 12:00
987,2024-02-03 00:00:00,1749,app_movil,7,completado,REF830673,VERANO10,
3058,2025-08-12,462,tienda_fisica,12,completado,REF269300,,2024-06-01 12:00
860,2024-02-22 00:00:00,1276,tienda_fisica,11,completado,REF668900,,
3122,2025-06-17 00:00:00,501,tienda_fisica,8,enviado,REF866642,,
2707,2025-02-14,1890,tienda_fisica,9,enviado,REF552286,,2024-06-01 12:00
409,2024-01-26,1691,app_movil,3,pendiente,REF692233,,2024-06-01 12:00
1730,24-05-2026,609,tienda_fisica,8,completado,REF808887,,2024-06-01 12:00
2265,30/04/2026,1458,app_movil,12,completado,REF543410,VERANO10,2024-06-01 12:00
3186,12 de marzo de 2024,500,web,10,enviado,REF430932,NAVIDAD15,
2544,07/18/2025,256,tienda_fisica,3,completado,REF459332,NAVIDAD15,
721,19-05-2025,1224,web,3,enviado,REF350053,VERANO10,2024-06-01 12:00
414,14/08/2025,1828,web,7,enviado,REF306689,,
805,04/20/2025,1573,web,6,cancelado,REF180391,,
618,21 de enero de 2024,320,app_movil,12,pendiente,REF655251,NAVIDAD15,2024-06-01 12:00
405,23/01/2024,634,tienda_fisica,12,completado,REF802074,VERANO10,
1407,05-04-2025,260,app_movil,7,cancelado,REF594749,NAVIDAD15,2024-06-01 12:00
1555,2025-05-10 00:00:00,1645,app_movil,1,completado,REF613417,NAVIDAD15,2024-06-01 12:00
1553,2026-07-01,1980,web,1,enviado,REF942902,,
847,25 de mayo de 2024,821,web,4,cancelado,REF573436,NAVIDAD15,
1373,2025-07-21,1359,web,10,completado,REF179549,NAVIDAD15,2024-06-01 12:00
3413,05/01/2024,1726,tienda_fisica,4,completado,REF444800,VERANO10,
1633,2025-04-02 00:00:00,492,app_movil,4,completado,REF164709,,2024-06-01 12:00
1670,2024-06-01,1786,tienda_fisica,10,completado,REF478861,VERANO10,
118,2026-07-12,371,app_movil,4,completado,REF874537,NAVIDAD15,2024-06-01 12:00
1884,2025-10-13 00:00:00,890,app_movil,10,cancelado,REF520262,,
135,7 de junio de 2026,153,tienda_fisica,2,enviado,REF234526,VERANO10,2024-06-01 12:00
554,17/08/2025,1406,app_movil,4,enviado,REF335153,,2024-06-01 12:00
2210,04/08/2025,416,tienda_fisica,6,enviado,REF204238,VERANO10,2024-06-01 12:00
956,09/10/2025,1238,app_movil,11,cancelado,REF370514,NAVIDAD15,2024-06-01 12:00
2777,24/02/2024,346,web,2,cancelado,REF260654,NAVIDAD15,
356,2024-05-13,440,web,2,completado,REF433898,,
3094,05/02/2024,345,app_movil,12,completado,REF765027,VERANO10,
2047,16-03-2024,453,app_movil,9,enviado,REF713654,,
1459,2025-09-13 00:00:00,526,tienda_fisica,8,enviado,REF794717,NAVIDAD15,2024-06-01 12:00
1888,04/26/2026,1547,tienda_fisica,2,completado,REF801908,VERANO10,
3286,8 de diciembre de 2025,1991,app_movil,10,completado,REF727840,,
2240,04/09/2026,1053,app_movil,9,completado,REF458651,,
1369,12-03-2025,1106,tienda_fisica,10,enviado,REF895728,,
3479,2024-11-22,1210,tienda_fisica,8,completado,REF625130,,
217,31-07-2026,780,tienda_fisica,2,pendiente,REF353579,VERANO10,
2726,05/11/2024,166,tienda_fisica,6,enviado,REF980507,,2024-06-01 12:00
1837,20 de abril de 2024,1394,tienda_fisica,9,cancelado,REF928018,VERANO10,
3092,11/07/2024,386,app_movil,10,pendiente,REF482564,,
1414,2026-05-31,1432,tienda_fisica,1,enviado,REF592000,,
2715,2025-02-28,1957,tienda_fisica,4,cancelado,REF950627,NAVIDAD15,2024-06-01 12:00
1020,2024-12-15 00:00:00,1217,app_movil,4,cancelado,REF926646,,
1817,23/05/2026,866,web,6,pendiente,REF352180,,2024-06-01 12:00
2612,2025-12-26,360,app_movil,4,completado,REF174090,VERANO10,2024-06-01 12:00
2056,2025-08-30,26,tienda_fisica,11,pendiente,REF339621,,
60,2024-07-13,1930,app_movil,2,cancelado,REF645702,,
3251,2024-03-12 00:00:00,602,web,2,completado,REF136504,,
363,2026-03-10,1303,web,6,enviado,REF480081,,
1679,02/17/2026,1066,tienda_fisica,2,completado,REF834957,,
216,20 de julio de 2024,990,tienda_fisica,7,completado,REF379035,NAVIDAD15,
1434,2025-03-07 00:00:00,1914,tienda_fisica,2,pendiente,REF168530,NAVIDAD15,2024-06-01 12:00
845,21 de diciembre de 2025,678,web,5,completado,REF624560,VERANO10,
1436,2026-06-23 00:00:00,933,web,1,enviado,REF868179,,
226,2026-08-02,1381,web,1,enviado,REF393863,NAVIDAD15,
2807,3 de septiembre de 2025,188,app_movil,7,pendiente,REF831192,VERANO10,
3117,2026-05-04 00:00:00,157,tienda_fisica,11,enviado,REF857564,VERANO10,
1949,01/19/2024,1393,web,10,completado,REF861356,,2024-06-01 12:00
1439,2025-08-03 00:00:00,318,tienda_fisica,3,enviado,REF357788,,2024-06-01 12:00
931,12 de febrero de 2024,701,app_movil,4,completado,REF473558,NAVIDAD15,
2201,2025-02-13,188,tienda_fisica,12,enviado,REF564207,NAVIDAD15,2024-06-01 12:00
2028,03/03/2025,382,app_movil,10,completado,REF885009,VERANO10,
1130,20-05-2026,1369,app_movil,3,enviado,REF249509,,
224,2025-02-23 00:00:00,1550,tienda_fisica,9,completado,REF522357,,
3389,2025-10-24,1832,web,6,completado,REF654068,NAVIDAD15,2024-06-01 12:00
912,25 de febrero de 2026,749,tienda_fisica,5,completado,REF147791,,
3226,26/12/2025,1191,app_movil,6,pendiente,REF849988,VERANO10,
2116,15-08-2025,884,web,1,completado,REF985829,VERANO10,
3306,24 de abril de 2026,1805,web,7,completado,REF414760,NAVIDAD15,
3185,22/10/2024,1915,app_movil,2,completado,REF108605,,
1428,19 de agosto de 2025,653,tienda_fisica,12,pendiente,REF195170,VERANO10,2024-06-01 12:00
1728,04/11/2024,1589,app_movil,3,completado,REF478928,,
3325,01/14/2024,1792,web,7,cancelado,REF823503,,
2449,2026-05-18,1973,app_movil,4,enviado,REF855869,,
3368,19 de marzo de 2024,1847,app_movil,10,enviado,REF465041,NAVIDAD15,
1751,15-08-2024,1890,web,5,enviado,REF713435,VERANO10,2024-06-01 12:00
35,15/06/2024,1794,null,7,enviado,REF507443,NAVIDAD15,2024-06-01 12:00
1887,2026-04-20,387,app_movil,9,completado,REF252886,NAVIDAD15,
1386,2026-04-25,1688,app_movil,12,enviado,REF939305,,2024-06-01 12:00
2456,2024-05-21,1513,tienda_fisica,6,completado,REF226700,,
2900,2025-11-13,922,app_movil,6,pendiente,REF442660,,
1898,16 de abril de 2026,1180,web,7,completado,REF772308,NAVIDAD15,2024-06-01 12:00
2502,2025-09-16 00:00:00,27,tienda_fisica,9,completado,REF436809,,2024-06-01 12:00
2877,20 de junio de 2026,1478,app_movil,9,enviado,REF698179,NAVIDAD15,2024-06-01 12:00
531,2024-01-05,295,tienda_fisica,6,enviado,REF524844,NAVIDAD15,
853,12/20/2025,1679,tienda_fisica,2,completado,REF937841,NAVIDAD15,2024-06-01 12:00
2483,05/30/2024,1445,app_movil,6,completado,REF498175,NAVIDAD15,
3208,02-10-2025,1862,tienda_fisica,3,completado,REF573838,NAVIDAD15,2024-06-01 12:00
666,2025-05-04,1485,tienda_fisica,12,completado,REF852722,,
2676,2025-04-11 00:00:00,805,tienda_fisica,6,completado,REF450685,,
1435,07/07/2024,1420,web,7,pendiente,REF800063,,2024-06-01 12:00
148,2026-01-30 00:00:00,962,app_movil,11,completado,REF237456,NAVIDAD15,
651,2026-07-19,668,tienda_fisica,2,completado,REF806704,NAVIDAD15,
550,7 de abril de 2025,186,web,6,completado,REF130913,,2024-06-01 12:00
204,11/08/2024,605,web,3,completado,REF415023,NAVIDAD15,
2026,22-01-2026,171,web,9,completado,REF722637,VERANO10,
567,2026-04-13,1276,app_movil,7,pendiente,REF714598,,
1377,26-02-2026,1197,tienda_fisica,5,cancelado,REF732554,NAVIDAD15,
349,4 de octubre de 2025,1188,app_movil,1,completado,REF982289,,2024-06-01 12:00
2134,2026-06-21 00:00:00,1801,web,6,completado,REF426108,VERANO10,
1776,26/04/2026,653,app_movil,2,pendiente,REF244279,NAVIDAD15,2024-06-01 12:00
2553,23/10/2024,636,app_movil,6,enviado,REF675894,NAVIDAD15,2024-06-01 12:00
3362,2024-02-21,1551,web,1,completado,REF978818,,
3345,2024-08-28,551,app_movil,10,pendiente,REF337553,,2024-06-01 12:00
3492,08-04-2025,1553,tienda_fisica,12,cancelado,REF901818,,
496,05/12/2025,1903,web,12,completado,REF591692,VERANO10,
2985,2025-05-09 00:00:00,924,tienda_fisica,2,completado,REF886310,VERANO10,
3166,03-07-2026,1477,tienda_fisica,6,completado,REF907610,NAVIDAD15,
2814,2026-03-19,1132,tienda_fisica,8,completado,REF651160,,2024-06-01 12:00
510,03/13/2026,921,app_movil,11,pendiente,REF764275,,2024-06-01 12:00
1737,15-08-2025,90,tienda_fisica,6,completado,REF175195,,2024-06-01 12:00
2358,18/06/2025,561,app_movil,3,enviado,REF208629,,
2231,2 de septiembre de 2025,982,web,2,enviado,REF188864,VERANO10,2024-06-01 12:00
2864,2025-05-22,2080,tienda_fisica,10,enviado,REF313476,NAVIDAD15,
641,18-10-2025,677,app_movil,9,pendiente,REF112216,,2024-06-01 12:00
3583,2026-01-14 00:00:00,887,app_movil,5,enviado,REF244327,,2024-06-01 12:00
261,2024-06-03,609,app_movil,4,completado,REF561100,,2024-06-01 12:00
1086,5 de junio de 2024,980,tienda_fisica,2,completado,REF648752,,
2125,23 de diciembre de 2025,321,tienda_fisica,12,cancelado,REF420016,NAVIDAD15,
604,12/11/2025,636,tienda_fisica,5,cancelado,REF747801,VERANO10,
515,2024-02-09,1028,app_movil,11,pendiente,REF355340,,2024-06-01 12:00
1264,12/28/2024,1273,web,7,cancelado,REF374235,NAVIDAD15,2024-06-01 12:00
1034,2024-12-28,454,tienda_fisica,11,enviado,REF966966,,
1587,2024-03-04,1628,web,12,completado,REF180472,VERANO10,
169,19/12/2024,965,tienda_fisica,8,completado,REF429842,VERANO10,2024-06-01 12:00
186,07/19/2025,1238,web,12,enviado,REF900065,,
3184,24-06-2026,739,tienda_fisica,3,completado,REF198551,NAVIDAD15,
742,2026-08-01,86,app_movil,5,completado,REF642708,VERANO10,2024-06-01 12:00
1689,2025-02-09,943,tienda_fisica,1,pendiente,REF245586,,
993,26 de agosto de 2025,19,tienda_fisica,10,pendiente,REF929958,NAVIDAD15,2024-06-01 12:00
427,01/13/2026,1523,app_movil,6,cancelado,REF539062,NAVIDAD15,2024-06-01 12:00
2320,06/13/2024,856,web,12,cancelado,REF559751,,2024-06-01 12:00
1896,2024-10-10 00:00:00,427,app_movil,2,completado,REF174996,NAVIDAD15,
2846,05/07/2026,1734,tienda_fisica,10,cancelado,REF194630,,
2947,8 de septiembre de 2024,118,app_movil,1,enviado,REF104449,NAVIDAD15,2024-06-01 12:00
665,08-09-2026,1253,web,7,completado,REF917452,,2024-06-01 12:00
3364,08-07-2026,289,app_movil,11,pendiente,REF685426,VERANO10,2024-06-01 12:00
1211,2026-08-07,1774,app_movil,5,cancelado,REF441619,,
2159,15/03/2024,242,web,7,cancelado,REF626959,,2024-06-01 12:00
2682,07/26/2026,1246,tienda_fisica,1,completado,REF699338,,
1615,25-08-2024,1216,app_movil,11,completado,REF449783,,
26,2025-05-08,530,NULL,2,completado,REF975473,NAVIDAD15,2024-06-01 12:00
1090,06/01/2025,1319,tienda_fisica,5,completado,REF581763,VERANO10,2024-06-01 12:00
341,2025-10-03 00:00:00,1683,web,10,completado,REF342856,NAVIDAD15,
1180,02/20/2025,1547,app_movil,5,pendiente,REF417808,VERANO10,
1140,02/18/2025,1821,web,1,completado,REF307308,,
53,14 de mayo de 2024,542,tienda_fisica,9,completado,REF477745,VERANO10,2024-06-01 12:00
498,2025-06-26,1409,app_movil,7,enviado,REF789010,,
3111,14 de febrero de 2024,307,app_movil,2,pendiente,REF841601,NAVIDAD15,
929,2024-04-07,1284,web,8,cancelado,REF721354,NAVIDAD15,
1912,11/12/2025,1022,app_movil,5,enviado,REF557057,,
2591,12 de octubre de 2025,194,tienda_fisica,11,pendiente,REF792403,,
3522,2025-12-25,284,web,6,cancelado,REF240977,,
1719,2026-02-25,653,tienda_fisica,5,pendiente,REF456248,,2024-06-01 12:00
2678,2025-06-26 00:00:00,1587,app_movil,8,completado,REF783795,VERANO10,2024-06-01 12:00
2273,2024-07-27,1686,app_movil,6,pendiente,REF633964,,
3401,07/10/2024,696,web,5,completado,REF600608,VERANO10,
763,2024-03-03,1221,web,9,cancelado,REF316732,VERANO10,2024-06-01 12:00
2501,2025-08-11 00:00:00,1363,app_movil,9,completado,REF206370,,2024-06-01 12:00
2686,9 de junio de 2026,360,web,7,enviado,REF669823,NAVIDAD15,2024-06-01 12:00
1603,1 de febrero de 2026,1610,app_movil,3,completado,REF294120,VERANO10,2024-06-01 12:00
593,22 de diciembre de 2025,2184,app_movil,1,pendiente,REF871212,VERANO10,2024-06-01 12:00
2287,15-01-2026,1005,web,4,pendiente,REF243967,,2024-06-01 12:00
106,09/23/2024,1151,tienda_fisica,3,completado,REF937033,,2024-06-01 12:00
3554,11/05/2026,535,tienda_fisica,11,cancelado,REF200202,NAVIDAD15,
406,2024-12-22 00:00:00,1904,app_movil,1,cancelado,REF731554,,2024-06-01 12:00
1341,2025-04-15,739,web,5,pendiente,REF211106,,
61,03-03-2026,552,web,3,cancelado,REF793287,VERANO10,
161,02/27/2026,692,tienda_fisica,2,cancelado,REF361075,NAVIDAD15,
521,22/11/2024,1051,tienda_fisica,5,cancelado,REF340024,NAVIDAD15,2024-06-01 12:00
3243,2026-03-28,1636,tienda_fisica,5,completado,REF951556,,2024-06-01 12:00
3077,16-08-2026,1087,tienda_fisica,1,completado,REF880896,NAVIDAD15,
1673,09/28/2024,1738,app_movil,6,completado,REF126470,,2024-06-01 12:00
2516,09/28/2026,1104,app_movil,11,completado,REF606492,,
1098,02-03-2025,1377,web,5,enviado,REF585201,NAVIDAD15,2024-06-01 12:00
283,16/10/2024,747,web,4,enviado,REF217857,VERANO10,
300,2026-04-03,1358,web,3,enviado,REF462816,,
1258,10-02-2026,1986,app_movil,12,completado,REF328839,VERANO10,
2967,10/09/2024,1969,tienda_fisica,11,completado,REF834632,NAVIDAD15,2024-06-01 12:00
447,2025-04-08,1490,tienda_fisica,5,completado,REF458080,VERANO10,
1008,02/24/2024,294,tienda_fisica,6,completado,REF384486,NAVIDAD15,
2528,16-08-2024,1953,web,8,enviado,REF499995,,2024-06-01 12:00
3513,2025-08-11 00:00:00,71,app_movil,9,cancelado,REF668891,VERANO10,2024-06-01 12:00
3034,24 de septiembre de 2026,1776,tienda_fisica,10,enviado,REF866732,,2024-06-01 12:00
203,2024-02-13,1380,app_movil,2,completado,REF837352,VERANO10,2024-06-01 12:00
6,2026-02-22 00:00:00,340,web,8,cancelado,REF178257,NAVIDAD15,2024-06-01 12:00
2818,2026-08-02 00:00:00,1998,web,3,enviado,REF685505,,2024-06-01 12:00
1727,2025-12-20 00:00:00,1052,tienda_fisica,3,pendiente,REF981371,VERANO10,
19,31-03-2024,1709,tienda_fisica,8,pendiente,REF877686,,
3435,2026-05-31,266,app_movil,11,completado,REF400408,,
2769,2025-03-25,354,web,11,completado,REF257181,,2024-06-01 12:00
1983,7 de febrero de 2025,142,tienda_fisica,6,completado,REF203469,,2024-06-01 12:00
3203,2026-06-09,1687,app_movil,6,completado,REF147799,,
2165,2026-09-21,259,app_movil,8,enviado,REF848798,,
1845,18/08/2026,336,app_movil,11,cancelado,REF348180,,
1246,2026-06-06,1429,web,7,completado,REF775302,,2024-06-01 12:00
3580,20/07/2024,670,app_movil,9,completado,REF732352,,
3440,2025-07-28 00:00:00,1071,app_movil,4,cancelado,REF202697,NAVIDAD15,
3585,2024-10-02,88,tienda_fisica,2,enviado,REF354226,NAVIDAD15,
87,2025-09-10,932,tienda_fisica,8,pendiente,REF176661,NAVIDAD15,
2609,10/07/2024,64,app_movil,1,completado,REF757809,,
2196,26/06/2026,505,web,12,completado,REF207273,NAVIDAD15,
2203,08/22/2024,1835,app_movil,1,pendiente,REF318503,NAVIDAD15,
3342,2024-12-05 00:00:00,1610,app_movil,8,completado,REF994891,VERANO10,
2698,09/01/2026,41,web,2,completado,REF386925,VERANO10,
1608,2024-02-27,1173,app_movil,9,enviado,REF348827,,
2275,05/31/2025,1069,tienda_fisica,11,cancelado,REF956487,,
1203,2025-01-29 00:00:00,1028,web,6,enviado,REF405195,,
1263,2026-07-05,876,web,4,pendiente,REF525485,,2024-06-01 12:00
753,08/16/2025,119,web,12,cancelado,REF493397,VERANO10,2024-06-01 12:00
2332,2026-01-20,242,web,6,cancelado,REF582671,,
1765,2025-06-28 00:00:00,1792,tienda_fisica,12,completado,REF257929,VERANO10,
1390,2025-08-17 00:00:00,1374,web,11,pendiente,REF797268,,
2667,12/03/2024,1458,app_movil,1,pendiente,REF843983,,
818,2026-02-15 00:00:00,1966,app_movil,3,cancelado,REF644730,VERANO10,2024-06-01 12:00
1562,26 de diciembre de 2024,173,web,4,completado,REF919729,,
3467,31-07-2026,1525,web,12,completado,REF763125,NAVIDAD15,
2689,2025-10-15,1574,tienda_fisica,9,completado,REF353627,,2024-06-01 12:00
2549,30/01/2025,1303,tienda_fisica,7,enviado,REF855292,NAVIDAD15,
1636,22/11/2025,1390,tienda_fisica,10,cancelado,REF728669,,
3037,12 de agosto de 2025,966,web,12,completado,REF819165,,2024-06-01 12:00
268,31-03-2024,329,tienda_fisica,4,enviado,REF575054,,2024-06-01 12:00
1332,03/29/2026,487,tienda_fisica,9,completado,REF666034,VERANO10,2024-06-01 12:00
3578,24 de abril de 2026,1068,web,7,pendiente,REF528729,,2024-06-01 12:00
28,20-11-2024,1086,,8,completado,REF387243,NAVIDAD15,
1420,09-04-2026,1170,app_movil,4,completado,REF575348,,
2345,2026-02-01,420,app_movil,6,completado,REF774202,,
3300,09/29/2024,1900,app_movil,2,enviado,REF523422,,2024-06-01 12:00
1205,15/09/2024,383,app_movil,11,enviado,REF987118,NAVIDAD15,
864,18 de noviembre de 2024,1269,web,11,completado,REF618166,NAVIDAD15,
87,2025-09-10,932,tienda_fisica,8,pendiente,REF176661,NAVIDAD15,
2106,2026-05-14,1637,app_movil,4,cancelado,REF946578,NAVIDAD15,
228,26-04-2026,257,app_movil,7,completado,REF140330,,
223,2024-03-18 00:00:00,1281,tienda_fisica,6,completado,REF488003,NAVIDAD15,2024-06-01 12:00
2177,03/17/2025,1615,web,6,completado,REF946944,NAVIDAD15,
1778,2024-11-13,340,web,6,pendiente,REF651410,,
1667,08/10/2025,1054,app_movil,3,enviado,REF860627,VERANO10,
952,2024-12-04,634,app_movil,2,completado,REF978405,,
72,3 de febrero de 2026,331,tienda_fisica,6,pendiente,REF682183,,2024-06-01 12:00
1787,06/05/2026,1189,web,10,pendiente,REF715659,NAVIDAD15,
2144,26 de septiembre de 2025,505,app_movil,8,completado,REF702405,NAVIDAD15,
773,17 de mayo de 2025,423,web,8,enviado,REF467439,,
1711,22/10/2024,87,app_movil,12,cancelado,REF115004,,
572,05/02/2026,1184,app_movil,4,enviado,REF226974,,
2709,27-06-2025,1470,web,11,pendiente,REF296787,,
3198,01-07-2026,1769,app_movil,5,completado,REF430871,,
2229,27/03/2026,335,web,9,completado,REF734290,NAVIDAD15,
163,2025-11-22 00:00:00,230,tienda_fisica,12,enviado,REF399652,NAVIDAD15,2024-06-01 12:00
1363,10/10/2025,1543,app_movil,9,completado,REF316474,,2024-06-01 12:00
1922,2025-08-13 00:00:00,1202,app_movil,9,pendiente,REF923216,VERANO10,2024-06-01 12:00
2972,2024-09-19,248,web,4,pendiente,REF158515,NAVIDAD15,
2407,13-05-2024,1283,web,7,completado,REF908989,,2024-06-01 12:00
141,2025-10-31,1812,tienda_fisica,2,enviado,REF691252,,
2943,12/20/2025,251,app_movil,11,completado,REF216150,VERANO10,
2634,03/07/2025,525,tienda_fisica,5,cancelado,REF984852,,
382,14 de noviembre de 2025,261,tienda_fisica,10,pendiente,REF192201,NAVIDAD15,2024-06-01 12:00
3542,10 de marzo de 2026,1125,web,12,completado,REF573824,,2024-06-01 12:00
1960,2025-11-03 00:00:00,1809,tienda_fisica,7,completado,REF163209,,
2820,27-04-2024,1902,app_movil,12,enviado,REF420181,VERANO10,2024-06-01 12:00
1796,12/03/2024,1595,tienda_fisica,12,cancelado,REF137710,,
628,09/13/2025,792,tienda_fisica,3,completado,REF508375,,2024-06-01 12:00
2388,5 de abril de 2025,1539,app_movil,11,completado,REF844731,,
30,18-05-2024,375,N/A,1,completado,REF275017,VERANO10,
1398,2024-11-05 00:00:00,1503,app_movil,11,completado,REF879946,,2024-06-01 12:00
2623,12/26/2024,936,tienda_fisica,3,cancelado,REF115367,,2024-06-01 12:00
3008,2026-07-27 00:00:00,1343,web,2,completado,REF329550,NAVIDAD15,
1279,2024-08-08,753,tienda_fisica,4,cancelado,REF967766,VERANO10,
497,2026-06-11,882,app_movil,10,pendiente,REF226388,NAVIDAD15,
1969,2024-12-07 00:00:00,947,web,4,completado,REF408626,VERANO10,
3132,28 de octubre de 2025,1779,tienda_fisica,2,pendiente,REF672712,,2024-06-01 12:00
920,16-12-2025,1918,app_movil,11,cancelado,REF883024,NAVIDAD15,
953,2026-03-08,865,tienda_fisica,7,enviado,REF183418,NAVIDAD15,
2647,2026-02-15 00:00:00,1067,web,2,cancelado,REF817627,VERANO10,
1125,24/07/2024,1043,tienda_fisica,4,cancelado,REF411623,,
1697,14 de septiembre de 2025,1379,app_movil,9,pendiente,REF176040,VERANO10,2024-06-01 12:00
98,11/08/2025,1339,tienda_fisica,5,completado,REF302138,,
907,2026-05-25,1442,tienda_fisica,4,completado,REF547800,,2024-06-01 12:00
3183,04/16/2026,1761,web,4,enviado,REF999801,,
1225,2024-11-22,188,app_movil,5,cancelado,REF996751,,
1226,2024-07-05,892,tienda_fisica,5,completado,REF150256,VERANO10,2024-06-01 12:00
825,09-03-2025,1697,app_movil,5,cancelado,REF960456,,2024-06-01 12:00
2069,2024-09-22,1815,tienda_fisica,12,enviado,REF374464,,2024-06-01 12:00
34,2025-11-14 00:00:00,666,app_movil,8,completado,REF272788,,
2303,2025-10-04 00:00:00,1546,tienda_fisica,12,completado,REF259701,,
315,2025-11-05 00:00:00,739,tienda_fisica,11,pendiente,REF590761,VERANO10,
2888,10-04-2026,1947,web,12,completado,REF555451,NAVIDAD15,
2206,19/06/2026,1174,web,2,completado,REF311159,VERANO10,
3026,05/01/2025,1817,app_movil,4,pendiente,REF638122,NAVIDAD15,2024-06-01 12:00
3565,07/20/2024,398,web,6,enviado,REF433974,,
2399,2024-09-29 00:00:00,1413,web,6,pendiente,REF590190,VERANO10,2024-06-01 12:00
782,29 de abril de 2025,82,app_movil,8,completado,REF151849,VERANO10,2024-06-01 12:00
3159,2026-07-11 00:00:00,537,web,2,pendiente,REF133038,,2024-06-01 12:00
992,08/01/2026,1916,tienda_fisica,12,enviado,REF616332,,
2838,02-05-2026,1955,web,11,pendiente,REF746682,VERANO10,2024-06-01 12:00
1019,01/11/2025,1313,web,11,completado,REF993925,NAVIDAD15,2024-06-01 12:00
2467,2026-02-07,1927,app_movil,3,cancelado,REF487429,NAVIDAD15,
1360,02/28/2024,1747,tienda_fisica,2,pendiente,REF313938,,
2785,20-07-2026,1065,tienda_fisica,6,completado,REF710884,VERANO10,2024-06-01 12:00
63,23-06-2024,329,null,5,completado,REF900650,,2024-06-01 12:00
299,2026-07-20,1968,app_movil,11,completado,REF137722,NAVIDAD15,
314,12/11/2024,1192,web,1,completado,REF783758,NAVIDAD15,
885,2025-04-29,934,web,10,enviado,REF731571,,
435,03/20/2026,1714,web,5,cancelado,REF555469,,2024-06-01 12:00
3369,2025-01-07,616,tienda_fisica,9,enviado,REF632362,,2024-06-01 12:00
1513,2024-08-24 00:00:00,1833,app_movil,3,completado,REF622718,NAVIDAD15,2024-06-01 12:00
304,2026-06-27 00:00:00,1748,app_movil,12,completado,REF842906,,
886,26 de octubre de 2025,148,app_movil,8,completado,REF447181,,
1107,04/17/2025,1148,web,8,cancelado,REF784992,VERANO10,2024-06-01 12:00
113,06/03/2026,620,tienda_fisica,7,pendiente,REF127742,,2024-06-01 12:00
48,8 de septiembre de 2024,1344,app_movil,10,completado,REF744731,VERANO10,2024-06-01 12:00
1132,2025-02-13,1522,app_movil,12,completado,REF919245,NAVIDAD15,2024-06-01 12:00
632,2024-02-19,80,web,1,completado,REF745058,,2024-06-01 12:00
1161,01/26/2026,695,web,1,cancelado,REF290927,NAVIDAD15,
1825,2025-10-16,772,app_movil,7,enviado,REF971883,,
2548,24/09/2025,1053,web,12,pendiente,REF545258,,2024-06-01 12:00
1626,2026-03-23 00:00:00,1428,web,8,enviado,REF544029,,
1210,06/30/2024,472,tienda_fisica,11,pendiente,REF297223,,2024-06-01 12:00
3589,2024-08-23 00:00:00,33,tienda_fisica,4,enviado,REF828348,VERANO10,
1070,2025-07-23,992,tienda_fisica,4,completado,REF982547,NAVIDAD15,
3019,04/09/2025,1401,app_movil,6,pendiente,REF407929,,
2557,2024-02-26,597,web,9,cancelado,REF433841,,
2819,06/16/2026,129,tienda_fisica,12,completado,REF279373,VERANO10,
3432,2026-05-06 00:00:00,1977,app_movil,6,completado,REF318029,VERANO10,
2828,08/20/2024,419,tienda_fisica,6,completado,REF965939,,
3223,21/02/2026,593,web,12,completado,REF105565,,
179,2026-05-26,1967,web,3,completado,REF160185,,
2334,07-08-2025,741,web,4,enviado,REF397463,NAVIDAD15,
1467,2026-08-29 00:00:00,655,tienda_fisica,12,completado,REF792518,NAVIDAD15,
2607,2026-06-24,745,web,5,cancelado,REF602655,,
2163,08/26/2025,1504,tienda_fisica,3,completado,REF641964,NAVIDAD15,
3431,30/06/2025,1705,tienda_fisica,6,pendiente,REF710454,VERANO10,
1907,2025-02-13,1213,app_movil,11,enviado,REF102935,NAVIDAD15,2024-06-01 12:00
2543,25-04-2025,1268,tienda_fisica,10,completado,REF758782,NAVIDAD15,
3397,2025-10-30 00:00:00,425,tienda_fisica,11,enviado,REF524719,,2024-06-01 12:00
474,2026-03-04 00:00:00,542,tienda_fisica,12,completado,REF233039,,
366,2025-10-14 00:00:00,690,tienda_fisica,6,enviado,REF558183,VERANO10,
2534,2024-01-08 00:00:00,1780,app_movil,4,cancelado,REF857843,NAVIDAD15,
302,2024-09-23 00:00:00,1027,web,5,enviado,REF334725,VERANO10,2024-06-01 12:00
2243,17-04-2025,975,app_movil,5,enviado,REF141359,,
3570,02/07/2025,957,web,11,pendiente,REF449736,VERANO10,2024-06-01 12:00
1768,2025-09-07,276,app_movil,4,cancelado,REF641484,,
528,17-08-2026,1902,tienda_fisica,5,enviado,REF860178,,2024-06-01 12:00
2326,2025-07-22 00:00:00,1903,web,12,completado,REF990691,,2024-06-01 12:00
420,2024-03-27,344,tienda_fisica,4,cancelado,REF353414,NAVIDAD15,
3267,2026-02-05,422,tienda_fisica,6,enviado,REF780894,VERANO10,
2742,25 de mayo de 2026,1834,web,8,completado,REF582631,NAVIDAD15,2024-06-01 12:00
613,2026-06-21 00:00:00,1302,web,2,completado,REF930928,VERANO10,
2669,13/03/2026,432,web,7,completado,REF467866,NAVIDAD15,
3239,2025-10-28,1376,web,7,completado,REF479039,,
181,2026-08-06,1585,app_movil,4,enviado,REF537343,NAVIDAD15,2024-06-01 12:00
2868,2026-06-06,1113,web,5,pendiente,REF667520,NAVIDAD15,
3233,2026-05-23 00:00:00,1752,tienda_fisica,7,cancelado,REF567291,VERANO10,
147,29/07/2026,1987,tienda_fisica,6,pendiente,REF558191,NAVIDAD15,
3526,12-09-2026,1062,app_movil,3,completado,REF845781,VERANO10,2024-06-01 12:00
130,09-09-2026,1520,web,12,cancelado,REF735145,VERANO10,
2442,2025-11-09,1344,web,12,completado,REF162518,VERANO10,2024-06-01 12:00
2917,2026-02-12,513,web,12,pendiente,REF355852,VERANO10,2024-06-01 12:00
99,03-02-2024,150,tienda_fisica,11,enviado,REF722266,NAVIDAD15,
2597,07-01-2025,1284,tienda_fisica,12,completado,REF993410,NAVIDAD15,
3221,08/11/2024,2065,app_movil,5,pendiente,REF995385,,2024-06-01 12:00
727,17-08-2025,1261,tienda_fisica,2,cancelado,REF437269,NAVIDAD15,2024-06-01 12:00
2489,2026-01-30 00:00:00,521,web,5,cancelado,REF602628,,
1893,2026-09-21,1892,app_movil,5,completado,REF777231,NAVIDAD15,
1397,18-12-2025,708,tienda_fisica,6,completado,REF448309,VERANO10,
3394,08/06/2024,998,tienda_fisica,8,completado,REF587043,,
2883,2026-03-23 00:00:00,15,web,11,completado,REF701440,,
3574,27 de agosto de 2025,402,web,5,completado,REF561995,,2024-06-01 12:00
3138,08-06-2024,108,app_movil,6,completado,REF414864,NAVIDAD15,2024-06-01 12:00
3387,04/09/2025,1636,web,3,completado,REF707763,VERANO10,
210,08/11/2024,938,app_movil,3,pendiente,REF504202,,
2512,2025-10-16 00:00:00,1767,web,5,pendiente,REF465256,VERANO10,
1412,2026-05-18,1815,tienda_fisica,3,pendiente,REF829685,,
1729,2024-04-13,1170,tienda_fisica,6,completado,REF443836,,
2859,09/26/2025,926,web,5,pendiente,REF773947,,
2228,2026-07-21,1742,tienda_fisica,9,completado,REF323315,,
751,2026-04-23,335,tienda_fisica,12,completado,REF200844,,2024-06-01 12:00
3351,2025-08-31,530,app_movil,4,completado,REF991962,,2024-06-01 12:00
323,2026-01-13,730,web,10,completado,REF157561,NAVIDAD15,
2663,2024-02-24 00:00:00,800,tienda_fisica,6,cancelado,REF658497,NAVIDAD15,2024-06-01 12:00
3441,2024-04-01,1760,web,5,cancelado,REF957318,NAVIDAD15,
1794,2025-03-25,1574,tienda_fisica,7,pendiente,REF346360,,2024-06-01 12:00
1505,2026-08-12 00:00:00,886,web,10,completado,REF684907,,
2535,10/09/2025,1616,web,12,cancelado,REF685040,,
2630,5 de marzo de 2025,964,web,10,enviado,REF175312,,
2564,2024-09-17 00:00:00,906,app_movil,10,pendiente,REF714346,VERANO10,2024-06-01 12:00
1721,2024-02-25 00:00:00,421,tienda_fisica,10,completado,REF352521,VERANO10,
184,2025-12-01,216,web,1,completado,REF881736,VERANO10,
2990,2025-07-09,852,app_movil,8,cancelado,REF614948,VERANO10,
2500,23/11/2025,55,tienda_fisica,7,enviado,REF742136,,
2925,4 de mayo de 2025,1858,web,10,completado,REF364060,VERANO10,
670,2025-10-24,1034,web,10,completado,REF507972,NAVIDAD15,2024-06-01 12:00
3516,2025-08-20,1253,app_movil,9,enviado,REF415515,VERANO10,
2706,08/06/2026,1888,app_movil,11,enviado,REF285556,,2024-06-01 12:00
2089,10 de abril de 2025,338,tienda_fisica,7,enviado,REF863650,,
3538,10 de febrero de 2024,240,tienda_fisica,3,pendiente,REF279468,,
2272,2026-06-12,1434,tienda_fisica,5,pendiente,REF944638,NAVIDAD15,
1328,2025-09-12 00:00:00,734,tienda_fisica,12,completado,REF868570,,
2107,2026-03-05 00:00:00,1030,app_movil,1,completado,REF776009,,
2733,24/11/2025,1221,tienda_fisica,2,completado,REF126374,NAVIDAD15,
211,2024-01-17,1354,web,12,enviado,REF985781,VERANO10,
1401,2024-12-07 00:00:00,36,web,6,cancelado,REF379974,,
2205,2026-04-24,1554,tienda_fisica,10,completado,REF700154,,
1746,12/13/2025,673,app_movil,7,completado,REF946852,,2024-06-01 12:00
1770,2026-07-15 00:00:00,1179,app_movil,9,completado,REF191267,VERANO10,
3477,2025-03-01,1073,web,1,completado,REF425625,,
2860,17/10/2024,219,app_movil,1,completado,REF686116,NAVIDAD15,
2293,17-02-2026,338,tienda_fisica,12,enviado,REF825537,,
943,10-06-2025,176,app_movil,6,completado,REF199428,,
740,31/05/2024,1983,tienda_fisica,3,cancelado,REF913779,,
1836,2025-10-30,1373,web,3,pendiente,REF112408,,2024-06-01 12:00
990,2024-05-16 00:00:00,386,web,8,enviado,REF281861,VERANO10,
3436,2024-11-21,2151,web,10,pendiente,REF899240,NAVIDAD15,
2119,04-05-2026,592,tienda_fisica,6,pendiente,REF744281,VERANO10,2024-06-01 12:00
2037,05/05/2024,883,web,3,completado,REF665880,VERANO10,2024-06-01 12:00
213,26-07-2026,628,web,4,completado,REF805208,,
2834,29 de agosto de 2026,1000,app_movil,8,completado,REF311345,,2024-06-01 12:00
3512,18/01/2025,1716,tienda_fisica,6,completado,REF570682,NAVIDAD15,
2033,2024-10-26,1997,web,12,completado,REF351490,,
1711,22/10/2024,87,app_movil,12,cancelado,REF115004,,
3016,2025-09-24 00:00:00,1880,web,7,completado,REF584019,VERANO10,2024-06-01 12:00
390,2026-05-03,294,tienda_fisica,9,pendiente,REF330022,VERANO10,2024-06-01 12:00
2886,2024-04-11,2180,tienda_fisica,8,completado,REF594603,,
2330,07/12/2025,1832,app_movil,4,enviado,REF696254,VERANO10,
175,24-06-2024,1217,web,5,pendiente,REF787846,NAVIDAD15,
1381,2024-12-16,82,tienda_fisica,11,pendiente,REF941763,,2024-06-01 12:00
3104,11-11-2025,1123,web,10,pendiente,REF260716,NAVIDAD15,
1163,03/23/2025,554,app_movil,9,pendiente,REF325288,NAVIDAD15,
2073,09-11-2024,1980,tienda_fisica,1,completado,REF552038,,
1824,23 de agosto de 2025,1151,app_movil,7,completado,REF422043,,
2460,1 de septiembre de 2026,109,tienda_fisica,3,pendiente,REF452389,,
3227,06/01/2026,1598,tienda_fisica,5,completado,REF735172,VERANO10,
1077,19 de noviembre de 2025,1557,web,2,completado,REF605895,,
1313,18-02-2026,250,web,9,completado,REF605053,VERANO10,
2148,2024-01-30,306,tienda_fisica,10,cancelado,REF180754,,
346,2024-06-21 00:00:00,924,web,6,enviado,REF836104,NAVIDAD15,
1358,2025-12-14,1206,tienda_fisica,3,cancelado,REF753163,,
2392,11 de julio de 2026,207,web,9,enviado,REF345701,,2024-06-01 12:00
2536,30 de mayo de 2025,296,tienda_fisica,10,cancelado,REF981349,NAVIDAD15,
1206,2024-11-01,21,web,11,completado,REF253376,NAVIDAD15,
3149,5 de junio de 2024,2175,tienda_fisica,6,pendiente,REF539002,NAVIDAD15,2024-06-01 12:00
1230,2026-05-06,68,tienda_fisica,9,completado,REF470880,,2024-06-01 12:00
1518,04-04-2025,1224,app_movil,10,completado,REF864698,NAVIDAD15,2024-06-01 12:00
1763,08/01/2024,683,tienda_fisica,8,cancelado,REF895397,NAVIDAD15,2024-06-01 12:00
88,03/07/2026,746,null,8,cancelado,REF907474,VERANO10,
2964,2024-05-18,117,web,9,pendiente,REF960980,,
1658,7 de mayo de 2024,811,tienda_fisica,1,enviado,REF987565,,
2099,08/26/2025,836,tienda_fisica,10,completado,REF601616,,
744,11/25/2024,849,tienda_fisica,7,completado,REF511529,VERANO10,
1375,07-12-2025,1538,app_movil,12,pendiente,REF440024,NAVIDAD15,2024-06-01 12:00
2292,18/06/2025,1972,web,4,completado,REF437579,,
1015,2025-07-04,837,web,8,cancelado,REF901468,NAVIDAD15,2024-06-01 12:00
938,05/31/2024,1961,app_movil,1,pendiente,REF655914,,
3511,20-07-2024,214,web,1,completado,REF171434,,
2524,15-12-2025,1688,app_movil,11,completado,REF249311,NAVIDAD15,
1944,2025-11-08,1799,app_movil,9,completado,REF710520,,
2746,2026-01-17,538,app_movil,1,cancelado,REF605008,NAVIDAD15,
1056,11-06-2026,1544,tienda_fisica,1,pendiente,REF538635,VERANO10,
530,15 de septiembre de 2026,1812,app_movil,7,completado,REF341809,,2024-06-01 12:00
3355,09/30/2025,719,tienda_fisica,1,cancelado,REF301852,,
1197,2025-06-10,1321,app_movil,6,pendiente,REF184461,VERANO10,
38,2025-05-13,1723,tienda_fisica,1,completado,REF774839,VERANO10,
2267,2024-04-30,1080,web,6,pendiente,REF123962,,
2914,2026-08-10,386,tienda_fisica,4,pendiente,REF388935,,
2889,06/05/2026,333,web,12,completado,REF742848,VERANO10,
2168,12/21/2024,1500,tienda_fisica,7,cancelado,REF104934,NAVIDAD15,
1750,2 de mayo de 2024,88,app_movil,3,completado,REF887457,VERANO10,
3463,08-08-2024,1805,app_movil,12,completado,REF980239,NAVIDAD15,
836,2025-09-11,1713,tienda_fisica,12,completado,REF771308,VERANO10,
2789,2024-10-26,647,tienda_fisica,9,enviado,REF334348,,
311,2024-03-27,739,web,1,pendiente,REF494472,,2024-06-01 12:00
2218,2024-05-06 00:00:00,438,web,9,enviado,REF183395,VERANO10,2024-06-01 12:00
2220,18-01-2026,1682,web,12,completado,REF652031,,
2991,2024-05-28,313,web,10,enviado,REF999811,VERANO10,2024-06-01 12:00
1998,7 de mayo de 2025,1139,app_movil,10,cancelado,REF871061,,
3496,26-08-2025,424,tienda_fisica,9,cancelado,REF151624,VERANO10,
1569,24-04-2025,848,web,7,completado,REF141641,,
690,03-11-2025,1263,tienda_fisica,11,completado,REF563438,,
2498,05/17/2026,116,tienda_fisica,5,completado,REF665846,NAVIDAD15,2024-06-01 12:00
974,4 de diciembre de 2024,265,app_movil,4,completado,REF594877,,
3150,01/31/2026,1750,app_movil,6,completado,REF993698,,2024-06-01 12:00
2741,09/11/2026,1306,app_movil,9,pendiente,REF619946,VERANO10,
2412,2024-09-28,346,web,11,cancelado,REF930448,,
24,2025-05-12,1480,web,11,completado,REF895676,NAVIDAD15,
2940,2025-11-04,820,app_movil,6,completado,REF783614,,2024-06-01 12:00
2755,13-11-2025,1461,web,7,cancelado,REF727312,NAVIDAD15,
1978,05/12/2024,1862,tienda_fisica,12,completado,REF201248,,
965,2024-12-17,1585,tienda_fisica,9,completado,REF149417,,
2429,06/01/2025,1914,app_movil,4,completado,REF642134,,
2973,2024-07-17,1509,tienda_fisica,6,pendiente,REF259584,,2024-06-01 12:00
1052,25-04-2025,1502,web,7,pendiente,REF470052,,
3457,24-03-2026,1103,app_movil,11,enviado,REF261633,VERANO10,
3592,11-07-2024,708,tienda_fisica,4,cancelado,REF805067,NAVIDAD15,2024-06-01 12:00
2186,02/14/2025,1379,app_movil,6,pendiente,REF547782,,
540,12-07-2025,1199,web,5,completado,REF104119,,
1782,18/10/2025,511,app_movil,6,completado,REF393137,,2024-06-01 12:00
396,2024-11-11,1940,web,8,enviado,REF850186,VERANO10,
942,4 de mayo de 2024,166,app_movil,2,completado,REF219088,VERANO10,2024-06-01 12:00
961,2026-07-24,407,web,10,completado,REF521842,,2024-06-01 12:00
3142,6 de mayo de 2025,1375,tienda_fisica,11,completado,REF570412,,2024-06-01 12:00
832,6 de mayo de 2026,624,app_movil,4,completado,REF338384,,
1868,2025-07-27,420,app_movil,6,enviado,REF742566,NAVIDAD15,2024-06-01 12:00
1526,17 de mayo de 2026,194,web,7,completado,REF263691,VERANO10,
1166,2025-04-10 00:00:00,1304,web,12,enviado,REF907313,NAVIDAD15,
2800,04/22/2026,1103,app_movil,8,completado,REF804619,NAVIDAD15,
2207,2025-12-03,1002,tienda_fisica,11,cancelado,REF562152,,
78,2024-05-29 00:00:00,652,null,4,cancelado,REF950817,NAVIDAD15,
465,2026-05-09 00:00:00,1704,app_movil,3,cancelado,REF162880,NAVIDAD15,2024-06-01 12:00
2708,2024-10-03,1748,web,10,completado,REF115609,NAVIDAD15,
1315,17-07-2024,1581,tienda_fisica,11,cancelado,REF618721,VERANO10,
1607,21 de marzo de 2026,768,app_movil,9,completado,REF955993,VERANO10,2024-06-01 12:00
3151,2025-07-31,162,app_movil,10,cancelado,REF952241,VERANO10,
1103,06/06/2025,1849,app_movil,4,cancelado,REF775952,VERANO10,
1254,04/17/2024,492,web,10,enviado,REF696959,VERANO10,
750,10/10/2025,120,tienda_fisica,9,completado,REF460923,,
2474,2025-08-30,1924,app_movil,5,enviado,REF828006,VERANO10,
3277,2026-09-01,1070,web,2,enviado,REF120235,NAVIDAD15,2024-06-01 12:00
3041,30 de julio de 2024,684,tienda_fisica,2,completado,REF379654,,
2133,6 de junio de 2024,186,web,11,enviado,REF515004,,
1800,2024-09-14 00:00:00,155,app_movil,6,cancelado,REF624624,VERANO10,
1941,25/08/2026,601,web,3,enviado,REF562104,,2024-06-01 12:00
1025,30/04/2026,1090,web,1,cancelado,REF390485,VERANO10,
2727,2025-07-17 00:00:00,566,web,8,completado,REF745782,NAVIDAD15,2024-06-01 12:00
191,06/10/2025,551,web,4,completado,REF418750,,
649,09/26/2025,663,app_movil,9,enviado,REF855015,NAVIDAD15,2024-06-01 12:00
1699,2026-07-21,72,web,7,completado,REF413036,,2024-06-01 12:00
3503,22/05/2025,884,app_movil,7,enviado,REF311228,,2024-06-01 12:00
1165,21-02-2025,1300,app_movil,4,enviado,REF823085,,
112,2026-04-01,876,web,11,completado,REF272379,VERANO10,
1565,2026-07-05,207,web,5,completado,REF875301,NAVIDAD15,
2745,2026-04-03 00:00:00,1656,tienda_fisica,10,completado,REF458969,VERANO10,
1797,01/06/2024,2058,web,11,pendiente,REF613624,,
1738,27/09/2024,461,web,12,pendiente,REF793298,NAVIDAD15,
809,18 de junio de 2024,265,tienda_fisica,2,pendiente,REF811492,VERANO10,
2124,02/27/2026,863,tienda_fisica,10,completado,REF749923,VERANO10,2024-06-01 12:00
545,2024-04-17,1859,tienda_fisica,6,completado,REF711695,NAVIDAD15,
1191,2024-04-08,1693,tienda_fisica,1,completado,REF425327,VERANO10,2024-06-01 12:00
2700,2026-07-09 00:00:00,1294,web,4,pendiente,REF480601,NAVIDAD15,2024-06-01 12:00
440,2026-04-30,1996,tienda_fisica,6,enviado,REF193694,NAVIDAD15,2024-06-01 12:00
1524,25/02/2024,738,app_movil,9,pendiente,REF884959,NAVIDAD15,
3154,02/08/2025,1948,app_movil,10,completado,REF882269,,
3110,3 de julio de 2025,1790,app_movil,10,pendiente,REF299016,,
1421,10/08/2026,1983,app_movil,8,cancelado,REF997748,NAVIDAD15,
1584,2024-05-19 00:00:00,899,app_movil,6,pendiente,REF395464,,2024-06-01 12:00
1903,2026-07-20,1492,app_movil,7,completado,REF957338,NAVIDAD15,
1168,2026-01-03,1791,app_movil,2,cancelado,REF211015,,
8,2025-07-23 00:00:00,875,web,1,completado,REF506503,,2024-06-01 12:00
621,2025-03-08,364,web,5,completado,REF559419,,
2215,19 de mayo de 2026,1874,web,9,completado,REF502944,,
2160,08/01/2024,1474,tienda_fisica,4,cancelado,REF693428,,2024-06-01 12:00
2930,24/05/2024,1377,tienda_fisica,11,enviado,REF550747,VERANO10,2024-06-01 12:00
1176,2024-05-15 00:00:00,47,app_movil,4,completado,REF441364,,
1473,14 de marzo de 2026,851,tienda_fisica,2,pendiente,REF506711,NAVIDAD15,
136,2026-06-08,618,web,3,cancelado,REF882777,,
2110,09/28/2024,1821,web,8,enviado,REF775960,,2024-06-01 12:00
185,2026-06-05,1547,tienda_fisica,1,completado,REF656400,VERANO10,
2804,2024-06-10,455,app_movil,10,pendiente,REF990426,,
1255,2024-08-19 00:00:00,1012,web,5,enviado,REF803248,,
834,19 de agosto de 2025,639,app_movil,5,completado,REF753793,NAVIDAD15,
1440,2025-12-24,1841,app_movil,9,cancelado,REF688188,NAVIDAD15,
562,10/21/2025,1866,app_movil,3,enviado,REF384804,,2024-06-01 12:00
998,03/28/2025,258,tienda_fisica,6,enviado,REF729396,NAVIDAD15,2024-06-01 12:00
1720,2024-09-10 00:00:00,709,app_movil,2,completado,REF727706,,2024-06-01 12:00
994,2025-03-17 00:00:00,1962,app_movil,8,completado,REF819987,,
1202,25-11-2025,389,tienda_fisica,6,completado,REF807865,NAVIDAD15,
2764,2026-02-07,196,tienda_fisica,7,cancelado,REF493974,NAVIDAD15,
3548,2024-02-22,2194,web,12,completado,REF663418,VERANO10,
3263,2025-04-26,281,tienda_fisica,7,cancelado,REF794441,NAVIDAD15,2024-06-01 12:00
3216,30/01/2026,874,app_movil,4,cancelado,REF710913,NAVIDAD15,2024-06-01 12:00
134,24-01-2025,1977,web,5,completado,REF494360,VERANO10,
3212,2026-02-26,1392,tienda_fisica,1,enviado,REF233413,NAVIDAD15,2024-06-01 12:00
2312,06/24/2026,1520,tienda_fisica,11,completado,REF753158,NAVIDAD15,
2601,2024-02-19 00:00:00,1913,tienda_fisica,8,pendiente,REF479358,,2024-06-01 12:00
381,2025-06-09,1119,web,4,enviado,REF638780,,
1956,20-03-2024,837,web,10,completado,REF730063,,
360,2025-05-10 00:00:00,793,app_movil,8,completado,REF760307,,
3049,14 de mayo de 2024,1509,tienda_fisica,10,completado,REF417026,,2024-06-01 12:00
2969,2025-08-09,433,tienda_fisica,8,enviado,REF752756,,
3550,2024-11-05 00:00:00,1812,app_movil,10,completado,REF135132,NAVIDAD15,
2652,12/10/2025,273,tienda_fisica,11,cancelado,REF686800,,2024-06-01 12:00
983,2024-04-07,230,tienda_fisica,7,completado,REF290727,,
3057,13-01-2025,266,web,11,enviado,REF422905,VERANO10,2024-06-01 12:00
2402,2026-09-09,1606,web,11,completado,REF507155,NAVIDAD15,
3284,23-01-2024,1875,tienda_fisica,8,pendiente,REF162595,VERANO10,2024-06-01 12:00
2492,2026-06-24,562,tienda_fisica,8,completado,REF660719,,
3258,2024-10-01 00:00:00,1380,app_movil,12,completado,REF269792,,
675,07/14/2026,1959,app_movil,11,completado,REF769581,,
1601,2025-10-17,1566,tienda_fisica,4,completado,REF238322,,
647,25 de octubre de 2024,24,app_movil,9,completado,REF616792,,
2434,03/29/2025,1076,tienda_fisica,3,completado,REF114621,,2024-06-01 12:00
3232,2026-01-11,597,web,12,pendiente,REF469933,NAVIDAD15,
716,2026-04-24,1882,web,2,enviado,REF265982,NAVIDAD15,
939,2026-08-10 00:00:00,273,tienda_fisica,3,cancelado,REF339825,,
3078,01/22/2026,834,tienda_fisica,11,completado,REF649576,VERANO10,
2470,2025-01-21,34,app_movil,6,cancelado,REF583822,,2024-06-01 12:00
2277,2024-10-06,302,app_movil,12,completado,REF740890,NAVIDAD15,2024-06-01 12:00
1961,27-04-2024,320,app_movil,6,pendiente,REF653740,,2024-06-01 12:00
1112,2025-02-16,278,app_movil,7,cancelado,REF673537,,2024-06-01 12:00
603,13/07/2024,1237,app_movil,8,completado,REF277178,VERANO10,2024-06-01 12:00
1671,2026-04-13,2001,web,9,completado,REF821833,,
218,08/12/2024,1072,app_movil,11,enviado,REF365623,VERANO10,
3571,28/10/2024,1061,app_movil,4,completado,REF376646,,
1169,2026-01-13 00:00:00,410,app_movil,8,pendiente,REF657300,,2024-06-01 12:00
2830,05-08-2025,1345,web,2,completado,REF866309,,2024-06-01 12:00
906,2026-08-03,823,web,6,cancelado,REF181169,,
295,10 de agosto de 2026,1369,web,8,pendiente,REF670504,NAVIDAD15,2024-06-01 12:00
2245,2025-02-05 00:00:00,1902,app_movil,9,pendiente,REF971290,NAVIDAD15,
1460,2024-11-05,317,app_movil,7,cancelado,REF481437,VERANO10,2024-06-01 12:00
448,09-01-2025,1427,app_movil,1,enviado,REF231913,,
2311,09-03-2026,1518,app_movil,12,completado,REF929026,,2024-06-01 12:00
542,1 de junio de 2025,902,web,10,completado,REF357379,VERANO10,
236,2026-03-06,1247,tienda_fisica,10,pendiente,REF397870,,
90,2025-11-27 00:00:00,247,-,8,enviado,REF464411,NAVIDAD15,
219,2026-05-31,186,tienda_fisica,12,pendiente,REF734358,VERANO10,
2161,2026-04-12,952,web,3,completado,REF723780,,
3332,2025-02-03,1085,web,10,completado,REF754071,,
2062,2025-06-29,1761,tienda_fisica,6,pendiente,REF993424,NAVIDAD15,
2241,2025-06-05,291,app_movil,6,pendiente,REF608032,VERANO10,2024-06-01 12:00
2771,04/03/2025,345,tienda_fisica,11,completado,REF459784,VERANO10,2024-06-01 12:00
2083,2025-02-21 00:00:00,95,web,3,completado,REF898320,VERANO10,2024-06-01 12:00
2208,06-03-2025,288,app_movil,4,enviado,REF658076,VERANO10,2024-06-01 12:00
694,06/06/2024,531,tienda_fisica,1,completado,REF904391,VERANO10,
816,2024-07-11,1967,tienda_fisica,7,completado,REF392483,NAVIDAD15,2024-06-01 12:00
2862,2026-05-16,771,app_movil,4,cancelado,REF520186,,
1875,2025-04-15,1929,web,9,completado,REF685590,NAVIDAD15,
1576,05/12/2024,1225,tienda_fisica,7,pendiente,REF634176,VERANO10,
1827,2024-12-11,1820,tienda_fisica,4,completado,REF450999,VERANO10,2024-06-01 12:00
1229,2024-05-30,1556,web,11,completado,REF447186,,2024-06-01 12:00
3464,12-06-2025,1264,app_movil,3,completado,REF642416,,
3236,01/25/2025,1193,web,4,completado,REF776135,,2024-06-01 12:00
2933,2025-01-31,1064,tienda_fisica,12,completado,REF207234,VERANO10,
991,10/24/2024,1343,tienda_fisica,6,enviado,REF367139,VERANO10,
1209,04/17/2024,1979,web,2,cancelado,REF568981,VERANO10,2024-06-01 12:00
2999,06-05-2026,1684,web,10,completado,REF777728,,
2664,2024-01-30,1291,tienda_fisica,1,completado,REF682709,NAVIDAD15,
652,2026-01-01,868,app_movil,7,cancelado,REF501261,NAVIDAD15,
3083,2026-04-05,504,app_movil,6,completado,REF707198,,
1580,2025-10-04,576,tienda_fisica,9,completado,REF701506,,
2562,2024-03-18 00:00:00,1293,app_movil,1,pendiente,REF332192,VERANO10,
1003,8 de enero de 2026,874,app_movil,6,completado,REF126200,,
2583,8 de mayo de 2026,1719,web,5,cancelado,REF923657,VERANO10,
325,2026-06-26,881,app_movil,2,completado,REF880709,,
2146,2025-07-15,993,app_movil,1,cancelado,REF100827,,
3063,01/22/2024,1076,tienda_fisica,11,completado,REF102962,VERANO10,
330,2026-05-14 00:00:00,511,app_movil,7,completado,REF548149,,
1014,2024-08-10 00:00:00,374,tienda_fisica,8,completado,REF435704,VERANO10,2024-06-01 12:00
2631,22/06/2024,893,app_movil,7,completado,REF733813,VERANO10,
648,01/01/2026,1216,web,2,pendiente,REF499252,VERANO10,
116,2024-04-11 00:00:00,533,app_movil,3,cancelado,REF501553,,
922,5 de septiembre de 2024,208,app_movil,12,cancelado,REF769141,,
2891,2026-05-01,844,tienda_fisica,9,pendiente,REF309871,NAVIDAD15,2024-06-01 12:00
2300,2025-02-08,401,tienda_fisica,2,completado,REF480666,,2024-06-01 12:00
1609,07-02-2026,1251,app_movil,12,pendiente,REF185686,VERANO10,2024-06-01 12:00
538,28/04/2026,677,web,8,pendiente,REF493352,VERANO10,2024-06-01 12:00
2172,29-09-2026,870,app_movil,4,completado,REF476535,,2024-06-01 12:00
1577,26 de junio de 2025,1575,tienda_fisica,8,enviado,REF874892,,
258,2024-09-15,393,tienda_fisica,9,enviado,REF333750,,
469,2024-12-23 00:00:00,809,web,6,pendiente,REF113208,,
1102,2026-04-21 00:00:00,299,web,9,pendiente,REF749770,,2024-06-01 12:00
142,2025-08-24 00:00:00,897,web,7,completado,REF614949,,2024-06-01 12:00
660,2024-09-25,271,tienda_fisica,12,enviado,REF587956,NAVIDAD15,2024-06-01 12:00
927,09/01/2025,1299,web,12,pendiente,REF305211,NAVIDAD15,
209,19 de febrero de 2024,692,tienda_fisica,4,completado,REF342543,VERANO10,
1696,23 de mayo de 2024,724,web,5,cancelado,REF334299,,2024-06-01 12:00
2919,11/26/2024,458,app_movil,4,completado,REF488960,VERANO10,2024-06-01 12:00
3488,10-07-2026,179,app_movil,4,completado,REF627343,,
3033,04/03/2025,647,app_movil,9,completado,REF272675,VERANO10,
1690,19-12-2024,1198,app_movil,6,pendiente,REF855461,NAVIDAD15,
1710,16/12/2025,486,web,2,completado,REF223535,,2024-06-01 12:00
185,2026-06-05,1547,tienda_fisica,1,completado,REF656400,VERANO10,
2459,21 de agosto de 2024,680,web,12,pendiente,REF768034,,
1550,10/16/2025,1806,app_movil,3,completado,REF496572,,
2122,08/05/2025,698,app_movil,5,cancelado,REF223370,VERANO10,2024-06-01 12:00
1072,2024-11-15,1750,tienda_fisica,5,cancelado,REF829961,VERANO10,2024-06-01 12:00
1030,2026-07-11,985,app_movil,8,completado,REF747686,NAVIDAD15,
1920,26 de enero de 2025,43,web,1,enviado,REF415463,VERANO10,
1,12 de abril de 2026,508,N/A,9,pendiente,REF985067,VERANO10,
823,2025-10-19,1894,app_movil,8,completado,REF774854,,
2406,7 de marzo de 2026,1175,tienda_fisica,6,completado,REF836085,,
3312,23 de julio de 2024,323,app_movil,1,completado,REF707016,,2024-06-01 12:00
923,2026-02-03,211,tienda_fisica,7,completado,REF798999,VERANO10,
3531,8 de mayo de 2024,1157,web,1,pendiente,REF539531,VERANO10,
849,13 de enero de 2026,2162,tienda_fisica,4,enviado,REF626673,,2024-06-01 12:00
3017,27 de febrero de 2026,1016,web,11,cancelado,REF460758,VERANO10,
1352,24 de julio de 2025,1562,web,5,completado,REF605392,,
612,2024-06-12,747,web,6,pendiente,REF301609,NAVIDAD15,
2756,2025-05-20,911,app_movil,5,cancelado,REF896536,VERANO10,
2942,2025-09-06,1945,web,5,completado,REF452448,VERANO10,2024-06-01 12:00
1299,04/03/2025,777,web,3,completado,REF801728,,
2393,26-12-2025,224,web,9,completado,REF205279,,2024-06-01 12:00
2422,2025-01-03,238,tienda_fisica,3,completado,REF897917,VERANO10,
3498,1 de junio de 2025,1838,app_movil,7,completado,REF129666,,2024-06-01 12:00
1685,03/05/2024,454,app_movil,2,enviado,REF205350,VERANO10,2024-06-01 12:00
2464,22/12/2024,1240,web,12,completado,REF435838,,2024-06-01 12:00
320,2026-03-10,44,web,7,enviado,REF589807,VERANO10,
2384,23 de mayo de 2026,156,tienda_fisica,12,completado,REF241931,NAVIDAD15,2024-06-01 12:00
999,30-07-2024,888,app_movil,4,cancelado,REF561486,VERANO10,
67,27 de julio de 2026,41,tienda_fisica,9,cancelado,REF300254,,
2279,17-07-2024,1519,app_movil,2,enviado,REF206812,NAVIDAD15,
3529,20 de abril de 2025,64,web,9,completado,REF477416,,
1624,05/18/2024,1016,tienda_fisica,4,completado,REF193778,,2024-06-01 12:00
1184,08/25/2025,1950,app_movil,4,pendiente,REF900593,VERANO10,
2618,2026-01-21,1975,web,11,completado,REF919168,,
1303,2025-04-08,488,tienda_fisica,11,pendiente,REF794597,,
2802,2025-09-21 00:00:00,984,web,8,enviado,REF449254,VERANO10,2024-06-01 12:00
456,26-06-2024,163,tienda_fisica,8,completado,REF848972,,2024-06-01 12:00
329,09/09/2025,415,app_movil,9,completado,REF656823,,
3074,31 de diciembre de 2024,181,app_movil,2,completado,REF558645,,
1010,11/14/2024,1260,tienda_fisica,9,completado,REF171518,,
110,20/06/2025,1229,app_movil,2,completado,REF102437,,
2593,11 de enero de 2026,1693,tienda_fisica,1,enviado,REF222345,NAVIDAD15,
3552,2025-01-21,1850,web,1,cancelado,REF440161,,
176,05/17/2025,75,tienda_fisica,12,completado,REF944484,VERANO10,
3422,2025-03-09,344,tienda_fisica,7,completado,REF490563,,2024-06-01 12:00
3228,2025-02-23,1960,app_movil,12,completado,REF579868,NAVIDAD15,
3555,07/05/2025,1064,tienda_fisica,4,enviado,REF310982,,
2149,2025-02-24 00:00:00,1268,web,3,completado,REF776523,VERANO10,
177,18/06/2025,1458,web,9,enviado,REF529535,VERANO10,
2140,2026-06-03,1939,app_movil,10,completado,REF831194,NAVIDAD15,
145,05/11/2024,799,web,10,completado,REF671134,,2024-06-01 12:00
1559,06-11-2025,1202,web,2,completado,REF784001,NAVIDAD15,2024-06-01 12:00
3485,13 de septiembre de 2026,419,app_movil,6,completado,REF463990,,
1981,14 de febrero de 2026,628,tienda_fisica,10,pendiente,REF635526,NAVIDAD15,2024-06-01 12:00
893,07/23/2025,1437,app_movil,11,enviado,REF304133,VERANO10,
2759,7 de julio de 2026,1617,tienda_fisica,10,completado,REF720185,,2024-06-01 12:00
1792,07/03/2026,1843,tienda_fisica,1,cancelado,REF433406,,
3309,2025-07-11 00:00:00,1871,app_movil,7,cancelado,REF647744,VERANO10,2024-06-01 12:00
2032,27-11-2025,770,tienda_fisica,6,enviado,REF533368,,
481,2026-05-24 00:00:00,533,app_movil,11,enviado,REF437176,,
2054,8 de mayo de 2025,1742,tienda_fisica,6,completado,REF869393,VERANO10,
640,9 de febrero de 2025,1013,app_movil,2,completado,REF108603,,2024-06-01 12:00
2224,13 de julio de 2026,355,web,1,cancelado,REF496492,,
3066,04/23/2026,1290,web,2,completado,REF761693,,2024-06-01 12:00
232,2024-12-28,1197,app_movil,10,completado,REF319822,VERANO10,2024-06-01 12:00
2983,07/07/2025,1599,app_movil,7,completado,REF947602,VERANO10,
3191,15 de septiembre de 2026,1224,app_movil,3,completado,REF487461,,2024-06-01 12:00
2494,09/08/2025,1375,web,8,completado,REF586106,,2024-06-01 12:00
2111,10/11/2025,1666,tienda_fisica,2,enviado,REF425174,,2024-06-01 12:00
1301,2025-07-15 00:00:00,1453,app_movil,7,completado,REF999040,NAVIDAD15,2024-06-01 12:00
2014,13/01/2026,69,tienda_fisica,3,cancelado,REF913459,,
2049,11/24/2024,37,tienda_fisica,9,completado,REF865029,,2024-06-01 12:00
2270,2025-03-07,803,tienda_fisica,4,cancelado,REF566266,NAVIDAD15,
3588,10-07-2026,45,app_movil,4,completado,REF959029,,
1021,2026-01-20,406,web,5,completado,REF472286,NAVIDAD15,
394,1 de febrero de 2024,1484,web,6,enviado,REF989089,,
1774,27 de octubre de 2025,1189,web,8,completado,REF781357,,
549,2026-01-14,150,app_movil,8,completado,REF475706,,2024-06-01 12:00
2953,2024-08-22,1249,tienda_fisica,10,enviado,REF625678,,2024-06-01 12:00
2526,2026-01-20,783,tienda_fisica,7,enviado,REF363848,,
3314,2025-08-11 00:00:00,1171,tienda_fisica,8,completado,REF914401,,
265,28/07/2026,1267,app_movil,6,enviado,REF860723,VERANO10,
2824,02-05-2025,1026,web,12,completado,REF485694,,
1221,09-02-2026,1939,tienda_fisica,4,completado,REF707770,,
1389,20-08-2024,676,app_movil,11,completado,REF257819,VERANO10,
1585,4 de agosto de 2024,1569,tienda_fisica,6,completado,REF115137,,
3462,02-10-2024,1789,app_movil,5,enviado,REF302583,NAVIDAD15,2024-06-01 12:00
3002,2025-12-16,1236,web,10,cancelado,REF506776,NAVIDAD15,
1350,20 de agosto de 2026,250,app_movil,2,completado,REF174888,,
3173,2024-08-16 00:00:00,1615,app_movil,5,completado,REF580782,,2024-06-01 12:00
858,2025-06-29,103,web,12,pendiente,REF175552,,
3353,2026-06-09 00:00:00,1695,app_movil,7,cancelado,REF300240,NAVIDAD15,2024-06-01 12:00
2433,13 de mayo de 2024,1191,tienda_fisica,12,pendiente,REF986831,,
1757,08/08/2024,1576,web,9,completado,REF191399,,
1567,13 de febrero de 2025,1737,web,2,cancelado,REF227248,NAVIDAD15,2024-06-01 12:00
164,01/24/2025,119,tienda_fisica,1,completado,REF274679,,
1051,16-09-2024,484,app_movil,10,completado,REF419112,NAVIDAD15,
3024,2024-04-22,986,web,12,completado,REF867870,VERANO10,2024-06-01 12:00
1016,2024-12-04 00:00:00,420,app_movil,3,completado,REF885554,VERANO10,
1242,22 de agosto de 2024,495,web,7,completado,REF286027,VERANO10,
1646,2024-10-19,398,web,4,cancelado,REF856819,,2024-06-01 12:00
212,02/13/2026,302,tienda_fisica,4,completado,REF791363,,
1276,2025-12-03,1743,web,3,pendiente,REF977055,VERANO10,
948,09/24/2025,973,app_movil,6,enviado,REF718152,NAVIDAD15,2024-06-01 12:00
788,16 de julio de 2026,210,app_movil,9,completado,REF185287,NAVIDAD15,
947,2026-02-15,641,tienda_fisica,1,cancelado,REF931809,NAVIDAD15,2024-06-01 12:00
2269,2024-11-14,847,app_movil,10,cancelado,REF992364,VERANO10,
3143,2025-08-30,485,web,5,cancelado,REF846902,,
36,01-11-2024,879,app_movil,2,enviado,REF264126,,
2522,05/18/2025,1878,web,12,enviado,REF491588,,2024-06-01 12:00
3285,25 de junio de 2024,1435,tienda_fisica,6,pendiente,REF220719,VERANO10,
1216,08-05-2024,443,app_movil,11,completado,REF745617,,2024-06-01 12:00
3044,2026-09-16,1441,tienda_fisica,9,completado,REF837517,,
507,2025-08-18,1942,app_movil,11,enviado,REF592592,,2024-06-01 12:00
3361,10-07-2025,1467,tienda_fisica,7,completado,REF697693,,2024-06-01 12:00
2097,21/03/2026,1909,tienda_fisica,8,completado,REF375501,,2024-06-01 12:00
2939,21/05/2025,1578,web,5,completado,REF530920,,2024-06-01 12:00
1060,24 de julio de 2026,708,app_movil,7,completado,REF811862,,2024-06-01 12:00
270,2024-08-11,550,tienda_fisica,7,enviado,REF619657,,
2902,06/27/2025,1530,web,12,completado,REF267837,,
2519,28/07/2024,1069,tienda_fisica,6,completado,REF272695,,
1712,15 de septiembre de 2024,96,app_movil,12,completado,REF601119,VERANO10,
3329,26/04/2026,1921,tienda_fisica,5,completado,REF476816,,
2038,03/11/2024,300,tienda_fisica,8,pendiente,REF478285,,
1233,2024-12-11 00:00:00,860,app_movil,6,cancelado,REF773307,,
1343,2024-06-02,940,tienda_fisica,12,pendiente,REF406616,VERANO10,2024-06-01 12:00
2617,2025-07-19 00:00:00,1217,app_movil,3,completado,REF636962,,2024-06-01 12:00
3458,05/18/2026,967,web,5,enviado,REF289376,,
564,2024-08-09,1150,web,2,cancelado,REF998759,,
971,01/03/2025,622,web,10,pendiente,REF609182,VERANO10,
2239,01/04/2025,1637,tienda_fisica,2,completado,REF625749,,2024-06-01 12:00
870,2025-01-03,1878,app_movil,8,completado,REF484664,,2024-06-01 12:00
2542,04-04-2025,577,web,12,cancelado,REF582207,NAVIDAD15,
1188,02/07/2025,19,tienda_fisica,2,completado,REF420006,NAVIDAD15,
2614,2024-04-07,519,app_movil,4,completado,REF245190,,2024-06-01 12:00
344,2025-09-07,388,web,10,completado,REF273135,VERANO10,
2635,2025-05-30,1095,app_movil,3,pendiente,REF482803,NAVIDAD15,
786,04/20/2026,2133,web,2,completado,REF332648,NAVIDAD15,
1806,29/05/2024,1727,app_movil,3,completado,REF425759,,
3449,2026-03-29 00:00:00,471,web,4,cancelado,REF547142,,2024-06-01 12:00
433,14 de junio de 2026,48,web,5,completado,REF592992,,2024-06-01 12:00
3301,2025-08-18,1811,app_movil,11,pendiente,REF636582,,
1997,2026-03-20,1972,tienda_fisica,2,pendiente,REF654422,,
393,04/06/2026,1281,web,12,completado,REF627995,,
413,27 de abril de 2026,514,app_movil,7,completado,REF431913,,
2636,29-05-2024,747,tienda_fisica,7,completado,REF776884,,2024-06-01 12:00
2296,11-10-2025,287,web,4,completado,REF829735,VERANO10,
1511,10 de marzo de 2026,647,app_movil,5,completado,REF769158,,2024-06-01 12:00
2102,08/03/2025,1648,web,1,completado,REF302190,VERANO10,
2949,2026-09-24,1267,app_movil,11,cancelado,REF269145,VERANO10,
3499,11/17/2025,847,web,12,completado,REF751759,,2024-06-01 12:00
2471,23-03-2025,586,app_movil,4,pendiente,REF978342,,2024-06-01 12:00
686,14/03/2025,1332,app_movil,11,completado,REF791682,,2024-06-01 12:00
334,2024-06-19 00:00:00,1448,tienda_fisica,1,cancelado,REF830207,,
854,2025-11-24 00:00:00,1821,web,3,completado,REF958502,,
2598,2026-07-21 00:00:00,1538,tienda_fisica,2,cancelado,REF124827,VERANO10,2024-06-01 12:00
3009,2025-09-01 00:00:00,582,app_movil,9,enviado,REF845664,,2024-06-01 12:00
2261,2024-01-09,846,web,10,enviado,REF833940,NAVIDAD15,
3082,09/02/2024,599,tienda_fisica,7,completado,REF597299,,2024-06-01 12:00
2390,2025-08-06 00:00:00,612,tienda_fisica,8,completado,REF872056,VERANO10,
386,25 de enero de 2024,529,app_movil,12,enviado,REF870882,,
280,1 de mayo de 2026,528,web,12,completado,REF444480,,2024-06-01 12:00
2608,18/10/2025,269,tienda_fisica,1,completado,REF310015,,2024-06-01 12:00
2129,2025-08-13 00:00:00,70,tienda_fisica,6,pendiente,REF906389,,
1304,2025-03-19,1718,web,12,pendiente,REF807022,VERANO10,
838,2025-10-06 00:00:00,1722,tienda_fisica,9,completado,REF522328,,2024-06-01 12:00
3561,2026-07-31,346,web,5,enviado,REF982595,,2024-06-01 12:00
2447,8 de abril de 2025,1213,web,6,completado,REF563651,,
3337,21 de junio de 2024,412,web,4,enviado,REF826713,NAVIDAD15,
2188,2026-04-18,1505,web,3,pendiente,REF258171,VERANO10,
2572,04/24/2026,161,web,4,completado,REF527818,NAVIDAD15,
2878,2024-07-06,259,web,2,cancelado,REF996187,NAVIDAD15,
719,2026-09-20,683,web,9,completado,REF356470,,2024-06-01 12:00
3115,11/05/2025,1151,web,3,cancelado,REF998320,,2024-06-01 12:00
238,19 de mayo de 2024,1646,app_movil,6,completado,REF854775,VERANO10,
3470,2025-08-12,1107,web,1,enviado,REF822130,,2024-06-01 12:00
263,10/04/2025,853,app_movil,3,completado,REF981818,VERANO10,
2749,11/13/2025,1069,web,12,completado,REF581840,VERANO10,2024-06-01 12:00
2847,17-06-2024,1333,app_movil,8,completado,REF565455,,
1605,01/26/2026,1775,app_movil,2,completado,REF459657,VERANO10,2024-06-01 12:00
1982,31/08/2024,813,web,11,enviado,REF710165,NAVIDAD15,
1248,02/28/2026,1550,app_movil,4,completado,REF133252,VERANO10,
140,06/07/2025,346,web,7,completado,REF344321,,
2328,2026-06-30 00:00:00,319,web,10,cancelado,REF984228,,
2984,05-04-2026,134,web,3,completado,REF338751,,
985,2025-08-09,464,web,11,cancelado,REF810619,,2024-06-01 12:00
639,25/11/2024,1293,tienda_fisica,11,enviado,REF851783,,
3125,2026-06-28,821,tienda_fisica,2,completado,REF799390,,
1775,4 de junio de 2025,1838,web,6,pendiente,REF350171,,2024-06-01 12:00
3011,2025-09-20 00:00:00,1480,web,1,completado,REF823821,NAVIDAD15,
2622,22-03-2025,514,tienda_fisica,8,completado,REF203166,NAVIDAD15,
3482,2024-05-27 00:00:00,1992,web,6,completado,REF168544,,2024-06-01 12:00
908,22/10/2025,1918,web,7,enviado,REF391817,NAVIDAD15,
2480,11/24/2024,1554,app_movil,8,completado,REF818707,VERANO10,2024-06-01 12:00
3119,2025-04-11 00:00:00,943,web,7,enviado,REF974735,NAVIDAD15,
1158,2026-06-01,638,app_movil,11,completado,REF977747,,
1133,2025-02-25,62,tienda_fisica,11,completado,REF509275,,
871,2024-12-31,1501,web,4,pendiente,REF980582,NAVIDAD15,2024-06-01 12:00
3167,1 de agosto de 2025,1566,tienda_fisica,2,completado,REF696434,VERANO10,
575,25/06/2025,1218,app_movil,3,pendiente,REF322715,,2024-06-01 12:00
1043,2026-04-24,1902,tienda_fisica,10,enviado,REF544415,VERANO10,
1525,10 de agosto de 2026,1635,web,11,enviado,REF122794,,
3344,03/27/2025,619,tienda_fisica,5,completado,REF401152,NAVIDAD15,
2283,4 de agosto de 2026,22,tienda_fisica,8,enviado,REF390824,,2024-06-01 12:00
1199,2024-12-24,1546,app_movil,10,completado,REF236045,,
225,08/30/2025,1242,app_movil,7,enviado,REF198863,,
1596,2024-02-22,1492,app_movil,5,enviado,REF965594,,2024-06-01 12:00
1385,2024-01-11,1354,tienda_fisica,5,completado,REF291468,VERANO10,2024-06-01 12:00
1228,2026-03-31,1985,app_movil,1,pendiente,REF125052,,
1959,06-10-2024,1089,web,9,completado,REF855453,VERANO10,
1036,2026-07-12,843,tienda_fisica,7,cancelado,REF625323,,
2722,30/09/2024,1457,app_movil,11,completado,REF408696,,
2768,2024-09-29,966,web,12,enviado,REF396737,VERANO10,
259,30/03/2026,675,app_movil,4,completado,REF127059,VERANO10,2024-06-01 12:00
104,10/02/2026,1160,app_movil,9,enviado,REF767058,VERANO10,
2103,2026-02-03,1722,tienda_fisica,7,completado,REF387344,,
2852,17/05/2025,1038,tienda_fisica,5,completado,REF320726,NAVIDAD15,
56,2026-06-21,1195,app_movil,10,completado,REF301979,NAVIDAD15,2024-06-01 12:00
2461,8 de noviembre de 2024,1346,web,5,cancelado,REF135177,VERANO10,
1545,2024-04-05,1055,app_movil,5,pendiente,REF803833,NAVIDAD15,
826,12 de octubre de 2025,1307,web,4,completado,REF688787,NAVIDAD15,
1622,15/06/2026,1079,tienda_fisica,11,pendiente,REF380138,,
1548,04/29/2025,1618,app_movil,12,pendiente,REF507530,NAVIDAD15,
1345,2025-10-30,908,app_movil,8,completado,REF170637,VERANO10,2024-06-01 12:00
1693,2026-05-07,567,app_movil,7,completado,REF271458,VERANO10,2024-06-01 12:00
42,2026-02-16 00:00:00,989,tienda_fisica,6,completado,REF695956,,
2946,08/15/2025,606,app_movil,12,pendiente,REF826540,NAVIDAD15,
1700,2026-03-20,1925,web,10,completado,REF110424,,
432,2026-05-20,1954,web,11,enviado,REF350419,,2024-06-01 12:00
58,2026-02-07,444,,7,completado,REF995758,,2024-06-01 12:00
3047,2024-07-11,864,web,8,completado,REF889077,,
867,01/12/2025,1442,app_movil,2,cancelado,REF780451,,
333,26/03/2024,834,app_movil,10,enviado,REF315086,,
14,2026-08-09,795,tienda_fisica,4,cancelado,REF978301,VERANO10,
2633,2025-03-03,642,web,6,completado,REF693186,NAVIDAD15,
2866,2024-01-10 00:00:00,1113,web,8,enviado,REF224351,NAVIDAD15,
2605,27/04/2025,63,web,5,completado,REF976272,NAVIDAD15,2024-06-01 12:00
1719,2026-02-25,653,tienda_fisica,5,pendiente,REF456248,,2024-06-01 12:00
2167,11/27/2025,1213,web,1,cancelado,REF159027,NAVIDAD15,
2391,2026-02-23 00:00:00,1241,web,12,completado,REF626411,VERANO10,
1193,2025-11-11,769,tienda_fisica,7,enviado,REF532467,NAVIDAD15,
3025,26-06-2026,1981,web,10,enviado,REF389921,,2024-06-01 12:00
1755,11/22/2024,503,app_movil,12,completado,REF812924,VERANO10,
875,12/29/2025,964,app_movil,3,completado,REF953681,,2024-06-01 12:00
3405,2025-12-26,1265,app_movil,6,completado,REF243153,,2024-06-01 12:00
2258,30/05/2025,743,tienda_fisica,7,completado,REF146356,VERANO10,2024-06-01 12:00
4,11-04-2025,1535,tienda_fisica,12,completado,REF234398,VERANO10,
602,2025-07-15,877,app_movil,6,cancelado,REF213173,,
2444,05/05/2024,774,tienda_fisica,4,completado,REF722918,NAVIDAD15,2024-06-01 12:00
1812,2025-06-30 00:00:00,1752,web,1,completado,REF146053,,
434,01-02-2025,1906,tienda_fisica,10,completado,REF885830,,2024-06-01 12:00
1096,2025-05-21,1693,tienda_fisica,2,pendiente,REF352024,VERANO10,
1134,23 de febrero de 2024,1743,tienda_fisica,10,completado,REF721222,,
380,2025-06-09 00:00:00,1551,web,7,pendiente,REF479747,,
1048,30 de marzo de 2024,2168,app_movil,10,enviado,REF690306,NAVIDAD15,
883,17 de marzo de 2026,719,web,7,enviado,REF803794,,2024-06-01 12:00
3050,2024-11-22 00:00:00,1591,tienda_fisica,10,completado,REF940943,NAVIDAD15,2024-06-01 12:00
1902,2025-12-24,1575,tienda_fisica,7,pendiente,REF906758,,2024-06-01 12:00
3136,10/04/2025,1685,app_movil,6,pendiente,REF574027,NAVIDAD15,
1613,2026-08-18 00:00:00,1330,web,5,pendiente,REF566378,,2024-06-01 12:00
2955,2 de octubre de 2025,1308,web,3,completado,REF659901,,
2169,14 de marzo de 2025,685,web,10,enviado,REF495832,VERANO10,
3411,2024-01-03,1330,tienda_fisica,12,enviado,REF468141,NAVIDAD15,
69,2026-06-15 00:00:00,1709,tienda_fisica,11,enviado,REF507053,NAVIDAD15,
387,11 de octubre de 2025,1731,web,9,cancelado,REF794889,VERANO10,
900,02-04-2026,214,tienda_fisica,6,completado,REF975409,NAVIDAD15,2024-06-01 12:00
373,16-03-2026,1076,app_movil,3,completado,REF629403,,
1990,2024-10-04 00:00:00,116,web,8,completado,REF955429,,
159,2025-05-14,771,web,1,pendiente,REF133253,VERANO10,2024-06-01 12:00
2131,21-02-2024,1756,app_movil,7,pendiente,REF365199,VERANO10,2024-06-01 12:00
2596,2025-03-24,1494,web,3,pendiente,REF185068,VERANO10,2024-06-01 12:00
2577,05-02-2025,1175,app_movil,11,pendiente,REF320522,,
339,2026-02-22 00:00:00,1729,web,2,completado,REF309653,VERANO10,2024-06-01 12:00
2091,2026-06-09,1498,app_movil,5,enviado,REF260390,NAVIDAD15,
2138,05/09/2026,1595,web,1,completado,REF889199,,2024-06-01 12:00
1392,2026-04-16,1984,web,6,completado,REF995715,VERANO10,
1419,12/13/2025,1940,web,2,pendiente,REF704547,,
1162,2026-06-10 00:00:00,270,web,7,enviado,REF417881,,
1379,30-01-2024,1097,tienda_fisica,8,pendiente,REF381763,,2024-06-01 12:00
1154,26 de agosto de 2025,288,app_movil,11,cancelado,REF331248,,
633,15 de marzo de 2024,326,tienda_fisica,7,completado,REF456568,NAVIDAD15,
1312,16-03-2024,1867,app_movil,1,completado,REF221117,,
1831,21/11/2025,822,web,7,completado,REF200494,NAVIDAD15,
1456,18 de noviembre de 2024,780,app_movil,1,completado,REF140018,,2024-06-01 12:00
1063,2025-02-24,818,web,6,enviado,REF784303,,2024-06-01 12:00
3349,2025-04-19,914,web,11,cancelado,REF129865,,
1789,31 de enero de 2024,306,web,3,cancelado,REF445026,VERANO10,
321,2024-07-03,393,tienda_fisica,9,completado,REF590326,,2024-06-01 12:00
866,16/01/2025,181,app_movil,6,pendiente,REF280961,,2024-06-01 12:00
3315,10/04/2024,1188,app_movil,3,enviado,REF699379,,
3045,09/26/2025,1370,tienda_fisica,6,completado,REF281515,,
1288,11/20/2025,1485,app_movil,8,cancelado,REF905516,NAVIDAD15,
779,19-11-2024,1548,tienda_fisica,4,completado,REF713235,VERANO10,
233,2026-04-13,77,app_movil,3,cancelado,REF119426,,
1113,2025-10-29 00:00:00,28,web,3,completado,REF151954,,2024-06-01 12:00
1120,2025-06-30,1825,tienda_fisica,1,cancelado,REF612173,,
195,15 de noviembre de 2025,196,app_movil,4,completado,REF798792,,
1282,21/02/2026,301,web,9,cancelado,REF900299,NAVIDAD15,
529,2024-04-04 00:00:00,1011,tienda_fisica,4,completado,REF702114,VERANO10,2024-06-01 12:00
1139,2024-08-09 00:00:00,1245,app_movil,9,completado,REF240581,,2024-06-01 12:00
3112,15/07/2025,1473,web,11,pendiente,REF675808,VERANO10,
787,2024-10-02,1291,app_movil,11,completado,REF333828,NAVIDAD15,
3505,2026-02-27,587,tienda_fisica,5,enviado,REF671986,NAVIDAD15,
1516,2024-07-31,262,app_movil,7,pendiente,REF742293,,
133,05/27/2026,1692,web,9,completado,REF506320,NAVIDAD15,2024-06-01 12:00
1250,2024-02-15 00:00:00,395,web,5,completado,REF292882,NAVIDAD15,
552,2025-07-30,1306,tienda_fisica,2,completado,REF536475,,
458,28-11-2024,2112,web,8,pendiente,REF486768,VERANO10,2024-06-01 12:00
3304,08/01/2025,1904,web,2,completado,REF944806,NAVIDAD15,
2655,2024-03-14,1206,app_movil,5,completado,REF152390,NAVIDAD15,
2331,03/05/2025,824,web,8,enviado,REF658342,,2024-06-01 12:00
1668,14 de octubre de 2024,374,web,5,completado,REF544206,,2024-06-01 12:00
2185,04/29/2025,1136,web,7,completado,REF213612,,
777,22 de abril de 2024,285,app_movil,6,cancelado,REF303243,,
276,2024-08-21,974,tienda_fisica,11,completado,REF371004,VERANO10,2024-06-01 12:00
442,2026-09-04,1746,web,9,completado,REF172532,,
3265,21-06-2026,220,app_movil,7,cancelado,REF471182,,
1367,05/07/2026,1055,tienda_fisica,10,enviado,REF863899,,2024-06-01 12:00
797,21-05-2025,557,app_movil,12,cancelado,REF622785,,
1623,26-03-2024,75,tienda_fisica,10,enviado,REF436173,,
1400,14 de octubre de 2025,355,web,1,completado,REF550393,,2024-06-01 12:00
1185,2024-04-22,351,web,1,enviado,REF625284,,
597,2026-07-18,1939,app_movil,6,completado,REF969142,,2024-06-01 12:00
708,05/05/2024,1420,web,2,pendiente,REF678012,,
631,06/12/2026,1730,tienda_fisica,9,pendiente,REF861782,,
2094,31-08-2024,1617,app_movil,2,pendiente,REF424501,VERANO10,
393,04/06/2026,1281,web,12,completado,REF627995,,
878,28/05/2025,1950,web,1,completado,REF569830,NAVIDAD15,
1539,12/30/2024,668,web,1,completado,REF733121,VERANO10,
2662,04/04/2024,497,app_movil,9,completado,REF467712,,2024-06-01 12:00
3595,2025-03-31,62,tienda_fisica,5,completado,REF634605,,
2841,2024-08-28,578,tienda_fisica,7,pendiente,REF537898,,2024-06-01 12:00
3230,24-05-2026,486,app_movil,10,enviado,REF217654,VERANO10,
3090,19 de abril de 2026,1115,web,7,completado,REF413419,VERANO10,
1805,2024-03-03 00:00:00,1057,app_movil,2,enviado,REF191823,,
1795,2026-07-21 00:00:00,1005,web,4,completado,REF534851,VERANO10,
2751,2025-11-14,1365,web,8,completado,REF322427,NAVIDAD15,
2280,07-06-2026,1484,web,8,completado,REF319305,NAVIDAD15,
3039,2025-03-18,1252,tienda_fisica,8,pendiente,REF237624,VERANO10,
1617,2026-01-01 00:00:00,294,app_movil,1,completado,REF248230,,2024-06-01 12:00
905,2026-07-09 00:00:00,1331,web,10,completado,REF345653,,
475,2026-04-25 00:00:00,1764,web,7,enviado,REF252263,,2024-06-01 12:00
2813,05-09-2025,328,web,2,enviado,REF660561,VERANO10,2024-06-01 12:00
2948,12 de octubre de 2025,752,tienda_fisica,6,completado,REF960369,NAVIDAD15,2024-06-01 12:00
2490,03-06-2025,178,web,3,completado,REF274761,,
312,2024-07-28,1624,app_movil,7,completado,REF224777,,2024-06-01 12:00
3213,2026-05-15,442,tienda_fisica,10,pendiente,REF482873,VERANO10,
1047,2024-01-18 00:00:00,1414,web,11,completado,REF524404,NAVIDAD15,
416,11 de marzo de 2026,90,app_movil,11,completado,REF637234,VERANO10,2024-06-01 12:00
1431,2026-03-27,1051,tienda_fisica,1,completado,REF897469,VERANO10,
1171,2026-02-05,1835,web,5,pendiente,REF419651,NAVIDAD15,
1069,01/04/2024,1249,tienda_fisica,10,completado,REF825888,,
1380,2024-08-29,1224,web,3,cancelado,REF793600,VERANO10,
3107,25-09-2025,1033,tienda_fisica,9,cancelado,REF416505,,
1475,23 de mayo de 2026,1287,app_movil,1,completado,REF542171,VERANO10,
365,12/02/2026,1930,app_movil,7,completado,REF515506,,
508,08/10/2026,765,tienda_fisica,12,completado,REF296879,NAVIDAD15,
2679,16/10/2024,1780,app_movil,3,cancelado,REF651889,,
1863,26 de diciembre de 2025,1535,tienda_fisica,4,completado,REF384345,,
2926,17/10/2025,1752,app_movil,8,completado,REF124610,,
2603,2026-08-07 00:00:00,1474,app_movil,2,pendiente,REF407116,VERANO10,2024-06-01 12:00
3557,08/28/2026,838,web,12,completado,REF764727,NAVIDAD15,2024-06-01 12:00
3356,2026-08-26,1670,app_movil,5,completado,REF971196,NAVIDAD15,
1828,13-07-2025,1434,app_movil,4,completado,REF194474,VERANO10,2024-06-01 12:00
3206,2025-04-08,90,app_movil,6,pendiente,REF783940,VERANO10,
654,26 de febrero de 2024,410,tienda_fisica,10,completado,REF832928,VERANO10,2024-06-01 12:00
898,12 de marzo de 2026,896,tienda_fisica,8,pendiente,REF142587,,
1905,18/05/2024,778,web,9,completado,REF429777,,2024-06-01 12:00
3095,2025-07-18 00:00:00,1838,app_movil,3,cancelado,REF477833,,
863,2024-07-31 00:00:00,1552,tienda_fisica,2,completado,REF674898,,
3298,2025-08-24,329,tienda_fisica,10,completado,REF610347,,
391,2025-09-17,1284,app_movil,11,completado,REF522037,,
1395,24 de diciembre de 2024,10,tienda_fisica,3,enviado,REF463394,,
1923,01/06/2026,1138,tienda_fisica,7,cancelado,REF125296,,
2092,2025-10-09 00:00:00,1246,web,7,completado,REF267235,,
1054,29 de agosto de 2026,1603,tienda_fisica,9,completado,REF731995,VERANO10,2024-06-01 12:00
196,2026-06-03,1497,app_movil,5,enviado,REF781074,,2024-06-01 12:00
359,27/02/2024,962,app_movil,11,pendiente,REF584247,,
282,12/19/2025,1000,app_movil,11,completado,REF350403,,
3417,08/08/2026,1223,tienda_fisica,4,completado,REF187099,,
2257,2026-03-03 00:00:00,872,app_movil,3,completado,REF355847,,2024-06-01 12:00
143,2024-01-29,1389,tienda_fisica,11,cancelado,REF992913,NAVIDAD15,2024-06-01 12:00
2170,07/17/2025,1104,web,12,completado,REF130864,NAVIDAD15,2024-06-01 12:00
3031,26 de marzo de 2025,1240,app_movil,11,pendiente,REF204354,,
461,04-11-2024,1347,tienda_fisica,10,completado,REF397003,,
2898,03/03/2024,366,app_movil,10,completado,REF147792,,2024-06-01 12:00
1095,21/06/2025,1777,tienda_fisica,4,enviado,REF864392,NAVIDAD15,
2822,2026-01-09,40,web,8,pendiente,REF593201,,
231,2026-09-18 00:00:00,626,web,12,completado,REF962741,,
537,10 de abril de 2026,1594,tienda_fisica,9,completado,REF412316,,2024-06-01 12:00
1508,2026-05-01,1606,app_movil,1,cancelado,REF310472,,2024-06-01 12:00
717,16 de septiembre de 2025,1770,app_movil,3,completado,REF389824,NAVIDAD15,
682,06/14/2024,522,app_movil,10,completado,REF411199,NAVIDAD15,2024-06-01 12:00
2666,2025-11-24 00:00:00,117,web,5,completado,REF995844,NAVIDAD15,
650,18/12/2024,214,tienda_fisica,8,cancelado,REF821048,,
2282,2025-07-29,1488,tienda_fisica,10,pendiente,REF289761,,
571,2026-09-22 00:00:00,760,app_movil,11,pendiente,REF557360,NAVIDAD15,2024-06-01 12:00
3346,2025-08-19,869,tienda_fisica,4,completado,REF366114,NAVIDAD15,
2784,24-02-2025,1454,app_movil,10,enviado,REF281087,NAVIDAD15,
2024,2024-09-27,1556,app_movil,1,cancelado,REF865652,,
500,2025-12-11 00:00:00,1015,tienda_fisica,2,enviado,REF716832,NAVIDAD15,
2621,28 de septiembre de 2024,1300,web,7,pendiente,REF898084,,2024-06-01 12:00
3481,5 de marzo de 2025,1610,app_movil,6,completado,REF674817,VERANO10,
2411,02/12/2026,579,app_movil,7,completado,REF415966,,
2857,2024-04-03,1458,tienda_fisica,11,pendiente,REF977805,NAVIDAD15,
2587,04/22/2024,371,app_movil,9,cancelado,REF418525,VERANO10,2024-06-01 12:00
3528,2026-04-30,1884,web,10,enviado,REF456551,NAVIDAD15,2024-06-01 12:00
2688,2026-07-22,1944,web,7,completado,REF394692,NAVIDAD15,
925,2024-12-11,809,web,11,completado,REF161048,,
246,27/08/2026,110,web,8,pendiente,REF336876,,
3438,2024-01-28,1120,tienda_fisica,3,completado,REF667396,,2024-06-01 12:00
1929,2024-02-12,1335,web,11,enviado,REF594664,,
594,12/11/2024,513,web,1,completado,REF611591,,
493,2025-06-16,1138,tienda_fisica,5,enviado,REF438432,,
762,2024-10-09 00:00:00,385,tienda_fisica,9,completado,REF370559,,
811,2025-12-21 00:00:00,1020,app_movil,1,pendiente,REF800443,,2024-06-01 12:00
2916,01/14/2024,664,web,5,completado,REF767802,VERANO10,
2616,2024-08-09,1540,tienda_fisica,9,completado,REF573131,VERANO10,2024-06-01 12:00
2339,7 de noviembre de 2025,1615,web,11,enviado,REF264686,NAVIDAD15,
1394,06/09/2025,1889,web,6,pendiente,REF714341,NAVIDAD15,
700,06/26/2026,1280,tienda_fisica,6,completado,REF159250,,
2714,09-11-2025,38,app_movil,1,enviado,REF854572,NAVIDAD15,
872,23-10-2025,720,web,1,pendiente,REF478136,NAVIDAD15,2024-06-01 12:00
2692,1 de julio de 2026,1681,web,1,enviado,REF164111,,
2352,16 de mayo de 2026,1626,web,9,cancelado,REF720847,,
2042,13-04-2026,237,web,7,enviado,REF157558,,
902,2026-02-02,1388,app_movil,11,pendiente,REF769867,,
2529,08/23/2024,1543,tienda_fisica,3,completado,REF334383,,2024-06-01 12:00
1037,2024-08-09,1867,tienda_fisica,2,enviado,REF189601,,
294,10 de diciembre de 2024,1743,web,1,completado,REF951282,VERANO10,
1302,06/22/2026,302,app_movil,2,enviado,REF634307,,
1814,2024-09-21,1262,web,3,cancelado,REF753919,NAVIDAD15,
170,2025-04-10,1104,web,11,cancelado,REF344004,,
3193,26 de julio de 2026,563,web,3,enviado,REF990162,NAVIDAD15,
611,10 de febrero de 2025,983,tienda_fisica,7,cancelado,REF299068,,2024-06-01 12:00
2901,23 de abril de 2024,237,web,2,enviado,REF445136,,
197,2025-09-19,962,tienda_fisica,4,completado,REF648677,NAVIDAD15,
877,11/10/2024,287,app_movil,5,completado,REF794955,,2024-06-01 12:00
3535,11 de septiembre de 2024,1707,web,2,completado,REF170107,,2024-06-01 12:00
3448,16 de julio de 2025,1981,tienda_fisica,6,completado,REF867662,NAVIDAD15,
3318,2025-10-13 00:00:00,681,web,6,pendiente,REF946254,,
1286,06/01/2024,1249,app_movil,5,completado,REF554135,,
2795,2025-11-07,1046,app_movil,5,completado,REF749164,NAVIDAD15,
2906,2025-09-03,76,tienda_fisica,5,cancelado,REF117341,,
3562,03/06/2026,382,web,1,enviado,REF862866,NAVIDAD15,
1196,2025-03-17 00:00:00,1407,web,10,completado,REF868841,,
3065,2024-12-03,844,app_movil,3,pendiente,REF164687,NAVIDAD15,
1741,02/17/2026,1347,app_movil,6,completado,REF253783,,
532,2026-03-01 00:00:00,705,web,8,cancelado,REF986284,VERANO10,
1914,29/09/2026,1839,tienda_fisica,9,completado,REF362336,,
157,25-10-2024,560,tienda_fisica,3,pendiente,REF728431,,2024-06-01 12:00
1663,2025-01-10,589,app_movil,11,completado,REF511481,,
3268,2026-01-15,283,web,4,completado,REF519666,NAVIDAD15,
3399,2026-07-14,1592,tienda_fisica,4,completado,REF955148,VERANO10,
2011,2024-10-22 00:00:00,717,app_movil,1,enviado,REF496151,NAVIDAD15,2024-06-01 12:00
2304,2025-08-15,1462,web,8,enviado,REF912921,VERANO10,
563,2026-02-03,629,web,8,completado,REF424411,NAVIDAD15,2024-06-01 12:00
2874,2024-06-10,554,web,4,completado,REF698352,,2024-06-01 12:00
1065,2026-08-15,311,web,3,cancelado,REF478563,NAVIDAD15,
2086,2026-07-26 00:00:00,221,tienda_fisica,2,pendiente,REF890957,,
3296,2025-08-30,35,app_movil,4,completado,REF980411,,2024-06-01 12:00
1204,2026-02-26,1357,app_movil,3,completado,REF507340,,
3321,2025-01-13,1270,app_movil,12,completado,REF271672,,
680,06-07-2026,1686,app_movil,8,pendiente,REF665619,NAVIDAD15,
2845,12-08-2026,928,app_movil,1,pendiente,REF706695,VERANO10,
3113,10/13/2024,1324,web,12,completado,REF158047,VERANO10,2024-06-01 12:00
1062,5 de agosto de 2025,1649,web,4,completado,REF712902,NAVIDAD15,
361,2026-05-06 00:00:00,1760,app_movil,10,completado,REF674147,VERANO10,
2481,11/07/2025,1725,app_movil,7,enviado,REF374363,VERANO10,2024-06-01 12:00
1466,2025-11-06,313,tienda_fisica,5,enviado,REF543872,,
1908,06/29/2024,825,web,11,completado,REF402976,VERANO10,
2628,2025-11-17 00:00:00,1974,tienda_fisica,4,completado,REF600348,NAVIDAD15,2024-06-01 12:00
1861,03/01/2026,959,web,4,completado,REF593073,VERANO10,
517,08/12/2026,506,web,9,enviado,REF393757,,
326,10 de mayo de 2024,17,web,7,completado,REF220249,,
3177,04/28/2026,978,web,8,completado,REF541617,,
820,27-02-2025,1726,tienda_fisica,2,completado,REF643471,VERANO10,
1554,2025-11-09,1395,tienda_fisica,10,completado,REF344473,VERANO10,2024-06-01 12:00
2545,25 de diciembre de 2024,851,app_movil,10,completado,REF151695,,2024-06-01 12:00
1049,05/07/2024,1547,tienda_fisica,3,completado,REF773337,NAVIDAD15,2024-06-01 12:00
758,12/05/2024,395,web,6,completado,REF490615,VERANO10,
1187,09/27/2024,1116,tienda_fisica,3,completado,REF391622,VERANO10,
2164,09/08/2024,1367,tienda_fisica,11,completado,REF224356,VERANO10,2024-06-01 12:00
2213,16 de junio de 2025,1048,app_movil,1,cancelado,REF839421,NAVIDAD15,
2351,2024-05-06,1881,app_movil,4,completado,REF413936,NAVIDAD15,
437,2026-02-01,526,web,11,completado,REF224016,,
566,10/03/2026,1996,app_movil,11,completado,REF553021,NAVIDAD15,
2829,08/09/2025,927,tienda_fisica,12,enviado,REF188500,VERANO10,2024-06-01 12:00
201,13/10/2024,1112,app_movil,4,enviado,REF244934,VERANO10,
1752,2026-06-23,862,web,6,cancelado,REF165455,NAVIDAD15,
2876,15 de marzo de 2026,755,web,8,completado,REF473264,,2024-06-01 12:00
3358,6 de octubre de 2024,1885,web,2,completado,REF837058,,
1951,25-09-2025,1540,app_movil,6,cancelado,REF161584,VERANO10,2024-06-01 12:00
290,2024-03-02,980,web,6,pendiente,REF218863,,
1943,04/08/2025,1079,tienda_fisica,10,completado,REF219169,VERANO10,
81,02/18/2025,1877,app_movil,3,enviado,REF526406,,
1987,2024-07-17,1567,app_movil,7,completado,REF551800,,2024-06-01 12:00
659,05/18/2026,1419,tienda_fisica,6,completado,REF719977,,
2316,2025-06-15,637,web,9,cancelado,REF912377,VERANO10,2024-06-01 12:00
1170,2024-10-16,1015,app_movil,11,completado,REF898674,,
2286,2025-10-28,54,tienda_fisica,4,completado,REF451425,,
2230,05/15/2026,1340,web,11,enviado,REF436238,NAVIDAD15,
3333,10/27/2025,1110,app_movil,12,completado,REF612955,,
2586,25/03/2024,1355,web,7,pendiente,REF923836,NAVIDAD15,
3564,19-09-2026,117,app_movil,2,cancelado,REF569143,,
2166,17 de septiembre de 2026,1578,app_movil,9,completado,REF535147,,2024-06-01 12:00
2863,2026-08-07,425,web,4,enviado,REF632300,VERANO10,2024-06-01 12:00
3377,2026-08-21,451,app_movil,2,completado,REF762438,,
281,2024-10-13,1730,app_movil,8,completado,REF603245,VERANO10,2024-06-01 12:00
770,2026-08-27 00:00:00,805,app_movil,11,cancelado,REF686860,,
3357,2026-05-06,703,tienda_fisica,12,completado,REF988138,,
689,2024-04-17 00:00:00,1195,app_movil,6,completado,REF758903,NAVIDAD15,
2051,2024-03-01 00:00:00,169,app_movil,4,enviado,REF456719,VERANO10,2024-06-01 12:00
1320,2024-07-03 00:00:00,709,tienda_fisica,5,enviado,REF368279,NAVIDAD15,2024-06-01 12:00
109,2025-01-24,1310,tienda_fisica,11,completado,REF862251,VERANO10,
1823,17/01/2025,1960,app_movil,9,pendiente,REF100758,NAVIDAD15,2024-06-01 12:00
582,2025-06-15,952,tienda_fisica,12,cancelado,REF344214,NAVIDAD15,2024-06-01 12:00
957,2025-10-08 00:00:00,616,tienda_fisica,7,cancelado,REF429879,,
1517,18-12-2025,1688,app_movil,11,completado,REF209939,NAVIDAD15,2024-06-01 12:00
1716,2026-04-16 00:00:00,789,app_movil,1,completado,REF428681,VERANO10,2024-06-01 12:00
1068,14/06/2024,851,app_movil,12,cancelado,REF315951,VERANO10,
1520,08/12/2026,1002,app_movil,9,completado,REF467528,NAVIDAD15,2024-06-01 12:00
3366,2025-11-02,458,tienda_fisica,4,completado,REF813213,,
857,07-06-2024,739,tienda_fisica,10,pendiente,REF401924,,2024-06-01 12:00
691,2025-01-13,143,app_movil,10,cancelado,REF994311,VERANO10,2024-06-01 12:00
2856,28/06/2025,1317,tienda_fisica,10,cancelado,REF556232,,
2495,2024-08-17,806,app_movil,6,cancelado,REF211118,NAVIDAD15,2024-06-01 12:00
3197,2024-02-08,972,web,6,completado,REF423355,,
1672,31/01/2024,666,web,10,completado,REF582071,NAVIDAD15,
1736,2025-07-23,1469,web,7,completado,REF973048,NAVIDAD15,2024-06-01 12:00
1177,07/03/2026,989,web,3,pendiente,REF997875,,2024-06-01 12:00
482,2 de junio de 2025,1082,tienda_fisica,3,pendiente,REF127563,NAVIDAD15,
3147,24 de septiembre de 2025,988,tienda_fisica,5,enviado,REF587478,VERANO10,
230,2024-12-23,1395,app_movil,8,cancelado,REF819783,,
2935,06/10/2025,1410,tienda_fisica,3,pendiente,REF752895,NAVIDAD15,
1108,2024-10-06 00:00:00,1230,web,1,completado,REF385650,,
609,09/16/2024,1516,app_movil,9,completado,REF848690,,
2437,2026-06-28 00:00:00,251,web,7,pendiente,REF854949,VERANO10,2024-06-01 12:00
3256,17/05/2024,1599,web,2,completado,REF198356,,
120,2024-06-04,1459,app_movil,3,completado,REF831880,NAVIDAD15,
1479,11 de septiembre de 2025,74,web,8,enviado,REF252549,NAVIDAD15,
772,2026-01-20 00:00:00,1176,web,1,pendiente,REF370654,,
1446,01/08/2024,760,app_movil,4,completado,REF158994,NAVIDAD15,
3052,2026-08-19,1898,tienda_fisica,6,completado,REF196421,NAVIDAD15,2024-06-01 12:00
707,27/09/2026,1048,web,10,cancelado,REF313716,,2024-06-01 12:00
378,2026-05-04,923,web,9,enviado,REF501688,NAVIDAD15,
2629,2025-10-19,1235,app_movil,6,completado,REF221194,,2024-06-01 12:00
1370,2024-10-13,1581,tienda_fisica,12,completado,REF797992,,
1287,12-08-2024,1978,web,3,completado,REF832164,NAVIDAD15,2024-06-01 12:00
3170,05-03-2024,1984,app_movil,6,enviado,REF617918,,
1597,02/04/2025,990,tienda_fisica,2,completado,REF184531,VERANO10,2024-06-01 12:00
2885,2025-06-28 00:00:00,1492,web,10,enviado,REF336830,VERANO10,
2739,27 de octubre de 2025,1475,web,1,cancelado,REF117151,VERANO10,
2060,16/01/2024,1680,app_movil,2,completado,REF915859,NAVIDAD15,2024-06-01 12:00
3131,28/04/2025,1049,web,3,enviado,REF694573,VERANO10,2024-06-01 12:00
851,11/10/2025,299,tienda_fisica,1,completado,REF830665,NAVIDAD15,2024-06-01 12:00
1674,17 de agosto de 2026,1873,tienda_fisica,7,enviado,REF112182,VERANO10,
1924,2024-05-24 00:00:00,1806,tienda_fisica,8,completado,REF783541,NAVIDAD15,
2970,2026-07-22,1401,tienda_fisica,7,completado,REF711127,,
1653,2025-07-02,1216,web,9,pendiente,REF469984,NAVIDAD15,
3181,19-06-2026,57,web,9,enviado,REF328135,,
1004,16 de diciembre de 2024,384,web,8,completado,REF571207,,
712,30 de abril de 2024,1424,app_movil,10,enviado,REF811758,NAVIDAD15,2024-06-01 12:00
3046,05/06/2025,1563,web,2,cancelado,REF310841,NAVIDAD15,2024-06-01 12:00
1089,2025-11-28,444,web,1,enviado,REF682640,NAVIDAD15,2024-06-01 12:00
3348,2025-03-12,276,tienda_fisica,12,completado,REF220004,,
1808,2025-11-06 00:00:00,1553,app_movil,6,completado,REF582624,VERANO10,2024-06-01 12:00
193,02/06/2026,1978,tienda_fisica,6,pendiente,REF913840,VERANO10,2024-06-01 12:00
658,08/04/2024,1661,tienda_fisica,12,completado,REF467369,,
1044,3 de marzo de 2024,1481,app_movil,9,cancelado,REF725748,NAVIDAD15,2024-06-01 12:00
2401,2026-03-18,184,web,6,cancelado,REF509171,NAVIDAD15,2024-06-01 12:00
1323,09/04/2025,1505,web,4,completado,REF390228,NAVIDAD15,
3506,26-08-2025,774,web,1,cancelado,REF610151,NAVIDAD15,
1261,11/28/2025,120,app_movil,2,completado,REF796390,NAVIDAD15,
128,2025-05-26 00:00:00,1821,tienda_fisica,9,completado,REF327931,,2024-06-01 12:00
579,2024-07-25,1877,app_movil,11,pendiente,REF326529,VERANO10,
2247,12 de mayo de 2026,894,tienda_fisica,11,completado,REF991409,NAVIDAD15,
2419,11/03/2024,2191,tienda_fisica,12,pendiente,REF998532,,
293,25/12/2024,482,tienda_fisica,8,enviado,REF896998,,2024-06-01 12:00
2039,2025-12-15 00:00:00,346,web,6,pendiente,REF497526,,
403,2025-02-24,1857,web,7,completado,REF879763,VERANO10,2024-06-01 12:00
519,2025-05-04,1903,tienda_fisica,10,completado,REF487911,VERANO10,2024-06-01 12:00
132,2025-05-31,494,web,6,enviado,REF354777,NAVIDAD15,
2438,11-09-2026,1382,tienda_fisica,7,completado,REF406611,,
483,02/26/2026,531,tienda_fisica,9,pendiente,REF211946,,2024-06-01 12:00
865,10 de agosto de 2025,666,app_movil,9,cancelado,REF808054,,
84,2026-06-15,1650,app_movil,2,cancelado,REF339276,VERANO10,
1980,06/14/2026,855,tienda_fisica,1,completado,REF918605,NAVIDAD15,2024-06-01 12:00
1639,2026-09-21,1918,app_movil,6,completado,REF383506,,
1447,22-04-2026,1372,tienda_fisica,1,completado,REF864014,NAVIDAD15,2024-06-01 12:00
2848,17/01/2025,1452,tienda_fisica,3,completado,REF268613,VERANO10,
2738,27/02/2024,2191,tienda_fisica,6,completado,REF795551,NAVIDAD15,
534,2026-05-27 00:00:00,16,tienda_fisica,8,cancelado,REF774486,,
2750,2024-12-20 00:00:00,1135,app_movil,12,completado,REF677333,,
1006,28/08/2024,474,web,9,completado,REF922970,NAVIDAD15,
935,11/27/2024,578,app_movil,10,completado,REF673594,VERANO10,
2684,2025-06-28 00:00:00,555,tienda_fisica,11,completado,REF932167,,
1026,2025-07-05 00:00:00,898,web,12,completado,REF616734,NAVIDAD15,2024-06-01 12:00
1592,2024-05-10,1316,app_movil,1,completado,REF178280,,
1327,2025-04-14,314,app_movil,6,cancelado,REF326532,NAVIDAD15,
2424,2026-03-05 00:00:00,847,app_movil,8,cancelado,REF704744,,
1200,08-05-2026,1391,web,12,completado,REF103240,VERANO10,2024-06-01 12:00
2730,2024-05-11 00:00:00,1118,tienda_fisica,10,pendiente,REF491459,,2024-06-01 12:00
1495,04/08/2026,850,app_movil,6,pendiente,REF477672,,
202,2026-04-22,1102,app_movil,4,completado,REF284240,,2024-06-01 12:00
1371,2024-03-08,1695,tienda_fisica,4,completado,REF108226,,
287,18-10-2024,1226,web,6,completado,REF129686,,
3074,31 de diciembre de 2024,181,app_movil,2,completado,REF558645,,
815,2025-07-02,1356,app_movil,8,completado,REF209403,,2024-06-01 12:00
2359,05-09-2024,1755,app_movil,9,enviado,REF681393,,
338,19 de noviembre de 2025,959,app_movil,7,enviado,REF496267,,
1027,2024-06-19 00:00:00,329,web,2,completado,REF293861,,
2839,2024-07-05 00:00:00,199,tienda_fisica,6,completado,REF138587,,
2758,2026-05-22,873,web,4,enviado,REF380421,,2024-06-01 12:00
3452,27 de mayo de 2025,1290,app_movil,4,pendiente,REF416227,,
2894,2025-09-09,31,web,1,completado,REF141252,NAVIDAD15,
798,2026-08-23,1685,web,9,pendiente,REF957798,NAVIDAD15,2024-06-01 12:00
1717,10/09/2025,1607,web,12,pendiente,REF223519,NAVIDAD15,2024-06-01 12:00
894,2025-08-12,1058,app_movil,12,completado,REF645227,VERANO10,
2126,2025-08-30,1245,app_movil,8,pendiente,REF719258,,
1742,5 de abril de 2026,1052,tienda_fisica,7,cancelado,REF510924,VERANO10,
1220,25-01-2025,375,web,12,completado,REF339908,,
795,2026-05-08,1521,app_movil,1,cancelado,REF148205,,
2775,21/10/2025,56,web,1,cancelado,REF794180,,
167,23/11/2024,1348,tienda_fisica,8,pendiente,REF561927,VERANO10,
467,19-08-2026,1837,app_movil,4,cancelado,REF805741,NAVIDAD15,2024-06-01 12:00
1294,6 de septiembre de 2025,339,web,10,completado,REF407545,,2024-06-01 12:00
2781,17 de agosto de 2025,692,tienda_fisica,12,completado,REF805765,,
1488,13 de mayo de 2025,726,tienda_fisica,4,enviado,REF214107,,
1155,2024-04-29,406,app_movil,6,pendiente,REF391971,,
3547,16 de mayo de 2025,1631,web,6,enviado,REF900941,NAVIDAD15,
2930,24/05/2024,1377,tienda_fisica,11,enviado,REF550747,VERANO10,2024-06-01 12:00
3114,2025-06-11 00:00:00,631,tienda_fisica,4,completado,REF844874,,
3549,2026-08-10 00:00:00,124,tienda_fisica,6,cancelado,REF804861,NAVIDAD15,2024-06-01 12:00
1022,08-02-2026,749,tienda_fisica,3,cancelado,REF503304,,2024-06-01 12:00
2348,09/11/2024,421,app_movil,7,pendiente,REF866941,VERANO10,
47,18 de agosto de 2025,1900,web,4,enviado,REF264535,,
3261,10/12/2025,660,web,11,enviado,REF786252,VERANO10,
1872,04/17/2025,1586,web,1,completado,REF946025,,2024-06-01 12:00
2697,2 de enero de 2026,1603,app_movil,5,enviado,REF363463,VERANO10,
144,16/11/2025,1137,tienda_fisica,7,cancelado,REF947594,VERANO10,2024-06-01 12:00
2869,21/08/2025,1224,app_movil,4,cancelado,REF538478,,2024-06-01 12:00
1311,2026-02-02,418,web,1,pendiente,REF861547,NAVIDAD15,
1815,05/05/2025,1206,tienda_fisica,12,pendiente,REF910936,,
3105,28 de enero de 2025,966,tienda_fisica,2,completado,REF842399,VERANO10,2024-06-01 12:00
2486,2025-12-08,767,app_movil,3,pendiente,REF826289,,2024-06-01 12:00
1391,15/01/2024,1322,app_movil,4,enviado,REF744303,,2024-06-01 12:00
1291,05/21/2026,1682,web,1,completado,REF191119,NAVIDAD15,
1847,18 de marzo de 2025,576,web,11,pendiente,REF473895,,2024-06-01 12:00
3322,2026-05-18 00:00:00,583,tienda_fisica,9,cancelado,REF409621,NAVIDAD15,2024-06-01 12:00
1111,2025-12-12,166,app_movil,3,completado,REF447906,,2024-06-01 12:00
2058,27 de octubre de 2025,1782,app_movil,7,completado,REF301341,NAVIDAD15,
897,25 de septiembre de 2026,146,app_movil,1,completado,REF730627,VERANO10,
2829,08/09/2025,927,tienda_fisica,12,enviado,REF188500,VERANO10,2024-06-01 12:00
3130,08/02/2025,643,app_movil,1,completado,REF909253,,2024-06-01 12:00
2560,08/05/2025,1324,app_movil,5,completado,REF626441,,2024-06-01 12:00
1703,2025-03-23,1896,web,2,completado,REF240380,,2024-06-01 12:00
2007,2024-10-22,1823,app_movil,12,completado,REF183841,NAVIDAD15,2024-06-01 12:00
1085,28/09/2026,1347,app_movil,11,completado,REF967906,,2024-06-01 12:00
837,14-03-2025,1098,web,6,completado,REF288314,VERANO10,
1266,06-01-2025,996,app_movil,5,pendiente,REF916443,,2024-06-01 12:00
2375,28 de diciembre de 2025,718,tienda_fisica,6,pendiente,REF268291,NAVIDAD15,2024-06-01 12:00
397,20/10/2024,1198,tienda_fisica,7,completado,REF545598,VERANO10,2024-06-01 12:00
2699,24-05-2025,1244,web,2,pendiente,REF902027,NAVIDAD15,2024-06-01 12:00
1714,2026-05-08 00:00:00,1781,web,8,cancelado,REF448765,,
844,16-03-2024,111,web,7,completado,REF183703,NAVIDAD15,
1779,2026-03-12,308,tienda_fisica,10,cancelado,REF237732,,2024-06-01 12:00
1137,26-02-2024,1517,app_movil,10,pendiente,REF213226,,2024-06-01 12:00
913,05-09-2026,886,web,3,completado,REF617438,,2024-06-01 12:00
634,2025-08-07 00:00:00,467,app_movil,1,completado,REF378165,VERANO10,2024-06-01 12:00
525,2025-08-23 00:00:00,618,app_movil,3,completado,REF784803,,
1890,22-07-2024,1619,tienda_fisica,7,cancelado,REF489344,VERANO10,2024-06-01 12:00
3303,5 de abril de 2026,920,tienda_fisica,3,enviado,REF490195,NAVIDAD15,
1572,25/09/2026,1378,app_movil,1,cancelado,REF248837,VERANO10,
610,09-04-2026,949,web,2,cancelado,REF894640,,2024-06-01 12:00
3128,19 de febrero de 2026,652,tienda_fisica,9,completado,REF178562,NAVIDAD15,2024-06-01 12:00
3028,2026-08-04,1035,web,11,completado,REF971990,,
2803,18/07/2026,1309,app_movil,11,cancelado,REF924859,NAVIDAD15,
1136,2026-08-15,527,tienda_fisica,5,completado,REF544188,,2024-06-01 12:00
1088,2024-02-28,883,app_movil,8,enviado,REF638990,,
75,2025-06-25,802,app_movil,9,completado,REF752463,VERANO10,2024-06-01 12:00
1581,08/10/2025,1351,web,4,completado,REF333589,,2024-06-01 12:00
417,13 de diciembre de 2024,466,web,10,cancelado,REF429409,VERANO10,
3054,2026-01-04 00:00:00,554,tienda_fisica,8,cancelado,REF648956,,2024-06-01 12:00
790,05/16/2026,1903,app_movil,12,completado,REF420577,,
1733,2025-09-08 00:00:00,609,web,2,completado,REF964130,VERANO10,
2579,05/18/2026,1284,app_movil,10,completado,REF519251,,
46,2024-06-01,103,N/A,5,cancelado,REF738495,,
1533,20/04/2025,1029,web,12,completado,REF375468,VERANO10,2024-06-01 12:00
1278,2024-08-15,1883,app_movil,5,enviado,REF255611,VERANO10,2024-06-01 12:00
25,2026-04-28 00:00:00,150,-,11,pendiente,REF462738,VERANO10,
2184,2025-09-20,931,app_movil,1,enviado,REF944479,NAVIDAD15,
2792,2024-09-29,1853,tienda_fisica,11,completado,REF150582,VERANO10,
1790,2026-03-05,1581,app_movil,8,cancelado,REF767885,,2024-06-01 12:00
2349,08/19/2025,1339,web,10,completado,REF992209,NAVIDAD15,2024-06-01 12:00
3563,04/16/2025,491,tienda_fisica,1,completado,REF794797,VERANO10,2024-06-01 12:00
3217,16/08/2026,367,web,7,completado,REF380959,NAVIDAD15,
1099,2025-03-03 00:00:00,1822,app_movil,4,completado,REF437970,NAVIDAD15,2024-06-01 12:00
3370,2024-09-19,281,web,4,pendiente,REF519380,NAVIDAD15,
3517,06-11-2024,1491,tienda_fisica,1,completado,REF122182,VERANO10,
1376,28/01/2025,1361,tienda_fisica,9,completado,REF632642,,
986,2025-09-04,1455,tienda_fisica,4,completado,REF484404,,2024-06-01 12:00
3388,22 de octubre de 2024,1576,tienda_fisica,9,pendiente,REF849744,,2024-06-01 12:00
190,2025-03-06,1971,app_movil,4,completado,REF389484,VERANO10,
1892,29/09/2024,949,web,6,completado,REF408479,VERANO10,2024-06-01 12:00
1455,2024-05-10 00:00:00,1701,app_movil,4,cancelado,REF971612,,2024-06-01 12:00
1514,2026-07-03,1186,app_movil,4,completado,REF830325,,2024-06-01 12:00
499,12-08-2025,382,web,8,completado,REF538255,VERANO10,
573,2025-12-26,1743,app_movil,8,pendiente,REF707381,NAVIDAD15,
529,2024-04-04 00:00:00,1011,tienda_fisica,4,completado,REF702114,VERANO10,2024-06-01 12:00
2835,28-01-2025,1140,app_movil,5,pendiente,REF176719,NAVIDAD15,
2736,02/21/2026,1181,tienda_fisica,8,cancelado,REF120088,NAVIDAD15,
1512,2 de agosto de 2026,1687,app_movil,5,enviado,REF329119,VERANO10,
1128,2024-08-19,1528,app_movil,5,pendiente,REF680706,,
1915,19-04-2025,698,web,9,completado,REF534207,,2024-06-01 12:00
1732,10-01-2025,1740,web,11,cancelado,REF577988,,
2951,2024-06-08,1779,tienda_fisica,10,pendiente,REF781550,VERANO10,2024-06-01 12:00
3480,2025-02-01,1149,app_movil,3,completado,REF440242,VERANO10,
2592,7 de mayo de 2026,2175,tienda_fisica,3,completado,REF186018,NAVIDAD15,
3067,11/29/2024,786,tienda_fisica,3,enviado,REF371163,NAVIDAD15,
1489,2026-04-04,1125,app_movil,10,completado,REF354073,NAVIDAD15,
111,2025-02-01 00:00:00,1681,tienda_fisica,4,completado,REF515693,,
2704,2025-06-23,1585,app_movil,10,enviado,REF141095,VERANO10,
2918,15/09/2026,2147,web,3,completado,REF319476,VERANO10,2024-06-01 12:00
1979,23-07-2024,1852,web,4,completado,REF780958,,
3553,2025-11-20,1353,tienda_fisica,7,completado,REF753451,NAVIDAD15,2024-06-01 12:00
3363,19-05-2026,1527,web,8,pendiente,REF811389,,
1461,23 de junio de 2025,1736,tienda_fisica,12,pendiente,REF110759,,
1494,2025-04-18,575,web,7,completado,REF445082,VERANO10,
2023,2026-01-06,1195,tienda_fisica,5,enviado,REF489313,VERANO10,2024-06-01 12:00
3064,11-08-2026,1787,app_movil,11,cancelado,REF203157,NAVIDAD15,
1822,2024-03-15,244,tienda_fisica,6,completado,REF104050,,
2450,03-04-2025,345,tienda_fisica,10,enviado,REF672447,NAVIDAD15,2024-06-01 12:00
1880,2024-09-24,80,web,3,pendiente,REF212467,,2024-06-01 12:00
3530,16/12/2024,1044,tienda_fisica,9,completado,REF872156,,
2989,22 de mayo de 2026,153,tienda_fisica,5,completado,REF212450,VERANO10,2024-06-01 12:00
2398,10/02/2026,885,tienda_fisica,10,pendiente,REF738074,VERANO10,
1023,29-06-2025,558,tienda_fisica,1,cancelado,REF678875,,2024-06-01 12:00
3271,24-07-2024,1738,app_movil,2,completado,REF245503,,2024-06-01 12:00
1659,2025-09-23,996,tienda_fisica,3,completado,REF278440,,
3421,07/07/2024,1880,app_movil,2,completado,REF368674,,
2254,04/17/2026,1589,web,5,pendiente,REF522309,,
466,2025-09-21 00:00:00,906,web,8,pendiente,REF684443,,
796,13-02-2024,458,app_movil,5,completado,REF219039,NAVIDAD15,
2242,3 de septiembre de 2026,1908,tienda_fisica,8,enviado,REF279229,NAVIDAD15,
1457,23/05/2026,1470,app_movil,8,completado,REF259700,NAVIDAD15,
969,2025-09-18 00:00:00,1362,web,11,enviado,REF170202,,2024-06-01 12:00
2712,2024-08-15,1078,tienda_fisica,6,enviado,REF820829,,
2994,2026-09-20,1061,web,8,pendiente,REF730758,,
2000,01/14/2026,1740,web,7,completado,REF753202,VERANO10,2024-06-01 12:00
2179,2024-03-16 00:00:00,902,tienda_fisica,10,cancelado,REF543807,VERANO10,2024-06-01 12:00
399,04/08/2026,391,web,2,enviado,REF434252,,2024-06-01 12:00
2724,11/02/2025,880,tienda_fisica,12,completado,REF627242,,
2063,05/13/2026,932,web,1,completado,REF347401,,
2808,10 de diciembre de 2025,1937,web,11,enviado,REF595304,,
3418,2024-08-05,1300,web,12,completado,REF406923,,
623,09/01/2025,211,tienda_fisica,3,enviado,REF648800,,
1821,17-01-2025,1633,app_movil,12,pendiente,REF863876,VERANO10,
3313,15/01/2025,1278,tienda_fisica,7,completado,REF176467,NAVIDAD15,
3145,2024-04-29,1112,app_movil,6,enviado,REF559587,,
3215,10/31/2024,1520,tienda_fisica,7,cancelado,REF320117,,2024-06-01 12:00
150,2025-09-21,151,web,9,completado,REF360953,VERANO10,
2541,26-06-2026,1522,app_movil,8,pendiente,REF843122,,2024-06-01 12:00
1723,27 de octubre de 2024,1684,tienda_fisica,6,completado,REF280038,VERANO10,2024-06-01 12:00
2020,2026-08-23 00:00:00,1735,web,2,completado,REF956024,,2024-06-01 12:00
2226,30-10-2025,1175,web,2,enviado,REF256209,,
3599,2024-09-08 00:00:00,469,web,3,cancelado,REF307968,NAVIDAD15,
2927,2026-08-25,173,tienda_fisica,4,pendiente,REF602156,,2024-06-01 12:00
422,26/04/2025,1104,tienda_fisica,8,enviado,REF942619,,
3088,2026-01-14,1414,app_movil,7,completado,REF385187,,
3091,12-05-2026,504,tienda_fisica,4,pendiente,REF450699,VERANO10,2024-06-01 12:00
51,2024-05-31,361,null,4,completado,REF592716,,2024-06-01 12:00
2798,2026-05-01 00:00:00,1954,web,9,enviado,REF164710,VERANO10,
2425,2026-09-06 00:00:00,1296,web,3,enviado,REF762867,VERANO10,2024-06-01 12:00
1265,2025-03-06,1324,app_movil,1,completado,REF399780,,
92,09/11/2024,146,web,3,cancelado,REF224583,NAVIDAD15,
3013,09/22/2024,745,tienda_fisica,6,completado,REF630308,,
1483,8 de enero de 2026,23,tienda_fisica,11,pendiente,REF961276,,
426,28 de junio de 2024,869,web,12,enviado,REF596240,NAVIDAD15,
2728,13/02/2026,106,tienda_fisica,10,completado,REF168606,NAVIDAD15,
667,28 de noviembre de 2024,1527,web,6,cancelado,REF841024,,
766,9 de agosto de 2025,1733,tienda_fisica,10,completado,REF289907,VERANO10,2024-06-01 12:00
347,2026-08-29,180,app_movil,1,completado,REF881553,,2024-06-01 12:00
3299,17/06/2026,1251,app_movil,11,completado,REF611588,,2024-06-01 12:00
2954,2025-05-22 00:00:00,1199,app_movil,10,cancelado,REF750440,VERANO10,
1594,2025-06-28,1215,app_movil,1,pendiente,REF830986,,
274,2025-08-24 00:00:00,350,tienda_fisica,5,pendiente,REF428251,VERANO10,
827,2025-05-09,682,app_movil,3,enviado,REF987373,VERANO10,
745,2 de abril de 2024,443,web,1,completado,REF669389,NAVIDAD15,
291,2024-05-24 00:00:00,1730,app_movil,5,pendiente,REF627628,VERANO10,
1754,12-05-2025,967,tienda_fisica,3,pendiente,REF309402,VERANO10,
1493,2025-05-04,350,tienda_fisica,4,completado,REF764240,,
1687,2025-04-17,873,app_movil,4,completado,REF492298,NAVIDAD15,
1939,2025-03-16,1897,app_movil,4,pendiente,REF750214,VERANO10,2024-06-01 12:00
1035,03/07/2026,276,web,6,completado,REF785414,,
2046,03-06-2025,1750,web,10,cancelado,REF945720,VERANO10,
1631,23/05/2026,1306,tienda_fisica,12,completado,REF672365,,
2347,9 de junio de 2026,1402,tienda_fisica,2,enviado,REF745889,,2024-06-01 12:00
1747,04-09-2026,1381,web,11,enviado,REF195566,NAVIDAD15,
769,2024-12-24 00:00:00,1697,tienda_fisica,2,pendiente,REF808452,VERANO10,
3429,8 de mayo de 2024,768,web,7,cancelado,REF801388,,
829,2025-08-09,652,web,7,cancelado,REF338297,VERANO10,
2249,2025-04-09,1382,app_movil,2,cancelado,REF795632,VERANO10,2024-06-01 12:00
1356,2025-03-08,1895,app_movil,12,cancelado,REF167400,NAVIDAD15,
3225,09/14/2025,1766,tienda_fisica,5,completado,REF834121,,
2463,2024-04-17,1397,tienda_fisica,8,enviado,REF707538,VERANO10,2024-06-01 12:00
2397,11 de marzo de 2024,932,tienda_fisica,8,enviado,REF151240,VERANO10,
200,04/02/2024,1534,tienda_fisica,8,enviado,REF718513,VERANO10,2024-06-01 12:00
1502,03/29/2024,895,web,7,completado,REF761664,,
2944,05/08/2025,1490,tienda_fisica,5,completado,REF242750,VERANO10,2024-06-01 12:00
1876,2025-01-06,811,app_movil,3,pendiente,REF663319,,
2760,26-08-2026,705,app_movil,8,completado,REF674050,NAVIDAD15,
862,25 de mayo de 2026,221,web,2,enviado,REF320558,,
1701,2026-04-25 00:00:00,216,tienda_fisica,3,completado,REF851785,NAVIDAD15,2024-06-01 12:00
2693,2024-02-06,1217,web,11,enviado,REF369394,VERANO10,
2115,2024-10-26,1364,web,7,completado,REF701308,,2024-06-01 12:00
584,05/20/2025,1579,app_movil,4,cancelado,REF983800,VERANO10,
993,26 de agosto de 2025,19,tienda_fisica,10,pendiente,REF929958,NAVIDAD15,2024-06-01 12:00
1028,20-11-2024,1634,tienda_fisica,12,enviado,REF101568,,
1904,2024-12-06,806,app_movil,8,enviado,REF815846,,
1212,17-12-2025,177,tienda_fisica,6,completado,REF494492,,
3585,2024-10-02,88,tienda_fisica,2,enviado,REF354226,NAVIDAD15,
372,09/07/2025,1687,app_movil,3,completado,REF139551,,
677,30 de agosto de 2026,1901,tienda_fisica,4,cancelado,REF278697,,
3247,29/07/2024,1412,web,10,completado,REF493733,,2024-06-01 12:00
1791,2024-05-28 00:00:00,1879,app_movil,8,enviado,REF488694,NAVIDAD15,
1573,05/02/2025,1417,tienda_fisica,9,pendiente,REF989455,,
1543,03/20/2025,1056,app_movil,11,pendiente,REF757193,NAVIDAD15,
1237,14-07-2025,677,app_movil,8,pendiente,REF698348,VERANO10,2024-06-01 12:00
3178,2024-03-31 00:00:00,1681,web,2,completado,REF391226,VERANO10,
2251,09-02-2025,209,app_movil,5,completado,REF309326,,2024-06-01 12:00
1901,04-02-2025,615,tienda_fisica,9,cancelado,REF433452,NAVIDAD15,
2063,05/13/2026,932,web,1,completado,REF347401,,
606,19-05-2024,1922,web,1,completado,REF316755,,2024-06-01 12:00
3027,12/22/2025,1682,app_movil,9,completado,REF415467,,
2067,2024-12-20 00:00:00,1296,app_movil,8,enviado,REF371930,,
3079,29 de enero de 2025,1332,tienda_fisica,4,enviado,REF604561,VERANO10,2024-06-01 12:00
874,10 de abril de 2025,1961,tienda_fisica,8,cancelado,REF175769,,
914,30-06-2026,1361,web,11,cancelado,REF631389,NAVIDAD15,2024-06-01 12:00
2729,2024-10-28,655,tienda_fisica,7,completado,REF937997,,
2788,2025-12-02,1726,app_movil,1,completado,REF701934,NAVIDAD15,
2816,2024-02-07,1945,app_movil,2,completado,REF175003,NAVIDAD15,
2080,08/10/2024,1395,tienda_fisica,12,pendiente,REF250361,,
3282,2024-11-05,47,web,9,enviado,REF329140,,
688,03/04/2026,744,tienda_fisica,5,pendiente,REF569687,NAVIDAD15,
3508,2025-04-24,105,web,3,enviado,REF512433,,
2368,05/24/2026,300,app_movil,1,completado,REF206230,NAVIDAD15,2024-06-01 12:00
509,07/22/2024,1427,tienda_fisica,2,cancelado,REF194073,,
2790,09/03/2024,1643,app_movil,4,completado,REF764722,NAVIDAD15,2024-06-01 12:00
2581,10 de febrero de 2024,170,tienda_fisica,8,enviado,REF731330,,
2958,2026-06-07 00:00:00,163,web,7,completado,REF565540,NAVIDAD15,
2462,2025-05-30,735,app_movil,11,pendiente,REF436738,VERANO10,
3015,2024-03-29,561,web,8,pendiente,REF122760,VERANO10,
867,01/12/2025,1442,app_movil,2,cancelado,REF780451,,
3379,01/15/2025,1537,app_movil,8,cancelado,REF764725,VERANO10,2024-06-01 12:00
167,23/11/2024,1348,tienda_fisica,8,pendiente,REF561927,VERANO10,
252,14 de junio de 2025,462,tienda_fisica,3,completado,REF779193,NAVIDAD15,
495,24 de septiembre de 2025,572,app_movil,1,pendiente,REF970421,,
1678,29 de agosto de 2025,1731,web,8,completado,REF317853,NAVIDAD15,
2840,2024-10-12,888,web,6,completado,REF324607,,2024-06-01 12:00
2387,26 de enero de 2026,1693,app_movil,6,pendiente,REF832464,NAVIDAD15,2024-06-01 12:00
736,2025-03-27,1323,web,6,cancelado,REF980412,,2024-06-01 12:00
2595,18-03-2025,1127,tienda_fisica,9,completado,REF681695,VERANO10,
2306,12-03-2025,605,app_movil,6,pendiente,REF955889,,
2655,2024-03-14,1206,app_movil,5,completado,REF152390,NAVIDAD15,
3568,11/25/2025,1309,web,9,pendiente,REF957779,VERANO10,
2008,21 de mayo de 2024,1942,app_movil,11,completado,REF560778,VERANO10,
2799,2025-04-04,196,app_movil,8,completado,REF466272,,
2417,2024-11-27,1153,web,4,completado,REF395887,VERANO10,
2108,09/28/2025,1167,web,5,enviado,REF104311,,2024-06-01 12:00
2539,2024-11-13 00:00:00,946,web,10,completado,REF362891,,
2363,2025-10-23,80,app_movil,11,completado,REF581815,NAVIDAD15,2024-06-01 12:00
991,10/24/2024,1343,tienda_fisica,6,enviado,REF367139,VERANO10,
2615,2024-05-30,544,tienda_fisica,2,enviado,REF136685,VERANO10,
591,26/04/2025,1276,web,2,completado,REF916129,,
275,2024-04-17,1505,web,1,cancelado,REF801847,,2024-06-01 12:00
1843,08-03-2026,374,tienda_fisica,2,cancelado,REF401459,,2024-06-01 12:00
1970,2026-02-19,1980,app_movil,7,pendiente,REF313620,,2024-06-01 12:00
2731,2025-07-16,168,tienda_fisica,12,completado,REF614834,,
2826,05/03/2026,112,web,5,pendiente,REF753508,,2024-06-01 12:00
2872,2025-11-25,617,tienda_fisica,7,completado,REF411495,VERANO10,
1538,2026-02-01 00:00:00,605,tienda_fisica,3,enviado,REF305775,NAVIDAD15,
494,2026-05-30 00:00:00,1018,app_movil,8,completado,REF453463,,
1444,2026-05-19,627,tienda_fisica,9,cancelado,REF349735,,2024-06-01 12:00
1566,2026-06-09 00:00:00,248,app_movil,10,completado,REF501911,,
316,2025-01-11,1114,app_movil,3,completado,REF975980,VERANO10,
2815,2024-01-19,1444,app_movil,7,enviado,REF253087,VERANO10,2024-06-01 12:00
2779,10/10/2025,1199,app_movil,5,pendiente,REF747296,NAVIDAD15,
2139,2025-01-12,1479,web,1,pendiente,REF602507,,
2576,02/07/2024,306,app_movil,4,completado,REF758112,NAVIDAD15,
369,2026-02-05 00:00:00,499,app_movil,2,enviado,REF753602,,
1150,2025-07-15,1852,tienda_fisica,11,completado,REF363269,VERANO10,2024-06-01 12:00
1652,2025-12-22,89,tienda_fisica,9,pendiente,REF859299,VERANO10,2024-06-01 12:00
917,30/12/2024,1807,tienda_fisica,10,enviado,REF128259,VERANO10,
2786,2026-02-24 00:00:00,918,tienda_fisica,7,completado,REF869710,,2024-06-01 12:00
674,19-05-2026,280,app_movil,8,completado,REF973673,VERANO10,
833,29-08-2026,1509,web,5,completado,REF194160,NAVIDAD15,
2006,25/05/2024,551,tienda_fisica,10,completado,REF999737,NAVIDAD15,2024-06-01 12:00
3343,2026-07-22 00:00:00,1406,web,2,completado,REF559717,NAVIDAD15,
962,6 de julio de 2025,823,app_movil,6,enviado,REF872787,VERANO10,
963,02/10/2025,1727,tienda_fisica,11,pendiente,REF443052,,
126,2026-07-02 00:00:00,1005,tienda_fisica,10,pendiente,REF239469,VERANO10,
1850,25-02-2026,317,tienda_fisica,2,pendiente,REF928211,,2024-06-01 12:00
661,27/12/2024,275,app_movil,6,completado,REF484249,,2024-06-01 12:00
3199,6 de febrero de 2026,228,web,6,cancelado,REF502881,NAVIDAD15,
1535,2025-08-11,238,web,3,pendiente,REF886649,NAVIDAD15,
462,25 de agosto de 2024,113,web,6,enviado,REF228341,,
934,7 de marzo de 2026,633,web,4,pendiente,REF876464,,
732,2025-08-01 00:00:00,660,web,1,enviado,REF330701,NAVIDAD15,
2702,2025-02-24,1703,app_movil,2,enviado,REF852820,,
3144,6 de abril de 2025,1036,app_movil,10,pendiente,REF387756,,
468,2025-08-22,1405,web,3,enviado,REF801595,NAVIDAD15,
1506,4 de mayo de 2024,1431,tienda_fisica,5,pendiente,REF134394,,
3487,01/03/2026,1611,app_movil,4,cancelado,REF427340,NAVIDAD15,
343,2026-05-07,1271,tienda_fisica,5,pendiente,REF394194,VERANO10,
1214,2025-10-04,1733,tienda_fisica,11,completado,REF515815,VERANO10,2024-06-01 12:00
1739,23-09-2025,980,tienda_fisica,1,completado,REF127366,VERANO10,
1365,2026-06-18,1645,app_movil,9,pendiente,REF468014,NAVIDAD15,
82,2024-05-26,8,app_movil,3,completado,REF169436,VERANO10,2024-06-01 12:00
250,2025-06-26,779,tienda_fisica,5,completado,REF163925,NAVIDAD15,
1589,15/01/2026,361,tienda_fisica,10,pendiente,REF456092,,
3559,05/06/2024,1840,tienda_fisica,4,cancelado,REF642779,,
1570,05/08/2025,1385,tienda_fisica,2,completado,REF481183,NAVIDAD15,2024-06-01 12:00
11,2024-09-04,644,web,4,completado,REF881109,VERANO10,
2642,20 de diciembre de 2025,618,tienda_fisica,11,completado,REF129502,VERANO10,
3501,2024-12-20,1293,tienda_fisica,11,completado,REF443507,,
2574,2025-10-02 00:00:00,1899,tienda_fisica,1,enviado,REF253320,VERANO10,
2466,2 de noviembre de 2024,1506,web,2,completado,REF265819,VERANO10,
2341,05/07/2024,1990,tienda_fisica,4,pendiente,REF782435,VERANO10,
2959,2024-04-16 00:00:00,725,app_movil,8,cancelado,REF414606,NAVIDAD15,2024-06-01 12:00
151,05/03/2024,312,tienda_fisica,12,completado,REF260844,VERANO10,
1338,22/04/2025,989,app_movil,2,completado,REF115500,NAVIDAD15,2024-06-01 12:00
189,10/23/2025,1545,tienda_fisica,2,completado,REF217159,,
1245,03/27/2026,1331,tienda_fisica,8,completado,REF345224,NAVIDAD15,2024-06-01 12:00
3174,08/12/2026,1753,web,12,completado,REF845717,VERANO10,2024-06-01 12:00
1033,23/04/2025,699,app_movil,3,cancelado,REF258761,,
2013,02/15/2025,1074,tienda_fisica,4,enviado,REF439960,,
2478,2026-02-23,1605,web,5,cancelado,REF874463,,
1591,02/14/2025,712,tienda_fisica,3,enviado,REF276504,VERANO10,
3327,2026-06-08,885,app_movil,8,completado,REF260045,VERANO10,
439,2026-07-23 00:00:00,643,app_movil,3,cancelado,REF667017,,2024-06-01 12:00
1965,12/05/2024,1412,web,2,completado,REF212558,,
1972,4 de febrero de 2024,947,tienda_fisica,6,completado,REF125054,VERANO10,
1604,09-10-2025,1351,web,2,pendiente,REF160095,,
101,29/03/2024,574,tienda_fisica,12,completado,REF127978,NAVIDAD15,
2690,2025-12-19 00:00:00,137,web,10,completado,REF945722,,
2155,21-02-2026,1547,web,11,enviado,REF779151,NAVIDAD15,
3069,2024-04-26,1595,web,2,cancelado,REF286799,VERANO10,2024-06-01 12:00
2884,2025-06-25,1703,tienda_fisica,10,pendiente,REF517561,NAVIDAD15,
3165,2024-09-17,917,app_movil,10,enviado,REF314620,NAVIDAD15,
1695,2024-04-17,506,app_movil,6,completado,REF441556,NAVIDAD15,
266,26/04/2025,136,app_movil,10,completado,REF757755,,
1009,2024-01-15 00:00:00,981,web,3,completado,REF262467,VERANO10,
1853,11 de agosto de 2024,403,web,10,pendiente,REF458097,,
2019,05/22/2024,118,app_movil,3,completado,REF583994,,
1772,12/07/2026,1777,tienda_fisica,5,cancelado,REF852325,,
1531,24-01-2026,1276,web,4,enviado,REF678729,,
2599,2025-03-26 00:00:00,1764,tienda_fisica,1,enviado,REF112265,VERANO10,2024-06-01 12:00
2806,21-12-2025,798,web,6,completado,REF956035,,2024-06-01 12:00
3539,07/26/2025,1898,app_movil,6,pendiente,REF477023,VERANO10,2024-06-01 12:00
2870,18-06-2026,159,web,12,enviado,REF301562,NAVIDAD15,2024-06-01 12:00
715,22/01/2025,37,app_movil,10,enviado,REF272909,,
3500,31/01/2026,808,app_movil,2,completado,REF166329,NAVIDAD15,2024-06-01 12:00
1829,2026-05-19,875,web,3,pendiente,REF566781,,
2043,2024-12-09,282,app_movil,6,enviado,REF501800,,2024-06-01 12:00
2291,17 de junio de 2026,255,tienda_fisica,1,enviado,REF104551,,
368,29/01/2025,1454,web,2,enviado,REF635073,NAVIDAD15,
1337,2026-07-17,1885,app_movil,3,cancelado,REF315971,,
166,2025-01-17,1377,tienda_fisica,4,completado,REF851655,NAVIDAD15,2024-06-01 12:00
1629,12-11-2025,22,tienda_fisica,1,enviado,REF471504,,2024-06-01 12:00
3597,09/12/2026,372,app_movil,7,completado,REF783966,NAVIDAD15,2024-06-01 12:00
2214,12 de septiembre de 2025,1131,app_movil,5,completado,REF781029,VERANO10,
702,6 de mayo de 2026,1505,tienda_fisica,4,enviado,REF397291,,2024-06-01 12:00
1560,8 de diciembre de 2025,802,tienda_fisica,10,pendiente,REF683465,VERANO10,
1648,2026-08-12,1889,web,4,completado,REF221812,,
3161,20-07-2024,1232,app_movil,1,cancelado,REF189810,,2024-06-01 12:00
1611,2024-04-16,66,tienda_fisica,4,completado,REF553495,VERANO10,
473,01-04-2026,1957,tienda_fisica,3,completado,REF939854,NAVIDAD15,
178,2025-01-22,429,app_movil,4,completado,REF154800,NAVIDAD15,
2499,2024-09-29,810,web,4,completado,REF251676,,
3425,2024-06-27 00:00:00,68,tienda_fisica,5,completado,REF328546,,
662,30 de agosto de 2025,1959,app_movil,9,completado,REF190569,VERANO10,
3423,2025-05-28,1663,app_movil,8,completado,REF144903,,
1532,2024-05-22,1588,web,2,pendiente,REF648020,,2024-06-01 12:00
3080,08/27/2026,2138,web,7,enviado,REF546125,NAVIDAD15,
3250,2025-04-26,1659,web,3,completado,REF926233,NAVIDAD15,
2695,05-05-2024,662,tienda_fisica,11,completado,REF759191,,
3270,05-11-2025,208,app_movil,7,pendiente,REF153889,VERANO10,
1314,2024-07-04,1699,tienda_fisica,11,completado,REF905653,,
3334,3 de abril de 2024,1070,tienda_fisica,8,cancelado,REF990406,NAVIDAD15,
2362,2024-10-04 00:00:00,974,tienda_fisica,7,cancelado,REF479608,,2024-06-01 12:00
2515,07-10-2025,1827,web,11,completado,REF236986,,2024-06-01 12:00
1858,2025-12-21 00:00:00,227,tienda_fisica,12,completado,REF925415,VERANO10,2024-06-01 12:00
705,28/12/2024,1942,app_movil,8,enviado,REF625846,VERANO10,
747,02/08/2024,1684,app_movil,7,cancelado,REF864965,,2024-06-01 12:00
1293,06/04/2026,381,tienda_fisica,4,cancelado,REF266084,VERANO10,
1544,2025-07-06,1845,app_movil,7,enviado,REF762408,VERANO10,
1174,17/02/2025,1180,app_movil,12,completado,REF293152,VERANO10,2024-06-01 12:00
492,02/11/2024,1799,tienda_fisica,3,pendiente,REF423586,VERANO10,2024-06-01 12:00
2719,11 de junio de 2025,1731,tienda_fisica,5,enviado,REF511897,,
364,30/11/2025,1455,tienda_fisica,3,cancelado,REF209156,VERANO10,2024-06-01 12:00
1160,3 de marzo de 2026,1385,tienda_fisica,5,cancelado,REF982550,VERANO10,
1984,03/01/2026,1798,tienda_fisica,1,cancelado,REF339796,,
2266,10/03/2025,725,app_movil,6,completado,REF213303,VERANO10,
1478,2025-03-14,1625,tienda_fisica,5,pendiente,REF800024,,2024-06-01 12:00
2217,2025-01-10,335,tienda_fisica,10,pendiente,REF370878,VERANO10,
2995,18-04-2024,913,app_movil,11,enviado,REF824642,,2024-06-01 12:00
3567,07-10-2024,1744,app_movil,1,completado,REF788899,NAVIDAD15,
945,2025-03-16 00:00:00,200,web,7,completado,REF847065,,
2372,23 de agosto de 2025,1017,tienda_fisica,2,completado,REF563144,VERANO10,
62,2025-05-06 00:00:00,744,NULL,2,enviado,REF466334,,2024-06-01 12:00
1471,21-05-2025,1743,tienda_fisica,11,pendiente,REF763959,,
1383,04/04/2025,1132,app_movil,5,completado,REF223141,,
2981,2024-08-27 00:00:00,967,web,3,completado,REF531633,,
1275,16-03-2026,1683,tienda_fisica,7,completado,REF366840,,
2546,20-03-2024,295,app_movil,12,cancelado,REF757697,NAVIDAD15,
3187,20 de abril de 2025,1498,app_movil,2,completado,REF155418,,
1080,2026-05-09,321,app_movil,9,cancelado,REF598345,,
2975,06/08/2026,1629,tienda_fisica,5,pendiente,REF350000,,
586,2024-12-10,1940,web,12,completado,REF813032,,
2932,2025-12-29,1502,web,2,pendiente,REF990814,,
2428,14/05/2025,56,app_movil,4,pendiente,REF997286,,2024-06-01 12:00
3534,2025-11-09 00:00:00,389,app_movil,3,enviado,REF901840,NAVIDAD15,2024-06-01 12:00
2135,04/07/2024,1665,tienda_fisica,3,completado,REF211768,,
505,09/15/2025,1939,app_movil,2,completado,REF820268,VERANO10,
3398,07/13/2026,1911,tienda_fisica,8,pendiente,REF643062,VERANO10,
813,01/31/2026,1217,tienda_fisica,6,enviado,REF460031,NAVIDAD15,2024-06-01 12:00
479,2025-08-01,1297,app_movil,11,completado,REF950317,NAVIDAD15,
424,19/02/2026,1161,app_movil,12,enviado,REF547245,,2024-06-01 12:00
93,11/02/2024,270,tienda_fisica,7,completado,REF302691,,2024-06-01 12:00
1842,16/02/2025,25,tienda_fisica,11,completado,REF605387,,
2879,11 de noviembre de 2024,1700,web,9,completado,REF103114,,
910,2025-10-30,142,web,7,completado,REF325354,,2024-06-01 12:00
1114,2026-02-07,1168,app_movil,5,enviado,REF749541,NAVIDAD15,
2193,2025-02-25,124,app_movil,8,cancelado,REF234050,,
1540,2026-07-21,736,web,5,enviado,REF949745,,2024-06-01 12:00
3291,2024-08-08,824,web,11,completado,REF396484,,2024-06-01 12:00
1665,2024-03-23,727,web,12,completado,REF834944,NAVIDAD15,
2748,2025-01-31 00:00:00,157,tienda_fisica,9,pendiente,REF530626,NAVIDAD15,
1227,05/04/2026,689,app_movil,11,completado,REF624659,NAVIDAD15,
2645,2025-01-14,1033,web,10,enviado,REF172625,,2024-06-01 12:00
2199,2026-04-18 00:00:00,620,app_movil,11,pendiente,REF342694,NAVIDAD15,
2022,11-04-2026,183,tienda_fisica,11,completado,REF697219,,
980,2025-02-06,1715,web,10,pendiente,REF723165,,
1330,2025-08-25,529,web,5,enviado,REF589406,VERANO10,
2030,02/12/2025,1557,web,6,enviado,REF754689,,
1883,03-04-2025,804,app_movil,3,completado,REF164733,NAVIDAD15,
241,2025-02-04,1286,web,3,enviado,REF322519,VERANO10,
2150,23/07/2026,1172,web,9,enviado,REF979954,,
2776,2024-01-07,179,app_movil,8,completado,REF966073,,2024-06-01 12:00
2337,6 de marzo de 2024,1224,web,7,enviado,REF643622,,
2041,2025-06-07,522,web,12,completado,REF513960,NAVIDAD15,2024-06-01 12:00
1783,2025-05-25 00:00:00,1976,tienda_fisica,4,cancelado,REF109932,,
2454,04/24/2024,226,web,3,completado,REF681692,,2024-06-01 12:00
1999,2024-05-13 00:00:00,62,web,9,pendiente,REF335503,VERANO10,
1921,19 de agosto de 2024,1197,app_movil,9,enviado,REF608009,,2024-06-01 12:00
5,05/24/2026,1402,app_movil,12,pendiente,REF482938,VERANO10,
3101,09/23/2025,1819,web,4,completado,REF931270,VERANO10,
2921,2025-06-02,435,app_movil,3,completado,REF416412,,2024-06-01 12:00
614,2024-09-28,436,tienda_fisica,6,completado,REF344666,NAVIDAD15,
86,25-10-2025,355,null,6,completado,REF339739,VERANO10,
2173,2024-08-10,610,tienda_fisica,12,completado,REF148208,,2024-06-01 12:00
2031,02/04/2025,789,web,2,pendiente,REF305161,NAVIDAD15,
2796,2026-06-13 00:00:00,102,app_movil,11,pendiente,REF978165,NAVIDAD15,
374,2025-05-22,1799,web,11,completado,REF642440,,2024-06-01 12:00
2982,2026-02-11 00:00:00,168,tienda_fisica,9,completado,REF333899,,
55,12/06/2026,1867,-,11,cancelado,REF914693,NAVIDAD15,2024-06-01 12:00
2477,20/08/2026,600,web,5,enviado,REF845646,,
2338,10/29/2025,1672,app_movil,4,enviado,REF698774,,2024-06-01 12:00
2085,2026-08-06,1072,app_movil,2,cancelado,REF591974,,
1029,11/16/2024,1276,tienda_fisica,9,cancelado,REF497207,,2024-06-01 12:00
2952,3 de julio de 2026,1490,web,11,completado,REF222656,NAVIDAD15,2024-06-01 12:00
278,2026-09-25,940,app_movil,6,completado,REF881428,NAVIDAD15,2024-06-01 12:00
1217,28-05-2025,1016,web,11,pendiente,REF896980,NAVIDAD15,2024-06-01 12:00
3410,24-06-2026,1261,web,8,cancelado,REF517938,,
3403,27-07-2026,217,tienda_fisica,4,cancelado,REF449714,VERANO10,
1563,23/02/2026,1128,app_movil,5,pendiente,REF288007,VERANO10,
3176,2024-11-02 00:00:00,1667,tienda_fisica,6,enviado,REF244177,,2024-06-01 12:00
370,2024-01-12,1650,web,2,cancelado,REF572148,VERANO10,
2555,11/19/2025,933,tienda_fisica,5,enviado,REF880558,,2024-06-01 12:00
255,24-12-2024,906,tienda_fisica,8,pendiente,REF239623,,
2404,2025-04-10,1087,app_movil,5,pendiente,REF981241,NAVIDAD15,
1100,2024-05-10 00:00:00,1913,app_movil,2,completado,REF347787,,
1396,2025-04-10,1089,tienda_fisica,11,completado,REF816897,NAVIDAD15,2024-06-01 12:00
2836,3 de junio de 2025,740,web,5,cancelado,REF479098,VERANO10,
1166,2025-04-10 00:00:00,1304,web,12,enviado,REF907313,NAVIDAD15,
1926,2026-04-18 00:00:00,962,tienda_fisica,1,cancelado,REF802566,,2024-06-01 12:00
2143,24/03/2026,278,tienda_fisica,7,completado,REF976582,VERANO10,
1766,08/07/2026,441,app_movil,2,completado,REF733637,NAVIDAD15,2024-06-01 12:00
3390,04/23/2025,369,tienda_fisica,3,pendiente,REF480970,VERANO10,
1968,05/28/2026,1240,app_movil,5,enviado,REF689322,VERANO10,
600,2025-09-19 00:00:00,1341,app_movil,12,pendiente,REF527119,VERANO10,2024-06-01 12:00
3307,18/09/2024,1249,app_movil,6,completado,REF986379,,
617,2026-06-18,1211,web,8,completado,REF373402,,2024-06-01 12:00
895,2026-01-13 00:00:00,1929,web,7,completado,REF937948,,2024-06-01 12:00
1669,20 de noviembre de 2025,86,app_movil,1,cancelado,REF732285,,
616,2024-07-21 00:00:00,555,web,5,enviado,REF622984,NAVIDAD15,
2132,07/22/2025,1284,web,11,pendiente,REF409046,NAVIDAD15,2024-06-01 12:00
533,2025-04-05 00:00:00,1838,web,11,enviado,REF414852,NAVIDAD15,
137,2025-05-18,1571,web,12,completado,REF987729,NAVIDAD15,
1331,24 de julio de 2025,1973,web,5,completado,REF631711,NAVIDAD15,2024-06-01 12:00
861,2026-07-24 00:00:00,1874,app_movil,3,completado,REF327894,VERANO10,
2361,2026-08-31,1642,web,1,completado,REF702375,,2024-06-01 12:00
644,06/07/2025,706,tienda_fisica,2,enviado,REF493777,NAVIDAD15,2024-06-01 12:00
152,2026-07-19,709,web,3,completado,REF735515,VERANO10,2024-06-01 12:00
3510,19-03-2026,1208,app_movil,7,completado,REF737637,,2024-06-01 12:00
15,15 de junio de 2026,1265,web,11,enviado,REF680705,NAVIDAD15,2024-06-01 12:00
1556,06/05/2025,1285,app_movil,5,pendiente,REF538920,NAVIDAD15,2024-06-01 12:00
2237,2026-02-27,89,tienda_fisica,2,completado,REF602067,,2024-06-01 12:00
2096,2025-06-22,766,tienda_fisica,10,completado,REF771722,,
3459,1 de julio de 2024,1679,tienda_fisica,1,enviado,REF907525,,
3053,2025-12-15 00:00:00,708,app_movil,10,completado,REF661874,VERANO10,2024-06-01 12:00
337,2026-02-28 00:00:00,1095,app_movil,9,completado,REF209031,,2024-06-01 12:00
3335,04-09-2024,1536,tienda_fisica,5,completado,REF218154,VERANO10,2024-06-01 12:00
3148,06-07-2025,1805,app_movil,6,completado,REF404351,NAVIDAD15,
1378,2 de junio de 2024,565,app_movil,10,pendiente,REF173391,VERANO10,
68,17/09/2025,972,tienda_fisica,4,enviado,REF973375,,
1785,05/13/2026,819,app_movil,9,completado,REF904971,VERANO10,2024-06-01 12:00
2675,11/29/2024,76,web,8,cancelado,REF166685,NAVIDAD15,2024-06-01 12:00
752,03/29/2026,1545,web,1,enviado,REF564627,NAVIDAD15,2024-06-01 12:00
1718,2025-03-23,277,web,12,completado,REF333334,NAVIDAD15,
504,19-09-2026,1552,web,10,enviado,REF605001,,
981,07-05-2026,603,web,1,completado,REF912575,VERANO10,
2034,17 de julio de 2024,1925,web,4,enviado,REF788075,,2024-06-01 12:00
592,11/23/2025,1469,app_movil,3,enviado,REF812423,VERANO10,
1614,2025-07-12 00:00:00,1546,app_movil,7,cancelado,REF399130,,2024-06-01 12:00
2414,12 de agosto de 2025,2200,tienda_fisica,7,enviado,REF223812,VERANO10,2024-06-01 12:00
1855,17 de marzo de 2026,1088,web,11,enviado,REF939274,NAVIDAD15,
2613,13/07/2025,200,tienda_fisica,4,enviado,REF275083,,
1709,03/26/2024,911,app_movil,3,cancelado,REF310575,,
1249,06/03/2025,1325,web,4,completado,REF453523,,
1406,25-04-2025,1112,app_movil,6,completado,REF805935,VERANO10,
1057,20 de enero de 2025,278,tienda_fisica,4,cancelado,REF970056,,
2589,13-07-2024,1171,tienda_fisica,8,completado,REF783931,NAVIDAD15,
2787,23/04/2025,1628,app_movil,2,pendiente,REF790953,NAVIDAD15,2024-06-01 12:00
1598,2026-05-17,494,web,11,pendiente,REF109236,,
3103,9 de junio de 2024,375,web,12,enviado,REF637376,NAVIDAD15,2024-06-01 12:00
3545,2026-03-22,1336,web,8,enviado,REF815070,,
503,03/31/2024,425,web,4,enviado,REF755424,,
452,2024-06-18 00:00:00,1123,app_movil,8,completado,REF488319,VERANO10,
1927,2026-01-02,434,web,12,completado,REF641069,VERANO10,
559,2025-09-14,1635,web,9,completado,REF743053,NAVIDAD15,
285,2025-03-01,965,tienda_fisica,4,enviado,REF145497,,
2409,06/07/2024,1278,tienda_fisica,11,completado,REF778695,VERANO10,
2546,20-03-2024,295,app_movil,12,cancelado,REF757697,NAVIDAD15,
3245,2026-07-19,144,tienda_fisica,10,completado,REF801604,NAVIDAD15,2024-06-01 12:00
2380,25-01-2025,859,app_movil,8,completado,REF231429,,2024-06-01 12:00
1000,2026-04-23,1598,web,1,enviado,REF839324,NAVIDAD15,
2343,11/06/2024,1686,app_movil,1,pendiente,REF446788,,
3012,31-07-2025,1010,tienda_fisica,9,completado,REF827470,,
1290,13-12-2025,268,app_movil,5,completado,REF434663,,
681,26-01-2026,659,app_movil,11,enviado,REF509110,,2024-06-01 12:00
1484,26 de diciembre de 2025,768,tienda_fisica,1,completado,REF534299,,
2053,2026-09-20,353,app_movil,7,enviado,REF471202,NAVIDAD15,
348,22/11/2024,1779,app_movil,8,enviado,REF114929,,2024-06-01 12:00
2909,2025-07-16,872,app_movil,1,completado,REF642439,,2024-06-01 12:00
49,18-09-2026,472,tienda_fisica,9,completado,REF282838,VERANO10,
2530,2024-01-31 00:00:00,350,web,5,completado,REF935305,VERANO10,
964,30/05/2024,666,web,2,pendiente,REF721144,VERANO10,2024-06-01 12:00
2294,2025-06-04 00:00:00,1515,app_movil,2,completado,REF841827,,
2513,2024-04-06,1165,tienda_fisica,5,completado,REF497408,NAVIDAD15,
2588,6 de septiembre de 2025,1886,web,3,completado,REF292093,,
2651,06/01/2025,538,web,11,enviado,REF940236,,2024-06-01 12:00
1590,2025-12-31,1360,web,9,completado,REF921472,VERANO10,2024-06-01 12:00
1917,02/21/2026,1945,tienda_fisica,9,completado,REF121531,,
1129,2025-12-17,395,web,2,completado,REF689955,VERANO10,
1675,28 de enero de 2026,498,tienda_fisica,6,completado,REF551532,,
1415,13 de noviembre de 2025,1972,app_movil,4,pendiente,REF230773,NAVIDAD15,
1804,09/09/2026,1536,app_movil,11,completado,REF946986,VERANO10,2024-06-01 12:00
1680,2026-09-20 00:00:00,1060,app_movil,9,completado,REF602825,,2024-06-01 12:00
1124,05-04-2026,113,web,7,cancelado,REF419778,VERANO10,
127,2026-06-10,1588,tienda_fisica,5,completado,REF141254,VERANO10,2024-06-01 12:00
678,2024-02-17 00:00:00,899,app_movil,1,pendiente,REF874821,,
1523,07/20/2026,774,app_movil,12,pendiente,REF390255,,
1635,2024-10-13,1353,app_movil,5,completado,REF834439,NAVIDAD15,
2696,06/02/2026,332,web,8,completado,REF284046,NAVIDAD15,
859,2025-06-17,1642,app_movil,5,completado,REF497160,NAVIDAD15,
1277,28-09-2026,758,app_movil,9,enviado,REF130402,NAVIDAD15,
2811,2026-03-20,1801,app_movil,8,enviado,REF358659,,2024-06-01 12:00
2476,2025-08-12,895,app_movil,4,completado,REF442891,VERANO10,
2353,2025-05-03 00:00:00,795,tienda_fisica,1,pendiente,REF302490,VERANO10,2024-06-01 12:00
2068,2024-03-24,293,web,1,cancelado,REF789484,,
3168,2025-03-21 00:00:00,1986,app_movil,7,completado,REF876713,,2024-06-01 12:00
2757,2025-03-08,1419,app_movil,3,completado,REF603024,,
3200,2024-05-04,888,web,8,completado,REF374183,VERANO10,
557,22-10-2025,160,web,5,completado,REF815009,VERANO10,2024-06-01 12:00
388,2026-01-14,1014,app_movil,7,pendiente,REF429984,VERANO10,2024-06-01 12:00
1192,29 de diciembre de 2024,1833,app_movil,4,enviado,REF470311,,2024-06-01 12:00
2457,18-07-2025,713,tienda_fisica,9,pendiente,REF935390,,
3347,2024-04-20,1027,tienda_fisica,2,completado,REF379691,VERANO10,
2517,05-09-2025,922,tienda_fisica,9,pendiente,REF700198,NAVIDAD15,
946,06/09/2025,540,web,6,pendiente,REF263483,,
1410,14 de febrero de 2026,198,app_movil,7,cancelado,REF924071,,2024-06-01 12:00
830,12/28/2024,883,app_movil,10,enviado,REF993578,,2024-06-01 12:00
1491,2025-05-26,1429,tienda_fisica,3,enviado,REF988626,,2024-06-01 12:00
785,2026-04-17,515,web,8,pendiente,REF229180,,2024-06-01 12:00
2765,08-01-2025,2184,app_movil,6,pendiente,REF404370,VERANO10,2024-06-01 12:00
3420,2025-02-14,730,app_movil,5,completado,REF794474,VERANO10,
989,2026-01-03,76,tienda_fisica,4,completado,REF635403,,
3135,16-02-2025,1077,app_movil,5,cancelado,REF652269,,
2904,31-03-2024,247,app_movil,8,completado,REF554640,NAVIDAD15,
2915,2025-01-06,1737,app_movil,12,completado,REF373384,,
3543,25/10/2024,1628,tienda_fisica,10,completado,REF212611,,2024-06-01 12:00
1954,05-12-2025,1199,tienda_fisica,2,enviado,REF921332,VERANO10,2024-06-01 12:00
1854,2025-04-01,156,web,8,enviado,REF279366,VERANO10,
1361,24 de junio de 2025,1908,app_movil,5,cancelado,REF964335,,2024-06-01 12:00
1841,2026-07-08,1089,app_movil,4,completado,REF835217,NAVIDAD15,
3303,5 de abril de 2026,920,tienda_fisica,3,enviado,REF490195,NAVIDAD15,
2,07/11/2025,1116,tienda_fisica,6,pendiente,REF247819,,2024-06-01 12:00
2009,28 de enero de 2026,503,web,1,completado,REF279894,NAVIDAD15,2024-06-01 12:00
478,2026-01-16 00:00:00,1534,web,3,completado,REF935973,NAVIDAD15,
2931,30/06/2024,1604,app_movil,3,completado,REF821806,,
2468,07-06-2026,983,web,7,completado,REF381502,,
3290,05/11/2026,1929,app_movil,2,completado,REF881244,VERANO10,
1873,21 de junio de 2024,831,app_movil,1,completado,REF470582,,
1688,30/11/2025,924,app_movil,11,pendiente,REF936258,,
2435,20 de agosto de 2025,1105,web,1,completado,REF775687,NAVIDAD15,2024-06-01 12:00
1064,2026-02-23,85,app_movil,6,pendiente,REF902845,VERANO10,2024-06-01 12:00
3494,2025-12-17,784,tienda_fisica,9,pendiente,REF468251,NAVIDAD15,
3437,11/22/2024,1001,web,9,completado,REF847143,,
2988,2024-09-22,1137,tienda_fisica,12,completado,REF525806,VERANO10,
1198,2026-01-27,985,web,7,cancelado,REF784435,,
1973,8 de septiembre de 2024,1983,tienda_fisica,8,completado,REF150444,NAVIDAD15,
1726,18/08/2024,1715,tienda_fisica,9,completado,REF252879,,
3556,04/01/2025,1712,app_movil,6,cancelado,REF971099,NAVIDAD15,2024-06-01 12:00
2632,2025-05-19,1004,tienda_fisica,2,cancelado,REF250981,VERANO10,
3478,2025-04-28 00:00:00,1653,tienda_fisica,3,completado,REF596426,NAVIDAD15,2024-06-01 12:00
3527,2026-05-13,1956,web,9,cancelado,REF243895,NAVIDAD15,
757,19 de mayo de 2025,1943,app_movil,8,pendiente,REF385312,,2024-06-01 12:00
2405,18/08/2026,111,tienda_fisica,12,pendiente,REF278678,VERANO10,
89,2025-12-17 00:00:00,312,app_movil,3,cancelado,REF436555,,
308,29 de noviembre de 2024,1445,web,9,completado,REF823916,,
725,2024-10-30,1107,web,7,cancelado,REF235231,,2024-06-01 12:00
1958,9 de enero de 2024,827,web,8,completado,REF100379,,
2743,2026-07-16,1489,web,1,completado,REF789979,,2024-06-01 12:00
1059,2026-07-09,1195,app_movil,12,enviado,REF126814,,
206,2026-01-24 00:00:00,410,app_movil,3,enviado,REF830411,VERANO10,
3153,2024-10-03 00:00:00,1590,tienda_fisica,4,pendiente,REF198059,VERANO10,2024-06-01 12:00
780,08/24/2024,529,web,6,pendiente,REF740183,VERANO10,2024-06-01 12:00
10,29/08/2024,663,,5,completado,REF427660,VERANO10,
3515,01/17/2025,22,tienda_fisica,10,completado,REF368254,,
709,10/09/2025,1548,app_movil,1,completado,REF572723,,
1534,20-09-2026,1130,web,10,completado,REF185113,,
2937,22 de agosto de 2024,885,app_movil,12,completado,REF477570,NAVIDAD15,
583,19 de septiembre de 2026,731,app_movil,10,completado,REF999985,,
1463,2026-01-08,1130,app_movil,3,cancelado,REF921657,,2024-06-01 12:00
1800,2024-09-14 00:00:00,155,app_movil,6,cancelado,REF624624,VERANO10,
2640,2024-11-14 00:00:00,1017,app_movil,10,completado,REF542029,VERANO10,
2619,7 de marzo de 2026,192,app_movil,3,cancelado,REF920558,,2024-06-01 12:00
1056,11-06-2026,1544,tienda_fisica,1,pendiente,REF538635,VERANO10,
3434,2025-03-09,68,app_movil,6,completado,REF235135,,
1826,10 de marzo de 2024,515,web,1,completado,REF941918,NAVIDAD15,
1470,05/28/2025,1129,tienda_fisica,2,cancelado,REF204128,NAVIDAD15,2024-06-01 12:00
1002,2025-09-11,541,app_movil,1,enviado,REF100753,NAVIDAD15,
1975,15-12-2025,1649,app_movil,10,pendiente,REF980025,,2024-06-01 12:00
1413,18-05-2025,1106,web,5,completado,REF488090,,
642,2026-06-28,398,tienda_fisica,7,enviado,REF625867,NAVIDAD15,
1799,07/07/2024,798,app_movil,10,completado,REF273209,,
407,06/07/2026,1797,web,12,pendiente,REF690442,,2024-06-01 12:00
2610,03/09/2025,304,tienda_fisica,3,cancelado,REF732518,,
3205,11/07/2026,1266,tienda_fisica,4,completado,REF539224,VERANO10,
944,2025-02-27,764,app_movil,12,cancelado,REF186765,,
3023,2024-05-11,180,web,8,enviado,REF744211,,2024-06-01 12:00
3156,2025-07-26 00:00:00,1289,tienda_fisica,2,completado,REF738109,VERANO10,
754,3 de julio de 2026,1180,tienda_fisica,8,cancelado,REF848660,VERANO10,
1349,2025-12-30,1963,web,7,completado,REF633115,VERANO10,2024-06-01 12:00
3059,04/20/2026,1143,web,11,enviado,REF623842,NAVIDAD15,2024-06-01 12:00
460,02-05-2026,662,app_movil,7,cancelado,REF422833,,2024-06-01 12:00
768,19/04/2025,1293,web,11,pendiente,REF901127,NAVIDAD15,
3310,2025-03-05 00:00:00,1428,tienda_fisica,10,completado,REF383679,,2024-06-01 12:00
3075,2026-09-18,927,web,6,completado,REF238656,VERANO10,
2262,07/15/2025,1910,tienda_fisica,12,enviado,REF699829,NAVIDAD15,2024-06-01 12:00
1240,26-03-2026,1068,web,7,enviado,REF429500,VERANO10,
1879,11/10/2025,1483,app_movil,9,completado,REF335733,VERANO10,
2934,10/30/2025,1929,app_movil,11,pendiente,REF851966,VERANO10,
3449,2026-03-29 00:00:00,471,web,4,cancelado,REF547142,,2024-06-01 12:00
699,06-04-2025,1363,app_movil,1,completado,REF876088,,2024-06-01 12:00
2832,2026-01-18,956,tienda_fisica,8,completado,REF110461,NAVIDAD15,
2152,01/14/2025,1754,web,8,completado,REF603594,NAVIDAD15,
2891,2026-05-01,844,tienda_fisica,9,pendiente,REF309871,NAVIDAD15,2024-06-01 12:00
1342,2025-07-13,1958,web,11,completado,REF337004,VERANO10,
1735,22-12-2024,96,app_movil,3,enviado,REF331981,,
776,2025-10-26,240,app_movil,5,cancelado,REF513629,,
995,2025-07-01,1468,tienda_fisica,12,completado,REF196175,VERANO10,
933,06/11/2024,84,app_movil,4,pendiente,REF618166,,
227,19 de mayo de 2026,164,web,12,cancelado,REF782113,VERANO10,2024-06-01 12:00
1830,2024-02-04,716,web,2,completado,REF322300,,
3311,08/21/2026,160,app_movil,6,enviado,REF493559,,
916,2024-12-08,2058,tienda_fisica,1,completado,REF454614,NAVIDAD15,
1231,2024-11-13 00:00:00,1972,tienda_fisica,9,completado,REF156161,NAVIDAD15,2024-06-01 12:00
1485,2024-08-22,485,app_movil,1,completado,REF221274,,
2012,20 de septiembre de 2024,751,tienda_fisica,12,pendiente,REF611372,VERANO10,
1468,2025-06-01,156,web,6,completado,REF112440,,
806,24-09-2026,950,tienda_fisica,9,enviado,REF238291,,
180,2025-08-14,44,web,7,pendiente,REF280148,,
3546,08/06/2025,1265,app_movil,9,completado,REF510543,VERANO10,
1953,2026-03-05 00:00:00,1371,web,3,completado,REF498047,,
2050,05-08-2024,279,app_movil,1,completado,REF248900,,
3175,23/05/2026,360,app_movil,7,cancelado,REF540495,VERANO10,
1492,2025-03-02,1860,tienda_fisica,2,pendiente,REF609477,NAVIDAD15,
2076,12-05-2026,708,app_movil,3,pendiente,REF206648,NAVIDAD15,2024-06-01 12:00
2762,03/16/2025,987,web,4,enviado,REF742422,NAVIDAD15,
1149,21/08/2025,152,tienda_fisica,3,cancelado,REF490804,VERANO10,
1913,2025-09-07,951,tienda_fisica,8,completado,REF767847,,
3030,16-05-2025,408,tienda_fisica,6,pendiente,REF952155,,2024-06-01 12:00
3086,2026-03-30,1296,tienda_fisica,8,enviado,REF773333,NAVIDAD15,
1153,08/08/2026,371,app_movil,3,completado,REF216896,NAVIDAD15,2024-06-01 12:00
1179,2024-07-23 00:00:00,1840,web,6,completado,REF598380,,2024-06-01 12:00
2465,10/12/2024,1821,web,12,pendiente,REF788889,NAVIDAD15,2024-06-01 12:00
486,03/12/2024,968,app_movil,4,cancelado,REF909216,,
1236,01/06/2026,1522,tienda_fisica,8,pendiente,REF157170,,
1454,2025-06-01 00:00:00,833,web,2,completado,REF597159,,
3527,2026-05-13,1956,web,9,cancelado,REF243895,NAVIDAD15,
3102,02/28/2026,1452,web,3,pendiente,REF875400,,
2175,2025-12-09 00:00:00,1432,web,10,completado,REF197668,,
1528,07-10-2025,299,web,4,enviado,REF680816,VERANO10,
784,2026-01-28 00:00:00,247,app_movil,12,cancelado,REF206511,,
156,2026-09-02,1728,web,5,enviado,REF433502,NAVIDAD15,
22,04/15/2024,308,tienda_fisica,2,enviado,REF736417,,
1510,2025-11-22,1060,web,11,completado,REF252440,,
1321,2024-10-09,248,app_movil,10,cancelado,REF785188,,2024-06-01 12:00
3035,02/09/2025,369,web,10,cancelado,REF960331,,
714,2024-06-04 00:00:00,1204,web,8,completado,REF414534,,
729,14/08/2025,719,app_movil,11,pendiente,REF281996,NAVIDAD15,2024-06-01 12:00
1109,12 de marzo de 2024,488,app_movil,9,cancelado,REF746076,,
1992,27/07/2024,581,app_movil,7,pendiente,REF453487,,
3283,2025-02-12,1261,web,3,cancelado,REF571626,NAVIDAD15,
2016,18/04/2024,1691,web,8,completado,REF666135,NAVIDAD15,
1271,25 de diciembre de 2025,1583,web,12,cancelado,REF732867,VERANO10,2024-06-01 12:00
1725,13-05-2026,751,tienda_fisica,5,enviado,REF320609,,2024-06-01 12:00
3137,11 de octubre de 2024,1415,tienda_fisica,5,completado,REF806006,VERANO10,
3409,2025-05-14,1245,tienda_fisica,12,completado,REF619422,NAVIDAD15,
2395,2024-12-28,79,web,4,completado,REF427686,VERANO10,
2831,25 de enero de 2025,1200,app_movil,10,cancelado,REF130627,,2024-06-01 12:00
327,2026-09-16,183,web,7,completado,REF586677,,2024-06-01 12:00
1175,01/20/2026,745,web,1,cancelado,REF286602,NAVIDAD15,
873,2024-11-10 00:00:00,354,tienda_fisica,6,pendiente,REF889298,,2024-06-01 12:00
2518,2026-09-07 00:00:00,423,tienda_fisica,7,pendiente,REF900911,VERANO10,
2639,15 de abril de 2024,727,tienda_fisica,5,cancelado,REF609349,NAVIDAD15,
1724,16/04/2024,667,tienda_fisica,2,completado,REF379584,,
1602,22 de enero de 2026,1663,tienda_fisica,11,enviado,REF133979,NAVIDAD15,
1764,2026-06-15 00:00:00,1159,web,9,cancelado,REF392510,NAVIDAD15,
2540,2026-03-17 00:00:00,299,tienda_fisica,2,completado,REF154266,VERANO10,
3096,01/16/2026,118,web,3,completado,REF451481,,
737,03/22/2024,989,app_movil,1,completado,REF359062,VERANO10,2024-06-01 12:00
3497,17/09/2024,1338,web,2,completado,REF904076,NAVIDAD15,
1507,25 de julio de 2025,557,tienda_fisica,10,completado,REF223138,VERANO10,2024-06-01 12:00
3190,15 de septiembre de 2025,250,web,1,completado,REF454523,NAVIDAD15,2024-06-01 12:00
645,2026-01-28,1391,web,7,enviado,REF198283,VERANO10,2024-06-01 12:00
3461,13/07/2026,1465,app_movil,2,pendiente,REF622384,,
1232,2025-07-13 00:00:00,328,tienda_fisica,6,pendiente,REF624532,NAVIDAD15,
2440,07/27/2024,1966,web,11,enviado,REF156131,,
3062,2026-06-16,1897,app_movil,7,enviado,REF152847,,
123,30 de junio de 2025,581,tienda_fisica,5,completado,REF241902,VERANO10,
1403,24 de agosto de 2026,608,app_movil,4,enviado,REF265148,VERANO10,
1818,2026-05-01,1220,web,6,enviado,REF295270,,
3004,11 de diciembre de 2025,294,app_movil,7,completado,REF494973,NAVIDAD15,
3584,05/26/2026,359,tienda_fisica,11,completado,REF920102,,
2298,21-04-2025,1582,tienda_fisica,8,enviado,REF152238,VERANO10,2024-06-01 12:00
656,2026-09-23,225,tienda_fisica,4,completado,REF644479,,
977,07-08-2026,708,tienda_fisica,1,pendiente,REF318768,,
3536,2025-09-12 00:00:00,714,web,9,enviado,REF197025,,
1767,30 de enero de 2026,1092,web,2,cancelado,REF238198,,2024-06-01 12:00
1251,7 de junio de 2024,342,tienda_fisica,9,cancelado,REF350980,VERANO10,
3381,08/01/2024,1240,app_movil,8,cancelado,REF299137,VERANO10,2024-06-01 12:00
149,19-12-2025,693,tienda_fisica,7,pendiente,REF814488,,
313,2026-08-04 00:00:00,14,web,9,cancelado,REF348837,,2024-06-01 12:00
1498,24 de enero de 2025,565,tienda_fisica,3,completado,REF719605,NAVIDAD15,
2855,2025-04-07,463,app_movil,11,completado,REF145834,,
2055,16-12-2024,569,app_movil,6,pendiente,REF743541,VERANO10,2024-06-01 12:00
2687,2026-08-04,792,web,10,completado,REF393999,VERANO10,2024-06-01 12:00
1274,22 de mayo de 2025,412,tienda_fisica,7,cancelado,REF142497,VERANO10,
476,07/03/2025,1443,app_movil,12,completado,REF128904,NAVIDAD15,2024-06-01 12:00
1966,2025-12-16,158,web,12,enviado,REF556519,,
896,07/13/2025,945,tienda_fisica,7,enviado,REF344268,NAVIDAD15,2024-06-01 12:00
2992,2026-09-03 00:00:00,1450,web,1,pendiente,REF277658,VERANO10,
2075,2025-06-19 00:00:00,239,tienda_fisica,11,completado,REF601634,,
3577,03-12-2025,1029,app_movil,6,cancelado,REF975325,NAVIDAD15,2024-06-01 12:00
759,07-09-2024,1979,app_movil,7,completado,REF695216,,
869,2024-07-17 00:00:00,1031,tienda_fisica,4,completado,REF693563,,
1501,7 de mayo de 2025,1869,tienda_fisica,12,pendiente,REF966077,,
476,07/03/2025,1443,app_movil,12,completado,REF128904,NAVIDAD15,2024-06-01 12:00
355,2026-07-14 00:00:00,1265,web,3,completado,REF718282,,
1642,2026-04-20 00:00:00,1347,web,10,pendiente,REF658572,,2024-06-01 12:00
1840,2024-02-20,1162,app_movil,6,enviado,REF500629,NAVIDAD15,2024-06-01 12:00
2413,2026-06-29 00:00:00,154,tienda_fisica,8,enviado,REF132791,,
1362,2025-10-16 00:00:00,840,tienda_fisica,12,cancelado,REF520100,,
3375,28 de septiembre de 2024,915,tienda_fisica,6,pendiente,REF388023,,
264,13 de agosto de 2026,357,web,8,completado,REF552094,NAVIDAD15,
539,11/12/2025,1111,tienda_fisica,2,enviado,REF925384,NAVIDAD15,
93,11/02/2024,270,tienda_fisica,7,completado,REF302691,,2024-06-01 12:00
1073,21 de mayo de 2025,1885,app_movil,2,completado,REF786970,VERANO10,2024-06-01 12:00
10,29/08/2024,663,,5,completado,REF427660,VERANO10,
2357,25 de junio de 2025,874,web,12,pendiente,REF387750,NAVIDAD15,
3579,1 de julio de 2025,937,web,5,pendiente,REF393504,VERANO10,
580,01/28/2026,1549,app_movil,5,cancelado,REF533223,,
1999,2024-05-13 00:00:00,62,web,9,pendiente,REF335503,VERANO10,
2187,24/05/2026,1032,web,7,enviado,REF510914,,
2221,2026-06-29,1603,app_movil,3,pendiente,REF884147,NAVIDAD15,
2929,07/03/2026,680,web,3,completado,REF579916,VERANO10,2024-06-01 12:00
262,2026-06-24 00:00:00,820,tienda_fisica,9,pendiente,REF426918,NAVIDAD15,
1319,29 de julio de 2024,951,app_movil,11,completado,REF363534,,2024-06-01 12:00
760,2025-02-23,1873,app_movil,2,completado,REF455253,,
881,2025-05-07,455,tienda_fisica,10,pendiente,REF702673,VERANO10,2024-06-01 12:00
1937,02/04/2026,1849,app_movil,11,completado,REF677523,NAVIDAD15,2024-06-01 12:00
182,2024-06-14,1343,app_movil,11,cancelado,REF828873,NAVIDAD15,
1753,11 de septiembre de 2025,1136,web,7,cancelado,REF369038,,
1405,08/05/2025,1100,web,2,enviado,REF799945,VERANO10,
73,2025-03-13 00:00:00,1534,NULL,4,completado,REF812154,,
926,25/01/2026,71,app_movil,5,pendiente,REF403099,NAVIDAD15,2024-06-01 12:00
2986,4 de mayo de 2025,1806,tienda_fisica,1,pendiente,REF562121,,
2246,2026-02-10,851,web,8,pendiente,REF334172,,
1450,2025-03-29,1587,tienda_fisica,1,completado,REF262341,,
267,2024-06-01 00:00:00,1615,tienda_fisica,5,enviado,REF729510,VERANO10,
1664,2026-07-01,179,tienda_fisica,3,completado,REF308332,,2024-06-01 12:00
901,14/02/2026,219,tienda_fisica,6,completado,REF979531,NAVIDAD15,2024-06-01 12:00
3317,2024-02-17,1739,app_movil,7,completado,REF537609,,
2809,2024-09-29 00:00:00,84,web,8,completado,REF962815,,
1809,24 de enero de 2026,605,web,9,completado,REF774503,NAVIDAD15,2024-06-01 12:00
2288,2025-08-12,1962,tienda_fisica,6,completado,REF568399,,2024-06-01 12:00
3596,28 de julio de 2025,683,app_movil,11,completado,REF197371,,
1586,22/02/2026,577,tienda_fisica,6,enviado,REF656686,,
3237,20/07/2026,805,app_movil,7,completado,REF628723,,2024-06-01 12:00
2849,2024-09-19 00:00:00,805,app_movil,12,pendiente,REF741301,VERANO10,
728,08-03-2024,1148,tienda_fisica,6,pendiente,REF694338,,
2887,20 de agosto de 2024,702,web,12,enviado,REF113434,VERANO10,
3108,30/01/2025,483,tienda_fisica,2,completado,REF112096,NAVIDAD15,
1579,6 de mayo de 2025,61,app_movil,1,completado,REF495725,VERANO10,
3392,06/03/2026,801,app_movil,10,completado,REF296094,VERANO10,
1306,26 de octubre de 2024,960,web,12,completado,REF816061,,2024-06-01 12:00
884,2025-09-25 00:00:00,1961,tienda_fisica,1,completado,REF384655,NAVIDAD15,2024-06-01 12:00
1759,2026-05-07,363,web,9,completado,REF992790,,2024-06-01 12:00
1387,2024-07-26,646,app_movil,8,pendiente,REF144134,NAVIDAD15,
2504,26 de marzo de 2024,145,app_movil,9,cancelado,REF861982,,2024-06-01 12:00
3276,2026-08-10,1831,web,6,completado,REF703908,NAVIDAD15,
3120,2025-04-30 00:00:00,630,app_movil,11,completado,REF181152,VERANO10,2024-06-01 12:00
1649,25 de marzo de 2026,1245,app_movil,6,cancelado,REF232121,VERANO10,2024-06-01 12:00
3029,2025-09-26 00:00:00,1925,tienda_fisica,2,cancelado,REF114827,NAVIDAD15,
3408,14-09-2026,513,app_movil,9,cancelado,REF146299,NAVIDAD15,
1933,2026-07-16 00:00:00,60,web,8,completado,REF885519,VERANO10,
3581,20 de agosto de 2024,220,app_movil,5,completado,REF740720,,2024-06-01 12:00
1157,28/04/2024,496,tienda_fisica,9,pendiente,REF636516,,
1542,08/18/2026,77,web,1,enviado,REF831416,,2024-06-01 12:00
578,2024-01-21,749,tienda_fisica,12,enviado,REF734664,VERANO10,
1509,19-01-2026,1990,web,12,completado,REF558998,NAVIDAD15,
2497,2025-06-15 00:00:00,654,web,11,enviado,REF262842,NAVIDAD15,2024-06-01 12:00
383,02/15/2026,1235,web,10,completado,REF902101,,
2865,9 de mayo de 2024,1998,tienda_fisica,7,completado,REF637825,VERANO10,
296,2025-06-12,917,tienda_fisica,4,completado,REF881625,VERANO10,2024-06-01 12:00
3010,05/08/2026,1563,tienda_fisica,3,enviado,REF467108,NAVIDAD15,
2531,2025-02-06,1014,app_movil,9,completado,REF170723,,
1976,25 de junio de 2026,803,tienda_fisica,6,completado,REF427069,,
2379,12-07-2026,1813,web,4,completado,REF445832,,
43,16 de marzo de 2024,375,tienda_fisica,8,completado,REF569764,NAVIDAD15,
722,2024-09-23,1503,app_movil,3,enviado,REF189709,VERANO10,
1906,04/07/2025,1832,tienda_fisica,3,completado,REF883641,,
1270,8 de agosto de 2026,1114,web,1,pendiente,REF154871,,
937,05-08-2026,521,web,4,completado,REF472322,NAVIDAD15,2024-06-01 12:00
3,2024-05-10,3,N/A,9,completado,REF346852,,
2082,08/01/2026,750,web,10,pendiente,REF341063,NAVIDAD15,2024-06-01 12:00
1761,07/17/2026,510,app_movil,9,completado,REF332129,,
1650,24-10-2024,1889,app_movil,4,pendiente,REF753906,VERANO10,
248,21 de mayo de 2026,316,web,10,completado,REF492222,NAVIDAD15,
256,05/09/2026,14,web,8,completado,REF240454,,
700,06/26/2026,1280,tienda_fisica,6,completado,REF159250,,
2285,2025-12-16,1576,web,1,pendiente,REF305731,NAVIDAD15,2024-06-01 12:00
2913,2026-01-25 00:00:00,1949,app_movil,12,pendiente,REF661203,,
1486,22 de junio de 2024,1721,app_movil,9,completado,REF356619,,2024-06-01 12:00
1101,28-04-2024,139,web,9,completado,REF514853,NAVIDAD15,2024-06-01 12:00
3490,2026-07-03,1671,app_movil,5,completado,REF395585,NAVIDAD15,
1866,15 de febrero de 2024,694,app_movil,1,completado,REF694582,NAVIDAD15,
2491,10/10/2025,1246,web,3,completado,REF445016,NAVIDAD15,
2600,2025-02-22,1228,tienda_fisica,2,completado,REF648026,,
2488,2025-02-18,1379,app_movil,5,pendiente,REF469119,VERANO10,
1993,26 de junio de 2024,751,web,1,cancelado,REF435885,VERANO10,
1272,2025-03-08 00:00:00,302,tienda_fisica,3,completado,REF807405,NAVIDAD15,
247,2024-10-03,810,tienda_fisica,10,completado,REF780672,,
1932,2026-05-24,569,web,7,enviado,REF900042,VERANO10,2024-06-01 12:00
2059,04/07/2024,383,tienda_fisica,9,pendiente,REF841789,,2024-06-01 12:00
2681,2025-07-03 00:00:00,792,web,9,enviado,REF611708,VERANO10,2024-06-01 12:00
1399,13-12-2025,926,tienda_fisica,12,cancelado,REF601351,VERANO10,2024-06-01 12:00
2833,2026-07-30 00:00:00,1812,web,7,pendiente,REF632134,,
1115,2024-11-19,1366,tienda_fisica,4,cancelado,REF328823,,
835,03/31/2025,1870,tienda_fisica,8,completado,REF199707,,
168,2026-02-04,743,web,8,completado,REF247373,NAVIDAD15,2024-06-01 12:00
2238,2024-11-25 00:00:00,1796,web,11,enviado,REF856921,NAVIDAD15,
646,15 de julio de 2024,915,web,8,completado,REF556610,VERANO10,
3269,17-10-2025,1337,tienda_fisica,10,cancelado,REF943939,,
2045,2026-05-28 00:00:00,1875,web,4,pendiente,REF171414,NAVIDAD15,2024-06-01 12:00
3474,2025-09-14 00:00:00,192,app_movil,3,completado,REF896950,VERANO10,
464,2024-09-28,1107,web,11,completado,REF294645,,2024-06-01 12:00
455,2026-05-15 00:00:00,1631,tienda_fisica,1,enviado,REF386606,,
2903,19 de agosto de 2024,1813,web,7,completado,REF708190,VERANO10,
1846,2025-12-16,563,app_movil,2,pendiente,REF442741,NAVIDAD15,
2377,25 de noviembre de 2025,1095,app_movil,4,completado,REF175420,,2024-06-01 12:00
487,2025-10-23,407,tienda_fisica,9,completado,REF553750,VERANO10,
2216,07/19/2026,257,web,2,completado,REF805801,NAVIDAD15,2024-06-01 12:00
2606,4 de enero de 2026,1230,tienda_fisica,2,enviado,REF477455,,
3279,15/09/2024,417,web,4,completado,REF626241,VERANO10,
2998,16/03/2024,1325,web,11,completado,REF790544,,
2187,24/05/2026,1032,web,7,enviado,REF510914,,
249,26 de febrero de 2025,778,tienda_fisica,3,completado,REF536648,,
272,12/04/2025,1744,web,4,enviado,REF441019,,
1860,06-03-2026,1937,tienda_fisica,1,pendiente,REF993901,NAVIDAD15,
1666,2026-06-02 00:00:00,648,app_movil,4,pendiente,REF750296,NAVIDAD15,2024-06-01 12:00
3319,2025-10-24,298,app_movil,7,enviado,REF117855,,
626,2024-07-30 00:00:00,250,tienda_fisica,6,completado,REF667948,NAVIDAD15,
3073,2024-12-24,839,tienda_fisica,2,pendiente,REF183837,,
2365,7 de mayo de 2026,1607,web,10,pendiente,REF122669,VERANO10,
1458,26 de septiembre de 2024,1950,app_movil,5,enviado,REF252728,,2024-06-01 12:00
17,2026-06-05,1078,tienda_fisica,6,completado,REF881989,,
2120,2026-05-24 00:00:00,1696,tienda_fisica,5,cancelado,REF241308,VERANO10,2024-06-01 12:00
1041,2025-08-02,993,tienda_fisica,1,completado,REF671177,VERANO10,2024-06-01 12:00
2721,11 de septiembre de 2026,404,app_movil,6,pendiente,REF922378,NAVIDAD15,2024-06-01 12:00
1519,23/07/2025,1714,web,1,completado,REF922207,,
3231,2026-09-07 00:00:00,1938,web,8,enviado,REF556385,VERANO10,2024-06-01 12:00
1558,12/22/2024,1220,web,10,enviado,REF659046,NAVIDAD15,2024-06-01 12:00
2823,5 de agosto de 2026,1592,app_movil,4,completado,REF794743,NAVIDAD15,
2893,29/04/2026,1894,web,8,completado,REF949393,VERANO10,2024-06-01 12:00
2385,22 de agosto de 2025,254,tienda_fisica,11,completado,REF417591,,
1007,26/12/2024,1220,web,10,completado,REF143460,,2024-06-01 12:00
3202,07/28/2024,1444,app_movil,10,completado,REF590103,VERANO10,2024-06-01 12:00
1078,2026-04-02,271,web,3,enviado,REF480508,NAVIDAD15,
1372,08-01-2025,830,tienda_fisica,3,completado,REF537265,NAVIDAD15,
2335,25 de marzo de 2026,1761,web,10,pendiente,REF462634,,
1042,7 de febrero de 2024,1448,tienda_fisica,3,enviado,REF485951,,2024-06-01 12:00
1040,09/07/2024,1348,app_movil,1,pendiente,REF907106,,2024-06-01 12:00
1105,2025-09-17 00:00:00,1869,app_movil,1,completado,REF307357,,2024-06-01 12:00
1452,06/09/2026,1724,tienda_fisica,5,cancelado,REF875805,NAVIDAD15,
3116,22/01/2026,1869,tienda_fisica,6,completado,REF895796,,
1839,11/30/2024,101,web,9,completado,REF229925,,
3209,20-07-2025,1184,web,6,pendiente,REF885657,NAVIDAD15,
491,2024-11-05,1583,tienda_fisica,4,pendiente,REF246168,VERANO10,
831,16-04-2026,667,web,12,completado,REF811298,,
1156,09/12/2026,612,web,12,completado,REF781761,NAVIDAD15,
1949,01/19/2024,1393,web,10,completado,REF861356,,2024-06-01 12:00
743,23/01/2026,1354,tienda_fisica,12,enviado,REF690245,,
307,03-10-2025,755,app_movil,6,pendiente,REF279120,,
354,17 de marzo de 2024,704,tienda_fisica,2,pendiente,REF365774,,
1571,11/23/2025,1183,web,8,completado,REF466268,NAVIDAD15,
3043,2024-09-10,1350,app_movil,10,cancelado,REF771834,VERANO10,2024-06-01 12:00
970,03/01/2026,1832,tienda_fisica,4,completado,REF660484,,
547,2024-02-12,1094,web,1,pendiente,REF478504,NAVIDAD15,
1235,27/09/2026,112,app_movil,11,enviado,REF717175,,
2446,2024-06-15 00:00:00,1560,tienda_fisica,4,completado,REF102977,,
1715,13/08/2024,1350,tienda_fisica,12,enviado,REF647926,,
3386,25-03-2024,361,web,5,pendiente,REF611228,NAVIDAD15,
3472,11/12/2025,373,app_movil,4,completado,REF445688,VERANO10,
2259,2024-05-17,860,app_movil,10,pendiente,REF271633,NAVIDAD15,2024-06-01 12:00
984,2024-07-13,456,tienda_fisica,9,completado,REF131483,,
3173,2024-08-16 00:00:00,1615,app_movil,5,completado,REF580782,,2024-06-01 12:00
1676,26 de septiembre de 2024,350,app_movil,9,completado,REF553588,,2024-06-01 12:00
1655,02/09/2026,1263,tienda_fisica,9,enviado,REF542615,NAVIDAD15,
425,2025-08-21 00:00:00,289,web,4,completado,REF178702,VERANO10,
1126,9 de junio de 2026,54,web,11,pendiente,REF824972,,
2993,29/06/2025,825,app_movil,11,cancelado,REF571970,,
2302,05-12-2024,724,tienda_fisica,5,cancelado,REF640446,,
2255,21/07/2026,1382,tienda_fisica,3,enviado,REF469472,VERANO10,
967,6 de enero de 2026,1484,app_movil,5,enviado,REF510323,,
3201,05-11-2025,1862,app_movil,9,cancelado,REF282335,NAVIDAD15,
3218,13 de septiembre de 2025,889,app_movil,10,cancelado,REF136544,VERANO10,
2850,15-04-2026,1507,tienda_fisica,12,completado,REF317369,,
41,01/06/2025,645,app_movil,7,completado,REF518191,,
1849,07/27/2026,1346,web,12,completado,REF692082,NAVIDAD15,
711,2026-06-21 00:00:00,801,app_movil,2,pendiente,REF221507,,
724,2024-09-05 00:00:00,1308,tienda_fisica,8,completado,REF879674,,
791,26/09/2026,886,tienda_fisica,2,cancelado,REF690326,NAVIDAD15,2024-06-01 12:00
1769,02/07/2026,1802,tienda_fisica,7,pendiente,REF597667,VERANO10,2024-06-01 12:00
544,2024-01-24,999,tienda_fisica,6,pendiente,REF314115,VERANO10,2024-06-01 12:00
812,2024-02-05 00:00:00,115,app_movil,9,enviado,REF629684,NAVIDAD15,2024-06-01 12:00
1827,2024-12-11,1820,tienda_fisica,4,completado,REF450999,VERANO10,2024-06-01 12:00
3402,21/02/2024,1147,web,11,completado,REF772885,,
1376,28/01/2025,1361,tienda_fisica,9,completado,REF632642,,
1144,2024-09-05,523,tienda_fisica,3,completado,REF792638,NAVIDAD15,
3339,11/23/2024,552,tienda_fisica,12,completado,REF232431,NAVIDAD15,2024-06-01 12:00
3525,2026-05-20,707,web,11,enviado,REF450477,,
3447,24-02-2024,1955,web,8,cancelado,REF248092,VERANO10,2024-06-01 12:00
3036,2025-05-12,322,app_movil,4,pendiente,REF758763,VERANO10,
1289,2026-08-23,122,web,1,cancelado,REF874720,NAVIDAD15,
3001,2024-02-11,380,web,11,completado,REF595547,,
3048,2024-04-13,1216,app_movil,3,enviado,REF392681,VERANO10,
565,24-02-2024,705,tienda_fisica,1,enviado,REF318707,,
3484,11/03/2024,973,tienda_fisica,5,cancelado,REF900072,VERANO10,2024-06-01 12:00
1891,2024-08-15,1655,tienda_fisica,5,pendiente,REF731595,VERANO10,
398,2026-06-29,245,web,11,cancelado,REF812098,,
1038,29-07-2026,260,tienda_fisica,3,cancelado,REF555703,NAVIDAD15,
1819,13 de noviembre de 2025,618,app_movil,7,pendiente,REF586007,VERANO10,2024-06-01 12:00
1551,2024-06-12 00:00:00,493,tienda_fisica,6,cancelado,REF188493,VERANO10,2024-06-01 12:00
2281,02/10/2024,865,tienda_fisica,7,completado,REF960589,,
2329,2026-08-22 00:00:00,1494,app_movil,3,enviado,REF429155,,
107,2024-02-18,655,web,5,cancelado,REF312962,,
2890,12 de diciembre de 2024,1346,web,1,completado,REF501092,VERANO10,
2550,04/19/2026,2146,web,7,completado,REF877558,NAVIDAD15,
2658,18-01-2024,2067,web,6,completado,REF938067,VERANO10,
924,2025-10-28 00:00:00,980,app_movil,7,cancelado,REF680751,,2024-06-01 12:00
3254,14/10/2024,858,app_movil,9,pendiente,REF364305,,
245,2026-02-07,1636,web,3,pendiente,REF751458,NAVIDAD15,
3240,2026-02-09,1569,web,9,enviado,REF820778,VERANO10,
1305,07/04/2024,1148,app_movil,3,cancelado,REF597347,VERANO10,
3068,2026-04-27,1318,tienda_fisica,2,completado,REF443302,,
619,2025-10-26,317,tienda_fisica,11,enviado,REF648236,,
33,17/09/2026,313,web,12,completado,REF791442,NAVIDAD15,
1359,2025-05-30,615,tienda_fisica,10,completado,REF542529,,
3164,2026-08-12 00:00:00,1715,tienda_fisica,7,completado,REF992978,NAVIDAD15,
949,08/05/2024,1268,app_movil,2,pendiente,REF239709,NAVIDAD15,
959,2026-03-23,1679,web,10,pendiente,REF151032,,
2324,02/10/2024,75,web,1,pendiente,REF981999,,
3084,2024-11-02,183,web,6,completado,REF320817,VERANO10,
429,2026-02-09,1980,web,11,pendiente,REF997988,,
3146,2024-06-30,1545,app_movil,4,cancelado,REF859838,NAVIDAD15,
2078,2026-09-23,933,web,9,enviado,REF249979,,2024-06-01 12:00
2136,2025-01-17,1228,tienda_fisica,11,pendiente,REF253689,,
1552,21/08/2024,1244,web,9,completado,REF206461,NAVIDAD15,
808,30-08-2025,95,tienda_fisica,10,cancelado,REF550125,,
2366,2024-07-08,35,app_movil,1,completado,REF760919,NAVIDAD15,2024-06-01 12:00
704,11/06/2025,1076,tienda_fisica,6,completado,REF325773,,
1503,2026-03-30,336,app_movil,12,completado,REF192315,VERANO10,
1910,14/04/2025,1150,web,6,completado,REF675934,NAVIDAD15,
367,21/07/2024,1734,web,7,pendiente,REF352511,,2024-06-01 12:00
2121,28/04/2026,139,web,1,enviado,REF727311,NAVIDAD15,2024-06-01 12:00
3323,29-04-2026,894,tienda_fisica,8,completado,REF602515,,2024-06-01 12:00
2706,08/06/2026,1888,app_movil,11,enviado,REF285556,,2024-06-01 12:00
842,26 de agosto de 2025,515,web,7,completado,REF118381,,
2057,24/07/2024,653,web,11,pendiente,REF298807,,
2310,21/05/2026,1205,app_movil,12,completado,REF685541,,
1465,07/14/2026,1794,web,9,enviado,REF420089,,
2117,2024-08-02 00:00:00,1788,web,1,pendiente,REF145360,VERANO10,
847,25 de mayo de 2024,821,web,4,cancelado,REF573436,NAVIDAD15,
746,2025-06-14,474,app_movil,10,pendiente,REF314242,VERANO10,
1645,2025-10-17 00:00:00,1687,web,9,completado,REF755131,,
2350,01-10-2024,222,app_movil,1,completado,REF275636,VERANO10,
3373,20 de noviembre de 2024,1051,web,9,completado,REF914623,VERANO10,2024-06-01 12:00
3021,2024-10-10,355,web,3,pendiente,REF990896,,
1445,1 de septiembre de 2026,884,app_movil,9,pendiente,REF848997,,
2997,16-09-2024,717,app_movil,11,pendiente,REF443854,NAVIDAD15,2024-06-01 12:00
599,2026-09-18,1344,app_movil,9,pendiente,REF622153,VERANO10,
522,17-01-2024,1412,web,12,completado,REF255051,,
2558,16-07-2024,455,tienda_fisica,8,enviado,REF186104,VERANO10,
3426,02/17/2026,988,tienda_fisica,10,completado,REF428078,VERANO10,2024-06-01 12:00
1522,09/23/2026,1482,web,5,completado,REF812479,NAVIDAD15,2024-06-01 12:00
1916,24 de noviembre de 2024,564,tienda_fisica,4,enviado,REF129551,,
1521,2026-06-08,65,tienda_fisica,7,completado,REF904713,VERANO10,
240,2025-10-15,531,web,3,enviado,REF425498,,
3342,2024-12-05 00:00:00,1610,app_movil,8,completado,REF994891,VERANO10,
2509,04-03-2026,294,web,3,completado,REF566216,,
2732,2025-10-15,1794,app_movil,4,completado,REF508567,,
2441,18/03/2025,1091,tienda_fisica,1,enviado,REF482640,VERANO10,
2209,12/04/2025,254,app_movil,11,completado,REF385596,NAVIDAD15,2024-06-01 12:00
32,2026-01-31,1364,web,3,enviado,REF108208,VERANO10,2024-06-01 12:00
3220,23/02/2026,1013,web,7,completado,REF323855,,
453,2024-01-11,383,tienda_fisica,11,pendiente,REF400284,,
2611,2026-07-02,604,app_movil,10,completado,REF817834,,
2761,2024-08-10,152,tienda_fisica,10,cancelado,REF998418,NAVIDAD15,2024-06-01 12:00
3171,07/06/2026,1827,app_movil,5,enviado,REF709966,,
2236,03-04-2025,1866,web,3,pendiente,REF565775,,
1167,12/05/2025,1732,tienda_fisica,3,enviado,REF447255,,2024-06-01 12:00
2035,2026-08-11 00:00:00,1464,web,8,completado,REF282163,NAVIDAD15,
3072,22 de marzo de 2024,136,app_movil,2,pendiente,REF929128,,
3502,07/09/2024,328,tienda_fisica,5,cancelado,REF257319,VERANO10,
436,2026-02-28,1705,web,9,pendiente,REF996849,NAVIDAD15,
891,18 de septiembre de 2025,482,app_movil,2,completado,REF286948,,
778,20/04/2024,470,tienda_fisica,4,completado,REF958240,VERANO10,
637,06/05/2024,1710,app_movil,2,completado,REF877395,NAVIDAD15,
2973,2024-07-17,1509,tienda_fisica,6,pendiente,REF259584,,2024-06-01 12:00
2812,2025-10-07,1598,web,11,completado,REF152814,VERANO10,
1368,23-06-2026,425,web,4,pendiente,REF938545,,2024-06-01 12:00
804,2024-02-17,485,web,7,cancelado,REF495220,,
3360,2024-10-28,617,tienda_fisica,10,completado,REF909438,VERANO10,
2569,2024-04-05 00:00:00,1016,web,9,completado,REF780479,NAVIDAD15,
1269,2026-02-10,1559,app_movil,7,completado,REF209111,,
2880,2026-02-09,463,web,6,completado,REF623655,,2024-06-01 12:00
3305,04/12/2024,215,app_movil,3,completado,REF524811,,2024-06-01 12:00
671,10-12-2024,813,tienda_fisica,7,enviado,REF289706,,
3246,21-12-2024,783,web,5,pendiente,REF132263,,
3520,2025-12-21,801,web,8,pendiente,REF221160,VERANO10,
1851,04/12/2025,13,web,4,completado,REF596318,VERANO10,
3396,2025-08-08,795,app_movil,1,pendiente,REF776362,NAVIDAD15,
2156,2024-03-01,1180,tienda_fisica,3,completado,REF745046,VERANO10,
454,04/24/2024,951,web,4,completado,REF571789,,2024-06-01 12:00
1189,2025-10-22,1240,app_movil,10,completado,REF503564,,
2079,2024-10-12,936,web,1,completado,REF573025,,
3509,11/07/2026,121,tienda_fisica,3,pendiente,REF615273,,2024-06-01 12:00
1758,2024-08-24 00:00:00,452,web,5,pendiente,REF254670,,
2537,27-05-2026,797,web,2,cancelado,REF856653,NAVIDAD15,2024-06-01 12:00
124,25/12/2024,1222,app_movil,1,enviado,REF395497,VERANO10,
756,2024-05-09 00:00:00,122,app_movil,7,completado,REF868096,,2024-06-01 12:00
2585,2025-08-09 00:00:00,1031,app_movil,4,completado,REF303740,NAVIDAD15,
357,29-01-2026,1060,app_movil,3,completado,REF886890,,
2202,30-05-2025,131,web,3,completado,REF670997,VERANO10,
1798,05/29/2026,1465,app_movil,9,cancelado,REF111385,NAVIDAD15,2024-06-01 12:00
3587,2025-02-20,1938,tienda_fisica,9,pendiente,REF179942,VERANO10,
242,24 de marzo de 2026,1015,tienda_fisica,2,pendiente,REF977324,,2024-06-01 12:00
3162,2025-03-17,1543,tienda_fisica,6,completado,REF628793,NAVIDAD15,
2381,14-09-2025,297,web,7,enviado,REF102025,,
2780,09-08-2024,1816,app_movil,9,cancelado,REF324900,,
2801,2026-08-29,890,tienda_fisica,4,completado,REF327859,VERANO10,
2938,9 de agosto de 2025,1137,web,9,completado,REF724371,NAVIDAD15,
3051,2026-04-13,292,web,11,pendiente,REF535389,VERANO10,2024-06-01 12:00
1081,11-03-2025,576,app_movil,9,completado,REF209798,NAVIDAD15,2024-06-01 12:00
3016,2025-09-24 00:00:00,1880,web,7,completado,REF584019,VERANO10,2024-06-01 12:00
1882,2026-01-01,1982,web,8,completado,REF463749,VERANO10,
3123,30/06/2025,107,app_movil,6,cancelado,REF163505,,2024-06-01 12:00
2974,06/25/2026,1996,tienda_fisica,12,completado,REF182908,,
3524,05/05/2025,1201,web,11,completado,REF233309,VERANO10,
131,2024-10-05,1891,web,1,completado,REF633627,VERANO10,
1426,12 de enero de 2025,1753,app_movil,6,pendiente,REF547729,,2024-06-01 12:00
54,2024-12-19,407,tienda_fisica,8,cancelado,REF938013,,
1300,06-08-2024,319,web,1,completado,REF459750,NAVIDAD15,
3163,2026-02-11 00:00:00,267,web,10,cancelado,REF670126,VERANO10,2024-06-01 12:00
1448,2025-06-09,1148,tienda_fisica,9,completado,REF796052,,2024-06-01 12:00
668,04/24/2025,1300,app_movil,7,pendiente,REF468597,,
546,24/04/2025,1526,app_movil,6,cancelado,REF983343,VERANO10,
94,29 de octubre de 2025,1603,NULL,12,enviado,REF968151,,
438,2024-09-03,300,web,12,completado,REF725561,VERANO10,
3020,22 de diciembre de 2024,1643,web,1,pendiente,REF655798,,
3280,2025-11-09,275,web,10,pendiente,REF453258,VERANO10,2024-06-01 12:00
3443,2026-03-13,1578,web,3,enviado,REF121941,,
2744,2025-04-19,120,web,4,completado,REF550345,NAVIDAD15,2024-06-01 12:00
2256,2025-10-27,427,app_movil,12,enviado,REF916398,,2024-06-01 12:00
1574,2025-07-06,174,app_movil,5,completado,REF872002,,
279,2025-02-11 00:00:00,378,web,8,enviado,REF306751,NAVIDAD15,2024-06-01 12:00
3566,25 de febrero de 2024,983,app_movil,2,completado,REF584247,VERANO10,
1432,2024-02-20,1012,tienda_fisica,10,completado,REF537029,,
2977,2025-11-25,2138,web,7,completado,REF256991,VERANO10,
480,06-08-2026,1590,web,12,completado,REF993391,,
18,04-10-2024,1665,null,2,completado,REF462552,NAVIDAD15,
192,2026-02-13,920,app_movil,4,enviado,REF972920,NAVIDAD15,
548,2025-03-30,891,web,7,cancelado,REF681283,VERANO10,
2757,2025-03-08,1419,app_movil,3,completado,REF603024,,
40,12/01/2024,249,web,1,completado,REF176794,VERANO10,
1935,04/24/2025,1507,app_movil,10,cancelado,REF510922,,
3278,02/20/2026,1757,web,11,pendiente,REF673261,VERANO10,2024-06-01 12:00
3560,21/01/2024,1955,tienda_fisica,3,completado,REF380443,NAVIDAD15,
1919,05-07-2026,335,web,5,cancelado,REF579018,,
1138,2025-02-23,1109,app_movil,12,pendiente,REF747076,,
115,04/19/2026,131,web,5,completado,REF289345,,2024-06-01 12:00
3359,14 de diciembre de 2024,232,tienda_fisica,11,cancelado,REF419973,NAVIDAD15,
410,2024-08-17,1800,app_movil,10,enviado,REF372369,NAVIDAD15,
336,2025-07-17 00:00:00,305,web,12,pendiente,REF607858,,
2227,18 de septiembre de 2026,1909,web,1,cancelado,REF889789,,2024-06-01 12:00
1353,2025-03-10,776,app_movil,2,completado,REF999629,NAVIDAD15,
1501,7 de mayo de 2025,1869,tienda_fisica,12,pendiente,REF966077,,
1333,2025-05-04,231,tienda_fisica,2,enviado,REF705807,VERANO10,
2180,2025-04-20 00:00:00,961,tienda_fisica,5,pendiente,REF631517,,
2793,2025-04-28,944,web,4,pendiente,REF849833,VERANO10,
1151,17 de mayo de 2024,652,web,10,cancelado,REF920428,,
352,12/13/2025,1712,app_movil,5,completado,REF420825,,
2705,24/03/2026,1504,tienda_fisica,12,completado,REF623322,NAVIDAD15,
3003,11/08/2024,1171,web,5,enviado,REF827540,,
153,2026-06-17 00:00:00,2072,tienda_fisica,12,completado,REF244511,,2024-06-01 12:00
843,10 de mayo de 2024,1761,app_movil,8,completado,REF757652,,2024-06-01 12:00
2911,13 de junio de 2026,296,web,3,enviado,REF622054,,
1071,06/22/2025,1308,app_movil,2,completado,REF501362,NAVIDAD15,
2643,2024-08-19 00:00:00,843,web,4,pendiente,REF320628,VERANO10,2024-06-01 12:00
3006,07-12-2024,1090,web,3,completado,REF449503,VERANO10,
1453,15/09/2026,5,web,12,completado,REF265074,,
2962,05-01-2024,517,web,10,completado,REF852409,,
172,2024-09-13 00:00:00,420,web,6,cancelado,REF629928,NAVIDAD15,
2772,2024-08-21 00:00:00,901,tienda_fisica,2,completado,REF149141,NAVIDAD15,
620,2026-04-07,341,tienda_fisica,5,enviado,REF270853,VERANO10,
1682,2026-06-12 00:00:00,999,web,4,cancelado,REF586053,VERANO10,2024-06-01 12:00
1856,2025-04-03,357,web,6,completado,REF332403,NAVIDAD15,
3032,30/09/2025,981,web,8,completado,REF633317,,
627,2026-08-12,1296,web,9,completado,REF335253,,
2980,2026-05-21,763,tienda_fisica,8,completado,REF772819,NAVIDAD15,
2197,2025-08-30,1034,app_movil,9,enviado,REF190397,NAVIDAD15,
2151,26 de agosto de 2024,828,app_movil,9,completado,REF386566,NAVIDAD15,
1583,21/11/2025,1601,app_movil,1,completado,REF821759,VERANO10,
2720,2026-01-28,1064,app_movil,7,pendiente,REF131311,VERANO10,2024-06-01 12:00
1852,2025-01-03 00:00:00,533,web,5,completado,REF586867,,
2001,2025-01-02,1703,web,11,cancelado,REF174159,,2024-06-01 12:00
2090,02/01/2026,280,tienda_fisica,5,enviado,REF384249,,
855,02-07-2026,1376,app_movil,8,enviado,REF889503,,
2881,28-06-2024,459,tienda_fisica,6,completado,REF821306,NAVIDAD15,
1297,2024-06-27,1928,app_movil,10,completado,REF359589,NAVIDAD15,
1867,04-09-2025,352,app_movil,2,completado,REF176479,VERANO10,2024-06-01 12:00
3576,25/08/2024,1715,web,7,completado,REF120676,VERANO10,
2367,10 de junio de 2025,242,web,4,pendiente,REF440376,,2024-06-01 12:00
1618,2024-09-28 00:00:00,210,tienda_fisica,2,enviado,REF510072,,
2566,10/10/2025,1572,app_movil,8,completado,REF170860,,
13,12 de enero de 2025,37,web,7,pendiente,REF606961,,
1722,9 de abril de 2025,292,app_movil,5,pendiente,REF390898,,2024-06-01 12:00
803,2024-11-22,742,tienda_fisica,4,enviado,REF114215,NAVIDAD15,2024-06-01 12:00
1087,2024-11-12,1259,tienda_fisica,12,pendiente,REF383293,VERANO10,2024-06-01 12:00
669,7 de mayo de 2024,1092,tienda_fisica,5,cancelado,REF593481,VERANO10,
2511,31/08/2025,273,app_movil,7,enviado,REF756592,,2024-06-01 12:00
2127,22/06/2025,761,tienda_fisica,3,completado,REF681111,,
77,2025-11-10,1270,web,7,enviado,REF679510,,2024-06-01 12:00
3599,2024-09-08 00:00:00,469,web,3,cancelado,REF307968,NAVIDAD15,
960,11 de julio de 2026,317,tienda_fisica,8,pendiente,REF820263,NAVIDAD15,
3109,18 de octubre de 2024,713,app_movil,7,pendiente,REF468605,VERANO10,
1900,11/03/2025,1905,web,4,pendiente,REF196020,NAVIDAD15,2024-06-01 12:00
576,2025-03-16,1551,web,2,cancelado,REF369753,,2024-06-01 12:00
2290,2026-01-26,421,tienda_fisica,3,enviado,REF947510,NAVIDAD15,
1684,2024-08-20,1705,tienda_fisica,12,completado,REF812170,NAVIDAD15,2024-06-01 12:00
2389,10-08-2024,1217,tienda_fisica,7,completado,REF647900,,2024-06-01 12:00
2694,2025-08-05,1040,app_movil,2,completado,REF114239,NAVIDAD15,
3350,2026-01-12,493,tienda_fisica,9,pendiente,REF502544,NAVIDAD15,2024-06-01 12:00
2075,2025-06-19 00:00:00,239,tienda_fisica,11,completado,REF601634,,
2843,2025-05-02 00:00:00,1058,web,7,pendiente,REF993104,VERANO10,
570,01/14/2025,549,app_movil,10,completado,REF258801,NAVIDAD15,
1942,2026-04-26,968,tienda_fisica,8,enviado,REF459370,VERANO10,
799,26 de agosto de 2024,315,tienda_fisica,3,completado,REF107122,NAVIDAD15,
2763,10/26/2024,1387,app_movil,1,completado,REF651492,,
1756,2024-07-13,1534,web,1,completado,REF619014,,
518,07/20/2026,1471,app_movil,6,completado,REF919956,VERANO10,2024-06-01 12:00
1148,2024-05-20,1985,web,3,completado,REF435823,,
1915,19-04-2025,698,web,9,completado,REF534207,,2024-06-01 12:00
269,21-12-2025,1763,app_movil,7,completado,REF265393,NAVIDAD15,
2716,04/05/2025,214,web,1,cancelado,REF249084,VERANO10,
301,30-10-2025,1444,tienda_fisica,12,completado,REF589559,VERANO10,
966,06-10-2024,1962,app_movil,7,cancelado,REF275449,,
229,12/29/2025,1469,app_movil,5,pendiente,REF825919,,2024-06-01 12:00
85,2026-01-21,1741,app_movil,1,pendiente,REF760970,,2024-06-01 12:00
328,2025-11-06,52,tienda_fisica,10,completado,REF422414,VERANO10,
1082,03/07/2025,1127,tienda_fisica,3,pendiente,REF968442,,
2436,2026-01-02,1354,app_movil,12,completado,REF770153,,
470,2025-02-05 00:00:00,24,app_movil,11,completado,REF651215,VERANO10,
2344,2026-07-10,1571,tienda_fisica,10,enviado,REF472757,,
198,2026-03-12 00:00:00,955,app_movil,1,completado,REF758638,,
1963,2024-11-04 00:00:00,501,tienda_fisica,3,completado,REF777117,,
298,11 de abril de 2026,340,app_movil,1,enviado,REF252600,NAVIDAD15,2024-06-01 12:00
3598,2024-12-25,1922,tienda_fisica,8,completado,REF505973,,
2307,2026-05-03,1850,tienda_fisica,9,completado,REF859183,VERANO10,
1945,16/07/2025,53,web,5,cancelado,REF614758,,2024-06-01 12:00
2882,30/07/2026,423,web,7,completado,REF394782,NAVIDAD15,2024-06-01 12:00
3456,2026-05-18 00:00:00,590,app_movil,10,completado,REF910642,,
2342,17-09-2024,1060,tienda_fisica,11,enviado,REF918938,NAVIDAD15,
2554,05/12/2025,1752,tienda_fisica,4,pendiente,REF292556,NAVIDAD15,2024-06-01 12:00
2276,2026-08-13 00:00:00,1655,tienda_fisica,9,completado,REF795788,,2024-06-01 12:00
2479,2026-03-04 00:00:00,220,app_movil,11,cancelado,REF311135,,
1612,02/21/2025,832,tienda_fisica,8,completado,REF745521,,2024-06-01 12:00
921,10/24/2025,1300,web,7,completado,REF956633,VERANO10,
1429,2025-03-14,1060,app_movil,12,enviado,REF829481,,
1530,2024-10-25,1670,tienda_fisica,3,completado,REF572198,,
2317,04-12-2025,1670,app_movil,4,pendiente,REF520996,NAVIDAD15,
1885,02/20/2024,870,app_movil,5,completado,REF290589,,2024-06-01 12:00
607,2025-02-23,1560,tienda_fisica,2,pendiente,REF359847,VERANO10,2024-06-01 12:00
1630,2024-11-04,402,web,5,completado,REF119458,,
2458,2026-03-26 00:00:00,290,tienda_fisica,7,cancelado,REF626001,VERANO10,
2336,2026-06-26,1765,app_movil,9,enviado,REF186994,,
2234,2026-09-26,831,app_movil,5,enviado,REF149829,,2024-06-01 12:00
1634,2025-12-26,1393,web,7,pendiente,REF295961,,
138,2025-05-04 00:00:00,1601,web,12,pendiente,REF746799,NAVIDAD15,
3244,2024-09-02,843,web,7,pendiente,REF830679,,2024-06-01 12:00
1662,2024-06-20 00:00:00,470,app_movil,1,completado,REF698047,,
2162,2026-08-08 00:00:00,1203,tienda_fisica,4,completado,REF192459,,
3326,2025-03-29 00:00:00,1294,app_movil,10,completado,REF273448,,
3331,15 de junio de 2026,1906,web,2,enviado,REF709082,VERANO10,2024-06-01 12:00
2690,2025-12-19 00:00:00,137,web,10,completado,REF945722,,
1638,2025-12-23,1755,tienda_fisica,1,completado,REF679247,VERANO10,2024-06-01 12:00
1024,25/09/2026,511,tienda_fisica,10,completado,REF332677,,2024-06-01 12:00
1045,2026-05-03,1607,app_movil,3,cancelado,REF465537,,
1050,12 de enero de 2026,1798,app_movil,12,completado,REF760794,,2024-06-01 12:00
3586,27 de octubre de 2024,763,tienda_fisica,4,pendiente,REF252608,VERANO10,
1039,08/01/2025,830,web,10,completado,REF569128,NAVIDAD15,2024-06-01 12:00
1644,2026-05-30 00:00:00,295,app_movil,7,enviado,REF343975,,2024-06-01 12:00
3427,07/11/2024,281,tienda_fisica,9,cancelado,REF832780,VERANO10,
3180,27-01-2024,407,web,9,completado,REF816106,VERANO10,2024-06-01 12:00
879,05/09/2026,1261,web,5,completado,REF728025,,
2842,11-07-2024,2186,app_movil,4,completado,REF565321,,
2371,2 de junio de 2026,1789,web,3,enviado,REF346252,NAVIDAD15,2024-06-01 12:00
76,22 de marzo de 2026,180,N/A,4,cancelado,REF267199,VERANO10,
697,02/08/2024,243,tienda_fisica,11,completado,REF473640,VERANO10,
1307,04-05-2025,1327,app_movil,5,completado,REF697742,,2024-06-01 12:00
2271,2025-11-16,1835,web,2,completado,REF128216,NAVIDAD15,
3395,2026-08-19,1264,tienda_fisica,11,cancelado,REF328109,NAVIDAD15,2024-06-01 12:00
2036,12-05-2025,1654,tienda_fisica,6,enviado,REF302358,,2024-06-01 12:00
2340,02-09-2026,1710,tienda_fisica,5,completado,REF543208,,2024-06-01 12:00
3294,2024-08-14 00:00:00,501,tienda_fisica,4,completado,REF243765,,
3100,08/17/2024,1041,app_movil,3,enviado,REF799832,VERANO10,
2783,23-03-2026,466,tienda_fisica,7,completado,REF543415,,
950,12/10/2025,231,tienda_fisica,6,pendiente,REF737221,NAVIDAD15,
840,04/13/2026,250,web,7,completado,REF770910,VERANO10,
3106,2024-09-02,909,web,7,pendiente,REF840724,,
1094,2024-01-17,1230,app_movil,8,cancelado,REF132211,VERANO10,
2551,2026-01-28,722,app_movil,3,pendiente,REF720783,,
2157,31 de enero de 2026,935,tienda_fisica,7,completado,REF463437,VERANO10,2024-06-01 12:00
3328,07/09/2025,937,tienda_fisica,2,pendiente,REF356033,VERANO10,
96,2024-03-10,1761,tienda_fisica,1,cancelado,REF738252,VERANO10,2024-06-01 12:00
1706,2025-10-18,927,app_movil,4,cancelado,REF970119,,
2654,17/06/2025,497,web,3,cancelado,REF123961,NAVIDAD15,
2659,27 de noviembre de 2024,1421,tienda_fisica,7,enviado,REF527235,VERANO10,2024-06-01 12:00
451,2026-06-16,1472,tienda_fisica,6,completado,REF840605,,
2961,2025-06-15,951,tienda_fisica,6,completado,REF612405,VERANO10,
693,11/02/2024,886,app_movil,10,completado,REF994346,VERANO10,2024-06-01 12:00
2198,31 de mayo de 2025,1960,app_movil,8,completado,REF703974,NAVIDAD15,
2923,24/06/2024,168,app_movil,4,pendiente,REF574913,NAVIDAD15,
954,08/23/2026,1086,tienda_fisica,9,completado,REF387927,,
3006,07-12-2024,1090,web,3,completado,REF449503,VERANO10,
389,08/29/2026,1821,web,4,completado,REF403853,,
1557,2025-06-18,1044,tienda_fisica,7,enviado,REF139424,VERANO10,
887,29/05/2026,1625,web,3,completado,REF988483,,2024-06-01 12:00
3204,31-07-2024,787,app_movil,6,completado,REF498455,,2024-06-01 12:00
3207,03/07/2026,41,tienda_fisica,3,completado,REF324568,,
2912,16 de junio de 2024,643,app_movil,7,completado,REF167851,,
541,2025-07-04,356,app_movil,8,completado,REF404726,,
3367,8 de junio de 2026,1367,web,7,completado,REF599236,,
1515,2024-07-25 00:00:00,1579,app_movil,2,completado,REF542579,,
1159,11/12/2024,163,web,1,enviado,REF339841,NAVIDAD15,2024-06-01 12:00
1593,14 de septiembre de 2025,485,tienda_fisica,6,completado,REF728053,,2024-06-01 12:00
3404,28-06-2025,63,tienda_fisica,1,completado,REF174447,,2024-06-01 12:00
3308,11 de marzo de 2026,1925,web,1,completado,REF122269,,
1116,2026-08-06,597,web,9,cancelado,REF771269,VERANO10,
3504,15 de noviembre de 2024,418,app_movil,8,completado,REF133911,NAVIDAD15,2024-06-01 12:00
1832,2026-06-30,1312,web,12,completado,REF920948,NAVIDAD15,
2871,06/02/2025,1674,tienda_fisica,9,completado,REF305265,VERANO10,
3188,2025-03-02 00:00:00,1351,tienda_fisica,1,cancelado,REF748281,,
1610,21 de diciembre de 2025,233,web,11,enviado,REF143085,VERANO10,
2487,05/29/2026,105,app_movil,2,enviado,REF800356,,
2065,2025-09-22 00:00:00,222,app_movil,10,completado,REF567529,,
2112,07/28/2024,680,app_movil,6,pendiente,REF749574,,
819,3 de julio de 2025,522,tienda_fisica,12,cancelado,REF776595,,
199,06/21/2026,648,tienda_fisica,2,completado,REF398065,VERANO10,
1660,2024-03-05 00:00:00,25,app_movil,8,completado,REF558931,NAVIDAD15,
2575,2025-09-19 00:00:00,702,tienda_fisica,5,completado,REF911917,,
91,02-04-2025,1659,N/A,2,completado,REF858271,,
2756,2025-05-20,911,app_movil,5,cancelado,REF896536,VERANO10,
568,2025-11-12,1599,web,11,cancelado,REF111437,,
569,18/12/2024,786,web,1,completado,REF318297,NAVIDAD15,2024-06-01 12:00
1143,2025-11-20,1359,tienda_fisica,1,completado,REF240000,,
419,15 de junio de 2024,1807,app_movil,11,completado,REF830917,VERANO10,2024-06-01 12:00
1813,15-07-2026,154,app_movil,8,completado,REF453610,VERANO10,
3445,2024-02-27,714,web,3,cancelado,REF837249,VERANO10,
856,13/01/2026,803,app_movil,11,completado,REF750613,VERANO10,
1104,2025-02-24,1255,tienda_fisica,2,completado,REF839103,,
1487,05/19/2025,1613,tienda_fisica,4,pendiente,REF306085,VERANO10,
2563,11 de octubre de 2025,131,app_movil,9,cancelado,REF989854,,2024-06-01 12:00
2922,22-07-2026,93,app_movil,2,completado,REF979979,VERANO10,2024-06-01 12:00
2725,05/13/2025,1075,app_movil,5,completado,REF945460,,
1259,08/14/2025,564,tienda_fisica,7,completado,REF361165,NAVIDAD15,
1234,15/01/2025,930,app_movil,2,cancelado,REF380998,,
2699,24-05-2025,1244,web,2,pendiente,REF902027,NAVIDAD15,2024-06-01 12:00
1253,2024-06-25 00:00:00,205,web,9,completado,REF295496,,
1600,13-07-2026,670,tienda_fisica,12,completado,REF692649,NAVIDAD15,
208,02-01-2025,1313,web,4,completado,REF927078,,2024-06-01 12:00
679,28/03/2026,399,tienda_fisica,7,completado,REF222803,VERANO10,
2002,07/04/2024,1615,app_movil,5,cancelado,REF776541,,
2533,08/11/2024,368,tienda_fisica,10,cancelado,REF156612,VERANO10,
1388,13-05-2024,455,tienda_fisica,10,cancelado,REF402736,VERANO10,
1247,2025-07-06 00:00:00,2126,web,2,completado,REF255669,VERANO10,2024-06-01 12:00
589,2024-07-05,1660,app_movil,12,completado,REF753372,NAVIDAD15,2024-06-01 12:00
2141,23/11/2025,294,tienda_fisica,7,cancelado,REF906561,NAVIDAD15,
2095,05/18/2024,1783,web,1,completado,REF288129,VERANO10,2024-06-01 12:00
220,08/10/2025,1624,app_movil,4,enviado,REF936028,,2024-06-01 12:00
2455,08-09-2025,227,web,3,completado,REF380969,VERANO10,
630,12/28/2024,1730,tienda_fisica,7,completado,REF215698,NAVIDAD15,
2661,2025-10-20,636,web,3,pendiente,REF486346,NAVIDAD15,
1402,05/14/2026,980,web,8,completado,REF739680,,
624,20-10-2025,1252,tienda_fisica,12,completado,REF392316,,2024-06-01 12:00
1482,20 de febrero de 2025,712,app_movil,1,completado,REF353234,,2024-06-01 12:00
3391,26/01/2026,16,web,7,completado,REF434661,VERANO10,
1632,18-02-2024,1367,web,4,completado,REF721272,,2024-06-01 12:00
2427,09/27/2024,573,web,2,completado,REF467106,VERANO10,2024-06-01 12:00
3385,30/10/2024,698,tienda_fisica,12,enviado,REF213697,,
1952,30-12-2024,1387,tienda_fisica,2,completado,REF389568,VERANO10,
484,17-06-2025,1598,tienda_fisica,2,cancelado,REF892938,,2024-06-01 12:00
1874,2025-12-17 00:00:00,1759,web,3,completado,REF433411,NAVIDAD15,
802,18-10-2025,1076,tienda_fisica,6,enviado,REF533118,,2024-06-01 12:00
2928,12/03/2024,1670,tienda_fisica,2,cancelado,REF369811,VERANO10,
2178,2025-07-22,1595,app_movil,8,cancelado,REF723407,,2024-06-01 12:00
3040,2025-12-10,360,web,2,enviado,REF326032,NAVIDAD15,
12,14/06/2026,92,N/A,4,completado,REF362486,,
2313,2025-05-12 00:00:00,1214,app_movil,8,pendiente,REF871903,NAVIDAD15,2024-06-01 12:00
305,27/04/2025,608,web,6,completado,REF723295,,
490,15/09/2025,114,tienda_fisica,11,enviado,REF869920,,2024-06-01 12:00
2222,03/11/2025,1096,tienda_fisica,1,completado,REF652765,NAVIDAD15,
3414,11/10/2024,303,app_movil,2,completado,REF746743,VERANO10,
3446,04/11/2024,694,tienda_fisica,9,enviado,REF322692,VERANO10,
3257,27/09/2026,672,app_movil,7,enviado,REF631882,VERANO10,
1012,2026-03-03 00:00:00,1125,app_movil,12,completado,REF609796,VERANO10,
2897,2024-09-14,449,web,11,pendiente,REF736455,NAVIDAD15,2024-06-01 12:00
165,13/06/2024,729,web,7,completado,REF859218,,2024-06-01 12:00
2052,02/06/2026,784,web,12,enviado,REF334935,VERANO10,
2538,10/15/2025,1859,tienda_fisica,2,completado,REF748508,VERANO10,2024-06-01 12:00
1195,13-09-2025,1997,tienda_fisica,4,cancelado,REF183775,NAVIDAD15,2024-06-01 12:00
781,2026-03-19,262,web,7,completado,REF720436,,
904,2024-06-07,1444,tienda_fisica,1,cancelado,REF288531,,2024-06-01 12:00
2584,2024-07-14,906,app_movil,4,pendiente,REF948122,,
2701,2026-07-03,1220,app_movil,1,completado,REF980558,,
2448,09/11/2025,1691,tienda_fisica,3,enviado,REF829326,VERANO10,2024-06-01 12:00
1811,08/28/2026,1790,web,1,pendiente,REF589801,,2024-06-01 12:00
1654,04/14/2026,1023,app_movil,6,completado,REF931661,NAVIDAD15,
1977,03/14/2025,1192,tienda_fisica,4,pendiente,REF996348,,2024-06-01 12:00
214,02-05-2025,1306,app_movil,7,completado,REF770703,,
2672,27 de diciembre de 2024,478,app_movil,11,completado,REF468396,,
755,2026-08-14,198,tienda_fisica,10,cancelado,REF580753,,
1865,07/18/2026,132,app_movil,1,cancelado,REF680482,VERANO10,
1325,2024-07-18,1925,web,8,cancelado,REF247941,NAVIDAD15,2024-06-01 12:00
2552,05/09/2024,1182,web,8,enviado,REF558229,NAVIDAD15,
1745,08-07-2024,849,app_movil,10,pendiente,REF447965,VERANO10,
2873,05/11/2024,319,web,11,completado,REF650859,NAVIDAD15,
1499,10/22/2025,1910,tienda_fisica,11,completado,REF969295,NAVIDAD15,
3575,23 de octubre de 2024,494,web,6,completado,REF768446,NAVIDAD15,
909,2025-01-12 00:00:00,431,app_movil,7,completado,REF425026,NAVIDAD15,
3288,25/04/2025,937,app_movil,12,pendiente,REF202393,,
1404,12/16/2024,1008,app_movil,8,cancelado,REF230030,NAVIDAD15,
2284,22 de diciembre de 2024,707,app_movil,5,completado,REF188572,,
3127,30/12/2025,1936,web,2,cancelado,REF683845,NAVIDAD15,
21,07-10-2024,1277,,9,enviado,REF818543,,
1340,14 de octubre de 2024,632,app_movil,4,cancelado,REF372463,,2024-06-01 12:00
3275,08/01/2025,531,tienda_fisica,7,completado,REF343573,,2024-06-01 12:00
65,18/02/2025,1224,app_movil,2,completado,REF335064,,2024-06-01 12:00
3070,28 de junio de 2025,720,app_movil,12,enviado,REF599996,VERANO10,2024-06-01 12:00
1869,2025-05-28,220,app_movil,11,completado,REF729756,,
400,2024-06-19,1816,app_movil,11,cancelado,REF485086,VERANO10,2024-06-01 12:00
444,20-07-2026,1937,app_movil,3,cancelado,REF672414,NAVIDAD15,
3451,2026-03-27 00:00:00,1446,app_movil,11,enviado,REF261307,,
2898,03/03/2024,366,app_movil,10,completado,REF147792,,2024-06-01 12:00
2029,22 de mayo de 2025,260,app_movil,11,cancelado,REF212255,,
2192,2024-11-27,1605,tienda_fisica,7,completado,REF764844,,
1243,10/05/2024,678,tienda_fisica,2,enviado,REF280071,NAVIDAD15,
3018,13/08/2025,429,tienda_fisica,12,completado,REF607284,,2024-06-01 12:00
3005,2024-02-11,1177,app_movil,2,pendiente,REF669657,VERANO10,
2794,08-03-2025,1316,web,11,completado,REF803686,,
1256,1 de agosto de 2026,1371,tienda_fisica,9,completado,REF994122,,
2004,19/05/2026,1152,tienda_fisica,9,enviado,REF867787,VERANO10,
3358,6 de octubre de 2024,1885,web,2,completado,REF837058,,
108,2026-09-16,257,web,10,cancelado,REF133978,,
2503,2024-03-10 00:00:00,1168,app_movil,5,cancelado,REF824068,,
45,16/08/2024,485,app_movil,11,cancelado,REF531120,,
1627,08/14/2025,703,app_movil,11,enviado,REF286844,,
1734,14 de marzo de 2026,1519,web,2,completado,REF674331,,
1219,9 de agosto de 2024,322,web,9,completado,REF838136,VERANO10,2024-06-01 12:00
251,9 de marzo de 2026,94,app_movil,3,completado,REF984687,,
2627,2024-10-23,166,web,2,enviado,REF899658,,2024-06-01 12:00
556,2025-03-15 00:00:00,1520,web,1,cancelado,REF401047,NAVIDAD15,
1468,2025-06-01,156,web,6,completado,REF112440,,
1909,03/13/2026,1393,app_movil,8,completado,REF534848,VERANO10,
3118,26/03/2026,970,app_movil,4,completado,REF711358,VERANO10,2024-06-01 12:00
2061,12/06/2024,957,web,11,cancelado,REF544386,,
418,2026-06-07 00:00:00,265,tienda_fisica,7,completado,REF231916,,2024-06-01 12:00
284,2025-11-01,204,tienda_fisica,12,completado,REF138099,,
684,24-10-2025,1001,tienda_fisica,9,cancelado,REF710874,,
2896,18 de agosto de 2024,248,tienda_fisica,3,enviado,REF533442,,
1135,6 de marzo de 2026,271,tienda_fisica,1,completado,REF142686,,2024-06-01 12:00
3466,16/09/2025,157,web,4,pendiente,REF617390,VERANO10,
1213,02-05-2026,1146,web,12,pendiente,REF698516,,
2650,29 de abril de 2026,1608,app_movil,12,pendiente,REF337155,NAVIDAD15,
1713,26-03-2026,1438,web,2,cancelado,REF385597,,
2754,15-08-2025,139,web,12,cancelado,REF135165,VERANO10,2024-06-01 12:00
3056,21-02-2024,12,web,5,completado,REF724135,VERANO10,2024-06-01 12:00
488,20 de octubre de 2024,501,web,8,cancelado,REF341422,NAVIDAD15,2024-06-01 12:00
1326,21/05/2026,1723,tienda_fisica,11,completado,REF614365,NAVIDAD15,
3085,16/08/2024,1465,tienda_fisica,7,completado,REF202633,,2024-06-01 12:00
2114,2025-01-24,683,app_movil,7,completado,REF547166,NAVIDAD15,
2113,2026-03-13,1754,tienda_fisica,10,completado,REF600566,VERANO10,
1527,12/16/2024,832,tienda_fisica,9,cancelado,REF596767,,
852,27 de enero de 2024,565,web,11,cancelado,REF605965,VERANO10,
317,2 de agosto de 2026,1893,app_movil,7,enviado,REF302332,VERANO10,
1877,18/02/2026,1869,tienda_fisica,5,cancelado,REF116117,VERANO10,
257,25/02/2026,1145,web,3,cancelado,REF830561,VERANO10,
1643,2024-03-25,1693,tienda_fisica,9,enviado,REF383001,,
701,2026-05-07,1226,web,7,enviado,REF320438,VERANO10,2024-06-01 12:00
3172,15/02/2026,218,app_movil,2,completado,REF778426,VERANO10,2024-06-01 12:00
3278,02/20/2026,1757,web,11,pendiente,REF673261,VERANO10,2024-06-01 12:00
1074,11-05-2025,1425,tienda_fisica,4,pendiente,REF436174,VERANO10,
2960,20/04/2026,1816,web,5,completado,REF215635,VERANO10,
1955,6 de febrero de 2025,1772,tienda_fisica,6,pendiente,REF260040,NAVIDAD15,2024-06-01 12:00
2232,2025-01-15,1818,web,12,completado,REF498125,,
2979,15 de junio de 2024,1528,tienda_fisica,8,completado,REF574244,VERANO10,2024-06-01 12:00
2837,2024-06-22,345,app_movil,2,enviado,REF840622,,
1257,05/03/2026,1366,app_movil,4,completado,REF678748,,2024-06-01 12:00
3160,2026-09-17,1778,app_movil,6,completado,REF365551,,2024-06-01 12:00
3211,2025-10-16,267,app_movil,9,completado,REF653684,VERANO10,
958,05/26/2025,1063,app_movil,7,completado,REF947383,VERANO10,
1418,2025-05-18 00:00:00,1736,web,10,completado,REF330906,,
