id_cliente,nombre,correo,telefono,ciudad,fecha_alta,canal_registro,es_premium,anio_alta,mes_alta,antiguedad_dias
2006,Itzel Ramirez,itzel.ramirez@yahoo.com.mx,5564883266,Queretaro,2025-03-07,app_movil,False,2025,3,572
1942,Citlali Martinez,citlali.martinez@outlook.com,5569217862,Veracruz,2024-01-09,web,False,2024,1,995
3,Alonso Ortiz,alonso.ortiz@yahoo.com.mx,SIN_DATO,Monterrey,2025-03-31,tienda_fisica,False,2025,3,548
1125,Victor Ramirez,victor.ramirez@outlook.com,5534536938,Guadalajara,2025-04-21,web,False,2025,4,527
1173,Natalia Navarro,natalia.navarro@hotmail.com,5560406256,Ciudad de Mexico,2025-06-03,tienda_fisica,False,2025,6,484
1993,Regina Rodriguez,regina.rodriguez@yahoo.com.mx,5572292358,Tijuana,2025-04-03,tienda_fisica,False,2025,4,545
1026,Paola Herrera,paola.herrera@gmail.com,5562114361,Guadalajara,2024-03-16,app_movil,True,2024,3,928
1183,ERNESTO VEGA,ernesto.vega@novatech.mx,5551759300,Leon,2025-07-28,app_movil,False,2025,7,429
1623,Leandro Ortiz,leandro.ortiz@novatech.mx,5522605452,Puebla,2024-11-26,tienda_fisica,False,2024,11,673
1324,Ricardo Cruz,ricardo.cruz@gmail.com,5538979016,Leon,2024-04-26,app_movil,False,2024,4,887
512,Leticia Perez,leticia.perez@hotmail.com,5511779048,Veracruz,2024-09-22,app_movil,True,2024,9,738
698,Javier Solis,javier.solis@novatech.mx,5588828683,Tijuana,2025-05-11,tienda_fisica,True,2025,5,507
1774,Diana Cruz,diana.cruz@hotmail.com,5514053539,Guadalajara,2024-01-16,app_movil,True,2024,1,988
1631,Lorena Rodriguez,lorena.rodriguez@outlook.com,5566663639,Guadalajara,2024-11-08,app_movil,True,2024,11,691
427,Natalia Castillo,natalia.castillo@outlook.com,5565414553,Cancun,2024-10-07,web,False,2024,10,723
942,Daniela Flores,daniela.flores@novatech.mx,5519408031,Queretaro,2024-12-24,tienda_fisica,False,2024,12,645
846,Hector Cardona,hector.cardona@yahoo.com.mx,5554135808,Monterrey,2025-03-04,web,True,2025,3,575
448,Octavio Lozano,octavio.lozano@yahoo.com.mx,5563489275,Merida,2024-01-15,app_movil,False,2024,1,989
148,CARLOS RODRIGUEZ,carlos.rodriguez@yahoo.com.mx,5529159624,Merida,2024-11-01,app_movil,False,2024,11,698
1902,GERARDO REYES,gerardo.reyes@outlook.com,5546414044,Ciudad de Mexico,2024-05-03,app_movil,True,2024,5,880
363,Sofia Martinez,sofia.martinez@yahoo.com.mx,5528212942,Merida,2024-01-03,tienda_fisica,True,2024,1,1001
362,Paola Herrera,paola.herrera@outlook.com,5594067312,Leon,2025-01-15,web,True,2025,1,623
1276,Briana Gonzalez,briana.gonzalez@outlook.com,5596546817,Veracruz,2024-04-18,web,False,2024,4,895
1651,Emmanuel Morales,emmanuel.morales@outlook.com,5542223701,Tijuana,2025-07-04,tienda_fisica,True,2025,7,453
716,OSCAR REYES,oscar.reyes@novatech.mx,5528654939,Cancun,2024-04-14,app_movil,False,2024,4,899
184,Norma Guerrero,norma.guerrero@hotmail.com,5579192227,Puebla,2025-06-20,app_movil,True,2025,6,467
1108,ignacio lozano,ignacio.lozano@novatech.mx,5516356123,Queretaro,2024-04-02,web,False,2024,4,911
851,Lorena Rivera,lorena.rivera@hotmail.com,5596996787,Queretaro,2024-02-14,web,True,2024,2,959
1121,Diana Reyes,diana.reyes@hotmail.com,5554819052,Queretaro,2025-05-05,app_movil,True,2025,5,513
1857,Ricardo Rivera,ricardo.rivera@gmail.com,5537344681,Queretaro,2024-01-03,app_movil,False,2024,1,1001
284,Raul Martinez,raul.martinez@gmail.com,5584331400,Guadalajara,2025-05-14,web,True,2025,5,504
608,Sofia Mendez,sofia.mendez@gmail.com,5540962270,Merida,2025-08-14,web,True,2025,8,412
1990,Fernanda Diaz,fernanda.diaz@gmail.com,5536664727,Merida,2025-01-25,tienda_fisica,True,2025,1,613
1343,Javier Rodriguez,javier.rodriguez@hotmail.com,5513013835,Merida,2024-06-02,tienda_fisica,False,2024,6,850
1209,Ernesto Iglesias,ernesto.iglesias@novatech.mx,5549119834,Cancun,2025-04-09,web,True,2025,4,539
1904,Camila Gomez,camila.gomez@hotmail.com,5591653251,Merida,2025-04-14,web,False,2025,4,534
377,Diana Flores,diana.flores@outlook.com,5550229034,Guadalajara,2025-02-19,tienda_fisica,True,2025,2,588
821,Diego Ruiz,diego.ruiz@yahoo.com.mx,5583747365,Veracruz,2024-07-05,app_movil,False,2024,7,817
712,OCTAVIO TORRES,octavio.torres@hotmail.com,5547311115,Cancun,2024-11-28,tienda_fisica,True,2024,11,671
244,Regina Campos,regina.campos@hotmail.com,5525934960,Monterrey,2025-06-24,app_movil,False,2025,6,463
325,Paulina Rodriguez,paulina.rodriguez@outlook.com,5584018283,Monterrey,2024-10-15,app_movil,False,2024,10,715
885,Octavio Sanchez,octavio.sanchez@novatech.mx,5516843355,Guadalajara,2024-12-24,tienda_fisica,True,2024,12,645
1943,Emiliano Navarro,emiliano.navarro@gmail.com,5582015667,Leon,2024-06-15,tienda_fisica,True,2024,6,837
1914,Oscar Torres,oscar.torres@outlook.com,5520584963,Cancun,2024-02-17,web,True,2024,2,956
1053,VICTOR TORRES,victor.torres@novatech.mx,5567379537,Puebla,2025-04-27,web,False,2025,4,521
1597,Maria Delgado,maria.delgado@yahoo.com.mx,5544804232,Queretaro,2024-12-02,tienda_fisica,True,2024,12,667
1352,hector lozano,hector.lozano@gmail.com,5561783669,Veracruz,2024-05-04,app_movil,False,2024,5,879
1435,Abril Hernandez,abril.hernandez@novatech.mx,5585585229,Merida,2025-04-23,web,False,2025,4,525
837,ernesto aguilar,ernesto.aguilar@gmail.com,5529827979,Monterrey,2024-01-26,tienda_fisica,True,2024,1,978
1812,Ricardo Delgado,ricardo.delgado@gmail.com,5591702016,Monterrey,2025-03-08,tienda_fisica,False,2025,3,571
204,Andres Salazar,andres.salazar@yahoo.com.mx,5522694978,Guadalajara,2024-03-10,app_movil,True,2024,3,934
1010,NATALIA LOPEZ,natalia.lopez@outlook.com,5547187888,Queretaro,2024-09-23,app_movil,True,2024,9,737
458,Sofia Morales,sofia.morales@outlook.com,5571368527,Monterrey,2025-03-03,web,False,2025,3,576
1381,Guillermo Cardona,guillermo.cardona@hotmail.com,5568003114,Monterrey,2025-01-16,tienda_fisica,False,2025,1,622
598,Diego Contreras,diego.contreras@hotmail.com,5545019120,Puebla,2025-03-04,app_movil,True,2025,3,575
304,Ernesto Alvarez,ernesto.alvarez@yahoo.com.mx,5558454355,Cancun,2024-06-26,tienda_fisica,True,2024,6,826
1727,Sofia Diaz,sofia.diaz@yahoo.com.mx,5517708886,Leon,2024-06-12,tienda_fisica,False,2024,6,840
419,Ximena Vega,ximena.vega@hotmail.com,5582636519,Queretaro,2025-05-20,tienda_fisica,True,2025,5,498
652,Rodrigo Ortiz,rodrigo.ortiz@outlook.com,5511167990,Cancun,2024-07-29,app_movil,True,2024,7,793
647,Daniela Torres,daniela.torres@outlook.com,5570998982,Tijuana,2025-06-04,tienda_fisica,True,2025,6,483
162,citlali rivera,citlali.rivera@novatech.mx,5532425606,Ciudad de Mexico,2024-08-24,app_movil,True,2024,8,767
1413,Diana Gonzalez,diana.gonzalez@yahoo.com.mx,5575787556,Veracruz,2024-09-20,tienda_fisica,True,2024,9,740
222,GABRIELA CASTILLO,gabriela.castillo@hotmail.com,5524042073,Leon,2024-03-13,web,True,2024,3,931
210,DIANA RIVERA,diana.rivera@yahoo.com.mx,5530316027,Ciudad de Mexico,2025-02-12,web,True,2025,2,595
477,Victor Salazar,victor.salazar@yahoo.com.mx,5559725596,Ciudad de Mexico,2024-06-25,app_movil,True,2024,6,827
1063,Diego Cardona,diego.cardona@novatech.mx,5595847394,Puebla,2025-03-03,web,True,2025,3,576
1934,Samantha Aguilar,samantha.aguilar@yahoo.com.mx,5529916826,Ciudad de Mexico,2024-09-08,web,False,2024,9,752
1264,Victor Molina,victor.molina@hotmail.com,5591268963,Leon,2024-06-14,web,False,2024,6,838
29,itzel aguilar,itzel.aguilar@yahoo.com.mx,5546059982,Puebla,2024-08-21,tienda_fisica,True,2024,8,770
987,Daniela Campos,daniela.campos@novatech.mx,5530753137,Queretaro,2024-12-18,tienda_fisica,False,2024,12,651
903,Regina Solis,regina.solis@outlook.com,5542388473,Puebla,2025-01-31,tienda_fisica,False,2025,1,607
1162,Leticia Flores,leticia.flores@hotmail.com,5516752509,Leon,2025-04-29,app_movil,False,2025,4,519
1788,Paulina Sanchez,paulina.sanchez@outlook.com,5543816080,Monterrey,2024-04-02,tienda_fisica,True,2024,4,911
16,Fernanda Reyes,fernanda.reyes@outlook.com,5513193675,Veracruz,2024-11-29,app_movil,True,2024,11,670
965,Octavio Flores,octavio.flores@outlook.com,5534639828,Tijuana,2024-11-29,web,True,2024,11,670
1474,Briana Sanchez,briana.sanchez@hotmail.com,5536164691,Puebla,2024-05-11,web,True,2024,5,872
1430,Andres Rojas,andres.rojas@outlook.com,5586491630,Merida,2024-07-29,tienda_fisica,False,2024,7,793
401,SAMANTHA VARGAS,samantha.vargas@yahoo.com.mx,5522276807,Queretaro,2024-09-01,app_movil,False,2024,9,759
8,Javier Lozano,javier.lozano@hotmail.com,5558355195,Ciudad de Mexico,2025-05-24,app_movil,True,2025,5,494
1700,IGNACIO SANCHEZ,ignacio.sanchez@hotmail.com,5541109940,Queretaro,2025-05-14,tienda_fisica,True,2025,5,504
1803,Renata Pineda,renata.pineda@outlook.com,5526219373,Tijuana,2025-02-08,tienda_fisica,True,2025,2,599
721,SOFIA CAMPOS,sofia.campos@novatech.mx,5565983699,Puebla,2025-01-02,app_movil,False,2025,1,636
1838,itzel torres,itzel.torres@novatech.mx,5564671857,Tijuana,2025-04-07,web,True,2025,4,541
686,Gabriela Rendon,gabriela.rendon@outlook.com,5538244840,Leon,2025-06-16,tienda_fisica,False,2025,6,471
587,Natalia Alvarez,natalia.alvarez@novatech.mx,5535621706,Merida,2024-05-20,app_movil,True,2024,5,863
1628,Victor Molina,victor.molina@outlook.com,5556929947,Puebla,2024-02-28,tienda_fisica,True,2024,2,945
408,diana navarro,diana.navarro@gmail.com,5561794104,Veracruz,2025-06-28,web,True,2025,6,459
919,Diana Rendon,diana.rendon@gmail.com,5535099524,Cancun,2024-12-28,app_movil,True,2024,12,641
1795,Ignacio Cardona,ignacio.cardona@outlook.com,5588631712,Monterrey,2025-06-09,web,True,2025,6,478
1051,fernanda rendon,fernanda.rendon@hotmail.com,5516808359,Queretaro,2024-03-06,app_movil,False,2024,3,938
1011,Julio Cruz,julio.cruz@yahoo.com.mx,5525807956,Monterrey,2025-02-18,app_movil,False,2025,2,589
268,Julio Vargas,julio.vargas@novatech.mx,5519618019,Veracruz,2024-11-13,web,True,2024,11,686
1502,Itzel Perez,itzel.perez@novatech.mx,5524237101,Monterrey,2025-05-10,tienda_fisica,True,2025,5,508
1841,Javier Contreras,javier.contreras@novatech.mx,5541184054,Leon,2025-02-15,web,True,2025,2,592
1422,Guillermo Diaz,guillermo.diaz@gmail.com,5582986352,Merida,2024-03-18,web,False,2024,3,926
1032,Renata Rendon,renata.rendon@gmail.com,5540498593,Monterrey,2025-07-31,tienda_fisica,False,2025,7,426
273,RAUL SANCHEZ,raul.sanchez@novatech.mx,5525151315,Tijuana,2024-06-06,app_movil,False,2024,6,846
156,Valeria Ramirez,valeria.ramirez@outlook.com,5520059719,Tijuana,2025-03-22,web,True,2025,3,557
1171,Carlos Bautista,carlos.bautista@yahoo.com.mx,5579711939,Veracruz,2024-08-03,web,False,2024,8,788
319,Diana Hernandez,diana.hernandez@novatech.mx,5589313105,Puebla,2025-05-09,app_movil,False,2025,5,509
1641,miguel vargas,miguel.vargas@gmail.com,5557034019,Guadalajara,2024-02-09,tienda_fisica,False,2024,2,964
1821,Leandro Martinez,leandro.martinez@novatech.mx,5547457223,Merida,2025-03-05,tienda_fisica,False,2025,3,574
122,Diana Rodriguez,diana.rodriguez@novatech.mx,5516855065,Veracruz,2024-07-24,tienda_fisica,True,2024,7,798
1659,Ignacio Gomez,ignacio.gomez@yahoo.com.mx,5588383502,Guadalajara,2025-08-13,web,True,2025,8,413
739,sergio campos,sergio.campos@outlook.com,5547751277,Monterrey,2024-08-23,tienda_fisica,True,2024,8,768
653,Maria Diaz,maria.diaz@novatech.mx,5572239733,Ciudad de Mexico,2025-05-29,app_movil,False,2025,5,489
659,camila reyes,camila.reyes@novatech.mx,5546861597,Monterrey,2024-06-13,app_movil,True,2024,6,839
1292,Valeria Rojas,valeria.rojas@novatech.mx,5529409964,Merida,2024-12-16,app_movil,False,2024,12,653
217,Paulina Delgado,paulina.delgado@yahoo.com.mx,5555843020,Ciudad de Mexico,2025-07-21,app_movil,False,2025,7,436
379,Gerardo Aguilar,gerardo.aguilar@hotmail.com,5576921335,Ciudad de Mexico,2024-04-15,tienda_fisica,True,2024,4,898
727,Alonso Reyes,alonso.reyes@yahoo.com.mx,5519722802,Cancun,2024-01-18,app_movil,False,2024,1,986
1765,Regina Castillo,regina.castillo@novatech.mx,5510431731,Guadalajara,2024-12-18,web,True,2024,12,651
772,Raul Lozano,raul.lozano@hotmail.com,5525894092,Cancun,2025-05-23,web,True,2025,5,495
1350,Diana Vega,diana.vega@hotmail.com,5596653809,Guadalajara,2025-01-28,tienda_fisica,False,2025,1,610
1956,Lorena Cardona,lorena.cardona@hotmail.com,5564343112,Cancun,2024-06-05,tienda_fisica,False,2024,6,847
1997,Rodrigo Martinez,rodrigo.martinez@outlook.com,5564123389,Veracruz,2025-08-20,tienda_fisica,False,2025,8,406
899,diego ramirez,diego.ramirez@novatech.mx,5550255086,Leon,2025-08-20,web,False,2025,8,406
1414,Paulina Iglesias,paulina.iglesias@gmail.com,5516769990,Ciudad de Mexico,2025-07-12,app_movil,False,2025,7,445
1843,Camila Ramirez,camila.ramirez@hotmail.com,5576561373,Puebla,2024-07-08,tienda_fisica,True,2024,7,814
1416,Mariana Molina,mariana.molina@novatech.mx,5512697179,Queretaro,2024-08-06,web,False,2024,8,785
660,citlali cruz,citlali.cruz@gmail.com,5594289503,Veracruz,2025-03-31,tienda_fisica,True,2025,3,548
1913,Guillermo Gomez,guillermo.gomez@outlook.com,5549887182,Monterrey,2025-01-01,web,False,2025,1,637
200,Gerardo Perez,gerardo.perez@yahoo.com.mx,5584104797,Cancun,2024-10-27,web,False,2024,10,703
1815,Mariana Guerrero,mariana.guerrero@gmail.com,5576728312,Guadalajara,2024-10-07,tienda_fisica,True,2024,10,723
905,Emiliano Torres,emiliano.torres@outlook.com,5594936359,Tijuana,2025-05-21,web,False,2025,5,497
2045,Briana Rodriguez,briana.rodriguez@hotmail.com,5510253372,Guadalajara,2024-03-12,app_movil,True,2024,3,932
335,Ernesto Ruiz,ernesto.ruiz@novatech.mx,5567303190,Cancun,2025-02-06,app_movil,False,2025,2,601
516,Maria Perez,maria.perez@yahoo.com.mx,5533842756,Tijuana,2025-01-15,tienda_fisica,False,2025,1,623
1928,Ximena Campos,ximena.campos@yahoo.com.mx,5569263514,Merida,2024-10-31,tienda_fisica,False,2024,10,699
53,natalia solis,natalia.solis@hotmail.com,5584702644,Tijuana,2025-01-13,web,True,2025,1,625
1193,Daniela Ortiz,daniela.ortiz@hotmail.com,5577502434,Queretaro,2024-09-09,web,True,2024,9,751
683,Emmanuel Alvarez,emmanuel.alvarez@novatech.mx,5519542793,Puebla,2024-10-15,tienda_fisica,False,2024,10,715
74,ximena castillo,ximena.castillo@yahoo.com.mx,5568634555,Queretaro,2025-07-16,web,True,2025,7,441
1944,Victor Rojas,victor.rojas@outlook.com,5522047794,Leon,2024-11-25,app_movil,False,2024,11,674
1737,Norma Ramirez,norma.ramirez@outlook.com,5510262716,Puebla,2024-07-22,app_movil,False,2024,7,800
1415,Diana Perez,diana.perez@novatech.mx,5585784369,Tijuana,2024-05-08,app_movil,False,2024,5,875
1677,Natalia Iglesias,natalia.iglesias@yahoo.com.mx,5581666087,Tijuana,2025-07-30,tienda_fisica,True,2025,7,427
1303,Rodrigo Delgado,rodrigo.delgado@outlook.com,5527151949,Tijuana,2024-08-21,web,True,2024,8,770
998,Diana Jimenez,diana.jimenez@yahoo.com.mx,5515687809,Ciudad de Mexico,2024-08-09,tienda_fisica,True,2024,8,782
625,Abril Lozano,abril.lozano@novatech.mx,5568546680,Puebla,2024-02-11,web,True,2024,2,962
511,Ana Solis,ana.solis@novatech.mx,5536775945,Monterrey,2025-06-01,tienda_fisica,False,2025,6,486
1635,Mariana Garcia,mariana.garcia@hotmail.com,5581813304,Veracruz,2025-06-14,tienda_fisica,False,2025,6,473
1875,Leticia Torres,leticia.torres@hotmail.com,5570071851,Queretaro,2025-03-24,web,True,2025,3,555
612,Natalia Rendon,natalia.rendon@yahoo.com.mx,5551318914,Tijuana,2025-07-11,app_movil,True,2025,7,446
1323,Luis Mendez,luis.mendez@yahoo.com.mx,5588316097,Puebla,2025-03-10,web,False,2025,3,569
618,norma rodriguez,norma.rodriguez@yahoo.com.mx,5566039641,Puebla,2024-08-10,app_movil,False,2024,8,781
1263,Lorena Rojas,lorena.rojas@yahoo.com.mx,5526645738,Queretaro,2024-02-01,web,False,2024,2,972
1161,samantha navarro,samantha.navarro@gmail.com,5599553925,Leon,2025-02-19,tienda_fisica,False,2025,2,588
1245,ximena jimenez,ximena.jimenez@gmail.com,5558552303,Queretaro,2025-07-08,tienda_fisica,False,2025,7,449
774,sofia molina,sofia.molina@outlook.com,5510906191,Queretaro,2024-02-03,tienda_fisica,False,2024,2,970
1127,Ignacio Alvarez,ignacio.alvarez@gmail.com,5550768183,Merida,2025-08-08,web,True,2025,8,418
1225,Regina Lopez,regina.lopez@yahoo.com.mx,5567819293,Merida,2025-05-14,tienda_fisica,False,2025,5,504
868,Diana Rojas,diana.rojas@outlook.com,5583546519,Monterrey,2024-02-08,web,False,2024,2,965
1688,Julio Mendez,julio.mendez@yahoo.com.mx,5573851710,Queretaro,2025-02-07,tienda_fisica,False,2025,2,600
26,Javier Rojas,javier.rojas@outlook.com,5530187527,Ciudad de Mexico,2024-02-22,tienda_fisica,False,2024,2,951
1233,Lorena Salazar,lorena.salazar@hotmail.com,5566516522,Tijuana,2025-05-27,app_movil,False,2025,5,491
1238,Samantha Reyes,samantha.reyes@novatech.mx,5585668076,Guadalajara,2025-04-09,app_movil,True,2025,4,539
1462,Hector Hernandez,hector.hernandez@hotmail.com,5516092154,Tijuana,2024-02-01,app_movil,False,2024,2,972
1747,Mariana Vargas,mariana.vargas@gmail.com,5583451069,Ciudad de Mexico,2025-04-13,web,True,2025,4,535
1141,Mariana Diaz,mariana.diaz@gmail.com,5532131053,Cancun,2024-01-07,tienda_fisica,False,2024,1,997
707,VALERIA FLORES,valeria.flores@yahoo.com.mx,5566884084,Ciudad de Mexico,2024-05-22,app_movil,True,2024,5,861
523,samantha sanchez,samantha.sanchez@outlook.com,5547677376,Cancun,2024-11-20,app_movil,False,2024,11,679
1428,ignacio ramirez,ignacio.ramirez@outlook.com,5514819813,Veracruz,2025-09-03,web,False,2025,9,392
824,victor cardona,victor.cardona@outlook.com,5566515577,Cancun,2024-06-23,app_movil,False,2024,6,829
300,Ignacio Ramirez,ignacio.ramirez@outlook.com,5561028057,Puebla,2025-10-02,web,False,2025,10,363
445,Mariana Hernandez,mariana.hernandez@outlook.com,5579012384,Monterrey,2025-02-13,app_movil,False,2025,2,594
1572,Mariana Cruz,mariana.cruz@hotmail.com,5550274181,Queretaro,2024-02-07,app_movil,False,2024,2,966
1866,rodrigo hernandez,rodrigo.hernandez@outlook.com,5522335044,Merida,2025-06-07,app_movil,False,2025,6,480
116,luis solis,luis.solis@yahoo.com.mx,SIN_DATO,Tijuana,2025-01-04,web,False,2025,1,634
694,Regina Torres,regina.torres@novatech.mx,5574909879,Ciudad de Mexico,2025-06-20,web,True,2025,6,467
792,oscar castillo,oscar.castillo@hotmail.com,5543595727,Ciudad de Mexico,2024-10-01,web,True,2024,10,729
941,Emiliano Cruz,emiliano.cruz@outlook.com,5594736138,Tijuana,2024-06-16,app_movil,False,2024,6,836
1526,Paola Torres,paola.torres@hotmail.com,5518498707,Ciudad de Mexico,2025-08-07,web,True,2025,8,419
1273,Itzel Solis,itzel.solis@gmail.com,5579697669,Queretaro,2025-01-06,tienda_fisica,False,2025,1,632
601,Natalia Diaz,natalia.diaz@outlook.com,5577252659,Puebla,2025-07-08,tienda_fisica,False,2025,7,449
160,LETICIA CONTRERAS,leticia.contreras@hotmail.com,5575966087,Guadalajara,2024-10-05,tienda_fisica,False,2024,10,725
1062,Leticia Iglesias,leticia.iglesias@hotmail.com,5566179964,Tijuana,2024-06-14,tienda_fisica,True,2024,6,838
1266,ernesto ramirez,ernesto.ramirez@yahoo.com.mx,5585371842,Merida,2024-08-08,web,False,2024,8,783
1457,Valeria Garcia,valeria.garcia@yahoo.com.mx,5557604059,Guadalajara,2024-02-05,app_movil,False,2024,2,968
1061,Luis Ortiz,luis.ortiz@outlook.com,5526064070,Tijuana,2025-08-07,web,False,2025,8,419
974,Gabriela Jimenez,gabriela.jimenez@novatech.mx,5580207614,Cancun,2024-06-12,app_movil,False,2024,6,840
787,Briana Molina,briana.molina@gmail.com,5546852721,Merida,2025-03-04,tienda_fisica,True,2025,3,575
1341,Valeria Ruiz,valeria.ruiz@outlook.com,5553204013,Merida,2024-03-06,web,True,2024,3,938
1006,Maria Rivera,maria.rivera@gmail.com,5545341869,Leon,2024-05-18,tienda_fisica,False,2024,5,865
260,Gabriela Mendez,gabriela.mendez@novatech.mx,5544603638,Leon,2024-09-30,app_movil,True,2024,9,730
1561,Hector Perez,hector.perez@outlook.com,5558136357,Veracruz,2024-06-21,tienda_fisica,True,2024,6,831
1095,Mariana Rendon,mariana.rendon@novatech.mx,5561381773,Ciudad de Mexico,2025-01-05,tienda_fisica,True,2025,1,633
1570,Samantha Vega,samantha.vega@outlook.com,5519009457,Veracruz,2024-04-23,app_movil,True,2024,4,890
1312,Alejandra Sanchez,alejandra.sanchez@yahoo.com.mx,5511209387,Veracruz,2024-03-18,web,False,2024,3,926
1477,Fernanda Ramirez,fernanda.ramirez@novatech.mx,5591883592,Monterrey,2024-01-26,tienda_fisica,True,2024,1,978
1544,Julio Garcia,julio.garcia@outlook.com,5591963650,Guadalajara,2024-01-18,app_movil,True,2024,1,986
1441,Victor Rendon,victor.rendon@yahoo.com.mx,5577591321,Leon,2024-08-01,tienda_fisica,False,2024,8,790
98,Oscar Ortiz,oscar.ortiz@outlook.com,5580841981,Queretaro,2024-09-15,app_movil,True,2024,9,745
1180,Ricardo Molina,ricardo.molina@outlook.com,5560588179,Queretaro,2024-01-05,tienda_fisica,True,2024,1,999
415,Samantha Perez,samantha.perez@gmail.com,5548979854,Leon,2025-08-07,tienda_fisica,False,2025,8,419
857,gerardo lopez,gerardo.lopez@hotmail.com,5554752415,Veracruz,2025-02-01,tienda_fisica,True,2025,2,606
1069,Gabriela Solis,gabriela.solis@gmail.com,5581136496,Tijuana,2024-02-29,app_movil,True,2024,2,944
1657,Natalia Molina,natalia.molina@hotmail.com,5553216572,Tijuana,2024-09-27,web,False,2024,9,733
1523,Octavio Campos,octavio.campos@hotmail.com,5589234610,Merida,2024-09-11,app_movil,True,2024,9,749
640,Abril Iglesias,abril.iglesias@hotmail.com,5536289809,Leon,2025-05-27,app_movil,False,2025,5,491
261,Citlali Navarro,citlali.navarro@novatech.mx,5539871150,Veracruz,2025-03-23,tienda_fisica,False,2025,3,556
191,LETICIA CARDONA,leticia.cardona@outlook.com,5533213270,Monterrey,2024-03-31,tienda_fisica,False,2024,3,913
1097,Alonso Gomez,alonso.gomez@gmail.com,5537713252,Monterrey,2025-06-02,tienda_fisica,True,2025,6,485
474,Raul Vega,raul.vega@novatech.mx,5529296019,Leon,2024-11-10,web,False,2024,11,689
485,Hector Delgado,hector.delgado@novatech.mx,5581882093,Tijuana,2024-09-15,app_movil,False,2024,9,745
450,Emmanuel Delgado,emmanuel.delgado@gmail.com,5521971635,Ciudad de Mexico,2025-01-30,app_movil,False,2025,1,608
581,Leandro Molina,leandro.molina@yahoo.com.mx,5550606817,Guadalajara,2024-11-29,web,False,2024,11,670
1669,Abril Hernandez,abril.hernandez@hotmail.com,5553026818,Ciudad de Mexico,2025-06-08,web,False,2025,6,479
1685,Hector Ruiz,hector.ruiz@yahoo.com.mx,5586229943,Cancun,2025-07-05,app_movil,True,2025,7,452
2000,Maria Delgado,maria.delgado@hotmail.com,5543129518,Leon,2024-03-19,app_movil,False,2024,3,925
1604,Leticia Contreras,leticia.contreras@gmail.com,5538591913,Veracruz,2025-08-07,app_movil,True,2025,8,419
481,Sergio Flores,sergio.flores@outlook.com,5517462774,Veracruz,2025-07-26,web,True,2025,7,431
1483,Alberto Ramirez,alberto.ramirez@hotmail.com,5584927191,Guadalajara,2024-01-07,web,True,2024,1,997
117,fernanda guerrero,fernanda.guerrero@yahoo.com.mx,5594152376,Leon,2024-09-27,tienda_fisica,True,2024,9,733
118,Lorena Guerrero,lorena.guerrero@outlook.com,SIN_DATO,Merida,2024-04-07,tienda_fisica,True,2024,4,906
1822,Sergio Vargas,sergio.vargas@gmail.com,5552006002,Puebla,2024-08-22,web,False,2024,8,769
1953,Citlali Contreras,citlali.contreras@gmail.com,5550283834,Ciudad de Mexico,2024-05-19,web,False,2024,5,864
1210,Paola Rojas,paola.rojas@yahoo.com.mx,5527488748,Puebla,2024-01-30,web,False,2024,1,974
277,Leandro Cardona,leandro.cardona@outlook.com,5526558704,Guadalajara,2024-02-25,web,True,2024,2,948
1290,Renata Martinez,renata.martinez@outlook.com,5575725594,Leon,2025-05-13,tienda_fisica,True,2025,5,505
1103,Carlos Herrera,carlos.herrera@yahoo.com.mx,5556382740,Tijuana,2025-03-22,tienda_fisica,False,2025,3,557
1237,Camila Aguilar,camila.aguilar@outlook.com,5548152477,Cancun,2025-06-22,tienda_fisica,True,2025,6,465
183,victor vega,victor.vega@yahoo.com.mx,5588438958,Veracruz,2024-03-19,web,True,2024,3,925
508,Alejandra Rendon,alejandra.rendon@yahoo.com.mx,5591121394,Cancun,2025-07-13,web,False,2025,7,444
2037,Ana Sanchez,ana.sanchez@novatech.mx,5544577758,Merida,2025-04-02,app_movil,True,2025,4,546
816,CARLOS MARTINEZ,carlos.martinez@gmail.com,5560536809,Ciudad de Mexico,2024-06-07,tienda_fisica,False,2024,6,845
535,Citlali Hernandez,citlali.hernandez@hotmail.com,5559273680,Ciudad de Mexico,2025-02-06,tienda_fisica,False,2025,2,601
1985,Norma Pineda,norma.pineda@novatech.mx,5531599706,Veracruz,2024-01-16,app_movil,False,2024,1,988
1211,Citlali Campos,citlali.campos@hotmail.com,5561159459,Leon,2025-05-10,app_movil,False,2025,5,508
1316,Ana Rojas,ana.rojas@gmail.com,5524587858,Ciudad de Mexico,2024-12-29,tienda_fisica,True,2024,12,640
1912,Guillermo Rojas,guillermo.rojas@gmail.com,5558288028,Ciudad de Mexico,2025-08-13,tienda_fisica,False,2025,8,413
416,Octavio Rivera,octavio.rivera@gmail.com,5583179978,Ciudad de Mexico,2024-06-03,tienda_fisica,True,2024,6,849
1518,Maria Solis,maria.solis@gmail.com,5532265409,Ciudad de Mexico,2025-06-29,tienda_fisica,True,2025,6,458
1339,Ana Navarro,ana.navarro@yahoo.com.mx,5542893080,Ciudad de Mexico,2024-10-16,tienda_fisica,True,2024,10,714
994,Renata Salazar,renata.salazar@hotmail.com,5513586563,Monterrey,2025-04-21,tienda_fisica,True,2025,4,527
141,valeria molina,valeria.molina@yahoo.com.mx,5571047036,Cancun,2025-12-06,app_movil,True,2025,12,298
1941,Itzel Guerrero,itzel.guerrero@hotmail.com,5543184728,Ciudad de Mexico,2025-05-13,tienda_fisica,False,2025,5,505
1592,Paulina Cardona,paulina.cardona@outlook.com,5553571051,Cancun,2025-07-11,web,True,2025,7,446
726,Samantha Vargas,samantha.vargas@hotmail.com,5590665873,Monterrey,2024-08-14,tienda_fisica,False,2024,8,777
447,Oscar Vega,oscar.vega@novatech.mx,5511366343,Tijuana,2024-07-21,app_movil,True,2024,7,801
1351,Samantha Castillo,samantha.castillo@novatech.mx,5597338596,Queretaro,2025-06-27,app_movil,True,2025,6,460
344,Octavio Contreras,octavio.contreras@novatech.mx,5583087352,Tijuana,2024-02-11,web,False,2024,2,962
1533,Paola Garcia,paola.garcia@yahoo.com.mx,5510904416,Merida,2024-02-18,app_movil,False,2024,2,955
820,Alberto Guerrero,alberto.guerrero@hotmail.com,5565452843,Veracruz,2025-07-04,app_movil,True,2025,7,453
212,Oscar Guerrero,oscar.guerrero@novatech.mx,5539453697,Guadalajara,2024-07-14,web,True,2024,7,808
311,citlali lozano,citlali.lozano@hotmail.com,5577391148,Cancun,2024-02-17,app_movil,True,2024,2,956
572,Rodrigo Sanchez,rodrigo.sanchez@outlook.com,5512164270,Guadalajara,2025-07-15,tienda_fisica,True,2025,7,442
358,regina molina,regina.molina@yahoo.com.mx,5529394095,Guadalajara,2025-08-11,app_movil,False,2025,8,415
1500,Fernanda Rojas,fernanda.rojas@outlook.com,5597163987,Tijuana,2024-09-14,app_movil,True,2024,9,746
394,Lorena Torres,lorena.torres@novatech.mx,5560393037,Ciudad de Mexico,2024-07-05,tienda_fisica,True,2024,7,817
1601,GABRIELA MENDEZ,gabriela.mendez@outlook.com,5596789099,Monterrey,2025-05-30,web,False,2025,5,488
1535,Renata Martinez,renata.martinez@hotmail.com,5595491198,Leon,2025-03-11,web,False,2025,3,568
1079,Itzel Pineda,itzel.pineda@yahoo.com.mx,5561477362,Queretaro,2024-09-08,web,True,2024,9,752
841,Alonso Diaz,alonso.diaz@outlook.com,5522313765,Ciudad de Mexico,2025-01-14,app_movil,False,2025,1,624
1330,PAOLA HERRERA,paola.herrera@outlook.com,5530939470,Monterrey,2025-03-23,app_movil,True,2025,3,556
1067,Natalia Guerrero,natalia.guerrero@hotmail.com,5531342495,Puebla,2024-07-27,tienda_fisica,False,2024,7,795
375,Leticia Aguilar,leticia.aguilar@hotmail.com,5564491867,Guadalajara,2024-07-19,app_movil,False,2024,7,803
36,REGINA DELGADO,regina.delgado@hotmail.com,5529981228,Cancun,2024-10-07,tienda_fisica,True,2024,10,723
886,Valeria Ortiz,valeria.ortiz@novatech.mx,5586236823,Ciudad de Mexico,2024-11-11,app_movil,True,2024,11,688
749,Emmanuel Solis,emmanuel.solis@outlook.com,5588119958,Tijuana,2024-12-31,app_movil,True,2024,12,638
457,EMILIANO CASTILLO,emiliano.castillo@hotmail.com,5532118428,Guadalajara,2025-03-26,app_movil,True,2025,3,553
983,Rodrigo Solis,rodrigo.solis@yahoo.com.mx,5528001271,Tijuana,2025-04-18,tienda_fisica,True,2025,4,530
947,Ricardo Molina,ricardo.molina@hotmail.com,5549305217,Merida,2024-09-02,app_movil,True,2024,9,758
52,Alberto Navarro,alberto.navarro@hotmail.com,5524535907,Cancun,2024-06-20,app_movil,True,2024,6,832
1176,Gerardo Iglesias,gerardo.iglesias@yahoo.com.mx,5555735044,Cancun,2024-04-28,app_movil,True,2024,4,885
738,Fernanda Campos,fernanda.campos@hotmail.com,5581764318,Leon,2024-12-19,tienda_fisica,True,2024,12,650
826,Luis Molina,luis.molina@outlook.com,5524988419,Merida,2025-04-22,web,True,2025,4,526
1516,LUIS NAVARRO,luis.navarro@hotmail.com,5533631072,Monterrey,2024-09-13,web,False,2024,9,747
235,LETICIA GONZALEZ,leticia.gonzalez@hotmail.com,5580245428,Cancun,2024-02-23,app_movil,True,2024,2,950
155,emiliano jimenez,emiliano.jimenez@novatech.mx,5526488681,Merida,2024-11-02,web,True,2024,11,697
538,Maria Gomez,maria.gomez@gmail.com,5552749502,Queretaro,2024-06-15,app_movil,False,2024,6,837
1581,Gabriela Delgado,gabriela.delgado@yahoo.com.mx,5531736884,Leon,2025-09-05,tienda_fisica,False,2025,9,390
596,Emmanuel Garcia,emmanuel.garcia@outlook.com,5521842730,Veracruz,2025-03-14,tienda_fisica,False,2025,3,565
897,Valeria Alvarez,valeria.alvarez@yahoo.com.mx,5569935409,Guadalajara,2025-01-26,app_movil,False,2025,1,612
322,alberto herrera,alberto.herrera@novatech.mx,5576401356,Tijuana,2024-12-04,tienda_fisica,True,2024,12,665
280,RICARDO CRUZ,ricardo.cruz@hotmail.com,5555029120,Cancun,2024-05-04,tienda_fisica,True,2024,5,879
57,Luis Diaz,luis.diaz@gmail.com,5529821899,Tijuana,2025-05-22,app_movil,True,2025,5,496
234,diego alvarez,diego.alvarez@gmail.com,5546484487,Merida,2025-07-15,app_movil,False,2025,7,442
676,sofia ruiz,sofia.ruiz@novatech.mx,5519052288,Puebla,2024-10-08,app_movil,True,2024,10,722
1446,Ernesto Vega,ernesto.vega@hotmail.com,5595237718,Merida,2025-03-04,app_movil,True,2025,3,575
1918,Ricardo Ortiz,ricardo.ortiz@hotmail.com,5597804538,Ciudad de Mexico,2025-04-17,web,True,2025,4,531
238,paulina reyes,paulina.reyes@yahoo.com.mx,5558575026,Monterrey,2025-06-27,tienda_fisica,True,2025,6,460
1001,Abril Gomez,abril.gomez@yahoo.com.mx,5573296571,Guadalajara,2024-01-12,web,False,2024,1,992
1060,Mariana Castillo,mariana.castillo@outlook.com,5530435627,Leon,2024-07-24,app_movil,False,2024,7,798
224,Ximena Alvarez,ximena.alvarez@outlook.com,5523921987,Guadalajara,2025-06-20,web,True,2025,6,467
1964,Renata Cruz,renata.cruz@outlook.com,5531502301,Ciudad de Mexico,2024-12-22,tienda_fisica,True,2024,12,647
872,Samantha Ramirez,samantha.ramirez@outlook.com,5547539829,Tijuana,2024-04-09,app_movil,True,2024,4,904
742,Leticia Vega,leticia.vega@yahoo.com.mx,5551643269,Tijuana,2025-03-23,tienda_fisica,False,2025,3,556
239,ITZEL LOPEZ,itzel.lopez@yahoo.com.mx,5560442654,Leon,2025-03-17,app_movil,True,2025,3,562
1837,Natalia Diaz,natalia.diaz@yahoo.com.mx,5522679095,Ciudad de Mexico,2024-07-22,web,False,2024,7,800
1739,Maria Contreras,maria.contreras@outlook.com,5548143843,Veracruz,2024-09-03,web,False,2024,9,757
1335,Samantha Herrera,samantha.herrera@outlook.com,5574774302,Leon,2024-03-17,web,True,2024,3,927
1119,sofia lozano,sofia.lozano@novatech.mx,5536958099,Queretaro,2025-06-26,tienda_fisica,True,2025,6,461
63,Alberto Cruz,alberto.cruz@gmail.com,5564692247,Queretaro,2025-03-02,web,True,2025,3,577
1008,Samantha Solis,samantha.solis@outlook.com,5547706883,Leon,2025-07-18,tienda_fisica,True,2025,7,439
1364,Ricardo Navarro,ricardo.navarro@yahoo.com.mx,5598349389,Queretaro,2024-05-29,tienda_fisica,True,2024,5,854
1859,Leticia Herrera,leticia.herrera@outlook.com,5546332084,Cancun,2024-07-12,tienda_fisica,True,2024,7,810
1742,Diana Vargas,diana.vargas@outlook.com,5542878176,Veracruz,2024-07-28,tienda_fisica,False,2024,7,794
384,Paulina Castillo,paulina.castillo@novatech.mx,5555666753,Queretaro,2024-11-30,app_movil,False,2024,11,669
1617,Mariana Campos,mariana.campos@hotmail.com,5522013480,Cancun,2024-12-17,tienda_fisica,False,2024,12,652
773,natalia salazar,natalia.salazar@novatech.mx,5554927335,Puebla,2025-07-07,tienda_fisica,True,2025,7,450
1220,Briana Alvarez,briana.alvarez@hotmail.com,5599242150,Veracruz,2024-06-30,tienda_fisica,False,2024,6,822
2022,RODRIGO MOLINA,rodrigo.molina@hotmail.com,5543762372,Guadalajara,2025-06-22,tienda_fisica,False,2025,6,465
405,NORMA CARDONA,norma.cardona@gmail.com,5587756638,Guadalajara,2024-11-10,tienda_fisica,True,2024,11,689
1258,Emmanuel Gonzalez,emmanuel.gonzalez@outlook.com,5591534461,Tijuana,2024-03-06,app_movil,False,2024,3,938
542,Hector Rodriguez,hector.rodriguez@novatech.mx,5549812292,Queretaro,2024-01-11,web,True,2024,1,993
56,Rodrigo Lozano,rodrigo.lozano@hotmail.com,5538428956,Puebla,2024-07-15,web,True,2024,7,807
1142,LORENA GUERRERO,lorena.guerrero@outlook.com,5588411202,Leon,2025-01-01,tienda_fisica,True,2025,1,637
520,Gabriela Lopez,gabriela.lopez@outlook.com,5564042757,Guadalajara,2024-01-04,tienda_fisica,True,2024,1,1000
1766,Samantha Rodriguez,samantha.rodriguez@hotmail.com,5575163742,Veracruz,2025-01-10,app_movil,True,2025,1,628
2014,Abril Molina,abril.molina@hotmail.com,5562224551,Queretaro,2024-12-24,app_movil,True,2024,12,645
1897,Oscar Lozano,oscar.lozano@yahoo.com.mx,5528242580,Cancun,2025-02-25,tienda_fisica,True,2025,2,582
1174,Samantha Flores,samantha.flores@gmail.com,5562975065,Puebla,2025-07-14,web,False,2025,7,443
164,sofia ruiz,sofia.ruiz@hotmail.com,5539126609,Tijuana,2025-06-17,web,True,2025,6,470
2027,Fernanda Reyes,fernanda.reyes@hotmail.com,5572058999,Merida,2025-06-04,app_movil,True,2025,6,483
1508,VICTOR CAMPOS,victor.campos@novatech.mx,5538737829,Guadalajara,2025-09-01,app_movil,False,2025,9,394
2023,Gabriela Morales,gabriela.morales@novatech.mx,5569592298,Merida,2024-09-21,web,False,2024,9,739
14,regina iglesias,regina.iglesias@novatech.mx,5596366030,Queretaro,2024-08-18,web,True,2024,8,773
340,Camila Contreras,camila.contreras@yahoo.com.mx,5533057881,Leon,2024-12-01,tienda_fisica,True,2024,12,668
1357,Ricardo Solis,ricardo.solis@hotmail.com,5533139949,Puebla,2024-02-17,web,True,2024,2,956
1834,Sofia Delgado,sofia.delgado@hotmail.com,5563341200,Guadalajara,2024-06-17,tienda_fisica,False,2024,6,835
97,Diana Diaz,diana.diaz@yahoo.com.mx,5595356751,Guadalajara,2024-05-17,app_movil,True,2024,5,866
849,Valeria Reyes,valeria.reyes@novatech.mx,5570581510,Tijuana,2024-01-07,app_movil,True,2024,1,997
1217,Emiliano Lopez,emiliano.lopez@yahoo.com.mx,5558705516,Ciudad de Mexico,2024-07-24,web,False,2024,7,798
106,Ximena Cruz,ximena.cruz@gmail.com,5518619903,Guadalajara,2025-03-12,app_movil,False,2025,3,567
550,Ana Diaz,ana.diaz@gmail.com,5561037218,Veracruz,2024-01-07,app_movil,True,2024,1,997
788,Renata Rendon,renata.rendon@outlook.com,5546264343,Merida,2025-02-20,web,True,2025,2,587
472,XIMENA REYES,ximena.reyes@novatech.mx,5585559790,Monterrey,2024-04-16,web,True,2024,4,897
719,gerardo ramirez,gerardo.ramirez@yahoo.com.mx,5558826979,Guadalajara,2024-04-30,app_movil,False,2024,4,883
969,Sofia Mendez,sofia.mendez@yahoo.com.mx,5574641135,Puebla,2025-04-20,tienda_fisica,True,2025,4,528
1451,Oscar Aguilar,oscar.aguilar@hotmail.com,5559017623,Leon,2025-06-23,web,True,2025,6,464
1282,Camila Campos,camila.campos@yahoo.com.mx,5515409381,Cancun,2024-02-16,tienda_fisica,True,2024,2,957
848,Sofia Contreras,sofia.contreras@yahoo.com.mx,5533195332,Leon,2024-09-01,web,False,2024,9,759
24,JULIO AGUILAR,SIN_DATO@novatech.mx,SIN_DATO,Veracruz,2025-05-30,web,True,2025,5,488
665,Ana Salazar,ana.salazar@gmail.com,5578402489,Ciudad de Mexico,2024-04-02,app_movil,True,2024,4,911
951,Norma Ruiz,norma.ruiz@hotmail.com,5556501122,Merida,2024-06-30,tienda_fisica,True,2024,6,822
181,Itzel Gomez,itzel.gomez@novatech.mx,5553852641,Merida,2024-05-23,web,False,2024,5,860
682,Gabriela Gonzalez,gabriela.gonzalez@novatech.mx,5568522292,Leon,2024-01-17,web,True,2024,1,987
1423,Renata Rendon,renata.rendon@yahoo.com.mx,5522871847,Merida,2024-11-07,web,True,2024,11,692
561,ignacio solis,ignacio.solis@novatech.mx,5581398798,Queretaro,2024-08-08,web,False,2024,8,783
1055,Renata Vega,renata.vega@hotmail.com,5591248749,Guadalajara,2024-09-17,web,True,2024,9,743
706,Regina Salazar,regina.salazar@gmail.com,5554656533,Tijuana,2025-05-30,app_movil,True,2025,5,488
159,alonso flores,alonso.flores@novatech.mx,5584167650,Veracruz,2025-02-15,tienda_fisica,True,2025,2,592
216,Camila Vargas,camila.vargas@novatech.mx,5561382907,Cancun,2025-04-25,web,False,2025,4,523
1729,Itzel Cardona,itzel.cardona@hotmail.com,5589764212,Ciudad de Mexico,2025-02-23,web,False,2025,2,584
1076,Alberto Vargas,alberto.vargas@yahoo.com.mx,5560139982,Merida,2025-05-24,tienda_fisica,False,2025,5,494
72,Ximena Vargas,ximena.vargas@gmail.com,SIN_DATO,Queretaro,2025-08-13,app_movil,False,2025,8,413
628,Paola Flores,paola.flores@hotmail.com,5524102130,Veracruz,2025-04-10,tienda_fisica,False,2025,4,538
1488,Mariana Mendez,mariana.mendez@novatech.mx,5530574670,Guadalajara,2025-04-15,web,False,2025,4,533
130,Alberto Martinez,alberto.martinez@hotmail.com,5555925800,Veracruz,2024-01-15,web,False,2024,1,989
121,maria castillo,maria.castillo@novatech.mx,5542658838,Guadalajara,2024-01-28,web,False,2024,1,976
1973,Citlali Perez,citlali.perez@hotmail.com,5576782300,Puebla,2024-12-11,web,True,2024,12,658
1763,Mariana Garcia,mariana.garcia@gmail.com,5515028253,Cancun,2025-04-22,tienda_fisica,True,2025,4,526
39,Valeria Pineda,SIN_DATO@novatech.mx,5555698744,Leon,2024-11-03,tienda_fisica,False,2024,11,696
1887,Ana Reyes,ana.reyes@novatech.mx,5524343478,Ciudad de Mexico,2025-03-05,tienda_fisica,True,2025,3,574
253,Miguel Ortiz,miguel.ortiz@outlook.com,5512317134,Cancun,2024-08-14,tienda_fisica,True,2024,8,777
321,maria gomez,maria.gomez@yahoo.com.mx,5574212292,Puebla,2025-04-27,app_movil,False,2025,4,521
814,briana perez,briana.perez@yahoo.com.mx,5511207294,Monterrey,2024-02-05,app_movil,False,2024,2,968
1417,Diana Gomez,diana.gomez@novatech.mx,5584323427,Veracruz,2024-11-28,web,False,2024,11,671
751,Carlos Navarro,carlos.navarro@outlook.com,5535961496,Leon,2025-05-13,app_movil,True,2025,5,505
733,Mariana Iglesias,mariana.iglesias@gmail.com,5549635046,Guadalajara,2024-12-08,tienda_fisica,True,2024,12,661
1989,andres garcia,andres.garcia@outlook.com,5532652720,Ciudad de Mexico,2025-02-20,tienda_fisica,True,2025,2,587
639,Regina Torres,regina.torres@hotmail.com,5521834202,Tijuana,2024-11-23,web,True,2024,11,676
195,Victor Campos,victor.campos@yahoo.com.mx,5598097113,Ciudad de Mexico,2024-12-13,tienda_fisica,True,2024,12,656
1714,Valeria Vargas,valeria.vargas@novatech.mx,5521788363,Guadalajara,2024-01-11,tienda_fisica,True,2024,1,993
669,hector bautista,hector.bautista@hotmail.com,5530763021,Cancun,2025-03-02,web,True,2025,3,577
1366,Alejandra Campos,alejandra.campos@hotmail.com,5570349245,Monterrey,2025-06-14,app_movil,False,2025,6,473
330,octavio castillo,octavio.castillo@novatech.mx,5552261559,Monterrey,2024-11-08,app_movil,True,2024,11,691
1046,natalia aguilar,natalia.aguilar@outlook.com,5533768958,Leon,2025-05-23,app_movil,True,2025,5,495
643,Diego Diaz,diego.diaz@hotmail.com,5546663799,Queretaro,2025-05-24,web,True,2025,5,494
133,Lorena Vargas,lorena.vargas@outlook.com,5549911166,Puebla,2025-03-30,web,True,2025,3,549
226,Miguel Rojas,miguel.rojas@outlook.com,5533577226,Monterrey,2024-01-02,tienda_fisica,False,2024,1,1002
1854,Ana Molina,ana.molina@hotmail.com,5562741830,Monterrey,2024-09-29,tienda_fisica,True,2024,9,731
1796,Diana Diaz,diana.diaz@novatech.mx,5563411221,Guadalajara,2024-05-12,tienda_fisica,True,2024,5,871
1226,victor rendon,victor.rendon@gmail.com,5574576878,Queretaro,2024-01-11,tienda_fisica,True,2024,1,993
978,Emiliano Cardona,emiliano.cardona@gmail.com,5572851704,Puebla,2025-08-15,app_movil,True,2025,8,411
526,Gabriela Contreras,gabriela.contreras@outlook.com,5579211856,Queretaro,2024-05-01,app_movil,False,2024,5,882
225,Regina Alvarez,regina.alvarez@gmail.com,5557719268,Merida,2024-04-19,app_movil,True,2024,4,894
1553,Paulina Molina,paulina.molina@hotmail.com,5563942585,Monterrey,2025-01-14,tienda_fisica,False,2025,1,624
1733,Ana Cruz,ana.cruz@novatech.mx,5522952264,Merida,2024-02-13,app_movil,False,2024,2,960
562,Victor Jimenez,victor.jimenez@gmail.com,5574397521,Cancun,2025-06-08,tienda_fisica,False,2025,6,479
1785,Paulina Contreras,paulina.contreras@yahoo.com.mx,5511655786,Leon,2024-08-23,web,True,2024,8,768
1201,Mariana Vega,mariana.vega@outlook.com,5538133319,Queretaro,2024-12-30,app_movil,True,2024,12,639
1622,Raul Cardona,raul.cardona@gmail.com,5572323746,Guadalajara,2025-05-13,tienda_fisica,True,2025,5,505
376,Valeria Diaz,valeria.diaz@hotmail.com,5574166230,Merida,2025-03-27,tienda_fisica,False,2025,3,552
1753,Sergio Perez,sergio.perez@yahoo.com.mx,5588586572,Guadalajara,2025-01-30,web,True,2025,1,608
441,Ernesto Mendez,ernesto.mendez@outlook.com,5514433479,Veracruz,2024-01-09,web,False,2024,1,995
1738,Carlos Mendez,carlos.mendez@yahoo.com.mx,5570551025,Queretaro,2024-12-29,app_movil,True,2024,12,640
554,Alberto Bautista,alberto.bautista@gmail.com,5551657798,Monterrey,2025-02-07,app_movil,False,2025,2,600
306,ana campos,ana.campos@gmail.com,5533749451,Ciudad de Mexico,2025-06-09,app_movil,False,2025,6,478
898,Diego Solis,diego.solis@gmail.com,5593011764,Leon,2024-12-21,web,False,2024,12,648
588,Alberto Salazar,alberto.salazar@hotmail.com,5533005951,Merida,2024-02-12,web,False,2024,2,961
310,Lorena Flores,lorena.flores@gmail.com,5565818229,Merida,2025-03-12,tienda_fisica,True,2025,3,567
385,REGINA RIVERA,regina.rivera@yahoo.com.mx,5571932098,Monterrey,2025-04-11,web,False,2025,4,537
590,Fernanda Rodriguez,fernanda.rodriguez@novatech.mx,5572062042,Puebla,2025-02-10,app_movil,False,2025,2,597
1938,Leandro Cardona,leandro.cardona@yahoo.com.mx,5514783183,Tijuana,2024-07-06,web,True,2024,7,816
1680,Andres Jimenez,andres.jimenez@outlook.com,5533294867,Ciudad de Mexico,2025-07-25,app_movil,True,2025,7,432
434,Raul Flores,raul.flores@hotmail.com,5514826504,Puebla,2024-10-21,tienda_fisica,True,2024,10,709
1861,Diego Contreras,diego.contreras@novatech.mx,5592101339,Tijuana,2024-09-27,app_movil,False,2024,9,733
1820,sergio rendon,sergio.rendon@novatech.mx,5557746976,Cancun,2024-08-27,app_movil,False,2024,8,764
650,NATALIA SOLIS,natalia.solis@novatech.mx,5565627895,Merida,2024-09-06,tienda_fisica,False,2024,9,754
1131,Diana Vega,diana.vega@outlook.com,5518916952,Leon,2024-08-01,web,True,2024,8,790
1294,Regina Cardona,regina.cardona@yahoo.com.mx,5596593603,Queretaro,2025-05-10,web,True,2025,5,508
374,Daniela Pineda,daniela.pineda@gmail.com,5564602025,Ciudad de Mexico,2024-05-11,web,False,2024,5,872
939,RODRIGO GARCIA,rodrigo.garcia@yahoo.com.mx,5510664953,Tijuana,2024-05-24,app_movil,True,2024,5,859
1886,Gabriela Rodriguez,gabriela.rodriguez@outlook.com,5510172840,Cancun,2025-02-13,app_movil,False,2025,2,594
23,Raul Pineda,raul.pineda@yahoo.com.mx,SIN_DATO,Leon,2025-03-02,tienda_fisica,False,2025,3,577
1377,Hector Alvarez,hector.alvarez@hotmail.com,5597655774,Ciudad de Mexico,2025-04-02,tienda_fisica,False,2025,4,546
585,Samantha Molina,samantha.molina@novatech.mx,5555467721,Veracruz,2024-05-31,web,False,2024,5,852
2050,Briana Contreras,briana.contreras@yahoo.com.mx,5521013728,Queretaro,2024-09-01,tienda_fisica,True,2024,9,759
1221,Abril Perez,abril.perez@outlook.com,5538671938,Queretaro,2025-12-01,tienda_fisica,True,2025,12,303
1851,Guillermo Sanchez,guillermo.sanchez@outlook.com,5560456921,Tijuana,2024-07-08,tienda_fisica,False,2024,7,814
1496,Leticia Guerrero,leticia.guerrero@yahoo.com.mx,5575111055,Monterrey,2024-12-30,tienda_fisica,False,2024,12,639
129,Abril Rendon,abril.rendon@gmail.com,5587898965,Queretaro,2024-06-12,web,False,2024,6,840
421,EMMANUEL RAMIREZ,emmanuel.ramirez@hotmail.com,5579642279,Veracruz,2024-03-09,app_movil,False,2024,3,935
923,maria vargas,maria.vargas@novatech.mx,5552148663,Cancun,2024-12-09,app_movil,True,2024,12,660
221,Camila Solis,camila.solis@outlook.com,5558924657,Monterrey,2025-08-06,web,False,2025,8,420
435,Paulina Delgado,paulina.delgado@outlook.com,5575874278,Puebla,2024-05-10,app_movil,True,2024,5,873
407,Octavio Pineda,octavio.pineda@novatech.mx,5525139718,Guadalajara,2025-06-15,app_movil,False,2025,6,472
991,Lorena Martinez,lorena.martinez@novatech.mx,5598105646,Tijuana,2024-05-12,tienda_fisica,False,2024,5,871
142,Lorena Rendon,lorena.rendon@hotmail.com,5527909929,Guadalajara,2025-02-07,tienda_fisica,False,2025,2,600
386,MARIA ALVAREZ,maria.alvarez@yahoo.com.mx,5565147848,Veracruz,2024-10-04,app_movil,True,2024,10,726
1882,Guillermo Aguilar,guillermo.aguilar@outlook.com,5595152460,Puebla,2025-03-24,app_movil,False,2025,3,555
1621,Octavio Pineda,octavio.pineda@yahoo.com.mx,5533842006,Leon,2024-11-07,web,False,2024,11,692
1567,Daniela Molina,daniela.molina@hotmail.com,5596304318,Merida,2025-02-23,tienda_fisica,True,2025,2,584
1160,Samantha Martinez,samantha.martinez@yahoo.com.mx,5513652991,Ciudad de Mexico,2024-11-26,tienda_fisica,True,2024,11,673
391,Octavio Martinez,octavio.martinez@hotmail.com,5551709960,Tijuana,2024-03-28,web,False,2024,3,916
371,ignacio delgado,ignacio.delgado@outlook.com,5561182450,Monterrey,2024-08-14,web,True,2024,8,777
853,ITZEL GUERRERO,itzel.guerrero@outlook.com,5549655589,Queretaro,2025-11-07,app_movil,True,2025,11,327
935,daniela morales,daniela.morales@novatech.mx,5564357395,Puebla,2025-04-03,app_movil,False,2025,4,545
1717,Abril Pineda,abril.pineda@outlook.com,5572502600,Merida,2024-04-12,web,True,2024,4,901
720,Daniela Jimenez,daniela.jimenez@hotmail.com,5574441600,Puebla,2024-05-25,app_movil,False,2024,5,858
359,Ignacio Salazar,ignacio.salazar@yahoo.com.mx,5592348357,Ciudad de Mexico,2024-02-04,web,True,2024,2,969
282,Briana Gonzalez,briana.gonzalez@gmail.com,5591801571,Cancun,2024-09-20,tienda_fisica,True,2024,9,740
143,Alejandra Navarro,alejandra.navarro@gmail.com,5575631933,Ciudad de Mexico,2024-04-20,web,False,2024,4,893
1152,Ignacio Ramirez,ignacio.ramirez@yahoo.com.mx,5523489665,Puebla,2024-08-12,tienda_fisica,True,2024,8,779
907,Briana Salazar,briana.salazar@gmail.com,5568735800,Veracruz,2024-12-09,web,True,2024,12,660
1466,DIANA GOMEZ,diana.gomez@hotmail.com,5558313193,Cancun,2024-01-16,tienda_fisica,True,2024,1,988
71,Ana Aguilar,ana.aguilar@outlook.com,5584453944,Guadalajara,2024-06-13,web,False,2024,6,839
1750,Gabriela Torres,gabriela.torres@novatech.mx,5589607553,Ciudad de Mexico,2024-07-19,web,False,2024,7,803
638,Emiliano Vega,emiliano.vega@gmail.com,5572528916,Tijuana,2025-02-12,app_movil,True,2025,2,595
1764,Julio Mendez,julio.mendez@outlook.com,5554895246,Guadalajara,2024-06-08,web,True,2024,6,844
593,norma flores,norma.flores@gmail.com,5530972432,Veracruz,2024-05-30,tienda_fisica,False,2024,5,853
501,Javier Ruiz,javier.ruiz@gmail.com,5552849590,Cancun,2025-01-21,tienda_fisica,False,2025,1,617
1433,Leandro Delgado,leandro.delgado@novatech.mx,5557817310,Puebla,2025-07-03,web,True,2025,7,454
1398,Diego Morales,diego.morales@outlook.com,5513089615,Ciudad de Mexico,2024-03-31,app_movil,True,2024,3,913
943,Renata Molina,renata.molina@gmail.com,5589507835,Guadalajara,2025-01-19,app_movil,True,2025,1,619
1439,Diana Bautista,diana.bautista@outlook.com,5582185468,Cancun,2024-07-31,app_movil,True,2024,7,791
1177,Raul Cardona,raul.cardona@outlook.com,5573853648,Queretaro,2025-01-23,tienda_fisica,False,2025,1,615
1178,Paulina Garcia,paulina.garcia@yahoo.com.mx,5518213635,Monterrey,2024-05-29,app_movil,True,2024,5,854
1239,OCTAVIO DIAZ,octavio.diaz@yahoo.com.mx,5525831696,Veracruz,2024-08-29,web,False,2024,8,762
976,Miguel Rodriguez,miguel.rodriguez@outlook.com,5571488395,Veracruz,2024-10-26,tienda_fisica,True,2024,10,704
1976,DANIELA GOMEZ,daniela.gomez@gmail.com,5521236784,Cancun,2024-02-12,web,True,2024,2,961
666,Javier Navarro,javier.navarro@gmail.com,5544895215,Guadalajara,2024-05-10,app_movil,True,2024,5,873
1291,Mariana Lozano,mariana.lozano@novatech.mx,5531091695,Ciudad de Mexico,2025-01-25,app_movil,True,2025,1,613
1286,Rodrigo Vargas,rodrigo.vargas@outlook.com,5566436662,Leon,2024-02-20,web,False,2024,2,953
1905,Javier Vargas,javier.vargas@hotmail.com,5585896844,Cancun,2024-04-05,tienda_fisica,False,2024,4,908
1455,Alonso Gonzalez,alonso.gonzalez@yahoo.com.mx,5512904649,Ciudad de Mexico,2024-07-06,tienda_fisica,False,2024,7,816
823,Guillermo Jimenez,guillermo.jimenez@gmail.com,5548166285,Leon,2024-01-01,web,True,2024,1,1003
1299,Lorena Martinez,lorena.martinez@hotmail.com,5559158568,Merida,2024-12-06,tienda_fisica,True,2024,12,663
286,Ricardo Reyes,ricardo.reyes@yahoo.com.mx,5599387743,Puebla,2024-12-21,web,True,2024,12,648
1752,Renata Pineda,renata.pineda@hotmail.com,5577245712,Tijuana,2025-01-10,app_movil,False,2025,1,628
1484,Leticia Torres,leticia.torres@novatech.mx,5544646190,Tijuana,2025-04-11,app_movil,True,2025,4,537
1034,Valeria Aguilar,valeria.aguilar@gmail.com,5564535877,Tijuana,2024-11-24,web,True,2024,11,675
1707,miguel torres,miguel.torres@gmail.com,5568307529,Veracruz,2025-05-17,tienda_fisica,False,2025,5,501
1836,Gabriela Solis,gabriela.solis@novatech.mx,5584438599,Monterrey,2024-08-18,web,False,2024,8,773
922,Diana Martinez,diana.martinez@novatech.mx,5578979905,Monterrey,2024-06-24,tienda_fisica,True,2024,6,828
1757,Gabriela Hernandez,gabriela.hernandez@hotmail.com,5524004747,Guadalajara,2025-07-06,tienda_fisica,True,2025,7,451
622,Fernanda Ortiz,fernanda.ortiz@hotmail.com,5516686530,Puebla,2025-01-11,web,True,2025,1,627
793,Maria Lopez,maria.lopez@hotmail.com,5540715763,Tijuana,2025-06-07,web,True,2025,6,480
692,Gerardo Cruz,gerardo.cruz@novatech.mx,5548746404,Merida,2024-02-02,tienda_fisica,False,2024,2,971
381,Gabriela Jimenez,gabriela.jimenez@gmail.com,5521608788,Tijuana,2024-10-31,app_movil,False,2024,10,699
373,Miguel Rivera,miguel.rivera@novatech.mx,5577808331,Leon,2024-01-21,tienda_fisica,False,2024,1,983
177,Itzel Garcia,itzel.garcia@yahoo.com.mx,5517559265,Merida,2024-11-08,tienda_fisica,True,2024,11,691
810,Gerardo Lopez,gerardo.lopez@hotmail.com,5529087905,Tijuana,2024-03-30,web,True,2024,3,914
360,ERNESTO RUIZ,ernesto.ruiz@novatech.mx,5599121418,Tijuana,2024-01-02,tienda_fisica,True,2024,1,1002
710,Paulina Aguilar,paulina.aguilar@gmail.com,5550172797,Ciudad de Mexico,2024-12-30,tienda_fisica,True,2024,12,639
1981,Ana Cardona,ana.cardona@hotmail.com,5579182806,Puebla,2024-06-27,app_movil,False,2024,6,825
1721,Rodrigo Salazar,rodrigo.salazar@novatech.mx,5570675061,Tijuana,2025-06-03,tienda_fisica,True,2025,6,484
1,Ernesto Diaz,ernesto.diaz@yahoo.com.mx,5542054008,Puebla,2024-10-24,web,True,2024,10,706
390,leticia cardona,leticia.cardona@hotmail.com,5562714190,Veracruz,2024-01-26,web,True,2024,1,978
920,Hector Martinez,hector.martinez@outlook.com,5543338272,Monterrey,2024-08-18,app_movil,True,2024,8,773
1014,Norma Flores,norma.flores@yahoo.com.mx,5528246965,Cancun,2024-05-18,web,True,2024,5,865
1907,Renata Reyes,renata.reyes@outlook.com,5597231847,Monterrey,2025-02-27,tienda_fisica,True,2025,2,580
1960,Guillermo Diaz,guillermo.diaz@outlook.com,5544319294,Veracruz,2024-07-16,tienda_fisica,True,2024,7,806
2046,Oscar Martinez,oscar.martinez@hotmail.com,5550757430,Tijuana,2024-11-09,web,True,2024,11,690
170,Ana Lozano,ana.lozano@outlook.com,5517065989,Puebla,2024-04-26,tienda_fisica,True,2024,4,887
1495,Valeria Pineda,valeria.pineda@novatech.mx,5577697505,Cancun,2024-02-08,web,False,2024,2,965
140,Guillermo Rendon,guillermo.rendon@hotmail.com,5555954670,Leon,2025-03-30,tienda_fisica,False,2025,3,549
99,Alejandra Garcia,alejandra.garcia@hotmail.com,5536877805,Queretaro,2024-09-14,app_movil,False,2024,9,746
893,Samantha Rojas,samantha.rojas@outlook.com,5516931459,Puebla,2024-03-14,app_movil,False,2024,3,930
1740,Mariana Perez,mariana.perez@hotmail.com,5593461025,Guadalajara,2024-04-06,app_movil,False,2024,4,907
197,Oscar Delgado,oscar.delgado@novatech.mx,5567964374,Ciudad de Mexico,2024-07-03,app_movil,True,2024,7,819
1492,javier gonzalez,javier.gonzalez@hotmail.com,5550727623,Tijuana,2024-05-24,app_movil,True,2024,5,859
649,Miguel Garcia,miguel.garcia@hotmail.com,5530724964,Leon,2025-04-28,web,True,2025,4,520
1676,Gerardo Morales,gerardo.morales@hotmail.com,5597493906,Merida,2024-12-16,tienda_fisica,True,2024,12,653
1783,Briana Rodriguez,briana.rodriguez@gmail.com,5518575153,Puebla,2025-04-23,tienda_fisica,True,2025,4,525
664,Alonso Salazar,alonso.salazar@novatech.mx,5561535128,Ciudad de Mexico,2024-02-17,web,False,2024,2,956
1805,Valeria Herrera,valeria.herrera@outlook.com,5514942767,Puebla,2024-02-25,tienda_fisica,True,2024,2,948
175,Natalia Castillo,natalia.castillo@novatech.mx,5525541542,Puebla,2025-04-05,app_movil,False,2025,4,543
1504,Leandro Rojas,leandro.rojas@gmail.com,5542436573,Merida,2024-10-06,app_movil,True,2024,10,724
1723,Emmanuel Reyes,emmanuel.reyes@hotmail.com,5586002205,Tijuana,2024-11-27,tienda_fisica,True,2024,11,672
219,Briana Alvarez,briana.alvarez@yahoo.com.mx,5536125369,Puebla,2024-12-02,tienda_fisica,True,2024,12,667
1611,Emmanuel Vargas,emmanuel.vargas@yahoo.com.mx,5535101746,Veracruz,2025-01-16,web,True,2025,1,622
1091,octavio vega,octavio.vega@outlook.com,5544422066,Puebla,2025-08-09,tienda_fisica,True,2025,8,417
1146,Samantha Mendez,samantha.mendez@outlook.com,5512367626,Guadalajara,2024-09-12,app_movil,False,2024,9,748
779,Ana Pineda,ana.pineda@outlook.com,5545267865,Leon,2024-05-03,web,True,2024,5,880
119,Daniela Gonzalez,daniela.gonzalez@novatech.mx,5546223236,Monterrey,2024-10-13,app_movil,True,2024,10,717
100,Regina Reyes,regina.reyes@gmail.com,5557929479,Puebla,2024-10-18,tienda_fisica,False,2024,10,712
782,Fernanda Hernandez,fernanda.hernandez@yahoo.com.mx,5547431303,Guadalajara,2025-05-07,web,False,2025,5,511
1459,Miguel Salazar,miguel.salazar@yahoo.com.mx,5564261713,Veracruz,2025-05-13,web,True,2025,5,505
909,Valeria Gonzalez,valeria.gonzalez@hotmail.com,5575234154,Queretaro,2025-02-19,app_movil,False,2025,2,588
80,Gerardo Contreras,gerardo.contreras@gmail.com,5578634432,Merida,2024-01-14,app_movil,False,2024,1,990
1880,Raul Garcia,raul.garcia@gmail.com,5580671554,Puebla,2025-03-27,app_movil,False,2025,3,552
215,Ignacio Martinez,ignacio.martinez@yahoo.com.mx,5529857942,Leon,2024-04-03,tienda_fisica,True,2024,4,910
553,RICARDO HERNANDEZ,ricardo.hernandez@novatech.mx,5579881720,Leon,2024-12-22,app_movil,True,2024,12,647
1884,Fernanda Rivera,fernanda.rivera@hotmail.com,5571224088,Merida,2024-12-29,tienda_fisica,True,2024,12,640
990,Gerardo Torres,gerardo.torres@gmail.com,5599461242,Merida,2025-02-01,tienda_fisica,False,2025,2,606
536,Ernesto Contreras,ernesto.contreras@gmail.com,5532811147,Cancun,2024-04-29,web,True,2024,4,884
1385,Victor Ruiz,victor.ruiz@gmail.com,5580545455,Monterrey,2025-01-26,app_movil,True,2025,1,612
1954,Regina Torres,regina.torres@gmail.com,5551781273,Cancun,2024-05-15,web,True,2024,5,868
1668,Octavio Rodriguez,octavio.rodriguez@outlook.com,5585612171,Veracruz,2024-09-14,web,False,2024,9,746
1184,Alonso Mendez,alonso.mendez@gmail.com,5528862617,Leon,2024-05-08,tienda_fisica,True,2024,5,875
1575,Emmanuel Alvarez,emmanuel.alvarez@yahoo.com.mx,5560413224,Cancun,2025-04-19,tienda_fisica,False,2025,4,529
1958,Norma Navarro,norma.navarro@outlook.com,5598948389,Guadalajara,2024-05-22,web,False,2024,5,861
577,BRIANA RUIZ,briana.ruiz@outlook.com,5588449985,Cancun,2024-03-23,app_movil,True,2024,3,921
575,Julio Pineda,julio.pineda@gmail.com,5542343765,Guadalajara,2024-03-13,tienda_fisica,False,2024,3,931
2032,Gerardo Reyes,gerardo.reyes@novatech.mx,5532722059,Puebla,2024-10-13,app_movil,True,2024,10,717
38,Itzel Pineda,itzel.pineda@hotmail.com,SIN_DATO,Leon,2024-06-12,tienda_fisica,True,2024,6,840
1112,Diana Guerrero,diana.guerrero@outlook.com,5586113651,Monterrey,2024-09-19,app_movil,True,2024,9,741
1576,Paulina Lozano,paulina.lozano@gmail.com,5587647749,Merida,2024-06-30,app_movil,True,2024,6,822
442,Fernanda Delgado,fernanda.delgado@gmail.com,5535409705,Queretaro,2024-06-17,tienda_fisica,False,2024,6,835
1879,Samantha Lozano,samantha.lozano@novatech.mx,5537161780,Veracruz,2024-10-06,tienda_fisica,False,2024,10,724
1801,Mariana Cardona,mariana.cardona@novatech.mx,5593326548,Puebla,2024-12-23,app_movil,True,2024,12,646
326,Camila Vargas,camila.vargas@yahoo.com.mx,5537399582,Ciudad de Mexico,2025-01-26,tienda_fisica,False,2025,1,612
1334,Javier Perez,javier.perez@novatech.mx,5544513462,Veracruz,2025-05-19,app_movil,False,2025,5,499
531,Diego Rivera,diego.rivera@gmail.com,5561312552,Tijuana,2024-09-22,web,True,2024,9,738
1346,Octavio Salazar,octavio.salazar@novatech.mx,5564412970,Cancun,2025-06-30,web,False,2025,6,457
906,victor ortiz,victor.ortiz@gmail.com,5546402405,Leon,2024-07-15,web,False,2024,7,807
1407,Abril Lozano,abril.lozano@gmail.com,5594318463,Guadalajara,2024-02-08,tienda_fisica,False,2024,2,965
1043,Abril Lopez,abril.lopez@gmail.com,5592497625,Queretaro,2024-10-05,tienda_fisica,False,2024,10,725
163,Gabriela Molina,gabriela.molina@yahoo.com.mx,5573052077,Merida,2024-03-11,app_movil,False,2024,3,933
1200,Ricardo Rodriguez,ricardo.rodriguez@gmail.com,5566005125,Leon,2024-08-12,app_movil,True,2024,8,779
866,Fernanda Molina,fernanda.molina@yahoo.com.mx,5546998151,Puebla,2025-06-16,web,True,2025,6,471
604,Javier Ramirez,javier.ramirez@novatech.mx,5568351163,Merida,2024-10-24,tienda_fisica,False,2024,10,706
658,Diana Solis,diana.solis@outlook.com,5573509111,Puebla,2024-07-21,tienda_fisica,True,2024,7,801
1374,Emiliano Alvarez,emiliano.alvarez@novatech.mx,5539982742,Cancun,2025-06-22,tienda_fisica,True,2025,6,465
854,daniela gomez,daniela.gomez@outlook.com,5516553883,Queretaro,2025-01-23,tienda_fisica,False,2025,1,615
762,Samantha Ruiz,samantha.ruiz@hotmail.com,5522911553,Merida,2024-12-27,tienda_fisica,False,2024,12,642
566,diego sanchez,diego.sanchez@yahoo.com.mx,5579547972,Veracruz,2024-04-05,app_movil,False,2024,4,908
1619,Maria Perez,maria.perez@novatech.mx,5538038084,Queretaro,2024-02-21,web,True,2024,2,952
1371,Alejandra Lopez,alejandra.lopez@hotmail.com,5598466014,Merida,2025-03-22,app_movil,False,2025,3,557
1214,Samantha Guerrero,samantha.guerrero@novatech.mx,5572774625,Cancun,2024-04-24,tienda_fisica,True,2024,4,889
1181,Leticia Sanchez,leticia.sanchez@hotmail.com,5557784271,Queretaro,2024-11-07,web,True,2024,11,692
231,Regina Gonzalez,regina.gonzalez@yahoo.com.mx,5559009787,Puebla,2024-10-15,tienda_fisica,True,2024,10,715
81,Miguel Lozano,miguel.lozano@hotmail.com,5579655874,Tijuana,2024-05-27,app_movil,False,2024,5,856
1580,Andres Bautista,andres.bautista@gmail.com,5561321431,Guadalajara,2024-03-31,tienda_fisica,True,2024,3,913
1846,Paola Guerrero,paola.guerrero@outlook.com,5555897671,Veracruz,2025-03-19,tienda_fisica,True,2025,3,560
146,Gabriela Gomez,gabriela.gomez@outlook.com,5547624687,Queretaro,2024-08-08,tienda_fisica,False,2024,8,783
1035,Valeria Bautista,valeria.bautista@outlook.com,5526045812,Leon,2024-10-08,web,True,2024,10,722
1919,Ernesto Gonzalez,ernesto.gonzalez@hotmail.com,5540219547,Cancun,2024-07-10,app_movil,False,2024,7,812
1390,Raul Jimenez,raul.jimenez@novatech.mx,5524665442,Leon,2025-02-11,web,False,2025,2,596
1111,Paola Guerrero,paola.guerrero@gmail.com,5575925800,Monterrey,2024-07-09,app_movil,True,2024,7,813
174,Renata Rendon,renata.rendon@novatech.mx,5555049306,Merida,2024-07-08,app_movil,False,2024,7,814
1620,Paola Rivera,paola.rivera@novatech.mx,5556973104,Queretaro,2025-06-15,app_movil,True,2025,6,472
147,Abril Castillo,abril.castillo@gmail.com,5524047255,Queretaro,2024-05-02,tienda_fisica,False,2024,5,881
83,Leticia Molina,leticia.molina@gmail.com,SIN_DATO,Puebla,2025-07-05,tienda_fisica,False,2025,7,452
1930,Natalia Perez,natalia.perez@hotmail.com,5562705165,Veracruz,2024-12-16,web,True,2024,12,653
564,Gabriela Salazar,gabriela.salazar@gmail.com,5541533697,Leon,2024-12-18,web,False,2024,12,651
1554,Miguel Gomez,miguel.gomez@yahoo.com.mx,5597045533,Queretaro,2025-05-07,web,False,2025,5,511
150,Paola Rodriguez,paola.rodriguez@hotmail.com,5543183910,Guadalajara,2025-05-13,tienda_fisica,True,2025,5,505
187,Valeria Sanchez,valeria.sanchez@novatech.mx,5582491806,Monterrey,2024-03-15,app_movil,True,2024,3,929
1296,Itzel Vargas,itzel.vargas@novatech.mx,5562524886,Puebla,2024-10-18,web,True,2024,10,712
395,Octavio Morales,octavio.morales@hotmail.com,5510877347,Cancun,2024-09-15,web,False,2024,9,745
825,Ximena Perez,ximena.perez@outlook.com,5574331292,Ciudad de Mexico,2024-01-02,app_movil,True,2024,1,1002
582,Guillermo Garcia,guillermo.garcia@gmail.com,5542647616,Monterrey,2025-06-14,tienda_fisica,False,2025,6,473
860,Diana Lozano,diana.lozano@novatech.mx,5590259837,Cancun,2024-05-13,web,True,2024,5,870
334,Octavio Campos,octavio.campos@novatech.mx,5527331321,Queretaro,2024-11-11,app_movil,False,2024,11,688
514,Carlos Cruz,carlos.cruz@outlook.com,5574288246,Monterrey,2025-05-30,tienda_fisica,False,2025,5,488
493,LUIS CASTILLO,luis.castillo@outlook.com,5597404892,Guadalajara,2024-02-10,web,False,2024,2,963
1718,Renata Bautista,renata.bautista@novatech.mx,5546858780,Monterrey,2025-07-26,web,False,2025,7,431
44,Ximena Contreras,ximena.contreras@gmail.com,5514477362,Tijuana,2024-06-26,app_movil,False,2024,6,826
889,Regina Torres,regina.torres@yahoo.com.mx,5576472112,Veracruz,2025-06-20,tienda_fisica,True,2025,6,467
1848,Abril Gonzalez,abril.gonzalez@gmail.com,5580574239,Merida,2025-01-14,tienda_fisica,False,2025,1,624
312,Andres Salazar,andres.salazar@novatech.mx,5551574423,Merida,2024-07-27,app_movil,True,2024,7,795
1118,Guillermo Campos,guillermo.campos@novatech.mx,5516961059,Guadalajara,2024-10-03,tienda_fisica,False,2024,10,727
1044,Gabriela Ruiz,gabriela.ruiz@gmail.com,5531016726,Cancun,2024-06-30,web,True,2024,6,822
396,Ricardo Reyes,ricardo.reyes@novatech.mx,5582709973,Veracruz,2024-03-20,web,True,2024,3,924
105,Samantha Castillo,samantha.castillo@gmail.com,5586356752,Puebla,2024-06-03,tienda_fisica,True,2024,6,849
1093,Samantha Jimenez,samantha.jimenez@outlook.com,5598566758,Guadalajara,2024-05-16,app_movil,True,2024,5,867
413,Emmanuel Vargas,emmanuel.vargas@outlook.com,5573699145,Merida,2024-06-22,web,True,2024,6,830
878,Norma Guerrero,norma.guerrero@gmail.com,5521382941,Puebla,2024-03-04,app_movil,True,2024,3,940
158,Paola Mendez,paola.mendez@novatech.mx,5596121921,Leon,2025-03-25,tienda_fisica,False,2025,3,554
1876,Sofia Molina,sofia.molina@hotmail.com,5537156001,Monterrey,2024-11-06,tienda_fisica,False,2024,11,693
1284,Samantha Lozano,samantha.lozano@yahoo.com.mx,5562157572,Veracruz,2024-11-10,tienda_fisica,True,2024,11,689
654,Fernanda Vega,fernanda.vega@yahoo.com.mx,5523776937,Queretaro,2024-02-13,web,True,2024,2,960
1072,Guillermo Lozano,guillermo.lozano@outlook.com,5583011374,Leon,2024-05-29,web,False,2024,5,854
230,Natalia Ramirez,natalia.ramirez@outlook.com,5560041145,Veracruz,2024-05-28,app_movil,True,2024,5,855
641,Gerardo Aguilar,gerardo.aguilar@novatech.mx,5549797686,Veracruz,2025-05-12,tienda_fisica,True,2025,5,506
543,CARLOS RENDON,carlos.rendon@hotmail.com,5566787617,Cancun,2024-01-29,app_movil,False,2024,1,975
271,Oscar Lozano,oscar.lozano@outlook.com,5594354147,Veracruz,2025-01-31,tienda_fisica,False,2025,1,607
703,Gabriela Rendon,gabriela.rendon@yahoo.com.mx,5599516922,Queretaro,2024-12-26,tienda_fisica,True,2024,12,643
1154,Paulina Garcia,paulina.garcia@gmail.com,5524394086,Cancun,2025-08-04,web,False,2025,8,422
500,Citlali Morales,citlali.morales@hotmail.com,5521521329,Tijuana,2024-03-09,app_movil,True,2024,3,935
1824,Carlos Vargas,carlos.vargas@novatech.mx,5592837311,Tijuana,2025-04-03,tienda_fisica,True,2025,4,545
1591,Emmanuel Sanchez,emmanuel.sanchez@novatech.mx,5546408352,Cancun,2024-05-08,web,False,2024,5,875
996,Octavio Vega,octavio.vega@gmail.com,5596252801,Ciudad de Mexico,2025-06-28,web,False,2025,6,459
342,Rodrigo Cruz,rodrigo.cruz@yahoo.com.mx,5575198195,Ciudad de Mexico,2024-09-14,tienda_fisica,False,2024,9,746
876,Camila Castillo,camila.castillo@hotmail.com,5555208500,Puebla,2024-04-16,web,True,2024,4,897
1222,Fernanda Bautista,fernanda.bautista@gmail.com,5582325565,Merida,2024-10-19,app_movil,False,2024,10,711
1598,itzel hernandez,itzel.hernandez@outlook.com,5541944675,Queretaro,2025-01-07,web,False,2025,1,631
346,Alberto Solis,alberto.solis@outlook.com,5538182111,Veracruz,2024-01-31,web,False,2024,1,973
263,Leandro Pineda,leandro.pineda@gmail.com,5556867035,Puebla,2024-07-13,web,True,2024,7,809
1957,Natalia Contreras,natalia.contreras@gmail.com,5514229426,Veracruz,2024-02-01,app_movil,True,2024,2,972
1187,Oscar Sanchez,oscar.sanchez@novatech.mx,5512376512,Puebla,2024-10-03,web,False,2024,10,727
1546,Emmanuel Vargas,emmanuel.vargas@novatech.mx,5561842949,Queretaro,2025-07-01,app_movil,True,2025,7,456
675,Itzel Castillo,itzel.castillo@outlook.com,5521365385,Veracruz,2024-03-04,tienda_fisica,True,2024,3,940
12,Ximena Pineda,ximena.pineda@hotmail.com,SIN_DATO,Queretaro,2024-12-02,tienda_fisica,True,2024,12,667
185,Alejandra Gomez,alejandra.gomez@yahoo.com.mx,5587498252,Puebla,2024-09-26,tienda_fisica,False,2024,9,734
1205,Itzel Rivera,itzel.rivera@hotmail.com,5531063902,Merida,2024-08-02,tienda_fisica,False,2024,8,789
1577,Camila Hernandez,camila.hernandez@outlook.com,5530592443,Cancun,2024-10-22,tienda_fisica,True,2024,10,708
629,IGNACIO HERNANDEZ,ignacio.hernandez@outlook.com,5511189645,Puebla,2024-09-13,web,False,2024,9,747
1019,Mariana Molina,mariana.molina@yahoo.com.mx,5557581216,Veracruz,2024-03-12,tienda_fisica,True,2024,3,932
205,Octavio Rendon,octavio.rendon@outlook.com,5571957737,Monterrey,2025-03-12,tienda_fisica,True,2025,3,567
35,Regina Mendez,SIN_DATO@novatech.mx,5526149592,Puebla,2024-01-13,tienda_fisica,True,2024,1,991
744,Carlos Navarro,carlos.navarro@novatech.mx,5526299468,Veracruz,2025-04-06,tienda_fisica,True,2025,4,542
2017,Renata Mendez,renata.mendez@gmail.com,5514749912,Puebla,2025-01-21,app_movil,False,2025,1,617
1397,Paulina Vargas,paulina.vargas@outlook.com,5540195809,Merida,2025-04-07,tienda_fisica,True,2025,4,541
1624,Natalia Vega,natalia.vega@yahoo.com.mx,5593164952,Tijuana,2025-04-15,app_movil,True,2025,4,533
1786,Daniela Ruiz,daniela.ruiz@yahoo.com.mx,5574008540,Tijuana,2024-10-20,app_movil,True,2024,10,710
193,Briana Ortiz,briana.ortiz@yahoo.com.mx,5543114781,Monterrey,2024-08-31,web,True,2024,8,760
1532,MARIANA FLORES,mariana.flores@novatech.mx,5574675528,Merida,2024-09-05,app_movil,False,2024,9,755
1538,Raul Hernandez,raul.hernandez@yahoo.com.mx,5544574729,Monterrey,2025-02-02,app_movil,True,2025,2,605
1145,Diana Molina,diana.molina@novatech.mx,5598556594,Monterrey,2025-02-11,app_movil,True,2025,2,596
1578,Ignacio Flores,ignacio.flores@yahoo.com.mx,5581304361,Puebla,2025-07-04,app_movil,False,2025,7,453
1361,Ignacio Ramirez,ignacio.ramirez@novatech.mx,5538735694,Cancun,2025-01-31,web,True,2025,1,607
1844,Mariana Solis,mariana.solis@yahoo.com.mx,5559884739,Tijuana,2025-05-22,tienda_fisica,True,2025,5,496
579,Diego Rodriguez,diego.rodriguez@novatech.mx,5538416915,Queretaro,2024-11-12,app_movil,True,2024,11,687
997,ABRIL RODRIGUEZ,abril.rodriguez@yahoo.com.mx,5513391821,Veracruz,2025-05-29,app_movil,True,2025,5,489
1186,Valeria Ruiz,valeria.ruiz@novatech.mx,5534276491,Veracruz,2025-03-28,tienda_fisica,True,2025,3,551
925,Victor Perez,victor.perez@outlook.com,5581899202,Monterrey,2024-02-11,tienda_fisica,True,2024,2,962
1716,Valeria Vega,valeria.vega@outlook.com,5520906003,Veracruz,2024-06-06,app_movil,False,2024,6,846
209,Luis Reyes,luis.reyes@gmail.com,5591472396,Guadalajara,2024-12-24,app_movil,False,2024,12,645
403,Leandro Sanchez,leandro.sanchez@novatech.mx,5572973907,Merida,2024-11-12,app_movil,False,2024,11,687
992,Victor Bautista,victor.bautista@gmail.com,5529656510,Merida,2025-05-02,tienda_fisica,True,2025,5,516
882,VICTOR BAUTISTA,victor.bautista@outlook.com,5591504758,Cancun,2025-01-03,tienda_fisica,True,2025,1,635
948,Valeria Vega,valeria.vega@hotmail.com,5567446493,Merida,2025-07-13,app_movil,True,2025,7,444
1556,Alberto Sanchez,alberto.sanchez@hotmail.com,5539488231,Merida,2024-09-19,tienda_fisica,False,2024,9,741
1329,Briana Martinez,briana.martinez@gmail.com,5561768480,Veracruz,2025-05-06,web,True,2025,5,512
1673,Ximena Aguilar,ximena.aguilar@hotmail.com,5594105910,Ciudad de Mexico,2024-06-05,tienda_fisica,False,2024,6,847
1983,Samantha Gomez,samantha.gomez@yahoo.com.mx,5594251587,Merida,2025-01-23,tienda_fisica,False,2025,1,615
758,Maria Diaz,maria.diaz@yahoo.com.mx,5587424910,Merida,2024-08-21,tienda_fisica,True,2024,8,770
918,Emiliano Ortiz,emiliano.ortiz@novatech.mx,5549879636,Ciudad de Mexico,2025-06-01,app_movil,False,2025,6,486
1855,Ignacio Reyes,ignacio.reyes@novatech.mx,5582187147,Queretaro,2024-12-19,web,False,2024,12,650
534,Diego Cruz,diego.cruz@yahoo.com.mx,5569828704,Monterrey,2024-09-16,web,False,2024,9,744
1833,Julio Perez,julio.perez@gmail.com,5548426162,Merida,2024-11-16,app_movil,False,2024,11,683
50,Octavio Solis,SIN_DATO@novatech.mx,SIN_DATO,Queretaro,2025-04-02,tienda_fisica,False,2025,4,546
1327,Rodrigo Hernandez,rodrigo.hernandez@novatech.mx,5521635742,Tijuana,2024-02-01,tienda_fisica,True,2024,2,972
993,Paola Ortiz,paola.ortiz@yahoo.com.mx,5561904300,Tijuana,2024-07-16,app_movil,False,2024,7,806
303,Guillermo Cruz,guillermo.cruz@novatech.mx,5579217738,Ciudad de Mexico,2024-07-11,tienda_fisica,True,2024,7,811
770,Ignacio Herrera,ignacio.herrera@yahoo.com.mx,5596061863,Puebla,2024-07-11,tienda_fisica,False,2024,7,811
176,Guillermo Castillo,guillermo.castillo@novatech.mx,5536606783,Merida,2025-01-18,app_movil,False,2025,1,620
471,Natalia Torres,natalia.torres@yahoo.com.mx,5523541139,Tijuana,2024-01-25,web,True,2024,1,979
1545,Paola Cruz,paola.cruz@gmail.com,5526578739,Merida,2025-07-02,web,False,2025,7,455
517,Maria Molina,maria.molina@novatech.mx,5549032911,Leon,2025-07-24,tienda_fisica,True,2025,7,433
1215,Lorena Rendon,lorena.rendon@gmail.com,5568288735,Queretaro,2024-11-26,tienda_fisica,True,2024,11,673
202,Norma Delgado,norma.delgado@outlook.com,5568394007,Monterrey,2024-11-24,web,False,2024,11,675
1255,Javier Torres,javier.torres@outlook.com,5573196703,Monterrey,2025-08-05,web,True,2025,8,421
1899,Daniela Guerrero,daniela.guerrero@outlook.com,5523831478,Monterrey,2025-07-03,tienda_fisica,False,2025,7,454
930,Octavio Aguilar,octavio.aguilar@novatech.mx,5550177736,Veracruz,2025-05-23,app_movil,False,2025,5,495
1150,Abril Vega,abril.vega@outlook.com,5548695380,Guadalajara,2025-08-12,web,False,2025,8,414
689,LEANDRO AGUILAR,leandro.aguilar@yahoo.com.mx,5577552510,Merida,2024-01-05,app_movil,True,2024,1,999
800,Sergio Lozano,sergio.lozano@gmail.com,5513232159,Veracruz,2025-06-12,app_movil,False,2025,6,475
1903,Abril Morales,abril.morales@gmail.com,5584285243,Cancun,2024-04-05,tienda_fisica,False,2024,4,908
2028,Norma Iglesias,norma.iglesias@novatech.mx,5597345296,Leon,2025-06-19,web,True,2025,6,468
971,Julio Aguilar,julio.aguilar@novatech.mx,5576876349,Cancun,2025-03-19,tienda_fisica,False,2025,3,560
1212,Carlos Ramirez,carlos.ramirez@novatech.mx,5536882439,Monterrey,2024-01-13,tienda_fisica,True,2024,1,991
844,Briana Lopez,briana.lopez@novatech.mx,5539945574,Monterrey,2024-06-19,tienda_fisica,True,2024,6,833
786,Abril Rodriguez,abril.rodriguez@novatech.mx,5569518738,Guadalajara,2024-02-24,web,False,2024,2,949
1549,Ricardo Lopez,ricardo.lopez@novatech.mx,5594466041,Monterrey,2024-07-03,app_movil,False,2024,7,819
1839,Maria Guerrero,maria.guerrero@gmail.com,5581942139,Veracruz,2024-08-15,app_movil,False,2024,8,776
1077,Carlos Campos,carlos.campos@yahoo.com.mx,5549528824,Monterrey,2025-02-01,tienda_fisica,True,2025,2,606
594,Sergio Garcia,sergio.garcia@outlook.com,5549419800,Ciudad de Mexico,2024-07-26,app_movil,True,2024,7,796
1479,Gabriela Rivera,gabriela.rivera@yahoo.com.mx,5589018526,Puebla,2024-11-09,web,True,2024,11,690
1940,Briana Guerrero,briana.guerrero@gmail.com,5538992338,Cancun,2024-03-09,tienda_fisica,True,2024,3,935
446,Lorena Ruiz,lorena.ruiz@gmail.com,5540506544,Monterrey,2025-03-27,app_movil,False,2025,3,552
1348,Sergio Herrera,sergio.herrera@novatech.mx,5558143272,Puebla,2024-04-19,app_movil,False,2024,4,894
78,Gabriela Gonzalez,gabriela.gonzalez@hotmail.com,SIN_DATO,Leon,2024-08-23,web,True,2024,8,768
718,Miguel Rojas,miguel.rojas@yahoo.com.mx,5599619649,Ciudad de Mexico,2024-08-28,tienda_fisica,False,2024,8,763
979,BRIANA ALVAREZ,briana.alvarez@yahoo.com.mx,5534469303,Merida,2024-03-17,web,False,2024,3,927
196,Emmanuel Martinez,emmanuel.martinez@yahoo.com.mx,5584844624,Ciudad de Mexico,2024-10-07,web,False,2024,10,723
1547,Regina Rendon,regina.rendon@outlook.com,5523941022,Cancun,2024-09-10,app_movil,True,2024,9,750
555,Luis Cardona,luis.cardona@hotmail.com,5578173923,Queretaro,2025-05-02,app_movil,True,2025,5,516
1917,Andres Vargas,andres.vargas@gmail.com,5528365124,Ciudad de Mexico,2025-02-02,tienda_fisica,True,2025,2,605
167,Samantha Gonzalez,samantha.gonzalez@novatech.mx,5515869910,Puebla,2025-02-21,web,False,2025,2,586
1936,Itzel Vargas,itzel.vargas@gmail.com,5581289797,Cancun,2025-07-30,web,True,2025,7,427
270,Maria Diaz,maria.diaz@hotmail.com,5541473287,Guadalajara,2024-12-28,web,False,2024,12,641
1772,MIGUEL CONTRERAS,miguel.contreras@gmail.com,5531112503,Leon,2025-02-03,app_movil,True,2025,2,604
1268,Citlali Cardona,citlali.cardona@outlook.com,5594801342,Ciudad de Mexico,2025-05-11,web,True,2025,5,507
1589,Norma Pineda,norma.pineda@yahoo.com.mx,5598866483,Monterrey,2024-06-20,app_movil,True,2024,6,832
883,Maria Vargas,maria.vargas@hotmail.com,5590585153,Leon,2025-01-13,app_movil,True,2025,1,625
351,Citlali Aguilar,citlali.aguilar@yahoo.com.mx,5551211345,Puebla,2024-10-11,tienda_fisica,False,2024,10,719
1710,Miguel Lozano,miguel.lozano@gmail.com,5546958818,Merida,2024-10-14,web,False,2024,10,716
871,Norma Navarro,norma.navarro@novatech.mx,5594527679,Merida,2024-12-19,tienda_fisica,True,2024,12,650
1279,Gerardo Reyes,gerardo.reyes@yahoo.com.mx,5547932792,Guadalajara,2024-02-12,web,False,2024,2,961
748,Fernanda Salazar,fernanda.salazar@hotmail.com,5562101707,Tijuana,2025-08-23,app_movil,False,2025,8,403
1411,Victor Flores,victor.flores@novatech.mx,5550182943,Leon,2024-10-14,app_movil,False,2024,10,716
47,Oscar Vega,oscar.vega@hotmail.com,5525592367,Veracruz,2024-09-17,tienda_fisica,True,2024,9,743
1564,Gabriela Castillo,gabriela.castillo@yahoo.com.mx,5572965042,Merida,2024-04-18,tienda_fisica,False,2024,4,895
432,Luis Flores,luis.flores@novatech.mx,5563669762,Merida,2025-03-25,tienda_fisica,True,2025,3,554
411,Julio Rojas,julio.rojas@gmail.com,5598438169,Tijuana,2024-12-17,web,False,2024,12,652
1164,Hector Ortiz,hector.ortiz@yahoo.com.mx,5529289659,Puebla,2024-04-20,web,True,2024,4,893
1083,Gabriela Ortiz,gabriela.ortiz@novatech.mx,5586146157,Guadalajara,2024-09-02,app_movil,True,2024,9,758
632,Andres Torres,andres.torres@hotmail.com,5599353845,Tijuana,2025-06-19,tienda_fisica,False,2025,6,468
1344,Alonso Ruiz,alonso.ruiz@yahoo.com.mx,5594746735,Tijuana,2025-07-08,web,False,2025,7,449
1864,Ernesto Diaz,ernesto.diaz@gmail.com,5571387921,Veracruz,2024-04-10,tienda_fisica,False,2024,4,903
1017,Leticia Rodriguez,leticia.rodriguez@outlook.com,5548311440,Monterrey,2025-05-02,web,False,2025,5,516
1725,gabriela lopez,gabriela.lopez@novatech.mx,5543732484,Leon,2024-06-14,web,True,2024,6,838
1974,Gabriela Mendez,gabriela.mendez@outlook.com,5598814949,Guadalajara,2024-10-04,web,False,2024,10,726
1791,RICARDO DIAZ,ricardo.diaz@novatech.mx,5535156037,Merida,2025-07-02,tienda_fisica,True,2025,7,455
1170,Leandro Rendon,leandro.rendon@outlook.com,5520114821,Ciudad de Mexico,2025-06-18,web,True,2025,6,469
1358,Ignacio Gomez,ignacio.gomez@outlook.com,5570947353,Veracruz,2024-11-29,app_movil,False,2024,11,670
1585,Ana Iglesias,ana.iglesias@novatech.mx,5574542381,Guadalajara,2025-06-26,tienda_fisica,True,2025,6,461
615,Mariana Hernandez,mariana.hernandez@gmail.com,5553834001,Guadalajara,2025-04-17,tienda_fisica,True,2025,4,531
1088,Andres Garcia,andres.garcia@hotmail.com,5510832237,Cancun,2024-12-03,web,True,2024,12,666
232,Emmanuel Rodriguez,emmanuel.rodriguez@gmail.com,5538985077,Guadalajara,2024-02-23,tienda_fisica,False,2024,2,950
297,Norma Garcia,norma.garcia@yahoo.com.mx,5574822032,Veracruz,2024-09-10,app_movil,False,2024,9,750
1966,Paola Cruz,paola.cruz@yahoo.com.mx,5557826571,Cancun,2024-07-02,app_movil,False,2024,7,820
61,Gabriela Castillo,gabriela.castillo@hotmail.com,5530109273,Guadalajara,2024-07-20,app_movil,False,2024,7,802
1809,Norma Ruiz,norma.ruiz@gmail.com,5565503614,Merida,2025-05-30,web,False,2025,5,488
636,Samantha Pineda,samantha.pineda@novatech.mx,5510248172,Cancun,2024-11-16,tienda_fisica,False,2024,11,683
402,Samantha Lopez,samantha.lopez@gmail.com,5554665679,Ciudad de Mexico,2025-01-02,app_movil,False,2025,1,636
397,Diego Cardona,diego.cardona@hotmail.com,5585528605,Ciudad de Mexico,2024-12-13,web,False,2024,12,656
1382,Ximena Solis,ximena.solis@hotmail.com,5516135112,Guadalajara,2024-04-26,app_movil,True,2024,4,887
345,Julio Lopez,julio.lopez@yahoo.com.mx,5545531891,Veracruz,2024-09-19,web,False,2024,9,741
1656,Abril Delgado,abril.delgado@hotmail.com,5550614431,Tijuana,2024-03-01,app_movil,True,2024,3,943
690,Natalia Ortiz,natalia.ortiz@yahoo.com.mx,5587325294,Tijuana,2024-04-01,web,False,2024,4,912
6,Camila Solis,SIN_DATO@novatech.mx,SIN_DATO,Guadalajara,2025-07-08,tienda_fisica,True,2025,7,449
1829,Paulina Gonzalez,paulina.gonzalez@yahoo.com.mx,5577524745,Monterrey,2025-02-27,web,False,2025,2,580
113,Hector Rojas,hector.rojas@novatech.mx,5590031186,Tijuana,2025-01-14,tienda_fisica,True,2025,1,624
870,Leandro Flores,leandro.flores@hotmail.com,5525146833,Veracruz,2024-10-08,app_movil,False,2024,10,722
634,Samantha Iglesias,samantha.iglesias@gmail.com,5576118818,Merida,2025-04-01,tienda_fisica,False,2025,4,547
631,Maria Contreras,maria.contreras@yahoo.com.mx,5551974842,Merida,2024-11-30,app_movil,False,2024,11,669
1793,Oscar Rojas,oscar.rojas@gmail.com,5590936254,Veracruz,2024-08-30,web,False,2024,8,761
532,Paola Lozano,paola.lozano@hotmail.com,5563595194,Guadalajara,2024-08-22,app_movil,False,2024,8,769
1896,Regina Ortiz,regina.ortiz@outlook.com,5557547598,Guadalajara,2024-07-24,app_movil,True,2024,7,798
1697,ITZEL RENDON,itzel.rendon@novatech.mx,5571046680,Tijuana,2024-02-03,tienda_fisica,True,2024,2,970
1587,Julio Vega,julio.vega@outlook.com,5560327815,Guadalajara,2024-11-12,web,False,2024,11,687
1099,Guillermo Martinez,guillermo.martinez@novatech.mx,5542391485,Puebla,2024-11-24,tienda_fisica,False,2024,11,675
670,Javier Gomez,javier.gomez@novatech.mx,5516713309,Leon,2024-01-14,web,False,2024,1,990
497,Oscar Lopez,oscar.lopez@hotmail.com,5548629289,Tijuana,2024-05-28,app_movil,False,2024,5,855
64,Gerardo Torres,gerardo.torres@novatech.mx,5561954056,Queretaro,2024-12-23,tienda_fisica,True,2024,12,646
1755,JAVIER VARGAS,javier.vargas@hotmail.com,5596791747,Puebla,2025-05-01,app_movil,True,2025,5,517
1310,Guillermo Cruz,guillermo.cruz@gmail.com,5563913080,Veracruz,2025-05-21,web,False,2025,5,497
1637,Regina Rojas,regina.rojas@yahoo.com.mx,5531701102,Veracruz,2024-05-16,tienda_fisica,True,2024,5,867
1216,Luis Rodriguez,luis.rodriguez@yahoo.com.mx,5584926462,Queretaro,2024-11-18,app_movil,True,2024,11,681
790,Ximena Vega,ximena.vega@outlook.com,5513462458,Queretaro,2025-01-01,web,False,2025,1,637
545,Guillermo Alvarez,guillermo.alvarez@yahoo.com.mx,5517768669,Ciudad de Mexico,2025-06-15,tienda_fisica,True,2025,6,472
1360,Diego Cruz,diego.cruz@hotmail.com,5539742468,Veracruz,2025-08-02,app_movil,True,2025,8,424
731,Gerardo Contreras,gerardo.contreras@yahoo.com.mx,5512776289,Cancun,2024-05-31,app_movil,False,2024,5,852
1022,Oscar Sanchez,oscar.sanchez@gmail.com,5596738234,Guadalajara,2025-06-23,app_movil,True,2025,6,464
2040,Emiliano Castillo,emiliano.castillo@hotmail.com,5585999029,Monterrey,2024-09-18,web,False,2024,9,742
1979,Ana Pineda,ana.pineda@gmail.com,5547644905,Guadalajara,2025-07-21,tienda_fisica,True,2025,7,436
25,Guillermo Bautista,guillermo.bautista@gmail.com,5546771387,Ciudad de Mexico,2025-01-24,web,False,2025,1,614
1018,Briana Sanchez,briana.sanchez@novatech.mx,5594203782,Cancun,2024-03-25,web,False,2024,3,919
1894,Fernanda Morales,fernanda.morales@gmail.com,5513744680,Ciudad de Mexico,2024-01-15,tienda_fisica,False,2024,1,989
1847,Javier Lopez,javier.lopez@hotmail.com,5566544847,Leon,2024-06-25,tienda_fisica,False,2024,6,827
1779,Luis Gonzalez,luis.gonzalez@gmail.com,5580989956,Merida,2025-03-07,web,False,2025,3,572
894,Hector Gomez,hector.gomez@outlook.com,5557066753,Queretaro,2024-07-25,tienda_fisica,False,2024,7,797
1133,RAUL MENDEZ,raul.mendez@yahoo.com.mx,5533068791,Veracruz,2025-08-07,tienda_fisica,True,2025,8,419
1967,Victor Navarro,victor.navarro@novatech.mx,5584841654,Monterrey,2024-12-06,app_movil,True,2024,12,663
70,Camila Garcia,camila.garcia@yahoo.com.mx,SIN_DATO,Queretaro,2025-04-28,app_movil,False,2025,4,520
1383,Emmanuel Rendon,emmanuel.rendon@novatech.mx,5518048615,Guadalajara,2024-09-10,web,False,2024,9,750
265,Gabriela Alvarez,gabriela.alvarez@outlook.com,5558515528,Ciudad de Mexico,2025-04-28,web,False,2025,4,520
734,Andres Aguilar,andres.aguilar@hotmail.com,5525257265,Ciudad de Mexico,2024-04-25,app_movil,False,2024,4,888
1524,Ana Iglesias,ana.iglesias@yahoo.com.mx,5520967398,Merida,2024-07-29,tienda_fisica,True,2024,7,793
822,Abril Cardona,abril.cardona@yahoo.com.mx,5519519715,Guadalajara,2024-08-07,app_movil,False,2024,8,784
412,Emiliano Martinez,emiliano.martinez@yahoo.com.mx,5529381266,Cancun,2025-02-21,tienda_fisica,True,2025,2,586
1872,Diego Vargas,diego.vargas@hotmail.com,5520891143,Monterrey,2025-09-04,app_movil,False,2025,9,391
1780,Sergio Mendez,sergio.mendez@outlook.com,5574387291,Queretaro,2024-08-13,web,False,2024,8,778
1701,Emmanuel Mendez,emmanuel.mendez@novatech.mx,5520144974,Monterrey,2024-08-25,web,True,2024,8,766
1767,Ignacio Ruiz,ignacio.ruiz@gmail.com,5585854876,Queretaro,2025-07-02,app_movil,True,2025,7,455
1586,Gabriela Ramirez,gabriela.ramirez@novatech.mx,5537515542,Veracruz,2025-04-17,app_movil,True,2025,4,531
2049,Leticia Hernandez,leticia.hernandez@yahoo.com.mx,5592699196,Monterrey,2024-10-31,tienda_fisica,False,2024,10,699
524,Rodrigo Molina,rodrigo.molina@novatech.mx,5511303057,Queretaro,2024-03-24,tienda_fisica,True,2024,3,920
1653,Daniela Mendez,daniela.mendez@novatech.mx,5563337927,Leon,2024-09-11,app_movil,True,2024,9,749
1962,Alejandra Lozano,alejandra.lozano@yahoo.com.mx,5547025119,Queretaro,2025-02-28,web,True,2025,2,579
1030,Rodrigo Garcia,rodrigo.garcia@yahoo.com.mx,5552965297,Puebla,2025-02-01,app_movil,False,2025,2,606
499,Norma Hernandez,norma.hernandez@hotmail.com,5573541689,Puebla,2024-10-06,web,True,2024,10,724
680,Ricardo Rivera,ricardo.rivera@novatech.mx,5574761211,Puebla,2024-08-03,app_movil,False,2024,8,788
573,Maria Rojas,maria.rojas@novatech.mx,5517009797,Tijuana,2024-05-11,tienda_fisica,False,2024,5,872
529,Emmanuel Castillo,emmanuel.castillo@novatech.mx,5598624216,Leon,2025-08-21,tienda_fisica,True,2025,8,405
1318,Julio Ruiz,julio.ruiz@gmail.com,5523598654,Puebla,2024-04-15,web,False,2024,4,898
1694,Diana Campos,diana.campos@outlook.com,5575902370,Puebla,2025-05-22,tienda_fisica,True,2025,5,496
2048,Sergio Rivera,sergio.rivera@novatech.mx,5575532053,Veracruz,2025-03-01,tienda_fisica,True,2025,3,578
1394,Javier Ortiz,javier.ortiz@outlook.com,5546656161,Veracruz,2025-06-18,web,True,2025,6,469
236,Miguel Bautista,miguel.bautista@hotmail.com,5581223812,Queretaro,2025-05-10,web,True,2025,5,508
1085,Emmanuel Ramirez,emmanuel.ramirez@novatech.mx,5579929976,Tijuana,2024-08-08,web,False,2024,8,783
1421,Ricardo Aguilar,ricardo.aguilar@novatech.mx,5535457187,Merida,2025-03-06,app_movil,True,2025,3,573
1005,Itzel Bautista,itzel.bautista@gmail.com,5538518796,Tijuana,2024-07-26,app_movil,True,2024,7,796
1434,Miguel Castillo,miguel.castillo@yahoo.com.mx,5580368389,Ciudad de Mexico,2024-10-20,tienda_fisica,True,2024,10,710
1107,Carlos Ortiz,carlos.ortiz@novatech.mx,5593639873,Veracruz,2025-04-07,web,False,2025,4,541
1287,Fernanda Flores,fernanda.flores@yahoo.com.mx,5543907050,Monterrey,2024-01-08,tienda_fisica,False,2024,1,996
110,Mariana Sanchez,mariana.sanchez@novatech.mx,5531963409,Puebla,2025-02-09,tienda_fisica,False,2025,2,598
111,Camila Sanchez,camila.sanchez@hotmail.com,5587086204,Veracruz,2025-01-08,app_movil,True,2025,1,630
75,Javier Cardona,javier.cardona@outlook.com,5536412207,Puebla,2024-04-03,app_movil,False,2024,4,910
527,Alejandra Vega,alejandra.vega@novatech.mx,5573908520,Leon,2024-10-20,app_movil,True,2024,10,710
927,Emmanuel Campos,emmanuel.campos@hotmail.com,5526048233,Cancun,2025-02-22,app_movil,False,2025,2,585
1332,Andres Rivera,andres.rivera@novatech.mx,5560713794,Tijuana,2024-08-19,tienda_fisica,True,2024,8,772
911,Briana Ruiz,briana.ruiz@yahoo.com.mx,5546129836,Cancun,2024-03-07,tienda_fisica,False,2024,3,937
715,Ignacio Rendon,ignacio.rendon@gmail.com,5575242779,Ciudad de Mexico,2024-07-14,web,True,2024,7,808
1588,Gabriela Gomez,gabriela.gomez@yahoo.com.mx,5559511967,Veracruz,2024-12-21,app_movil,True,2024,12,648
1313,Samantha Pineda,samantha.pineda@yahoo.com.mx,5587252771,Puebla,2025-10-03,web,True,2025,10,362
798,Alejandra Diaz,alejandra.diaz@yahoo.com.mx,5570698086,Merida,2024-11-11,tienda_fisica,False,2024,11,688
961,Julio Molina,julio.molina@novatech.mx,5591696223,Cancun,2024-10-06,tienda_fisica,True,2024,10,724
1667,Gerardo Cardona,gerardo.cardona@hotmail.com,5594855382,Ciudad de Mexico,2024-10-20,tienda_fisica,True,2024,10,710
283,Renata Lozano,renata.lozano@hotmail.com,5527734227,Queretaro,2025-04-26,tienda_fisica,False,2025,4,522
1845,Oscar Rivera,oscar.rivera@gmail.com,5579324959,Queretaro,2024-12-21,web,True,2024,12,648
1454,NORMA MORALES,norma.morales@yahoo.com.mx,5547103717,Merida,2024-11-14,web,True,2024,11,685
1244,Leticia Bautista,leticia.bautista@outlook.com,5567994785,Cancun,2025-06-19,app_movil,True,2025,6,468
1207,Ignacio Gonzalez,ignacio.gonzalez@gmail.com,5595717307,Veracruz,2025-01-16,web,True,2025,1,622
513,Camila Cruz,camila.cruz@novatech.mx,5576355456,Queretaro,2024-06-11,tienda_fisica,False,2024,6,841
1227,Diana Navarro,diana.navarro@hotmail.com,5518421531,Monterrey,2025-02-01,web,True,2025,2,606
1573,Hector Salazar,hector.salazar@hotmail.com,5574514079,Leon,2024-06-05,web,True,2024,6,847
466,Luis Bautista,luis.bautista@novatech.mx,5528878975,Queretaro,2024-09-28,app_movil,True,2024,9,732
378,Diego Rendon,diego.rendon@outlook.com,5552252698,Guadalajara,2024-05-14,web,True,2024,5,869
1648,Luis Morales,luis.morales@yahoo.com.mx,5522159033,Monterrey,2024-06-21,web,False,2024,6,831
1047,Leticia Bautista,leticia.bautista@yahoo.com.mx,5537064998,Guadalajara,2025-04-21,app_movil,True,2025,4,527
194,Diego Campos,diego.campos@gmail.com,5543094114,Queretaro,2024-02-04,app_movil,False,2024,2,969
433,Carlos Torres,carlos.torres@yahoo.com.mx,5577018757,Puebla,2025-04-06,tienda_fisica,True,2025,4,542
1412,Paola Martinez,paola.martinez@novatech.mx,5540329303,Queretaro,2025-05-15,tienda_fisica,True,2025,5,503
1460,Fernanda Rendon,fernanda.rendon@novatech.mx,5594724961,Tijuana,2025-04-21,tienda_fisica,False,2025,4,527
423,Natalia Aguilar,natalia.aguilar@novatech.mx,5567266881,Guadalajara,2024-10-19,tienda_fisica,False,2024,10,711
399,Ana Vega,ana.vega@yahoo.com.mx,5529228660,Queretaro,2025-07-04,web,True,2025,7,453
1365,Luis Cardona,luis.cardona@outlook.com,5538763762,Leon,2024-06-25,web,False,2024,6,827
1182,Lorena Salazar,lorena.salazar@gmail.com,5574953320,Queretaro,2025-09-05,app_movil,True,2025,9,390
496,Victor Gonzalez,victor.gonzalez@hotmail.com,5519092589,Ciudad de Mexico,2025-04-10,web,True,2025,4,538
651,Abril Ramirez,abril.ramirez@hotmail.com,5522574971,Ciudad de Mexico,2024-03-13,app_movil,True,2024,3,931
1370,Ernesto Rendon,ernesto.rendon@yahoo.com.mx,5592301595,Cancun,2024-09-28,tienda_fisica,True,2024,9,732
1117,abril reyes,abril.reyes@yahoo.com.mx,5585163779,Puebla,2024-05-29,tienda_fisica,True,2024,5,854
797,SAMANTHA VEGA,samantha.vega@novatech.mx,5516477523,Monterrey,2024-06-28,app_movil,True,2024,6,824
1065,Ignacio Gonzalez,ignacio.gonzalez@novatech.mx,5592214474,Leon,2025-07-04,web,False,2025,7,453
120,Rodrigo Ruiz,rodrigo.ruiz@yahoo.com.mx,SIN_DATO,Leon,2024-09-10,web,False,2024,9,750
613,Camila Herrera,camila.herrera@outlook.com,5592384451,Cancun,2024-12-25,web,False,2024,12,644
291,Renata Iglesias,renata.iglesias@gmail.com,5514239682,Merida,2024-02-21,app_movil,False,2024,2,952
1206,DANIELA HERRERA,daniela.herrera@outlook.com,5526501258,Guadalajara,2024-11-04,app_movil,True,2024,11,695
1961,Ximena Delgado,ximena.delgado@outlook.com,5591028345,Queretaro,2025-04-21,app_movil,True,2025,4,527
1392,Mariana Rojas,mariana.rojas@hotmail.com,5569472302,Leon,2024-03-16,web,False,2024,3,928
850,Citlali Pineda,citlali.pineda@gmail.com,5567357311,Queretaro,2024-05-03,app_movil,True,2024,5,880
818,DANIELA ALVAREZ,daniela.alvarez@outlook.com,5534854867,Cancun,2025-06-05,web,False,2025,6,482
530,Diego Jimenez,diego.jimenez@novatech.mx,5536842666,Ciudad de Mexico,2025-01-13,app_movil,False,2025,1,625
1927,Leandro Perez,leandro.perez@yahoo.com.mx,5556222145,Merida,2025-06-09,web,False,2025,6,478
1401,Natalia Martinez,natalia.martinez@hotmail.com,5541089161,Puebla,2024-01-05,web,False,2024,1,999
422,Norma Vargas,norma.vargas@hotmail.com,5599379264,Cancun,2025-07-29,tienda_fisica,False,2025,7,428
437,Leticia Aguilar,leticia.aguilar@yahoo.com.mx,5577717831,Tijuana,2024-07-12,app_movil,False,2024,7,810
1204,Samantha Martinez,samantha.martinez@outlook.com,5571318174,Cancun,2024-03-30,tienda_fisica,False,2024,3,914
1015,Ignacio Diaz,ignacio.diaz@hotmail.com,5513467163,Veracruz,2024-09-05,web,True,2024,9,755
51,Emmanuel Ruiz,emmanuel.ruiz@outlook.com,SIN_DATO,Tijuana,2025-05-14,app_movil,True,2025,5,504
1389,Natalia Flores,natalia.flores@yahoo.com.mx,5549514319,Leon,2024-06-01,web,False,2024,6,851
135,Fernanda Bautista,fernanda.bautista@outlook.com,5526404340,Merida,2024-12-05,app_movil,True,2024,12,664
1400,Victor Jimenez,victor.jimenez@yahoo.com.mx,5542112076,Puebla,2024-01-15,web,False,2024,1,989
1789,Ernesto Rojas,ernesto.rojas@outlook.com,5543231122,Merida,2024-08-03,app_movil,True,2024,8,788
92,Ximena Morales,ximena.morales@yahoo.com.mx,SIN_DATO,Tijuana,2024-08-20,tienda_fisica,False,2024,8,771
1566,Valeria Aguilar,valeria.aguilar@yahoo.com.mx,5579356004,Merida,2024-11-18,app_movil,False,2024,11,681
956,NATALIA ROJAS,natalia.rojas@outlook.com,5564299584,Puebla,2024-03-13,app_movil,True,2024,3,931
999,octavio ortiz,octavio.ortiz@hotmail.com,5545191740,Puebla,2025-06-27,web,False,2025,6,460
1835,Renata Alvarez,renata.alvarez@yahoo.com.mx,5515328247,Merida,2024-04-21,tienda_fisica,False,2024,4,892
459,Andres Castillo,andres.castillo@yahoo.com.mx,5591727387,Ciudad de Mexico,2024-12-29,app_movil,False,2024,12,640
426,Abril Vargas,abril.vargas@novatech.mx,5572974183,Puebla,2024-11-07,tienda_fisica,False,2024,11,692
902,Guillermo Hernandez,guillermo.hernandez@yahoo.com.mx,5598959789,Monterrey,2025-08-11,web,False,2025,8,415
667,Rodrigo Lozano,rodrigo.lozano@gmail.com,5575046788,Queretaro,2025-02-09,app_movil,False,2025,2,598
1419,Carlos Gonzalez,carlos.gonzalez@gmail.com,5599815111,Cancun,2024-01-04,tienda_fisica,False,2024,1,1000
1449,Leandro Morales,leandro.morales@novatech.mx,5519168346,Puebla,2025-03-27,tienda_fisica,True,2025,3,552
1878,Regina Gomez,regina.gomez@outlook.com,5590709195,Monterrey,2024-02-11,tienda_fisica,False,2024,2,962
128,Fernanda Lozano,fernanda.lozano@outlook.com,5583328807,Ciudad de Mexico,2024-10-11,app_movil,True,2024,10,719
1773,Sofia Diaz,sofia.diaz@hotmail.com,5591924895,Veracruz,2024-04-21,tienda_fisica,False,2024,4,892
475,Luis Alvarez,luis.alvarez@novatech.mx,5555621426,Guadalajara,2025-03-26,web,False,2025,3,553
1929,Sergio Campos,sergio.campos@yahoo.com.mx,5537956585,Cancun,2024-06-19,app_movil,True,2024,6,833
1794,Camila Rivera,camila.rivera@outlook.com,5534804334,Tijuana,2024-08-01,tienda_fisica,False,2024,8,790
58,Abril Contreras,abril.contreras@gmail.com,5537561508,Veracruz,2024-02-01,tienda_fisica,True,2024,2,972
274,Andres Sanchez,andres.sanchez@hotmail.com,5531619467,Leon,2024-12-06,app_movil,False,2024,12,663
605,Javier Gonzalez,javier.gonzalez@gmail.com,5583778474,Cancun,2024-03-25,app_movil,False,2024,3,919
827,Diana Martinez,diana.martinez@outlook.com,5535331523,Ciudad de Mexico,2024-05-19,tienda_fisica,False,2024,5,864
1652,Leandro Vargas,leandro.vargas@outlook.com,5599478307,Leon,2024-12-04,app_movil,False,2024,12,665
730,Norma Navarro,norma.navarro@hotmail.com,5591649609,Tijuana,2025-01-26,tienda_fisica,True,2025,1,612
1315,Paola Molina,paola.molina@hotmail.com,5535114958,Monterrey,2024-10-11,web,True,2024,10,719
663,Ricardo Lozano,ricardo.lozano@novatech.mx,5553527269,Puebla,2025-07-19,app_movil,True,2025,7,438
1376,Ana Vargas,ana.vargas@outlook.com,5582288496,Ciudad de Mexico,2025-07-21,tienda_fisica,True,2025,7,436
1092,Carlos Garcia,carlos.garcia@novatech.mx,5563294641,Leon,2024-11-14,app_movil,False,2024,11,685
1970,Emiliano Rodriguez,emiliano.rodriguez@novatech.mx,5582375779,Monterrey,2024-06-05,tienda_fisica,False,2024,6,847
299,Daniela Solis,daniela.solis@hotmail.com,5518539712,Guadalajara,2024-12-27,app_movil,False,2024,12,642
723,Fernanda Herrera,fernanda.herrera@yahoo.com.mx,5578394972,Tijuana,2025-01-26,web,True,2025,1,612
769,Rodrigo Contreras,rodrigo.contreras@gmail.com,5534236271,Queretaro,2024-06-18,web,True,2024,6,834
829,Sergio Diaz,sergio.diaz@novatech.mx,5581707629,Monterrey,2025-04-13,app_movil,False,2025,4,535
1013,OCTAVIO SANCHEZ,octavio.sanchez@yahoo.com.mx,5553242674,Monterrey,2025-01-18,app_movil,False,2025,1,620
1120,Ricardo Navarro,ricardo.navarro@novatech.mx,5575352913,Merida,2025-08-10,app_movil,True,2025,8,416
1028,Daniela Rendon,daniela.rendon@yahoo.com.mx,5537283948,Merida,2024-11-18,tienda_fisica,True,2024,11,681
1490,Octavio Lopez,octavio.lopez@hotmail.com,5592207935,Monterrey,2025-04-08,tienda_fisica,True,2025,4,540
349,Ignacio Diaz,ignacio.diaz@yahoo.com.mx,5519647418,Cancun,2024-05-22,tienda_fisica,True,2024,5,861
1328,Citlali Iglesias,citlali.iglesias@novatech.mx,5524475447,Monterrey,2024-05-31,tienda_fisica,True,2024,5,852
1565,Miguel Pineda,miguel.pineda@gmail.com,5576896418,Ciudad de Mexico,2025-04-24,app_movil,True,2025,4,524
1420,ana jimenez,ana.jimenez@hotmail.com,5537498695,Cancun,2024-11-15,web,True,2024,11,684
1090,Camila Morales,camila.morales@yahoo.com.mx,5596708480,Monterrey,2024-10-23,web,True,2024,10,707
1814,Natalia Vega,natalia.vega@outlook.com,5550256957,Guadalajara,2024-05-24,app_movil,False,2024,5,859
982,Diego Salazar,diego.salazar@outlook.com,5511706984,Tijuana,2024-10-29,app_movil,False,2024,10,701
350,Regina Bautista,regina.bautista@gmail.com,5571189234,Puebla,2025-02-21,tienda_fisica,True,2025,2,586
90,Ximena Lozano,ximena.lozano@yahoo.com.mx,5583011339,Queretaro,2025-08-15,app_movil,False,2025,8,411
796,Citlali Vega,citlali.vega@novatech.mx,5527899879,Monterrey,2024-02-14,app_movil,True,2024,2,959
862,Abril Reyes,abril.reyes@novatech.mx,5596239081,Tijuana,2024-12-26,web,True,2024,12,643
986,Valeria Morales,valeria.morales@gmail.com,5541416106,Cancun,2024-08-12,web,True,2024,8,779
134,Regina Mendez,regina.mendez@hotmail.com,5530708690,Leon,2025-08-08,web,False,2025,8,418
1525,Lorena Solis,lorena.solis@hotmail.com,5579129875,Queretaro,2024-12-05,app_movil,True,2024,12,664
1818,Regina Castillo,regina.castillo@yahoo.com.mx,5553295438,Queretaro,2024-08-29,tienda_fisica,True,2024,8,762
1293,Rodrigo Castillo,rodrigo.castillo@novatech.mx,5597962222,Veracruz,2024-05-13,app_movil,True,2024,5,870
805,Ana Ramirez,ana.ramirez@hotmail.com,5586117536,Guadalajara,2025-03-15,tienda_fisica,False,2025,3,564
1308,Renata Bautista,renata.bautista@yahoo.com.mx,5578457943,Leon,2024-05-28,tienda_fisica,True,2024,5,855
1049,Gerardo Bautista,gerardo.bautista@novatech.mx,5580954263,Tijuana,2024-01-13,web,False,2024,1,991
1980,FERNANDA MORALES,fernanda.morales@gmail.com,5531002623,Tijuana,2024-09-19,tienda_fisica,True,2024,9,741
2053,Luis Rojas,luis.rojas@outlook.com,5548932360,Queretaro,2024-03-25,tienda_fisica,True,2024,3,919
372,Briana Navarro,briana.navarro@outlook.com,5543977534,Cancun,2024-02-15,app_movil,False,2024,2,958
525,Samantha Gomez,samantha.gomez@gmail.com,5540606807,Merida,2024-02-16,app_movil,True,2024,2,957
1811,Daniela Alvarez,daniela.alvarez@yahoo.com.mx,5537377325,Cancun,2024-05-08,tienda_fisica,False,2024,5,875
677,Valeria Molina,valeria.molina@outlook.com,5535104966,Leon,2025-08-15,web,False,2025,8,411
741,Andres Delgado,andres.delgado@hotmail.com,5556556027,Merida,2024-05-03,tienda_fisica,False,2024,5,880
1037,Luis Ruiz,luis.ruiz@hotmail.com,5593379094,Cancun,2024-09-27,tienda_fisica,True,2024,9,733
1712,Alonso Iglesias,alonso.iglesias@outlook.com,5529158730,Tijuana,2024-03-20,app_movil,True,2024,3,924
767,Sergio Gonzalez,sergio.gonzalez@yahoo.com.mx,5520371960,Merida,2024-05-11,app_movil,False,2024,5,872
549,Ignacio Rivera,ignacio.rivera@gmail.com,5538523191,Leon,2024-11-23,web,False,2024,11,676
519,Gabriela Perez,gabriela.perez@yahoo.com.mx,5577282773,Tijuana,2024-03-13,web,False,2024,3,931
1888,Alberto Hernandez,alberto.hernandez@outlook.com,5546142972,Leon,2024-03-05,app_movil,True,2024,3,939
213,Paola Solis,paola.solis@yahoo.com.mx,5599872260,Veracruz,2024-01-25,web,False,2024,1,979
1642,Emiliano Iglesias,emiliano.iglesias@yahoo.com.mx,5520449503,Puebla,2025-03-30,tienda_fisica,True,2025,3,549
1995,Diego Rodriguez,diego.rodriguez@outlook.com,5536657675,Puebla,2024-10-31,tienda_fisica,True,2024,10,699
740,Ana Vega,ana.vega@outlook.com,5519319733,Merida,2024-07-09,tienda_fisica,True,2024,7,813
203,Alberto Ortiz,alberto.ortiz@hotmail.com,5524763886,Cancun,2025-03-05,app_movil,False,2025,3,574
877,Luis Lopez,luis.lopez@novatech.mx,5546825035,Queretaro,2025-05-18,web,True,2025,5,500
1873,Ricardo Alvarez,ricardo.alvarez@hotmail.com,5564054305,Merida,2024-03-04,tienda_fisica,True,2024,3,940
1027,ITZEL GUERRERO,itzel.guerrero@gmail.com,5568674280,Tijuana,2024-03-21,web,False,2024,3,923
171,Octavio Torres,octavio.torres@yahoo.com.mx,5560772725,Guadalajara,2024-08-19,tienda_fisica,False,2024,8,772
353,Alberto Pineda,alberto.pineda@yahoo.com.mx,5552403059,Leon,2024-03-26,app_movil,False,2024,3,918
655,Luis Rojas,luis.rojas@gmail.com,5568675263,Merida,2025-06-26,web,False,2025,6,461
1139,Natalia Hernandez,natalia.hernandez@novatech.mx,5593013158,Veracruz,2025-07-28,web,False,2025,7,429
1489,Guillermo Delgado,guillermo.delgado@novatech.mx,5557128401,Monterrey,2024-08-14,tienda_fisica,False,2024,8,777
19,Javier Lopez,javier.lopez@yahoo.com.mx,5565223994,Monterrey,2025-06-12,app_movil,False,2025,6,475
1228,fernanda lopez,fernanda.lopez@yahoo.com.mx,5568652834,Ciudad de Mexico,2024-02-09,app_movil,True,2024,2,964
874,Renata Gonzalez,renata.gonzalez@hotmail.com,5594136908,Monterrey,2024-05-03,tienda_fisica,False,2024,5,880
1816,Maria Delgado,maria.delgado@novatech.mx,5575711220,Veracruz,2025-01-17,web,True,2025,1,621
1223,Alberto Morales,alberto.morales@yahoo.com.mx,5529395754,Merida,2024-02-13,web,False,2024,2,960
1438,Victor Aguilar,victor.aguilar@yahoo.com.mx,5526034866,Ciudad de Mexico,2024-04-07,web,False,2024,4,906
1825,Itzel Diaz,itzel.diaz@novatech.mx,5599726158,Guadalajara,2025-01-30,tienda_fisica,False,2025,1,608
1331,LORENA NAVARRO,lorena.navarro@outlook.com,5561649336,Leon,2024-09-20,tienda_fisica,False,2024,9,740
892,Fernanda Flores,fernanda.flores@outlook.com,5569798267,Tijuana,2024-05-08,web,False,2024,5,875
688,Rodrigo Sanchez,rodrigo.sanchez@novatech.mx,5542111552,Leon,2025-07-16,app_movil,False,2025,7,441
136,Abril Contreras,abril.contreras@yahoo.com.mx,5596535360,Merida,2025-01-10,web,False,2025,1,628
1649,Diego Aguilar,diego.aguilar@gmail.com,5574439133,Cancun,2024-03-08,web,True,2024,3,936
338,Andres Guerrero,andres.guerrero@hotmail.com,5542497160,Merida,2024-04-05,app_movil,False,2024,4,908
320,Ana Delgado,ana.delgado@novatech.mx,5596595138,Merida,2024-03-16,app_movil,True,2024,3,928
509,Paola Rendon,paola.rendon@yahoo.com.mx,5583778125,Tijuana,2024-05-14,app_movil,False,2024,5,869
1511,Alejandra Rendon,alejandra.rendon@hotmail.com,5575081117,Merida,2024-07-19,web,False,2024,7,803
1301,Ricardo Contreras,ricardo.contreras@yahoo.com.mx,5582961551,Tijuana,2025-01-25,tienda_fisica,False,2025,1,613
1106,Lorena Sanchez,lorena.sanchez@hotmail.com,5535679515,Veracruz,2025-06-24,tienda_fisica,True,2025,6,463
1168,Ernesto Contreras,ernesto.contreras@novatech.mx,5517969911,Merida,2025-06-26,web,True,2025,6,461
414,Norma Morales,norma.morales@outlook.com,5513899658,Puebla,2024-06-21,app_movil,False,2024,6,831
1147,Mariana Lopez,mariana.lopez@yahoo.com.mx,5525314878,Queretaro,2024-05-18,tienda_fisica,False,2024,5,865
1860,Renata Vargas,renata.vargas@outlook.com,5548654944,Tijuana,2025-06-19,app_movil,True,2025,6,468
1478,Julio Castillo,julio.castillo@novatech.mx,5546631299,Merida,2024-05-15,tienda_fisica,True,2024,5,868
252,Abril Delgado,abril.delgado@gmail.com,5513203382,Guadalajara,2024-04-07,tienda_fisica,False,2024,4,906
495,Fernanda Rivera,fernanda.rivera@yahoo.com.mx,5537711480,Queretaro,2024-08-13,tienda_fisica,False,2024,8,778
1241,Ernesto Perez,ernesto.perez@gmail.com,5512284352,Guadalajara,2024-03-31,tienda_fisica,False,2024,3,913
339,Diana Vargas,diana.vargas@novatech.mx,5584497313,Tijuana,2024-05-26,app_movil,True,2024,5,857
736,Lorena Garcia,lorena.garcia@yahoo.com.mx,5512078703,Tijuana,2024-12-10,tienda_fisica,True,2024,12,659
258,Leandro Gonzalez,leandro.gonzalez@gmail.com,5512288587,Merida,2024-10-21,web,True,2024,10,709
801,Octavio Herrera,octavio.herrera@hotmail.com,5540762214,Guadalajara,2025-03-21,web,True,2025,3,558
1199,gerardo herrera,gerardo.herrera@gmail.com,5562946025,Merida,2024-06-18,tienda_fisica,False,2024,6,834
1613,Javier Rojas,javier.rojas@hotmail.com,5542958002,Cancun,2025-05-07,app_movil,True,2025,5,511
60,Ximena Herrera,ximena.herrera@yahoo.com.mx,5516641390,Queretaro,2024-09-24,web,True,2024,9,736
1505,Andres Torres,andres.torres@gmail.com,5599001601,Tijuana,2024-05-06,web,True,2024,5,877
315,Paulina Mendez,paulina.mendez@gmail.com,5555543706,Monterrey,2024-12-06,tienda_fisica,False,2024,12,663
1309,DANIELA MENDEZ,daniela.mendez@outlook.com,5574424333,Leon,2025-08-19,web,True,2025,8,407
880,Raul Navarro,raul.navarro@hotmail.com,5538118759,Cancun,2024-05-07,web,False,2024,5,876
494,Javier Guerrero,javier.guerrero@gmail.com,5517488683,Tijuana,2024-07-08,app_movil,False,2024,7,814
635,Ricardo Jimenez,ricardo.jimenez@gmail.com,5548569257,Guadalajara,2024-11-16,web,True,2024,11,683
1229,Oscar Castillo,oscar.castillo@yahoo.com.mx,5542335183,Guadalajara,2024-05-18,app_movil,True,2024,5,865
1169,Mariana Flores,mariana.flores@gmail.com,5544895784,Tijuana,2025-03-13,tienda_fisica,True,2025,3,566
316,Leticia Lopez,leticia.lopez@yahoo.com.mx,5592095916,Queretaro,2024-01-08,web,True,2024,1,996
1102,Alonso Lopez,alonso.lopez@yahoo.com.mx,5587628446,Puebla,2025-04-27,tienda_fisica,True,2025,4,521
369,Andres Aguilar,andres.aguilar@yahoo.com.mx,5577431659,Queretaro,2024-09-18,tienda_fisica,True,2024,9,742
1926,Ignacio Aguilar,ignacio.aguilar@novatech.mx,5598134762,Tijuana,2025-01-22,app_movil,False,2025,1,616
912,Briana Vargas,briana.vargas@gmail.com,5588261363,Monterrey,2024-08-02,tienda_fisica,True,2024,8,789
2059,Octavio Rodriguez,octavio.rodriguez@hotmail.com,5515418904,Guadalajara,2025-07-03,app_movil,True,2025,7,454
674,Victor Flores,victor.flores@outlook.com,5530964027,Puebla,2024-12-15,app_movil,False,2024,12,654
777,Abril Flores,abril.flores@hotmail.com,5571365094,Veracruz,2024-06-14,web,False,2024,6,838
1494,Raul Alvarez,raul.alvarez@yahoo.com.mx,5546081863,Guadalajara,2025-12-01,app_movil,True,2025,12,303
1317,Ignacio Gonzalez,ignacio.gonzalez@yahoo.com.mx,5526817499,Merida,2024-06-21,web,True,2024,6,831
1555,Abril Navarro,abril.navarro@novatech.mx,5580397021,Merida,2025-04-03,app_movil,True,2025,4,545
963,Norma Molina,norma.molina@outlook.com,5568225245,Puebla,2024-05-05,app_movil,True,2024,5,878
126,Samantha Solis,samantha.solis@gmail.com,5557784177,Merida,2025-01-05,web,False,2025,1,633
1769,Diego Hernandez,diego.hernandez@gmail.com,5585816596,Queretaro,2024-08-16,tienda_fisica,True,2024,8,775
691,Guillermo Rodriguez,guillermo.rodriguez@yahoo.com.mx,5586284047,Queretaro,2024-04-03,app_movil,True,2024,4,910
661,Citlali Torres,citlali.torres@novatech.mx,5533089745,Ciudad de Mexico,2025-07-10,web,True,2025,7,447
1695,Javier Reyes,javier.reyes@hotmail.com,5529016585,Tijuana,2024-11-21,tienda_fisica,True,2024,11,678
1663,Andres Vargas,andres.vargas@hotmail.com,5557648757,Veracruz,2025-05-26,tienda_fisica,True,2025,5,492
462,Paulina Delgado,paulina.delgado@gmail.com,5592094094,Queretaro,2024-04-24,tienda_fisica,True,2024,4,889
934,Emmanuel Gomez,emmanuel.gomez@outlook.com,5537185117,Queretaro,2025-06-06,tienda_fisica,False,2025,6,481
1471,Alonso Rivera,alonso.rivera@hotmail.com,5532195620,Tijuana,2024-09-23,tienda_fisica,False,2024,9,737
1560,Alejandra Flores,alejandra.flores@yahoo.com.mx,5560766442,Queretaro,2024-01-29,app_movil,False,2024,1,975
515,Hector Martinez,hector.martinez@gmail.com,5582313600,Puebla,2024-08-04,tienda_fisica,True,2024,8,787
1202,Emiliano Salazar,emiliano.salazar@gmail.com,5554796420,Ciudad de Mexico,2024-04-26,tienda_fisica,True,2024,4,887
468,Fernanda Sanchez,fernanda.sanchez@outlook.com,5553853958,Monterrey,2025-07-27,tienda_fisica,True,2025,7,430
574,Citlali Rendon,citlali.rendon@hotmail.com,5532709380,Tijuana,2024-04-23,tienda_fisica,True,2024,4,890
343,Renata Rodriguez,renata.rodriguez@hotmail.com,5549627175,Leon,2024-12-29,app_movil,False,2024,12,640
771,Emiliano Gomez,emiliano.gomez@novatech.mx,5569345462,Puebla,2025-01-29,app_movil,False,2025,1,609
1775,Hector Flores,hector.flores@gmail.com,5592863297,Ciudad de Mexico,2024-09-02,app_movil,True,2024,9,758
82,Guillermo Gonzalez,guillermo.gonzalez@gmail.com,5594126263,Leon,2024-07-24,tienda_fisica,True,2024,7,798
1464,Samantha Flores,samantha.flores@yahoo.com.mx,5551542248,Leon,2024-12-11,tienda_fisica,False,2024,12,658
1086,Gabriela Cardona,gabriela.cardona@gmail.com,5565134396,Monterrey,2025-02-03,web,False,2025,2,604
1797,Luis Gomez,luis.gomez@yahoo.com.mx,5581174574,Leon,2024-01-13,web,True,2024,1,991
685,Alberto Flores,alberto.flores@novatech.mx,5541514195,Merida,2024-02-01,web,True,2024,2,972
1998,Guillermo Rivera,guillermo.rivera@hotmail.com,5542145550,Cancun,2024-01-02,tienda_fisica,False,2024,1,1002
1646,Rodrigo Lopez,rodrigo.lopez@yahoo.com.mx,5586777561,Queretaro,2024-11-18,app_movil,True,2024,11,681
293,Hector Castillo,hector.castillo@outlook.com,5562202523,Puebla,2024-06-18,app_movil,True,2024,6,834
1395,Abril Lopez,abril.lopez@yahoo.com.mx,5570946420,Cancun,2025-04-25,app_movil,False,2025,4,523
1185,sergio lozano,sergio.lozano@hotmail.com,5546811991,Ciudad de Mexico,2025-05-19,app_movil,False,2025,5,499
2030,Gerardo Ruiz,gerardo.ruiz@yahoo.com.mx,5577574540,Leon,2025-08-05,web,False,2025,8,421
1951,Raul Torres,raul.torres@hotmail.com,5580463522,Veracruz,2024-11-10,web,True,2024,11,689
1033,Carlos Perez,carlos.perez@hotmail.com,5564393229,Cancun,2024-12-13,tienda_fisica,True,2024,12,656
1633,Julio Guerrero,julio.guerrero@yahoo.com.mx,5576638327,Tijuana,2025-07-27,tienda_fisica,False,2025,7,430
430,Itzel Garcia,itzel.garcia@outlook.com,5562468402,Puebla,2025-07-20,tienda_fisica,True,2025,7,437
1799,Ximena Hernandez,ximena.hernandez@novatech.mx,5530085646,Leon,2025-01-24,tienda_fisica,True,2025,1,614
439,Citlali Contreras,citlali.contreras@outlook.com,5576139065,Veracruz,2025-01-15,app_movil,True,2025,1,623
1004,Andres Lozano,andres.lozano@outlook.com,5544413895,Queretaro,2024-10-02,app_movil,False,2024,10,728
1781,Gabriela Lopez,gabriela.lopez@yahoo.com.mx,5562699208,Queretaro,2024-06-13,web,True,2024,6,839
1603,Sofia Gomez,sofia.gomez@hotmail.com,5585639955,Cancun,2024-04-22,web,True,2024,4,891
101,Carlos Salazar,carlos.salazar@outlook.com,SIN_DATO,Leon,2025-07-27,web,False,2025,7,430
1190,Daniela Diaz,daniela.diaz@yahoo.com.mx,5542018964,Veracruz,2024-04-10,app_movil,True,2024,4,903
1693,julio lozano,julio.lozano@gmail.com,5584155712,Guadalajara,2025-01-13,tienda_fisica,True,2025,1,625
766,Maria Martinez,maria.martinez@hotmail.com,5531632806,Leon,2024-12-04,app_movil,False,2024,12,665
266,Ignacio Molina,ignacio.molina@novatech.mx,5573235321,Cancun,2025-02-09,tienda_fisica,True,2025,2,598
1009,julio gomez,julio.gomez@yahoo.com.mx,5593734563,Merida,2025-05-25,web,False,2025,5,493
623,Samantha Contreras,samantha.contreras@hotmail.com,5541516657,Leon,2024-12-12,tienda_fisica,True,2024,12,657
551,Ricardo Ruiz,ricardo.ruiz@novatech.mx,5513848757,Leon,2024-05-22,web,False,2024,5,861
1849,Andres Solis,andres.solis@novatech.mx,5581673127,Guadalajara,2025-06-21,tienda_fisica,True,2025,6,466
1345,Renata Perez,renata.perez@gmail.com,5597855707,Queretaro,2024-07-03,app_movil,True,2024,7,819
1188,MIGUEL VARGAS,miguel.vargas@novatech.mx,5594419772,Cancun,2024-10-13,web,True,2024,10,717
1735,MARIA RIVERA,maria.rivera@novatech.mx,5589069190,Monterrey,2025-04-30,app_movil,True,2025,4,518
243,Sergio Lozano,sergio.lozano@yahoo.com.mx,5550159317,Veracruz,2025-06-20,tienda_fisica,False,2025,6,467
368,Abril Salazar,abril.salazar@novatech.mx,5521893479,Monterrey,2024-01-28,app_movil,False,2024,1,976
750,Diana Solis,diana.solis@hotmail.com,5523787158,Leon,2024-05-22,app_movil,True,2024,5,861
1128,Ximena Torres,ximena.torres@yahoo.com.mx,5560802713,Merida,2024-03-14,web,False,2024,3,930
166,Sofia Sanchez,sofia.sanchez@hotmail.com,5539418456,Ciudad de Mexico,2025-07-05,tienda_fisica,True,2025,7,452
702,Guillermo Lopez,guillermo.lopez@gmail.com,5591569764,Veracruz,2024-04-03,app_movil,False,2024,4,910
1262,Maria Rendon,maria.rendon@yahoo.com.mx,5564588315,Guadalajara,2025-05-14,app_movil,True,2025,5,504
473,Norma Gomez,norma.gomez@outlook.com,5571122414,Ciudad de Mexico,2024-10-29,web,True,2024,10,701
178,Hector Diaz,hector.diaz@gmail.com,5562948957,Queretaro,2025-02-28,app_movil,False,2025,2,579
1678,Luis Rendon,luis.rendon@gmail.com,5581171520,Merida,2024-09-30,web,False,2024,9,730
1910,Octavio Perez,octavio.perez@yahoo.com.mx,5522459215,Tijuana,2025-07-31,tienda_fisica,False,2025,7,426
662,Leandro Iglesias,leandro.iglesias@yahoo.com.mx,5561872321,Cancun,2024-01-01,tienda_fisica,False,2024,1,1003
1819,Leandro Herrera,leandro.herrera@yahoo.com.mx,5586618946,Guadalajara,2024-11-07,web,True,2024,11,692
915,Citlali Lopez,citlali.lopez@outlook.com,5546789175,Monterrey,2024-12-25,web,False,2024,12,644
1130,Maria Campos,maria.campos@outlook.com,5573886954,Puebla,2024-05-07,tienda_fisica,False,2024,5,876
1541,ERNESTO ORTIZ,ernesto.ortiz@hotmail.com,5561459602,Puebla,2024-03-14,app_movil,True,2024,3,930
1208,Briana Martinez,briana.martinez@novatech.mx,5599189171,Queretaro,2024-10-02,web,False,2024,10,728
2009,Alejandra Gonzalez,alejandra.gonzalez@yahoo.com.mx,5585822385,Leon,2025-06-18,app_movil,False,2025,6,469
1626,Emiliano Iglesias,emiliano.iglesias@novatech.mx,5542718909,Cancun,2025-02-12,app_movil,True,2025,2,595
931,Alejandra Ramirez,alejandra.ramirez@novatech.mx,5517234070,Ciudad de Mexico,2025-08-02,app_movil,False,2025,8,424
1437,Itzel Cardona,itzel.cardona@yahoo.com.mx,5585875608,Merida,2024-02-05,tienda_fisica,False,2024,2,968
467,Luis Rojas,luis.rojas@yahoo.com.mx,5582601832,Cancun,2025-01-25,web,False,2025,1,613
747,Valeria Herrera,valeria.herrera@novatech.mx,5594635926,Merida,2024-02-06,web,False,2024,2,967
1514,OSCAR NAVARRO,oscar.navarro@yahoo.com.mx,5513106503,Queretaro,2025-08-04,tienda_fisica,True,2025,8,422
1473,Diego Alvarez,diego.alvarez@novatech.mx,5594593491,Guadalajara,2025-04-13,app_movil,False,2025,4,535
364,Maria Ortiz,maria.ortiz@novatech.mx,5543498544,Puebla,2025-05-31,web,False,2025,5,487
609,Norma Jimenez,norma.jimenez@novatech.mx,5574948802,Ciudad de Mexico,2024-07-31,web,True,2024,7,791
218,Ana Gonzalez,ana.gonzalez@outlook.com,5531782965,Ciudad de Mexico,2025-08-10,app_movil,False,2025,8,416
169,Valeria Alvarez,valeria.alvarez@outlook.com,5558046203,Merida,2024-12-02,app_movil,False,2024,12,667
1461,Briana Iglesias,briana.iglesias@hotmail.com,5547411877,Cancun,2024-02-14,web,False,2024,2,959
1842,Octavio Molina,octavio.molina@hotmail.com,5560566547,Merida,2025-02-03,tienda_fisica,True,2025,2,604
1661,Briana Garcia,briana.garcia@yahoo.com.mx,5516465813,Cancun,2024-12-26,tienda_fisica,False,2024,12,643
1191,Octavio Mendez,octavio.mendez@outlook.com,5535225286,Ciudad de Mexico,2025-06-09,app_movil,True,2025,6,478
62,Regina Sanchez,regina.sanchez@gmail.com,5589937461,Tijuana,2024-05-24,web,False,2024,5,859
1994,Gabriela Guerrero,gabriela.guerrero@gmail.com,5560022162,Merida,2025-04-24,tienda_fisica,True,2025,4,524
144,Carlos Salazar,carlos.salazar@gmail.com,5526735712,Guadalajara,2024-10-23,web,True,2024,10,707
1724,Leandro Bautista,leandro.bautista@hotmail.com,5512977012,Queretaro,2025-08-14,app_movil,True,2025,8,412
586,Rodrigo Morales,rodrigo.morales@yahoo.com.mx,5540951228,Leon,2024-08-28,tienda_fisica,False,2024,8,763
380,Ignacio Cruz,ignacio.cruz@gmail.com,5557562359,Puebla,2024-09-29,web,False,2024,9,731
1393,Renata Torres,renata.torres@yahoo.com.mx,5579026770,Queretaro,2025-03-22,app_movil,False,2025,3,557
505,Norma Perez,norma.perez@hotmail.com,5534864019,Ciudad de Mexico,2024-05-22,web,False,2024,5,861
813,Victor Torres,victor.torres@outlook.com,5564698207,Veracruz,2024-06-02,tienda_fisica,True,2024,6,850
479,Carlos Contreras,carlos.contreras@yahoo.com.mx,5517754475,Puebla,2025-06-28,app_movil,True,2025,6,459
424,Paola Cardona,paola.cardona@novatech.mx,5577119275,Queretaro,2024-04-13,tienda_fisica,True,2024,4,900
1751,Samantha Solis,samantha.solis@hotmail.com,5572967791,Ciudad de Mexico,2024-04-01,web,True,2024,4,912
2002,Itzel Gonzalez,itzel.gonzalez@hotmail.com,5543784872,Tijuana,2025-06-15,app_movil,True,2025,6,472
1810,Daniela Flores,daniela.flores@hotmail.com,5561431364,Cancun,2024-02-14,web,True,2024,2,959
145,Mariana Reyes,mariana.reyes@outlook.com,5517792997,Guadalajara,2024-06-05,web,False,2024,6,847
2010,Julio Pineda,julio.pineda@outlook.com,5559939623,Leon,2025-04-16,tienda_fisica,True,2025,4,532
1298,Abril Gomez,abril.gomez@outlook.com,5572465007,Veracruz,2024-06-01,tienda_fisica,True,2024,6,851
828,Camila Sanchez,camila.sanchez@outlook.com,5511224829,Monterrey,2025-04-03,tienda_fisica,True,2025,4,545
597,Sergio Martinez,sergio.martinez@gmail.com,5588745415,Monterrey,2024-02-17,web,True,2024,2,956
151,Camila Herrera,camila.herrera@yahoo.com.mx,5543835412,Puebla,2024-02-07,web,True,2024,2,966
687,Abril Herrera,abril.herrera@novatech.mx,5529512713,Merida,2024-08-25,tienda_fisica,True,2024,8,766
980,Lorena Mendez,lorena.mendez@gmail.com,5553214181,Veracruz,2024-01-22,web,False,2024,1,982
1931,Sofia Guerrero,sofia.guerrero@gmail.com,5593551014,Leon,2024-08-09,app_movil,True,2024,8,782
241,Octavio Gomez,octavio.gomez@outlook.com,5544831969,Leon,2025-04-08,app_movil,True,2025,4,540
1363,Ernesto Torres,ernesto.torres@outlook.com,5520978272,Merida,2024-11-01,web,True,2024,11,698
1672,Mariana Cardona,mariana.cardona@gmail.com,5581676113,Ciudad de Mexico,2025-01-20,tienda_fisica,False,2025,1,618
289,Rodrigo Navarro,rodrigo.navarro@gmail.com,5520559892,Guadalajara,2024-07-01,web,False,2024,7,821
1194,Alonso Mendez,alonso.mendez@novatech.mx,5594931783,Cancun,2025-03-26,web,False,2025,3,553
406,Emmanuel Jimenez,emmanuel.jimenez@hotmail.com,5551718527,Puebla,2024-06-23,web,False,2024,6,829
648,Alberto Pineda,alberto.pineda@outlook.com,5525146029,Tijuana,2024-01-24,web,False,2024,1,980
1563,Paulina Sanchez,paulina.sanchez@yahoo.com.mx,5561081447,Guadalajara,2024-02-18,tienda_fisica,False,2024,2,955
1736,Alonso Ruiz,alonso.ruiz@novatech.mx,5584976817,Queretaro,2024-02-25,tienda_fisica,False,2024,2,948
614,Fernanda Hernandez,fernanda.hernandez@novatech.mx,5542578943,Leon,2024-03-05,web,True,2024,3,939
928,Andres Martinez,andres.martinez@gmail.com,5558068052,Queretaro,2024-11-06,app_movil,True,2024,11,693
86,Ernesto Perez,ernesto.perez@yahoo.com.mx,SIN_DATO,Tijuana,2024-12-31,app_movil,False,2024,12,638
125,Maria Gomez,maria.gomez@yahoo.com.mx,5577702386,Leon,2024-08-13,web,False,2024,8,778
1281,Gabriela Flores,gabriela.flores@outlook.com,5560148298,Leon,2025-03-25,app_movil,False,2025,3,554
1122,Alejandra Sanchez,alejandra.sanchez@novatech.mx,5545496863,Merida,2025-03-07,app_movil,False,2025,3,572
55,Ricardo Navarro,SIN_DATO@novatech.mx,SIN_DATO,Tijuana,2024-10-02,tienda_fisica,False,2024,10,728
1715,Javier Rodriguez,javier.rodriguez@novatech.mx,5515274242,Monterrey,2024-07-29,web,True,2024,7,793
37,Gabriela Ramirez,gabriela.ramirez@outlook.com,5520659209,Puebla,2024-08-12,app_movil,False,2024,8,779
1720,Alejandra Garcia,alejandra.garcia@outlook.com,5564402097,Tijuana,2025-04-30,tienda_fisica,False,2025,4,518
1029,Paola Sanchez,paola.sanchez@outlook.com,5524416348,Tijuana,2025-05-13,web,True,2025,5,505
278,Mariana Martinez,mariana.martinez@outlook.com,5554079155,Puebla,2025-05-18,tienda_fisica,False,2025,5,500
858,Ricardo Rodriguez,ricardo.rodriguez@hotmail.com,5511556635,Veracruz,2024-11-29,web,False,2024,11,670
1218,Diego Iglesias,diego.iglesias@novatech.mx,5516932611,Queretaro,2024-02-27,web,False,2024,2,946
1023,Hector Lozano,hector.lozano@outlook.com,5561717200,Veracruz,2024-10-29,app_movil,True,2024,10,701
1640,Leandro Contreras,leandro.contreras@outlook.com,5592713540,Leon,2024-03-10,web,False,2024,3,934
370,Ignacio Rodriguez,ignacio.rodriguez@hotmail.com,5526058448,Monterrey,2024-01-28,web,True,2024,1,976
507,Guillermo Hernandez,guillermo.hernandez@outlook.com,5565667386,Tijuana,2024-06-16,web,False,2024,6,836
255,Leandro Vargas,leandro.vargas@hotmail.com,5581381265,Cancun,2025-05-06,web,True,2025,5,512
356,Ernesto Campos,ernesto.campos@outlook.com,5518536319,Cancun,2025-06-02,tienda_fisica,False,2025,6,485
1100,Miguel Cruz,miguel.cruz@hotmail.com,5598596413,Puebla,2024-02-24,app_movil,True,2024,2,949
95,Oscar Rendon,oscar.rendon@gmail.com,SIN_DATO,Tijuana,2024-08-28,app_movil,False,2024,8,763
1467,Alberto Flores,alberto.flores@hotmail.com,5518219460,Leon,2025-04-05,web,True,2025,4,543
600,Carlos Lozano,carlos.lozano@gmail.com,5515959884,Queretaro,2024-03-10,app_movil,False,2024,3,934
617,Citlali Cruz,citlali.cruz@yahoo.com.mx,5561402130,Cancun,2024-01-03,tienda_fisica,False,2024,1,1001
642,Ana Ortiz,ana.ortiz@gmail.com,5575409682,Guadalajara,2025-02-12,tienda_fisica,False,2025,2,595
895,Norma Alvarez,norma.alvarez@gmail.com,5591258676,Tijuana,2025-08-11,tienda_fisica,False,2025,8,415
1485,Diana Campos,diana.campos@gmail.com,5597138471,Puebla,2025-02-22,tienda_fisica,False,2025,2,585
616,Victor Iglesias,victor.iglesias@hotmail.com,5573667144,Veracruz,2024-05-13,web,False,2024,5,870
84,Samantha Iglesias,samantha.iglesias@outlook.com,SIN_DATO,Queretaro,2025-06-11,tienda_fisica,True,2025,6,476
533,Renata Castillo,renata.castillo@hotmail.com,5559979415,Queretaro,2025-08-17,web,False,2025,8,409
137,Ana Cardona,ana.cardona@outlook.com,5575861619,Monterrey,2024-02-27,tienda_fisica,True,2024,2,946
811,Norma Cruz,norma.cruz@outlook.com,5586061859,Guadalajara,2024-05-13,tienda_fisica,True,2024,5,870
644,Camila Alvarez,camila.alvarez@gmail.com,5530243511,Ciudad de Mexico,2024-04-28,web,True,2024,4,885
152,Miguel Flores,miguel.flores@novatech.mx,5534468759,Leon,2025-06-07,app_movil,False,2025,6,480
1480,Renata Morales,renata.morales@yahoo.com.mx,5511639053,Veracruz,2024-07-24,app_movil,True,2024,7,798
1322,ANA SANCHEZ,ana.sanchez@yahoo.com.mx,5568925762,Ciudad de Mexico,2024-12-30,app_movil,True,2024,12,639
15,Paulina Flores,paulina.flores@gmail.com,5573313902,Guadalajara,2025-02-02,tienda_fisica,True,2025,2,605
189,Camila Martinez,camila.martinez@hotmail.com,5519316461,Ciudad de Mexico,2024-10-26,tienda_fisica,True,2024,10,704
1016,Renata Cardona,renata.cardona@outlook.com,5547844678,Monterrey,2024-09-27,tienda_fisica,True,2024,9,733
48,Victor Cruz,SIN_DATO@novatech.mx,SIN_DATO,Queretaro,2024-05-19,app_movil,True,2024,5,864
1472,Citlali Solis,citlali.solis@novatech.mx,5554738086,Tijuana,2025-08-22,tienda_fisica,True,2025,8,404
1625,Mariana Cardona,mariana.cardona@outlook.com,5519252033,Tijuana,2025-07-19,tienda_fisica,False,2025,7,438
1609,Diego Contreras,diego.contreras@yahoo.com.mx,5599534936,Cancun,2024-06-02,web,False,2024,6,850
68,Abril Hernandez,abril.hernandez@gmail.com,5520737319,Monterrey,2024-06-16,tienda_fisica,False,2024,6,836
1890,Camila Rojas,camila.rojas@hotmail.com,5552629758,Veracruz,2025-04-24,app_movil,True,2025,4,524
752,Luis Diaz,luis.diaz@novatech.mx,5560528161,Veracruz,2025-03-15,tienda_fisica,True,2025,3,564
504,Briana Morales,briana.morales@outlook.com,5556481831,Puebla,2024-10-26,web,True,2024,10,704
1771,Valeria Martinez,valeria.martinez@outlook.com,5516885193,Guadalajara,2024-01-13,tienda_fisica,False,2024,1,991
1540,Carlos Bautista,carlos.bautista@novatech.mx,5512799630,Ciudad de Mexico,2025-08-10,tienda_fisica,False,2025,8,416
1163,Andres Herrera,andres.herrera@yahoo.com.mx,5546909065,Cancun,2024-03-10,app_movil,True,2024,3,934
1367,NATALIA RUIZ,natalia.ruiz@novatech.mx,5565489629,Guadalajara,2024-10-27,web,False,2024,10,703
1923,Oscar Ramirez,oscar.ramirez@gmail.com,5582366432,Monterrey,2024-02-17,app_movil,True,2024,2,956
1249,Luis Campos,luis.campos@yahoo.com.mx,5576762407,Tijuana,2024-04-24,web,True,2024,4,889
1057,Sofia Pineda,sofia.pineda@gmail.com,5532248286,Queretaro,2025-01-25,app_movil,True,2025,1,613
1476,Emiliano Reyes,emiliano.reyes@hotmail.com,5532445035,Monterrey,2024-10-30,web,True,2024,10,700
1590,Raul Contreras,raul.contreras@gmail.com,5585085737,Monterrey,2025-03-25,app_movil,True,2025,3,554
452,Citlali Gonzalez,citlali.gonzalez@novatech.mx,5562708310,Cancun,2025-07-07,app_movil,False,2025,7,450
559,Paola Martinez,paola.martinez@gmail.com,5598844749,Cancun,2025-08-19,tienda_fisica,False,2025,8,407
1158,Sergio Morales,sergio.morales@gmail.com,5574069506,Merida,2024-02-05,tienda_fisica,False,2024,2,968
285,Ernesto Flores,ernesto.flores@yahoo.com.mx,5590461656,Queretaro,2025-02-09,tienda_fisica,True,2025,2,598
498,Hector Gonzalez,hector.gonzalez@hotmail.com,5568425549,Queretaro,2024-04-23,tienda_fisica,False,2024,4,890
1971,hector mendez,hector.mendez@hotmail.com,5591207360,Cancun,2024-02-24,tienda_fisica,False,2024,2,949
332,Daniela Garcia,daniela.garcia@novatech.mx,5556508064,Leon,2024-05-06,app_movil,True,2024,5,877
1683,Ximena Guerrero,ximena.guerrero@gmail.com,5546462447,Veracruz,2024-05-08,web,False,2024,5,875
295,Alonso Ramirez,alonso.ramirez@novatech.mx,5547304977,Puebla,2024-05-27,tienda_fisica,False,2024,5,856
1475,leandro delgado,leandro.delgado@novatech.mx,5540507909,Merida,2025-02-25,tienda_fisica,True,2025,2,582
681,Natalia Perez,natalia.perez@novatech.mx,5532437204,Cancun,2024-06-24,web,False,2024,6,828
5,Javier Cruz,javier.cruz@hotmail.com,5557501161,Merida,2025-05-12,tienda_fisica,True,2025,5,506
348,Maria Ruiz,maria.ruiz@hotmail.com,5522112084,Guadalajara,2025-03-28,web,True,2025,3,551
49,Rodrigo Cardona,rodrigo.cardona@hotmail.com,5545819747,Leon,2024-05-30,app_movil,False,2024,5,853
482,Abril Alvarez,abril.alvarez@yahoo.com.mx,5596001117,Veracruz,2025-02-22,app_movil,False,2025,2,585
964,Natalia Gonzalez,natalia.gonzalez@hotmail.com,5565117548,Cancun,2024-09-04,web,True,2024,9,756
246,Itzel Rojas,itzel.rojas@novatech.mx,5554009379,Guadalajara,2024-02-20,web,False,2024,2,953
465,Carlos Alvarez,carlos.alvarez@hotmail.com,5546832826,Monterrey,2024-01-17,tienda_fisica,False,2024,1,987
1709,miguel mendez,miguel.mendez@hotmail.com,5599166383,Ciudad de Mexico,2024-04-26,web,False,2024,4,887
540,Ernesto Solis,ernesto.solis@outlook.com,5513634070,Merida,2025-07-10,web,True,2025,7,447
603,Sofia Flores,sofia.flores@hotmail.com,5589005490,Veracruz,2024-07-13,app_movil,True,2024,7,809
1124,Ricardo Morales,ricardo.morales@yahoo.com.mx,5572332631,Monterrey,2024-06-29,web,False,2024,6,823
678,Ignacio Rojas,ignacio.rojas@outlook.com,5586378291,Cancun,2024-12-27,tienda_fisica,True,2024,12,642
859,Alonso Sanchez,alonso.sanchez@gmail.com,5591092773,Guadalajara,2024-05-12,tienda_fisica,True,2024,5,871
1248,Maria Lozano,maria.lozano@gmail.com,5520249281,Monterrey,2024-01-30,app_movil,True,2024,1,974
1277,Carlos Contreras,carlos.contreras@gmail.com,5590433692,Monterrey,2024-06-30,tienda_fisica,False,2024,6,822
917,Rodrigo Rivera,rodrigo.rivera@outlook.com,5538761812,Guadalajara,2025-02-09,web,True,2025,2,598
763,Ximena Guerrero,ximena.guerrero@outlook.com,5587644079,Merida,2024-01-14,tienda_fisica,False,2024,1,990
20,Octavio Hernandez,octavio.hernandez@hotmail.com,5575492810,Veracruz,2024-02-29,app_movil,False,2024,2,944
4,Andres Guerrero,SIN_DATO@novatech.mx,5555499263,Merida,2024-05-26,tienda_fisica,False,2024,5,857
1664,Valeria Gonzalez,valeria.gonzalez@outlook.com,5513071407,Queretaro,2025-05-18,tienda_fisica,False,2025,5,500
557,Citlali Salazar,citlali.salazar@hotmail.com,5532052585,Ciudad de Mexico,2025-02-07,tienda_fisica,False,2025,2,600
1946,Emmanuel Garcia,emmanuel.garcia@gmail.com,5557187130,Cancun,2024-03-19,app_movil,True,2024,3,925
1192,Rodrigo Morales,rodrigo.morales@novatech.mx,5514727533,Guadalajara,2025-04-24,tienda_fisica,True,2025,4,524
409,Guillermo Diaz,guillermo.diaz@yahoo.com.mx,5586852362,Merida,2025-05-04,tienda_fisica,False,2025,5,514
1883,Alberto Ramirez,alberto.ramirez@gmail.com,5530307987,Tijuana,2025-07-20,app_movil,True,2025,7,437
469,Renata Navarro,renata.navarro@yahoo.com.mx,5590051971,Puebla,2025-04-03,web,True,2025,4,545
815,Ernesto Lopez,ernesto.lopez@gmail.com,5516315656,Cancun,2025-07-15,app_movil,True,2025,7,442
946,Abril Pineda,abril.pineda@yahoo.com.mx,5563146277,Cancun,2024-04-28,app_movil,True,2024,4,885
830,Citlali Rojas,citlali.rojas@hotmail.com,5533878495,Puebla,2025-01-06,app_movil,False,2025,1,632
1827,Andres Iglesias,andres.iglesias@gmail.com,5577461469,Guadalajara,2024-07-29,app_movil,False,2024,7,793
1140,Alberto Rodriguez,alberto.rodriguez@yahoo.com.mx,5552894759,Monterrey,2025-05-22,app_movil,False,2025,5,496
1436,Briana Aguilar,briana.aguilar@hotmail.com,5558673785,Cancun,2024-10-30,tienda_fisica,True,2024,10,700
1380,Abril Rodriguez,abril.rodriguez@hotmail.com,5530466111,Ciudad de Mexico,2025-07-19,web,False,2025,7,438
1463,Gerardo Rodriguez,gerardo.rodriguez@yahoo.com.mx,5534312399,Leon,2024-07-28,app_movil,False,2024,7,794
1406,Norma Diaz,norma.diaz@hotmail.com,5560786030,Puebla,2025-07-12,tienda_fisica,True,2025,7,445
1871,Leticia Rodriguez,leticia.rodriguez@novatech.mx,5567256433,Monterrey,2024-11-29,app_movil,True,2024,11,670
1410,Camila Salazar,camila.salazar@gmail.com,5513582142,Leon,2024-06-12,app_movil,False,2024,6,840
478,Ignacio Perez,ignacio.perez@outlook.com,5559186621,Merida,2024-09-02,app_movil,False,2024,9,758
1933,raul molina,raul.molina@novatech.mx,5567052418,Guadalajara,2024-06-08,tienda_fisica,True,2024,6,844
420,Sergio Ruiz,sergio.ruiz@novatech.mx,5580512110,Puebla,2024-09-28,app_movil,True,2024,9,732
1754,Emiliano Ramirez,emiliano.ramirez@gmail.com,5511861282,Monterrey,2024-03-23,app_movil,False,2024,3,921
387,Andres Campos,andres.campos@outlook.com,5516573140,Cancun,2024-01-23,tienda_fisica,True,2024,1,981
1064,Rodrigo Ruiz,rodrigo.ruiz@outlook.com,5597681230,Guadalajara,2024-12-16,app_movil,False,2024,12,653
908,Citlali Castillo,citlali.castillo@outlook.com,5521603051,Merida,2025-04-24,web,True,2025,4,524
1988,PAOLA CAMPOS,paola.campos@novatech.mx,5568098609,Puebla,2024-02-28,tienda_fisica,True,2024,2,945
1129,Oscar Aguilar,oscar.aguilar@outlook.com,5568633443,Veracruz,2024-03-05,web,True,2024,3,939
861,Gabriela Alvarez,gabriela.alvarez@novatech.mx,5597742940,Veracruz,2024-10-26,app_movil,True,2024,10,704
888,Diego Cruz,diego.cruz@gmail.com,5564742656,Tijuana,2024-03-04,tienda_fisica,True,2024,3,940
584,Andres Contreras,andres.contreras@gmail.com,5565738786,Puebla,2024-05-10,app_movil,True,2024,5,873
1528,Ernesto Castillo,ernesto.castillo@outlook.com,5539668255,Ciudad de Mexico,2024-05-17,web,True,2024,5,866
757,Gerardo Torres,gerardo.torres@hotmail.com,5569463134,Monterrey,2024-03-25,web,False,2024,3,919
1982,Itzel Gonzalez,itzel.gonzalez@outlook.com,5512184343,Tijuana,2025-04-12,web,False,2025,4,536
1802,Victor Cruz,victor.cruz@gmail.com,5565002903,Puebla,2025-05-11,web,False,2025,5,507
89,Julio Rivera,julio.rivera@hotmail.com,5596941855,Guadalajara,2024-09-26,app_movil,True,2024,9,734
308,Luis Campos,luis.campos@gmail.com,5543644112,Cancun,2024-10-08,web,True,2024,10,722
725,Victor Mendez,victor.mendez@hotmail.com,5512202750,Puebla,2025-01-12,tienda_fisica,True,2025,1,626
695,Luis Delgado,luis.delgado@hotmail.com,5587802948,Tijuana,2025-05-06,app_movil,True,2025,5,512
1059,Guillermo Reyes,guillermo.reyes@yahoo.com.mx,5580186081,Monterrey,2024-12-27,tienda_fisica,True,2024,12,642
206,Lorena Flores,lorena.flores@hotmail.com,5593661657,Merida,2025-04-12,app_movil,False,2025,4,536
975,Paola Navarro,paola.navarro@gmail.com,5585146686,Ciudad de Mexico,2024-10-11,tienda_fisica,False,2024,10,719
1616,Paola Molina,paola.molina@novatech.mx,5510559539,Monterrey,2024-09-20,app_movil,True,2024,9,740
940,Fernanda Vargas,fernanda.vargas@gmail.com,5551319579,Veracruz,2024-06-10,tienda_fisica,False,2024,6,842
10,Oscar Lozano,oscar.lozano@gmail.com,5598564160,Guadalajara,2025-02-08,web,True,2025,2,599
602,Ricardo Mendez,ricardo.mendez@outlook.com,5574617223,Tijuana,2025-07-25,app_movil,True,2025,7,432
1853,Citlali Pineda,citlali.pineda@yahoo.com.mx,5523916467,Puebla,2024-02-15,tienda_fisica,True,2024,2,958
1891,Victor Molina,victor.molina@novatech.mx,5528292729,Ciudad de Mexico,2025-06-18,web,False,2025,6,469
1048,Diana Sanchez,diana.sanchez@yahoo.com.mx,5519819971,Veracruz,2025-04-17,app_movil,False,2025,4,531
1265,Camila Reyes,camila.reyes@hotmail.com,5543009768,Monterrey,2024-09-23,web,False,2024,9,737
838,Samantha Cruz,samantha.cruz@yahoo.com.mx,5561703806,Puebla,2024-03-14,app_movil,True,2024,3,930
1409,Ricardo Flores,ricardo.flores@yahoo.com.mx,5522036078,Queretaro,2024-09-18,tienda_fisica,True,2024,9,742
583,Andres Gonzalez,andres.gonzalez@outlook.com,5542709546,Queretaro,2024-12-06,app_movil,False,2024,12,663
592,Luis Flores,luis.flores@outlook.com,5574084608,Ciudad de Mexico,2025-05-07,tienda_fisica,True,2025,5,511
571,Mariana Vega,mariana.vega@novatech.mx,5523004031,Guadalajara,2025-01-01,web,False,2025,1,637
1056,Daniela Gonzalez,daniela.gonzalez@yahoo.com.mx,5570927356,Queretaro,2024-03-14,tienda_fisica,True,2024,3,930
1921,Paulina Castillo,paulina.castillo@outlook.com,5544646432,Queretaro,2025-04-27,app_movil,False,2025,4,521
2029,Sergio Guerrero,sergio.guerrero@gmail.com,5533751090,Ciudad de Mexico,2024-11-07,app_movil,True,2024,11,692
1002,Paulina Rojas,paulina.rojas@hotmail.com,5549847630,Leon,2024-11-29,web,False,2024,11,670
952,Rodrigo Molina,rodrigo.molina@yahoo.com.mx,5583331274,Puebla,2025-07-11,app_movil,True,2025,7,446
1681,Guillermo Diaz,guillermo.diaz@novatech.mx,5510755228,Veracruz,2024-09-16,tienda_fisica,True,2024,9,744
1137,Raul Molina,raul.molina@novatech.mx,5563925565,Monterrey,2025-02-02,web,True,2025,2,605
1806,Daniela Rendon,daniela.rendon@gmail.com,5574876898,Guadalajara,2025-03-07,app_movil,True,2025,3,572
1481,Raul Campos,raul.campos@hotmail.com,5589599509,Puebla,2024-06-29,web,True,2024,6,823
1892,Alberto Vega,alberto.vega@yahoo.com.mx,5590748590,Ciudad de Mexico,2024-01-18,web,True,2024,1,986
754,Daniela Reyes,daniela.reyes@novatech.mx,5511845335,Queretaro,2024-06-11,tienda_fisica,False,2024,6,841
1349,Luis Aguilar,luis.aguilar@hotmail.com,5572565634,Tijuana,2024-10-19,web,False,2024,10,711
1520,Carlos Molina,carlos.molina@outlook.com,5550762271,Cancun,2025-06-23,web,False,2025,6,464
460,Hector Flores,hector.flores@outlook.com,5586296698,Ciudad de Mexico,2024-05-10,tienda_fisica,False,2024,5,873
768,Abril Cruz,abril.cruz@hotmail.com,5545491050,Monterrey,2025-01-13,tienda_fisica,False,2025,1,625
1777,julio navarro,julio.navarro@yahoo.com.mx,5568869833,Leon,2025-06-03,app_movil,True,2025,6,484
1240,Luis Lopez,luis.lopez@yahoo.com.mx,5555792894,Merida,2024-02-04,tienda_fisica,True,2024,2,969
1378,Citlali Cruz,citlali.cruz@gmail.com,5518333226,Puebla,2024-05-27,web,False,2024,5,856
789,Paulina Vargas,paulina.vargas@novatech.mx,5563774112,Merida,2025-05-19,app_movil,True,2025,5,499
699,Andres Campos,andres.campos@novatech.mx,5595391228,Guadalajara,2024-12-08,web,False,2024,12,661
1425,Ernesto Guerrero,ernesto.guerrero@yahoo.com.mx,5544315553,Queretaro,2025-08-17,app_movil,False,2025,8,409
104,Mariana Cardona,mariana.cardona@hotmail.com,SIN_DATO,Monterrey,2024-12-05,tienda_fisica,False,2024,12,664
1427,Samantha Ortiz,samantha.ortiz@outlook.com,5544613576,Merida,2024-11-28,app_movil,False,2024,11,671
1342,Daniela Hernandez,daniela.hernandez@novatech.mx,5516314756,Puebla,2024-10-27,app_movil,False,2024,10,703
776,Rodrigo Solis,rodrigo.solis@novatech.mx,5518598383,Tijuana,2025-04-24,web,True,2025,4,524
1647,Victor Contreras,victor.contreras@hotmail.com,5566454725,Merida,2025-04-11,web,False,2025,4,537
933,Paola Martinez,paola.martinez@outlook.com,5580851226,Tijuana,2024-05-12,app_movil,False,2024,5,871
227,Maria Hernandez,maria.hernandez@novatech.mx,5560715695,Ciudad de Mexico,2024-05-31,tienda_fisica,True,2024,5,852
936,Sofia Rendon,sofia.rendon@gmail.com,5582513377,Leon,2025-03-02,tienda_fisica,False,2025,3,577
1778,Sergio Contreras,sergio.contreras@novatech.mx,5559437743,Monterrey,2024-10-07,web,True,2024,10,723
1231,Ignacio Sanchez,ignacio.sanchez@yahoo.com.mx,5518744113,Tijuana,2024-09-23,tienda_fisica,False,2024,9,737
1096,Alberto Pineda,alberto.pineda@gmail.com,5593308893,Queretaro,2025-04-21,tienda_fisica,True,2025,4,527
806,Diana Vargas,diana.vargas@gmail.com,5571695673,Puebla,2025-04-06,web,True,2025,4,542
180,Daniela Bautista,daniela.bautista@novatech.mx,5589335209,Merida,2025-07-30,tienda_fisica,True,2025,7,427
2,Itzel Jimenez,itzel.jimenez@hotmail.com,SIN_DATO,Leon,2025-01-16,app_movil,True,2025,1,622
1639,Leandro Bautista,leandro.bautista@outlook.com,5537617918,Monterrey,2025-08-04,tienda_fisica,True,2025,8,422
1197,Maria Pineda,maria.pineda@outlook.com,5599157020,Leon,2024-11-13,tienda_fisica,True,2024,11,686
900,Leandro Torres,leandro.torres@gmail.com,5551852317,Ciudad de Mexico,2024-06-15,app_movil,False,2024,6,837
1431,PAOLA RODRIGUEZ,paola.rodriguez@gmail.com,5538017727,Leon,2024-10-09,tienda_fisica,False,2024,10,721
1149,Paola Gonzalez,paola.gonzalez@novatech.mx,5577799651,Monterrey,2025-08-22,tienda_fisica,True,2025,8,404
1491,Ximena Lopez,ximena.lopez@gmail.com,5574786901,Monterrey,2025-04-19,web,False,2025,4,529
1665,Ana Rendon,ana.rendon@outlook.com,5558554042,Guadalajara,2025-01-05,app_movil,True,2025,1,633
1179,Mariana Lopez,mariana.lopez@hotmail.com,5519423522,Leon,2024-12-15,web,True,2024,12,654
417,Hector Ruiz,hector.ruiz@novatech.mx,5578988957,Ciudad de Mexico,2025-07-30,web,True,2025,7,427
486,Gerardo Gonzalez,gerardo.gonzalez@hotmail.com,5510228832,Veracruz,2025-03-27,tienda_fisica,False,2025,3,552
2043,Andres Castillo,andres.castillo@hotmail.com,SIN_DATO,Guadalajara,2024-09-18,app_movil,True,2024,9,742
127,Ximena Pineda,ximena.pineda@outlook.com,5536701266,Guadalajara,2025-07-20,web,True,2025,7,437
1512,NATALIA PEREZ,natalia.perez@outlook.com,5565599616,Leon,2024-04-29,web,False,2024,4,884
1531,Alonso Rendon,alonso.rendon@yahoo.com.mx,5513956189,Cancun,2025-02-11,app_movil,False,2025,2,596
22,Valeria Cruz,valeria.cruz@yahoo.com.mx,5588367647,Guadalajara,2024-03-22,tienda_fisica,False,2024,3,922
1321,Alberto Rendon,alberto.rendon@novatech.mx,5581452075,Monterrey,2025-08-08,app_movil,False,2025,8,418
1498,Alberto Ortiz,alberto.ortiz@gmail.com,5585646628,Monterrey,2024-09-14,web,False,2024,9,746
714,Briana Gomez,briana.gomez@novatech.mx,5515192355,Monterrey,2024-09-12,web,False,2024,9,748
1136,Hector Morales,hector.morales@novatech.mx,5562217556,Puebla,2024-06-02,tienda_fisica,True,2024,6,850
729,Julio Torres,julio.torres@novatech.mx,5583178167,Cancun,2025-01-31,tienda_fisica,True,2025,1,607
1109,Gabriela Guerrero,gabriela.guerrero@novatech.mx,5578114793,Merida,2024-07-27,tienda_fisica,False,2024,7,795
1536,Emmanuel Lopez,emmanuel.lopez@hotmail.com,5575648847,Leon,2024-12-16,tienda_fisica,True,2024,12,653
989,Maria Flores,maria.flores@outlook.com,5578098901,Cancun,2024-04-26,app_movil,False,2024,4,887
1830,Maria Aguilar,maria.aguilar@outlook.com,5587905681,Veracruz,2024-09-04,tienda_fisica,True,2024,9,756
1275,Javier Perez,javier.perez@yahoo.com.mx,5522151953,Puebla,2024-01-22,tienda_fisica,True,2024,1,982
1271,Alejandra Contreras,alejandra.contreras@novatech.mx,5522674620,Cancun,2024-09-30,web,True,2024,9,730
1080,Maria Alvarez,maria.alvarez@yahoo.com.mx,5574925868,Veracruz,2024-08-19,app_movil,False,2024,8,772
1595,Briana Diaz,briana.diaz@gmail.com,5576244197,Merida,2024-10-02,tienda_fisica,True,2024,10,728
347,Itzel Molina,itzel.molina@novatech.mx,5556576431,Cancun,2024-05-08,web,False,2024,5,875
783,Leticia Mendez,leticia.mendez@yahoo.com.mx,5538022334,Merida,2025-03-15,tienda_fisica,False,2025,3,564
1175,Paola Vargas,paola.vargas@gmail.com,5591088677,Cancun,2024-01-28,app_movil,False,2024,1,976
1947,Paola Lopez,paola.lopez@hotmail.com,5588276834,Cancun,2025-05-12,app_movil,False,2025,5,506
591,Julio Martinez,julio.martinez@gmail.com,5544017783,Ciudad de Mexico,2025-06-10,tienda_fisica,False,2025,6,477
1442,Mariana Rodriguez,mariana.rodriguez@hotmail.com,5555087299,Puebla,2025-04-19,app_movil,True,2025,4,529
492,Samantha Ruiz,samantha.ruiz@yahoo.com.mx,5527439853,Puebla,2024-05-26,tienda_fisica,True,2024,5,857
737,Oscar Diaz,oscar.diaz@gmail.com,5582173457,Queretaro,2025-08-11,tienda_fisica,True,2025,8,415
1992,ALEJANDRA SOLIS,alejandra.solis@hotmail.com,5585884478,Cancun,2024-03-28,web,True,2024,3,916
645,Ignacio Herrera,ignacio.herrera@outlook.com,5583982731,Ciudad de Mexico,2025-06-01,tienda_fisica,False,2025,6,486
1513,Briana Rodriguez,briana.rodriguez@yahoo.com.mx,5535549835,Veracruz,2025-02-13,web,False,2025,2,594
884,Javier Herrera,javier.herrera@gmail.com,5593089639,Leon,2025-05-12,web,False,2025,5,506
1267,Oscar Ortiz,oscar.ortiz@gmail.com,5537954165,Leon,2025-03-08,web,False,2025,3,571
392,Daniela Rojas,daniela.rojas@outlook.com,5541323682,Cancun,2025-05-26,web,False,2025,5,492
1746,citlali diaz,citlali.diaz@hotmail.com,5544004704,Ciudad de Mexico,2024-04-16,tienda_fisica,False,2024,4,897
123,Luis Herrera,luis.herrera@hotmail.com,5575051044,Ciudad de Mexico,2025-08-21,web,True,2025,8,405
1403,Leandro Guerrero,leandro.guerrero@novatech.mx,5539581656,Puebla,2025-03-29,app_movil,False,2025,3,550
1493,Octavio Lopez,octavio.lopez@novatech.mx,5548743683,Cancun,2024-12-26,tienda_fisica,False,2024,12,643
250,Norma Garcia,norma.garcia@outlook.com,5580557941,Merida,2024-05-09,app_movil,False,2024,5,874
656,Norma Cruz,norma.cruz@gmail.com,5574032369,Monterrey,2024-06-29,app_movil,True,2024,6,823
1670,Sergio Martinez,sergio.martinez@hotmail.com,5568563221,Ciudad de Mexico,2025-07-20,app_movil,True,2025,7,437
1251,Gerardo Vega,gerardo.vega@yahoo.com.mx,5541573536,Guadalajara,2024-10-30,tienda_fisica,False,2024,10,700
1862,Leandro Lopez,leandro.lopez@outlook.com,5545952433,Tijuana,2025-04-13,tienda_fisica,False,2025,4,535
313,Alonso Garcia,alonso.garcia@outlook.com,5552308576,Merida,2024-12-31,tienda_fisica,False,2024,12,638
1447,Ximena Jimenez,ximena.jimenez@novatech.mx,5518677801,Ciudad de Mexico,2024-01-22,app_movil,True,2024,1,982
7,Emmanuel Vega,SIN_DATO@novatech.mx,5543818955,Veracruz,2024-04-08,tienda_fisica,True,2024,4,905
1274,Ignacio Mendez,ignacio.mendez@novatech.mx,5532602893,Veracruz,2024-05-04,tienda_fisica,False,2024,5,879
1031,Javier Pineda,javier.pineda@hotmail.com,5542717113,Cancun,2024-05-19,app_movil,False,2024,5,864
1252,Paulina Ortiz,paulina.ortiz@outlook.com,5589226220,Queretaro,2025-06-20,app_movil,True,2025,6,467
896,Fernanda Cruz,fernanda.cruz@hotmail.com,5517403035,Veracruz,2025-02-09,app_movil,False,2025,2,598
944,Diana Torres,diana.torres@novatech.mx,5587889993,Queretaro,2024-09-25,app_movil,True,2024,9,735
759,Samantha Hernandez,samantha.hernandez@yahoo.com.mx,5569247180,Merida,2024-06-20,web,True,2024,6,832
869,Daniela Guerrero,daniela.guerrero@novatech.mx,5528488784,Tijuana,2024-09-10,app_movil,False,2024,9,750
2058,Regina Salazar,regina.salazar@hotmail.com,SIN_DATO,Tijuana,2024-10-28,web,False,2024,10,702
355,Camila Cruz,camila.cruz@yahoo.com.mx,5590977382,Leon,2024-10-19,tienda_fisica,True,2024,10,711
365,Daniela Vargas,daniela.vargas@yahoo.com.mx,5529717755,Queretaro,2025-04-30,web,False,2025,4,518
1362,GABRIELA CAMPOS,gabriela.campos@hotmail.com,5535561955,Puebla,2025-07-26,app_movil,True,2025,7,431
264,Emiliano Diaz,emiliano.diaz@hotmail.com,5563485852,Puebla,2025-02-18,web,True,2025,2,589
539,Andres Ortiz,andres.ortiz@yahoo.com.mx,5546371529,Veracruz,2024-10-24,app_movil,True,2024,10,706
93,Sofia Sanchez,sofia.sanchez@yahoo.com.mx,SIN_DATO,Tijuana,2025-06-10,tienda_fisica,False,2025,6,477
1073,Fernanda Contreras,fernanda.contreras@yahoo.com.mx,5546295992,Monterrey,2025-02-14,app_movil,False,2025,2,593
1674,Guillermo Castillo,guillermo.castillo@outlook.com,5597774331,Queretaro,2024-05-23,app_movil,False,2024,5,860
1850,Daniela Ruiz,daniela.ruiz@gmail.com,5548851805,Tijuana,2025-07-31,tienda_fisica,True,2025,7,426
1424,Oscar Lopez,oscar.lopez@novatech.mx,5519727261,Queretaro,2025-03-28,web,False,2025,3,551
309,Octavio Vega,octavio.vega@hotmail.com,5551702605,Monterrey,2025-02-27,tienda_fisica,True,2025,2,580
1469,RODRIGO CAMPOS,rodrigo.campos@yahoo.com.mx,5570737984,Veracruz,2024-10-18,app_movil,False,2024,10,712
2025,Fernanda Jimenez,fernanda.jimenez@yahoo.com.mx,5574927092,Puebla,2024-01-07,app_movil,True,2024,1,997
173,Natalia Guerrero,natalia.guerrero@gmail.com,5579899075,Monterrey,2024-10-05,web,True,2024,10,725
1730,Rodrigo Gonzalez,rodrigo.gonzalez@gmail.com,5513745909,Cancun,2025-03-31,tienda_fisica,True,2025,3,548
732,Paola Diaz,paola.diaz@hotmail.com,5581389802,Cancun,2025-06-14,web,False,2025,6,473
760,Gerardo Guerrero,gerardo.guerrero@novatech.mx,5522857068,Puebla,2024-07-30,tienda_fisica,True,2024,7,792
881,Leticia Vargas,leticia.vargas@novatech.mx,5553466243,Tijuana,2025-01-12,web,True,2025,1,626
182,Hector Bautista,hector.bautista@gmail.com,5546395933,Leon,2024-12-08,tienda_fisica,True,2024,12,661
1726,Alberto Torres,alberto.torres@gmail.com,5531669505,Leon,2024-03-09,tienda_fisica,True,2024,3,935
1823,Guillermo Rendon,guillermo.rendon@gmail.com,5565367945,Ciudad de Mexico,2024-12-19,tienda_fisica,False,2024,12,650
1949,Luis Pineda,luis.pineda@outlook.com,5598039851,Puebla,2025-01-28,web,True,2025,1,610
1450,Gerardo Mendez,gerardo.mendez@gmail.com,5543088841,Merida,2024-08-21,web,True,2024,8,770
1840,Diana Rivera,diana.rivera@novatech.mx,5545201767,Ciudad de Mexico,2024-03-19,app_movil,False,2024,3,925
1731,Luis Castillo,luis.castillo@hotmail.com,5546933589,Puebla,2024-10-18,app_movil,False,2024,10,712
267,Ximena Reyes,ximena.reyes@yahoo.com.mx,5570949802,Leon,2024-08-20,web,False,2024,8,771
901,Leandro Alvarez,leandro.alvarez@gmail.com,5586092137,Tijuana,2024-08-03,tienda_fisica,True,2024,8,788
1702,Alejandra Cardona,alejandra.cardona@outlook.com,5572183896,Queretaro,2024-12-10,tienda_fisica,False,2024,12,659
761,Camila Ortiz,camila.ortiz@novatech.mx,5553737944,Leon,2024-06-10,web,True,2024,6,842
1748,Gabriela Hernandez,gabriela.hernandez@outlook.com,5546236165,Guadalajara,2025-07-18,tienda_fisica,False,2025,7,439
1901,Leandro Delgado,leandro.delgado@hotmail.com,5513086163,Tijuana,2024-02-05,web,False,2024,2,968
1614,luis mendez,luis.mendez@hotmail.com,5529584041,Monterrey,2025-04-18,tienda_fisica,False,2025,4,530
1804,Abril Aguilar,abril.aguilar@hotmail.com,5524992140,Veracruz,2024-09-20,tienda_fisica,True,2024,9,740
728,Rodrigo Contreras,rodrigo.contreras@yahoo.com.mx,5543757414,Tijuana,2024-12-08,app_movil,False,2024,12,661
839,Diego Herrera,diego.herrera@hotmail.com,5513152188,Puebla,2025-02-03,tienda_fisica,False,2025,2,604
1295,Alonso Perez,alonso.perez@outlook.com,5541495028,Cancun,2024-04-06,web,False,2024,4,907
1759,Ana Ortiz,ana.ortiz@hotmail.com,5540348961,Leon,2024-07-22,web,True,2024,7,800
1306,Diego Rojas,diego.rojas@yahoo.com.mx,5595467513,Puebla,2024-11-13,tienda_fisica,False,2024,11,686
1155,Alberto Vargas,alberto.vargas@hotmail.com,5564807860,Cancun,2025-03-27,tienda_fisica,False,2025,3,552
1110,Gerardo Rodriguez,gerardo.rodriguez@outlook.com,5566843101,Veracruz,2024-10-01,app_movil,True,2024,10,729
1605,Daniela Bautista,daniela.bautista@gmail.com,5564023561,Cancun,2025-07-23,tienda_fisica,False,2025,7,434
456,Alejandra Rojas,alejandra.rojas@gmail.com,5572527016,Monterrey,2025-07-30,web,True,2025,7,427
1711,Javier Flores,javier.flores@yahoo.com.mx,5566688025,Cancun,2024-06-22,web,True,2024,6,830
1579,Ana Perez,ana.perez@outlook.com,5566817921,Queretaro,2024-02-21,app_movil,True,2024,2,952
981,Gerardo Diaz,gerardo.diaz@yahoo.com.mx,5534346489,Veracruz,2024-02-24,app_movil,False,2024,2,949
1959,Renata Morales,renata.morales@outlook.com,5524335126,Monterrey,2025-04-08,tienda_fisica,True,2025,4,540
1054,Emiliano Torres,emiliano.torres@novatech.mx,5521389230,Queretaro,2024-01-13,app_movil,True,2024,1,991
1440,Valeria Mendez,valeria.mendez@hotmail.com,5531548585,Monterrey,2024-11-02,web,True,2024,11,697
1157,Carlos Herrera,carlos.herrera@gmail.com,5579546647,Puebla,2024-10-29,app_movil,False,2024,10,701
1542,Camila Torres,camila.torres@novatech.mx,5572559905,Cancun,2024-05-28,tienda_fisica,True,2024,5,855
578,Norma Morales,norma.morales@yahoo.com.mx,5561716232,Merida,2024-03-23,tienda_fisica,False,2024,3,921
1509,Norma Ortiz,norma.ortiz@outlook.com,5515284264,Tijuana,2025-10-06,tienda_fisica,True,2025,10,359
449,Rodrigo Bautista,rodrigo.bautista@outlook.com,5541404154,Veracruz,2024-04-15,tienda_fisica,True,2024,4,898
1354,Hector Torres,hector.torres@outlook.com,5548539778,Leon,2025-11-07,tienda_fisica,False,2025,11,327
383,Ximena Reyes,ximena.reyes@novatech.mx,5512668902,Puebla,2024-10-19,web,True,2024,10,711
1166,Leandro Jimenez,leandro.jimenez@novatech.mx,5594871661,Guadalajara,2025-11-04,app_movil,False,2025,11,330
817,Alonso Rojas,alonso.rojas@novatech.mx,5564314519,Ciudad de Mexico,2025-10-07,web,False,2025,10,358
962,Ernesto Ortiz,ernesto.ortiz@yahoo.com.mx,5547101324,Leon,2024-03-09,web,True,2024,3,935
483,Victor Castillo,victor.castillo@outlook.com,5547565093,Monterrey,2024-06-15,tienda_fisica,True,2024,6,837
331,Alejandra Ruiz,alejandra.ruiz@novatech.mx,5535454492,Veracruz,2025-02-06,tienda_fisica,False,2025,2,601
43,Paola Sanchez,paola.sanchez@yahoo.com.mx,5569118604,Veracruz,2024-03-20,app_movil,False,2024,3,924
722,Leandro Lozano,leandro.lozano@novatech.mx,5574848782,Puebla,2025-06-14,app_movil,False,2025,6,473
937,Leandro Navarro,leandro.navarro@outlook.com,5582926585,Queretaro,2025-05-14,app_movil,False,2025,5,504
34,Alejandra Morales,alejandra.morales@outlook.com,5560985841,Merida,2024-01-10,tienda_fisica,True,2024,1,994
1870,Octavio Diaz,octavio.diaz@hotmail.com,5589679845,Guadalajara,2025-06-02,tienda_fisica,False,2025,6,485
248,Samantha Diaz,samantha.diaz@yahoo.com.mx,5560943969,Cancun,2024-08-12,tienda_fisica,False,2024,8,779
256,Miguel Jimenez,miguel.jimenez@yahoo.com.mx,5541582228,Ciudad de Mexico,2025-06-08,tienda_fisica,False,2025,6,479
237,Gerardo Garcia,gerardo.garcia@novatech.mx,5555764088,Guadalajara,2025-04-08,web,False,2025,4,540
865,Gabriela Rendon,gabriela.rendon@hotmail.com,5581201904,Tijuana,2025-07-04,tienda_fisica,False,2025,7,453
1486,Ignacio Perez,ignacio.perez@gmail.com,5562071006,Ciudad de Mexico,2025-07-09,app_movil,False,2025,7,448
1101,Itzel Lozano,itzel.lozano@outlook.com,5515551943,Merida,2025-04-26,app_movil,False,2025,4,522
1828,Miguel Ruiz,miguel.ruiz@outlook.com,5559992550,Guadalajara,2025-04-19,app_movil,False,2025,4,529
443,Emiliano Martinez,emiliano.martinez@outlook.com,5531845287,Puebla,2025-06-11,tienda_fisica,False,2025,6,476
552,Mariana Herrera,mariana.herrera@outlook.com,5516642945,Monterrey,2024-07-14,web,False,2024,7,808
440,Guillermo Herrera,guillermo.herrera@hotmail.com,5510607646,Monterrey,2025-03-16,tienda_fisica,True,2025,3,563
247,Carlos Solis,carlos.solis@gmail.com,5572947648,Queretaro,2024-10-13,tienda_fisica,True,2024,10,717
1568,Lorena Lozano,lorena.lozano@yahoo.com.mx,5537854422,Puebla,2024-10-13,app_movil,True,2024,10,717
11,Emmanuel Campos,SIN_DATO@novatech.mx,5576975956,Merida,2025-09-05,app_movil,True,2025,9,390
633,Leticia Diaz,leticia.diaz@yahoo.com.mx,5581401229,Merida,2024-05-14,tienda_fisica,True,2024,5,869
1399,Valeria Rivera,valeria.rivera@yahoo.com.mx,5523253186,Puebla,2024-09-06,web,True,2024,9,754
785,Ernesto Herrera,ernesto.herrera@gmail.com,5593763633,Puebla,2025-11-01,web,False,2025,11,333
1831,Oscar Torres,oscar.torres@hotmail.com,5562736972,Guadalajara,2025-07-07,tienda_fisica,False,2025,7,450
1596,Mariana Campos,mariana.campos@yahoo.com.mx,5514565179,Guadalajara,2024-12-13,app_movil,True,2024,12,656
1925,Miguel Lozano,miguel.lozano@novatech.mx,5518565995,Guadalajara,2024-12-18,tienda_fisica,True,2024,12,651
464,Ignacio Guerrero,ignacio.guerrero@hotmail.com,5515649604,Tijuana,2024-12-04,web,False,2024,12,665
1288,Citlali Lopez,citlali.lopez@yahoo.com.mx,5593183436,Guadalajara,2024-07-28,tienda_fisica,False,2024,7,794
1675,Natalia Mendez,natalia.mendez@yahoo.com.mx,5570506020,Puebla,2025-03-30,web,True,2025,3,549
1749,Ignacio Rojas,ignacio.rojas@gmail.com,5548786509,Cancun,2024-06-21,tienda_fisica,True,2024,6,831
329,Raul Vargas,raul.vargas@gmail.com,5574629554,Veracruz,2025-08-20,tienda_fisica,True,2025,8,406
487,Mariana Herrera,mariana.herrera@yahoo.com.mx,5562534177,Ciudad de Mexico,2024-11-08,web,False,2024,11,691
168,Alberto Mendez,alberto.mendez@novatech.mx,5582234301,Tijuana,2024-05-28,app_movil,True,2024,5,855
558,Oscar Hernandez,oscar.hernandez@outlook.com,5533137819,Queretaro,2024-01-11,app_movil,True,2024,1,993
139,Andres Reyes,andres.reyes@novatech.mx,5587143024,Guadalajara,2025-02-09,app_movil,True,2025,2,598
249,Sofia Ramirez,sofia.ramirez@outlook.com,5585212811,Guadalajara,2025-05-18,web,False,2025,5,500
272,Sergio Rodriguez,sergio.rodriguez@outlook.com,5552332148,Monterrey,2025-02-26,tienda_fisica,False,2025,2,581
1391,Valeria Ruiz,valeria.ruiz@hotmail.com,5538968659,Puebla,2025-08-18,app_movil,True,2025,8,408
1636,Maria Pineda,maria.pineda@novatech.mx,5547296161,Monterrey,2025-07-22,app_movil,True,2025,7,435
1387,Renata Delgado,renata.delgado@yahoo.com.mx,5529907236,Puebla,2024-10-31,tienda_fisica,True,2024,10,699
1337,Leticia Cardona,leticia.cardona@hotmail.com,5537619175,Merida,2024-05-18,app_movil,True,2024,5,865
1687,Octavio Castillo,octavio.castillo@novatech.mx,5546568121,Cancun,2024-01-22,web,True,2024,1,982
626,Diana Torres,diana.torres@yahoo.com.mx,5543749174,Monterrey,2025-01-06,tienda_fisica,False,2025,1,632
1025,Natalia Cruz,natalia.cruz@outlook.com,5567753788,Ciudad de Mexico,2024-03-22,web,True,2024,3,922
1458,Paulina Rivera,paulina.rivera@yahoo.com.mx,5589457315,Queretaro,2025-08-03,app_movil,True,2025,8,423
1254,Javier Ortiz,javier.ortiz@gmail.com,5537881950,Puebla,2024-03-26,app_movil,False,2024,3,918
1338,Ricardo Diaz,ricardo.diaz@gmail.com,5512295680,Puebla,2024-04-25,web,True,2024,4,888
17,Julio Diaz,julio.diaz@hotmail.com,5592986139,Monterrey,2024-10-31,tienda_fisica,True,2024,10,699
1041,Andres Guerrero,andres.guerrero@novatech.mx,5531109488,Tijuana,2024-10-23,app_movil,False,2024,10,707
673,Hector Garcia,hector.garcia@outlook.com,5525861839,Queretaro,2025-01-12,web,False,2025,1,626
1519,Gabriela Aguilar,gabriela.aguilar@outlook.com,5547991290,Puebla,2025-04-14,app_movil,False,2025,4,534
1692,Diana Reyes,diana.reyes@gmail.com,5568637899,Tijuana,2024-03-12,web,True,2024,3,932
1558,Raul Ramirez,raul.ramirez@novatech.mx,5559756931,Merida,2024-09-13,web,True,2024,9,747
775,Ana Rivera,ana.rivera@novatech.mx,5544557350,Guadalajara,2024-04-04,web,True,2024,4,909
845,Daniela Guerrero,daniela.guerrero@hotmail.com,5586504635,Puebla,2025-07-02,app_movil,False,2025,7,455
1606,Guillermo Jimenez,guillermo.jimenez@novatech.mx,5530552805,Cancun,2025-04-11,app_movil,True,2025,4,537
337,Victor Rojas,victor.rojas@novatech.mx,5534777610,Cancun,2024-11-20,web,True,2024,11,679
1007,Raul Reyes,raul.reyes@outlook.com,5581163192,Leon,2025-03-06,web,False,2025,3,573
1165,Regina Pineda,regina.pineda@outlook.com,5559565833,Cancun,2024-01-27,tienda_fisica,True,2024,1,977
259,Emiliano Cardona,emiliano.cardona@yahoo.com.mx,5552413733,Queretaro,2024-01-03,web,False,2024,1,1001
1666,Diego Molina,diego.molina@novatech.mx,5516792810,Guadalajara,2025-04-08,app_movil,True,2025,4,540
1078,Lorena Sanchez,lorena.sanchez@novatech.mx,5537649720,Cancun,2024-01-03,app_movil,True,2024,1,1001
1042,Oscar Navarro,oscar.navarro@hotmail.com,5571596344,Puebla,2024-01-19,app_movil,True,2024,1,985
1105,Daniela Morales,daniela.morales@outlook.com,5568803881,Puebla,2024-02-01,app_movil,False,2024,2,972
1452,Alberto Iglesias,alberto.iglesias@outlook.com,5580483197,Queretaro,2024-01-24,app_movil,False,2024,1,980
1068,Ximena Morales,ximena.morales@hotmail.com,5599834177,Leon,2024-09-25,tienda_fisica,True,2024,9,735
491,Hector Rojas,hector.rojas@outlook.com,5511537904,Queretaro,2024-05-28,web,True,2024,5,855
831,Rodrigo Gomez,rodrigo.gomez@yahoo.com.mx,5524551309,Tijuana,2025-08-12,tienda_fisica,True,2025,8,414
743,Sofia Martinez,sofia.martinez@outlook.com,5536101708,Ciudad de Mexico,2025-08-07,app_movil,True,2025,8,419
1468,Mariana Herrera,mariana.herrera@gmail.com,5591712963,Puebla,2025-01-16,app_movil,False,2025,1,622
354,Emmanuel Delgado,emmanuel.delgado@novatech.mx,5594738127,Veracruz,2024-01-15,tienda_fisica,False,2024,1,989
1571,Raul Torres,raul.torres@gmail.com,5580284672,Leon,2024-05-19,app_movil,False,2024,5,864
995,Renata Ramirez,renata.ramirez@gmail.com,5569023569,Tijuana,2024-08-16,tienda_fisica,True,2024,8,775
970,Renata Aguilar,renata.aguilar@gmail.com,5578935902,Puebla,2024-07-25,app_movil,False,2024,7,797
547,Rodrigo Solis,rodrigo.solis@outlook.com,5553825448,Leon,2024-06-21,tienda_fisica,True,2024,6,831
1868,LEANDRO HERRERA,leandro.herrera@outlook.com,5559242464,Tijuana,2024-12-12,tienda_fisica,False,2024,12,657
1963,Javier Rojas,javier.rojas@gmail.com,5517305776,Leon,2025-04-26,app_movil,False,2025,4,522
211,Mariana Castillo,mariana.castillo@novatech.mx,5539708742,Merida,2024-09-22,tienda_fisica,False,2024,9,738
1889,Emmanuel Gomez,emmanuel.gomez@novatech.mx,5582944782,Queretaro,2025-05-27,tienda_fisica,True,2025,5,491
1920,Paulina Herrera,paulina.herrera@gmail.com,5519033933,Merida,2024-03-04,web,True,2024,3,940
1655,Itzel Lozano,itzel.lozano@novatech.mx,5587059620,Leon,2024-10-24,tienda_fisica,True,2024,10,706
425,Hector Diaz,hector.diaz@novatech.mx,5519494813,Puebla,2024-01-03,app_movil,True,2024,1,1001
1126,Diana Flores,diana.flores@novatech.mx,5558223440,Guadalajara,2025-03-24,app_movil,False,2025,3,555
945,Julio Rivera,julio.rivera@outlook.com,5578116058,Puebla,2024-04-17,app_movil,True,2024,4,896
254,Carlos Lopez,carlos.lopez@gmail.com,5562342872,Veracruz,2025-03-20,web,False,2025,3,559
207,Carlos Navarro,carlos.navarro@gmail.com,5544703453,Queretaro,2024-12-02,tienda_fisica,False,2024,12,667
967,Citlali Jimenez,citlali.jimenez@gmail.com,5542111302,Queretaro,2025-03-03,web,True,2025,3,576
1153,Gerardo Rivera,gerardo.rivera@novatech.mx,5549587198,Merida,2024-03-14,tienda_fisica,False,2024,3,930
1679,Ernesto Aguilar,ernesto.aguilar@hotmail.com,5535524312,Merida,2025-08-15,web,True,2025,8,411
2003,Ximena Ortiz,ximena.ortiz@hotmail.com,5576641844,Puebla,2025-08-01,web,False,2025,8,425
41,Itzel Morales,itzel.morales@novatech.mx,SIN_DATO,Veracruz,2025-03-04,tienda_fisica,False,2025,3,575
711,Lorena Alvarez,lorena.alvarez@hotmail.com,5554467516,Tijuana,2024-12-02,app_movil,False,2024,12,667
1969,Ximena Navarro,ximena.navarro@gmail.com,5542928832,Guadalajara,2025-02-22,app_movil,True,2025,2,585
1548,Sofia Rojas,sofia.rojas@novatech.mx,5530777766,Leon,2025-05-31,web,False,2025,5,487
812,Ximena Salazar,ximena.salazar@yahoo.com.mx,5561649430,Merida,2025-04-07,web,False,2025,4,541
1817,Ricardo Castillo,ricardo.castillo@yahoo.com.mx,5571001187,Tijuana,2024-03-30,web,False,2024,3,914
1906,Alberto Morales,alberto.morales@outlook.com,5539474243,Tijuana,2025-04-14,tienda_fisica,True,2025,4,534
988,Octavio Solis,octavio.solis@outlook.com,5580947356,Guadalajara,2025-08-19,tienda_fisica,True,2025,8,407
1000,Julio Salazar,julio.salazar@novatech.mx,5557331836,Cancun,2024-04-06,tienda_fisica,True,2024,4,907
565,Raul Gomez,raul.gomez@yahoo.com.mx,5574364527,Merida,2025-01-23,tienda_fisica,False,2025,1,615
1975,Ana Morales,ana.morales@yahoo.com.mx,5563871473,Cancun,2025-09-03,app_movil,False,2025,9,392
398,Ximena Cardona,ximena.cardona@novatech.mx,5583169187,Puebla,2025-04-13,tienda_fisica,False,2025,4,535
1602,Ernesto Jimenez,ernesto.jimenez@novatech.mx,5519409446,Leon,2024-02-14,web,True,2024,2,959
1038,Ana Alvarez,ana.alvarez@hotmail.com,5571758129,Puebla,2024-12-03,tienda_fisica,True,2024,12,666
1607,Sergio Gonzalez,sergio.gonzalez@novatech.mx,5580861050,Veracruz,2024-03-19,web,True,2024,3,925
1551,Hector Lozano,hector.lozano@novatech.mx,5562113862,Veracruz,2024-10-04,web,True,2024,10,726
233,Norma Mendez,norma.mendez@novatech.mx,5519079527,Veracruz,2024-07-17,tienda_fisica,False,2024,7,805
281,Oscar Diaz,oscar.diaz@novatech.mx,5546274423,Puebla,2024-05-01,web,False,2024,5,882
107,Norma Guerrero,norma.guerrero@yahoo.com.mx,5559566595,Cancun,2025-07-28,app_movil,True,2025,7,429
1728,Camila Rendon,camila.rendon@yahoo.com.mx,5551367045,Veracruz,2025-06-21,web,True,2025,6,466
502,Renata Rivera,renata.rivera@outlook.com,5532844644,Cancun,2024-04-16,tienda_fisica,True,2024,4,897
1375,Abril Ruiz,abril.ruiz@outlook.com,5513739296,Tijuana,2025-07-28,tienda_fisica,True,2025,7,429
610,Abril Torres,abril.torres@novatech.mx,5515094587,Leon,2025-02-21,tienda_fisica,False,2025,2,586
1719,Citlali Jimenez,citlali.jimenez@yahoo.com.mx,5566257867,Leon,2024-04-25,app_movil,False,2024,4,888
245,Mariana Gomez,mariana.gomez@yahoo.com.mx,5583899897,Monterrey,2024-06-10,tienda_fisica,True,2024,6,842
1703,Andres Morales,andres.morales@gmail.com,5597701815,Ciudad de Mexico,2024-11-08,app_movil,True,2024,11,691
1305,Rodrigo Castillo,rodrigo.castillo@outlook.com,5542306068,Merida,2024-01-02,tienda_fisica,True,2024,1,1002
1020,Mariana Delgado,mariana.delgado@yahoo.com.mx,5512882798,Merida,2025-08-14,tienda_fisica,False,2025,8,412
619,Carlos Gomez,carlos.gomez@yahoo.com.mx,5531527115,Leon,2025-03-19,web,False,2025,3,560
33,Diego Rojas,diego.rojas@gmail.com,5546814757,Queretaro,2024-09-25,app_movil,True,2024,9,735
1359,Paulina Reyes,paulina.reyes@outlook.com,5594088049,Queretaro,2024-03-26,tienda_fisica,False,2024,3,918
1289,Victor Rivera,victor.rivera@hotmail.com,5518809376,Merida,2024-05-15,tienda_fisica,False,2024,5,868
1250,Regina Martinez,regina.martinez@yahoo.com.mx,5587285560,Puebla,2025-02-22,app_movil,True,2025,2,585
1741,Abril Lopez,abril.lopez@outlook.com,5545254860,Queretaro,2025-03-08,tienda_fisica,False,2025,3,571
959,Leticia Rivera,leticia.rivera@hotmail.com,5549001837,Ciudad de Mexico,2025-04-11,app_movil,False,2025,4,537
276,Alonso Herrera,alonso.herrera@novatech.mx,5531883160,Veracruz,2025-06-21,tienda_fisica,False,2025,6,466
1036,Maria Lopez,maria.lopez@gmail.com,5563953913,Cancun,2024-12-30,app_movil,True,2024,12,639
429,Ricardo Rivera,ricardo.rivera@yahoo.com.mx,5529995914,Veracruz,2024-01-11,tienda_fisica,True,2024,1,993
1098,Mariana Morales,mariana.morales@hotmail.com,5571588791,Leon,2025-03-13,app_movil,False,2025,3,566
30,Gabriela Hernandez,gabriela.hernandez@gmail.com,5561304330,Queretaro,2024-08-23,web,True,2024,8,768
88,Maria Lozano,maria.lozano@novatech.mx,5533283670,Monterrey,2024-11-26,app_movil,False,2024,11,673
1552,CARLOS RODRIGUEZ,carlos.rodriguez@outlook.com,5587174616,Leon,2025-07-29,app_movil,False,2025,7,428
808,Raul Gomez,raul.gomez@novatech.mx,5578812210,Tijuana,2024-12-01,web,False,2024,12,668
704,Renata Rodriguez,renata.rodriguez@outlook.com,5535251572,Guadalajara,2024-07-23,tienda_fisica,True,2024,7,799
1503,Raul Herrera,raul.herrera@hotmail.com,5562539075,Queretaro,2024-07-06,app_movil,False,2024,7,816
1543,Javier Diaz,javier.diaz@hotmail.com,5550756807,Ciudad de Mexico,2024-01-29,tienda_fisica,False,2024,1,975
367,Daniela Lozano,daniela.lozano@hotmail.com,5554491180,Cancun,2024-01-07,tienda_fisica,True,2024,1,997
73,Sergio Rojas,sergio.rojas@novatech.mx,5548941321,Cancun,2025-07-23,tienda_fisica,False,2025,7,434
66,Guillermo Vega,guillermo.vega@gmail.com,SIN_DATO,Guadalajara,2025-06-17,tienda_fisica,True,2025,6,470
842,Ignacio Salazar,ignacio.salazar@novatech.mx,5522631811,Guadalajara,2024-02-25,tienda_fisica,False,2024,2,948
9,Miguel Diaz,miguel.diaz@gmail.com,5547411309,Guadalajara,2024-05-07,web,False,2024,5,876
262,Emiliano Gonzalez,emiliano.gonzalez@outlook.com,5546492041,Queretaro,2025-05-29,web,True,2025,5,489
1465,Ernesto Navarro,ernesto.navarro@gmail.com,5535501029,Ciudad de Mexico,2025-01-29,app_movil,True,2025,1,609
69,Sergio Navarro,sergio.navarro@gmail.com,SIN_DATO,Ciudad de Mexico,2025-02-13,app_movil,False,2025,2,594
2047,Natalia Cruz,natalia.cruz@novatech.mx,5571848300,Guadalajara,2025-05-20,tienda_fisica,True,2025,5,498
746,Miguel Salazar,miguel.salazar@hotmail.com,5596357616,Ciudad de Mexico,2025-06-15,tienda_fisica,False,2025,6,472
1645,Renata Contreras,renata.contreras@gmail.com,5523098884,Ciudad de Mexico,2024-03-22,app_movil,False,2024,3,922
1369,Samantha Lopez,samantha.lopez@yahoo.com.mx,5567205385,Guadalajara,2024-12-19,tienda_fisica,True,2024,12,650
302,Paola Cardona,paola.cardona@yahoo.com.mx,5526947794,Merida,2024-03-08,app_movil,False,2024,3,936
1743,javier gomez,javier.gomez@gmail.com,5565921167,Cancun,2024-03-15,web,True,2024,3,929
973,Maria Flores,maria.flores@yahoo.com.mx,5515795183,Queretaro,2024-09-13,app_movil,True,2024,9,747
949,Paola Salazar,paola.salazar@gmail.com,5566203080,Merida,2024-11-10,tienda_fisica,True,2024,11,689
599,Andres Diaz,andres.diaz@hotmail.com,5572859793,Monterrey,2024-01-01,app_movil,False,2024,1,1003
522,Fernanda Morales,fernanda.morales@yahoo.com.mx,5573444789,Veracruz,2024-04-14,tienda_fisica,False,2024,4,899
510,Carlos Ortiz,carlos.ortiz@outlook.com,5576856605,Queretaro,2025-06-16,tienda_fisica,True,2025,6,471
1950,Raul Sanchez,raul.sanchez@novatech.mx,5561868036,Veracruz,2024-07-31,app_movil,False,2024,7,791
1522,Diego Perez,diego.perez@gmail.com,5526763402,Queretaro,2024-11-23,tienda_fisica,True,2024,11,676
1521,Raul Sanchez,raul.sanchez@yahoo.com.mx,5571109565,Ciudad de Mexico,2025-03-27,web,True,2025,3,552
1898,Alonso Cardona,alonso.cardona@gmail.com,5598239527,Leon,2024-05-16,tienda_fisica,False,2024,5,867
461,Briana Aguilar,briana.aguilar@yahoo.com.mx,5570805442,Ciudad de Mexico,2024-01-07,app_movil,False,2024,1,997
393,Maria Guerrero,maria.guerrero@novatech.mx,5535696717,Cancun,2025-02-25,app_movil,True,2025,2,582
161,Hector Castillo,hector.castillo@novatech.mx,5523922367,Tijuana,2025-04-24,tienda_fisica,False,2025,4,524
32,Andres Vega,SIN_DATO@novatech.mx,5572433298,Cancun,2024-07-25,tienda_fisica,True,2024,7,797
453,Diana Garcia,diana.garcia@hotmail.com,5517478641,Veracruz,2025-08-13,app_movil,True,2025,8,413
563,Carlos Herrera,carlos.herrera@hotmail.com,5522683801,Tijuana,2024-07-23,web,True,2024,7,799
713,Abril Alvarez,abril.alvarez@novatech.mx,5558117588,Leon,2025-03-27,tienda_fisica,True,2025,3,552
1123,Ricardo Lopez,ricardo.lopez@yahoo.com.mx,5510059909,Queretaro,2024-10-26,web,False,2024,10,704
1070,Victor Herrera,victor.herrera@yahoo.com.mx,5535528872,Guadalajara,2024-11-26,app_movil,False,2024,11,673
1987,Julio Iglesias,julio.iglesias@gmail.com,5514865040,Merida,2024-11-15,web,True,2024,11,684
1999,Norma Cruz,norma.cruz@novatech.mx,5538389841,Queretaro,2025-03-04,tienda_fisica,False,2025,3,575
1698,Fernanda Aguilar,fernanda.aguilar@gmail.com,5553329924,Queretaro,2024-01-15,web,True,2024,1,989
891,Gabriela Ramirez,gabriela.ramirez@hotmail.com,5545517641,Ciudad de Mexico,2024-10-23,tienda_fisica,False,2024,10,707
778,Carlos Lopez,carlos.lopez@novatech.mx,5559657373,Cancun,2024-12-06,tienda_fisica,False,2024,12,663
637,Andres Pineda,andres.pineda@hotmail.com,5572493002,Monterrey,2025-11-01,tienda_fisica,False,2025,11,333
764,Leandro Gomez,leandro.gomez@gmail.com,5585844822,Veracruz,2024-05-09,app_movil,False,2024,5,874
1261,Rodrigo Guerrero,rodrigo.guerrero@gmail.com,5596192730,Leon,2024-08-12,app_movil,False,2024,8,779
1534,Raul Iglesias,raul.iglesias@yahoo.com.mx,5584382028,Ciudad de Mexico,2024-06-20,tienda_fisica,True,2024,6,832
1368,Ximena Garcia,ximena.garcia@novatech.mx,5540408326,Veracruz,2024-12-08,app_movil,False,2024,12,661
804,Ignacio Lopez,ignacio.lopez@hotmail.com,5546469480,Leon,2025-03-16,tienda_fisica,False,2025,3,563
521,Mariana Vega,mariana.vega@yahoo.com.mx,5570211778,Guadalajara,2024-03-02,app_movil,True,2024,3,942
832,Ricardo Rendon,ricardo.rendon@novatech.mx,5591047813,Ciudad de Mexico,2024-08-26,web,False,2024,8,765
671,Victor Guerrero,victor.guerrero@gmail.com,5572875165,Merida,2025-02-10,web,True,2025,2,597
1808,Fernanda Ramirez,fernanda.ramirez@yahoo.com.mx,5579583145,Queretaro,2024-02-19,tienda_fisica,False,2024,2,954
1506,Leticia Delgado,leticia.delgado@yahoo.com.mx,5598999965,Ciudad de Mexico,2024-07-19,app_movil,False,2024,7,803
1189,Daniela Molina,daniela.molina@novatech.mx,5518751345,Tijuana,2025-02-15,web,False,2025,2,592
1807,Valeria Vega,valeria.vega@gmail.com,5551163395,Ciudad de Mexico,2025-01-20,app_movil,True,2025,1,618
31,Raul Reyes,raul.reyes@hotmail.com,5513264046,Guadalajara,2025-04-24,web,True,2025,4,524
1790,Miguel Contreras,miguel.contreras@yahoo.com.mx,5541779601,Ciudad de Mexico,2025-01-24,tienda_fisica,False,2025,1,614
1658,Daniela Molina,daniela.molina@yahoo.com.mx,5579858935,Leon,2024-01-20,web,True,2024,1,984
1758,Ana Molina,ana.molina@yahoo.com.mx,5586381394,Monterrey,2025-06-30,app_movil,True,2025,6,457
489,Mariana Molina,mariana.molina@gmail.com,5594892601,Cancun,2025-01-09,app_movil,True,2025,1,629
1285,Carlos Guerrero,carlos.guerrero@hotmail.com,5553958093,Guadalajara,2024-12-22,web,False,2024,12,647
1770,Javier Rendon,javier.rendon@novatech.mx,5523498599,Leon,2024-05-24,tienda_fisica,True,2024,5,859
124,Julio Hernandez,julio.hernandez@outlook.com,5597384278,Tijuana,2025-06-05,web,True,2025,6,482
756,Renata Lopez,renata.lopez@yahoo.com.mx,5519444815,Puebla,2024-02-10,tienda_fisica,True,2024,2,963
1784,Leandro Martinez,leandro.martinez@outlook.com,5538963344,Veracruz,2024-05-30,tienda_fisica,False,2024,5,853
154,Ernesto Rivera,ernesto.rivera@gmail.com,5597142593,Tijuana,2024-01-30,app_movil,False,2024,1,974
1798,norma rivera,norma.rivera@yahoo.com.mx,5546507675,Monterrey,2025-03-14,tienda_fisica,False,2025,3,565
1517,Miguel Flores,miguel.flores@outlook.com,5512459632,Leon,2024-01-30,tienda_fisica,True,2024,1,974
1800,Octavio Perez,octavio.perez@hotmail.com,5564663241,Ciudad de Mexico,2024-01-22,tienda_fisica,False,2024,1,982
1922,Gerardo Rodriguez,gerardo.rodriguez@gmail.com,5515508478,Veracruz,2025-04-23,tienda_fisica,False,2025,4,525
1114,Emiliano Molina,emiliano.molina@gmail.com,5572895208,Guadalajara,2024-12-08,web,True,2024,12,661
333,Leticia Flores,leticia.flores@gmail.com,5523084432,Merida,2024-03-06,app_movil,True,2024,3,938
1529,Leticia Alvarez,leticia.alvarez@outlook.com,5571933833,Guadalajara,2024-02-14,web,True,2024,2,959
753,Rodrigo Gonzalez,rodrigo.gonzalez@novatech.mx,5556167293,Monterrey,2025-07-06,tienda_fisica,True,2025,7,451
890,Carlos Cruz,carlos.cruz@novatech.mx,5534896386,Puebla,2025-03-16,web,True,2025,3,563
1314,Valeria Gomez,valeria.gomez@gmail.com,5590561944,Leon,2024-05-13,app_movil,False,2024,5,870
1003,Gerardo Ramirez,gerardo.ramirez@outlook.com,5555942956,Tijuana,2024-11-03,app_movil,False,2024,11,696
1396,Victor Cardona,victor.cardona@novatech.mx,5568396131,Leon,2024-02-19,web,True,2024,2,954
1081,Gabriela Cardona,gabriela.cardona@novatech.mx,5594474524,Leon,2025-06-08,web,False,2025,6,479
1075,Sofia Castillo,sofia.castillo@hotmail.com,5552936191,Veracruz,2024-04-18,app_movil,True,2024,4,895
926,Raul Alvarez,raul.alvarez@novatech.mx,5588983736,Monterrey,2024-02-21,tienda_fisica,False,2024,2,952
1863,Hector Martinez,hector.martinez@hotmail.com,5585269936,Leon,2024-07-26,tienda_fisica,False,2024,7,796
1582,Rodrigo Alvarez,rodrigo.alvarez@novatech.mx,5567153918,Merida,2024-06-12,app_movil,True,2024,6,840
1426,Alberto Delgado,alberto.delgado@hotmail.com,5588643278,Cancun,2024-10-05,web,False,2024,10,725
54,Paulina Morales,paulina.morales@hotmail.com,5550505088,Merida,2024-05-15,app_movil,True,2024,5,868
1300,Alejandra Rojas,alejandra.rojas@novatech.mx,5582729287,Ciudad de Mexico,2024-10-01,tienda_fisica,False,2024,10,729
1115,Sergio Cardona,sergio.cardona@outlook.com,5551379758,Veracruz,2024-12-14,web,True,2024,12,655
1448,Sofia Diaz,sofia.diaz@novatech.mx,5580681902,Ciudad de Mexico,2024-11-14,web,True,2024,11,685
1373,Julio Lozano,julio.lozano@yahoo.com.mx,5515241912,Leon,2025-06-06,app_movil,False,2025,6,481
1939,Ricardo Perez,ricardo.perez@gmail.com,5559465244,Queretaro,2025-01-18,app_movil,False,2025,1,620
546,Ernesto Torres,ernesto.torres@gmail.com,5598488653,Tijuana,2024-03-29,tienda_fisica,False,2024,3,915
94,Leticia Delgado,leticia.delgado@outlook.com,5590765362,Puebla,2024-05-09,tienda_fisica,True,2024,5,874
438,Sofia Cardona,sofia.cardona@hotmail.com,5516729897,Leon,2024-01-17,app_movil,True,2024,1,987
972,Victor Gomez,victor.gomez@outlook.com,5572299850,Queretaro,2025-02-08,app_movil,True,2025,2,599
1562,Julio Ortiz,julio.ortiz@hotmail.com,5541588759,Leon,2024-02-15,web,False,2024,2,958
1232,Julio Rojas,julio.rojas@novatech.mx,5562542816,Tijuana,2024-05-08,web,True,2024,5,875
696,Paulina Molina,paulina.molina@yahoo.com.mx,5561196742,Veracruz,2024-11-22,tienda_fisica,False,2024,11,677
1045,Miguel Salazar,miguel.salazar@novatech.mx,5548197712,Puebla,2025-07-09,tienda_fisica,True,2025,7,448
1574,Ana Rodriguez,ana.rodriguez@outlook.com,5551281168,Cancun,2024-04-03,tienda_fisica,True,2024,4,910
279,Luis Campos,luis.campos@outlook.com,5531287097,Cancun,2024-05-06,app_movil,False,2024,5,877
2041,Ernesto Flores,ernesto.flores@novatech.mx,5558543544,Veracruz,2024-03-01,web,False,2024,3,943
1432,Gerardo Vega,gerardo.vega@novatech.mx,5520792935,Guadalajara,2025-05-17,web,False,2025,5,501
929,Gerardo Herrera,gerardo.herrera@novatech.mx,5571177828,Veracruz,2025-04-15,app_movil,False,2025,4,533
480,Andres Martinez,andres.martinez@hotmail.com,5564644663,Queretaro,2024-07-09,app_movil,False,2024,7,813
18,Norma Torres,norma.torres@hotmail.com,5584379899,Tijuana,2024-06-26,tienda_fisica,True,2024,6,826
1386,Octavio Torres,octavio.torres@outlook.com,5581964433,Ciudad de Mexico,2025-01-25,tienda_fisica,True,2025,1,613
192,Hector Alvarez,hector.alvarez@novatech.mx,5575499109,Queretaro,2025-06-15,tienda_fisica,True,2025,6,472
548,Alejandra Iglesias,alejandra.iglesias@hotmail.com,5525432019,Leon,2025-05-23,web,False,2025,5,495
709,Leandro Garcia,leandro.garcia@hotmail.com,5594725003,Puebla,2024-12-10,app_movil,False,2024,12,659
40,Ana Vargas,SIN_DATO@novatech.mx,SIN_DATO,Queretaro,2025-07-16,web,False,2025,7,441
1230,Leandro Herrera,leandro.herrera@outlook.com,5569619002,Cancun,2024-08-18,web,False,2024,8,773
1138,Alberto Lopez,alberto.lopez@novatech.mx,5587588047,Monterrey,2024-02-12,app_movil,True,2024,2,961
115,Julio Torres,julio.torres@outlook.com,SIN_DATO,Veracruz,2024-04-19,tienda_fisica,False,2024,4,894
1311,Guillermo Navarro,guillermo.navarro@gmail.com,5540886746,Ciudad de Mexico,2024-07-30,app_movil,True,2024,7,792
1972,lorena hernandez,lorena.hernandez@gmail.com,5565048879,Guadalajara,2024-02-05,app_movil,False,2024,2,968
336,Julio Alvarez,julio.alvarez@novatech.mx,5517658879,Tijuana,2024-05-15,tienda_fisica,True,2024,5,868
179,Samantha Bautista,samantha.bautista@yahoo.com.mx,5590313897,Leon,2024-12-05,app_movil,False,2024,12,664
1629,Octavio Lozano,octavio.lozano@gmail.com,5537969733,Veracruz,2024-10-19,tienda_fisica,False,2024,10,711
1353,Daniela Aguilar,daniela.aguilar@hotmail.com,5511568556,Ciudad de Mexico,2025-03-16,tienda_fisica,False,2025,3,563
1501,Citlali Rodriguez,citlali.rodriguez@novatech.mx,5516236587,Veracruz,2024-06-23,web,False,2024,6,829
1333,Sofia Hernandez,sofia.hernandez@gmail.com,5592079400,Ciudad de Mexico,2025-07-29,tienda_fisica,False,2025,7,428
132,Octavio Iglesias,octavio.iglesias@hotmail.com,5599991532,Queretaro,2024-05-23,web,True,2024,5,860
745,Diana Ramirez,diana.ramirez@hotmail.com,5519536131,Cancun,2024-01-19,web,False,2024,1,985
1510,Alonso Reyes,alonso.reyes@gmail.com,5592874991,Tijuana,2024-04-14,app_movil,False,2024,4,899
352,Gabriela Flores,gabriela.flores@gmail.com,5546911180,Monterrey,2025-01-21,tienda_fisica,False,2025,1,617
657,Victor Pineda,victor.pineda@hotmail.com,5571965896,Cancun,2025-07-10,tienda_fisica,True,2025,7,447
1355,Ernesto Navarro,ernesto.navarro@yahoo.com.mx,5515071651,Puebla,2024-02-12,tienda_fisica,False,2024,2,961
955,Diego Castillo,diego.castillo@hotmail.com,5549697368,Puebla,2024-04-01,web,True,2024,4,912
153,Briana Jimenez,briana.jimenez@hotmail.com,5591904363,Leon,2024-05-11,tienda_fisica,True,2024,5,872
843,Renata Alvarez,renata.alvarez@outlook.com,5589532602,Puebla,2024-04-07,web,True,2024,4,906
1071,Gabriela Lozano,gabriela.lozano@gmail.com,5517628888,Queretaro,2024-03-10,web,False,2024,3,934
595,Hector Delgado,hector.delgado@hotmail.com,5588298549,Veracruz,2025-03-11,app_movil,True,2025,3,568
1453,Victor Rodriguez,victor.rodriguez@gmail.com,5593657265,Leon,2025-03-10,tienda_fisica,True,2025,3,569
914,Emmanuel Contreras,emmanuel.contreras@hotmail.com,5535998014,Puebla,2025-01-31,app_movil,False,2025,1,607
172,Samantha Gomez,samantha.gomez@novatech.mx,5559836987,Merida,2025-03-19,web,False,2025,3,560
724,Hector Diaz,hector.diaz@hotmail.com,5588784649,Tijuana,2024-01-12,web,False,2024,1,992
620,Maria Hernandez,maria.hernandez@outlook.com,5571797996,Veracruz,2024-06-18,web,True,2024,6,834
1856,Diego Solis,diego.solis@outlook.com,5531894057,Veracruz,2024-09-22,app_movil,False,2024,9,738
984,Victor Gomez,victor.gomez@gmail.com,5546417661,Monterrey,2024-02-16,web,True,2024,2,957
627,Valeria Martinez,valeria.martinez@hotmail.com,5514744549,Ciudad de Mexico,2025-06-27,app_movil,False,2025,6,460
149,Maria Sanchez,maria.sanchez@novatech.mx,5516184239,Guadalajara,2025-05-31,tienda_fisica,False,2025,5,487
1583,Citlali Molina,citlali.molina@novatech.mx,5572098302,Puebla,2025-02-21,app_movil,True,2025,2,586
672,Maria Ruiz,maria.ruiz@outlook.com,5521934453,Monterrey,2025-08-04,tienda_fisica,True,2025,8,422
1852,Camila Pineda,camila.pineda@gmail.com,5574946119,Veracruz,2024-01-08,tienda_fisica,False,2024,1,996
42,Andres Bautista,andres.bautista@yahoo.com.mx,SIN_DATO,Ciudad de Mexico,2024-09-26,tienda_fisica,False,2024,9,734
833,Itzel Contreras,itzel.contreras@hotmail.com,5582784153,Monterrey,2024-12-19,web,True,2024,12,650
1297,Citlali Herrera,citlali.herrera@hotmail.com,5513942857,Puebla,2024-04-01,tienda_fisica,False,2024,4,912
1867,Octavio Herrera,octavio.herrera@outlook.com,5519961665,Guadalajara,2024-09-01,app_movil,True,2024,9,759
1722,Renata Ramirez,renata.ramirez@yahoo.com.mx,5526049184,Monterrey,2024-05-14,app_movil,True,2024,5,869
1618,Ignacio Iglesias,ignacio.iglesias@outlook.com,5594939185,Leon,2025-03-02,tienda_fisica,True,2025,3,577
1444,Ernesto Guerrero,ernesto.guerrero@outlook.com,5535093952,Tijuana,2024-11-05,web,False,2024,11,694
13,Alonso Diaz,SIN_DATO@novatech.mx,5569632560,Veracruz,2024-09-23,web,True,2024,9,737
803,Ana Sanchez,ana.sanchez@hotmail.com,5599662675,Cancun,2024-02-27,web,True,2024,2,946
1087,Luis Contreras,luis.contreras@novatech.mx,5561332025,Merida,2024-01-14,tienda_fisica,False,2024,1,990
1550,Maria Diaz,maria.diaz@gmail.com,5571387123,Monterrey,2024-01-19,app_movil,True,2024,1,985
463,Leandro Aguilar,leandro.aguilar@hotmail.com,5531929040,Guadalajara,2024-10-05,tienda_fisica,True,2024,10,725
79,Leticia Hernandez,leticia.hernandez@novatech.mx,SIN_DATO,Puebla,2025-04-19,web,True,2025,4,529
77,Diana Molina,diana.molina@yahoo.com.mx,5533856970,Ciudad de Mexico,2025-05-17,web,False,2025,5,501
960,Rodrigo Castillo,rodrigo.castillo@gmail.com,5521552018,Cancun,2025-07-16,web,False,2025,7,441
1900,Emiliano Sanchez,emiliano.sanchez@outlook.com,5531331820,Tijuana,2025-02-17,app_movil,True,2025,2,590
576,Miguel Molina,miguel.molina@gmail.com,5573151237,Ciudad de Mexico,2024-07-22,web,False,2024,7,800
242,Natalia Vargas,natalia.vargas@outlook.com,5545308166,Leon,2025-04-05,tienda_fisica,False,2025,4,543
1684,Citlali Hernandez,citlali.hernandez@yahoo.com.mx,5584657827,Queretaro,2024-04-27,web,True,2024,4,886
341,Javier Iglesias,javier.iglesias@yahoo.com.mx,5518982799,Ciudad de Mexico,2024-08-17,tienda_fisica,True,2024,8,774
646,Ignacio Guerrero,ignacio.guerrero@yahoo.com.mx,5524382426,Guadalajara,2025-03-01,app_movil,False,2025,3,578
1302,Renata Cardona,renata.cardona@hotmail.com,5523494091,Monterrey,2024-01-03,app_movil,True,2024,1,1001
27,Regina Cardona,regina.cardona@outlook.com,5587875097,Queretaro,2024-01-29,tienda_fisica,True,2024,1,975
795,Oscar Perez,oscar.perez@yahoo.com.mx,5510298140,Veracruz,2025-05-18,web,True,2025,5,500
570,Luis Ortiz,luis.ortiz@novatech.mx,5541147165,Cancun,2024-08-22,tienda_fisica,True,2024,8,769
799,Carlos Jimenez,carlos.jimenez@yahoo.com.mx,5599773359,Ciudad de Mexico,2025-02-24,web,False,2025,2,583
1569,Valeria Bautista,valeria.bautista@yahoo.com.mx,5599125171,Leon,2025-08-01,app_movil,False,2025,8,425
1671,Mariana Contreras,mariana.contreras@gmail.com,5592444720,Guadalajara,2024-10-19,web,True,2024,10,711
1756,Andres Martinez,andres.martinez@novatech.mx,5596773113,Merida,2024-09-28,app_movil,True,2024,9,732
518,Itzel Diaz,itzel.diaz@hotmail.com,5579122032,Queretaro,2024-09-11,app_movil,True,2024,9,749
1148,Abril Lopez,abril.lopez@novatech.mx,5569217953,Monterrey,2025-08-03,app_movil,False,2025,8,423
1915,Valeria Lozano,valeria.lozano@hotmail.com,5530408130,Monterrey,2025-06-14,tienda_fisica,False,2025,6,473
1968,Diego Guerrero,diego.guerrero@outlook.com,5552159435,Veracruz,2024-09-12,tienda_fisica,True,2024,9,748
668,Alejandra Diaz,alejandra.diaz@novatech.mx,5568868551,Tijuana,2024-03-01,app_movil,False,2024,3,943
966,Oscar Flores,oscar.flores@novatech.mx,5569569220,Queretaro,2024-07-15,web,False,2024,7,807
85,Sergio Delgado,sergio.delgado@outlook.com,SIN_DATO,Puebla,2024-07-01,web,False,2024,7,821
328,Ximena Delgado,ximena.delgado@yahoo.com.mx,5588577540,Queretaro,2024-01-30,app_movil,True,2024,1,974
1082,Samantha Rivera,samantha.rivera@yahoo.com.mx,5558571552,Merida,2024-07-14,app_movil,False,2024,7,808
388,Raul Torres,raul.torres@novatech.mx,5592193161,Guadalajara,2024-11-03,web,False,2024,11,696
470,Fernanda Perez,fernanda.perez@novatech.mx,5576581115,Guadalajara,2024-04-01,web,True,2024,4,912
296,Hector Salazar,hector.salazar@novatech.mx,5583028598,Veracruz,2024-11-05,tienda_fisica,False,2024,11,694
198,Alejandra Hernandez,alejandra.hernandez@yahoo.com.mx,5520448262,Merida,2024-05-10,app_movil,False,2024,5,873
1911,Emmanuel Rojas,emmanuel.rojas@novatech.mx,5530062786,Leon,2025-04-22,tienda_fisica,False,2025,4,526
1986,Fernanda Gonzalez,fernanda.gonzalez@hotmail.com,5598629522,Cancun,2024-09-15,app_movil,False,2024,9,745
298,Norma Lozano,norma.lozano@gmail.com,5539573488,Queretaro,2024-11-07,web,False,2024,11,692
1945,Leticia Lozano,leticia.lozano@novatech.mx,5592671222,Guadalajara,2024-11-10,tienda_fisica,True,2024,11,689
834,Abril Reyes,abril.reyes@gmail.com,5540181645,Puebla,2024-03-20,tienda_fisica,True,2024,3,924
1408,Andres Rendon,andres.rendon@outlook.com,5533397818,Puebla,2024-02-25,app_movil,True,2024,2,948
1893,Miguel Bautista,miguel.bautista@yahoo.com.mx,5526243980,Guadalajara,2025-08-16,app_movil,True,2025,8,410
294,Raul Ruiz,raul.ruiz@novatech.mx,5565075582,Tijuana,2024-10-28,web,True,2024,10,702
506,Carlos Flores,carlos.flores@hotmail.com,5585114155,Puebla,2024-10-16,web,True,2024,10,714
228,Alberto Guerrero,alberto.guerrero@gmail.com,5551114492,Guadalajara,2024-04-13,app_movil,True,2024,4,900
1612,Emiliano Mendez,emiliano.mendez@hotmail.com,5572798800,Veracruz,2025-05-01,web,True,2025,5,517
921,Raul Cruz,raul.cruz@outlook.com,5569218723,Guadalajara,2024-09-26,tienda_fisica,False,2024,9,734
1530,Maria Aguilar,maria.aguilar@novatech.mx,5538967532,Cancun,2025-01-16,app_movil,True,2025,1,622
269,Briana Gomez,briana.gomez@hotmail.com,5570986808,Merida,2024-09-30,tienda_fisica,False,2024,9,730
1630,Octavio Sanchez,octavio.sanchez@gmail.com,5536649564,Ciudad de Mexico,2024-09-01,web,False,2024,9,759
288,Miguel Cruz,miguel.cruz@gmail.com,5519385407,Tijuana,2024-01-02,tienda_fisica,True,2024,1,1002
186,Julio Molina,julio.molina@outlook.com,5515481257,Monterrey,2025-03-19,app_movil,False,2025,3,560
1634,Emmanuel Diaz,emmanuel.diaz@yahoo.com.mx,5592758629,Guadalajara,2024-06-12,app_movil,True,2024,6,840
138,Paola Torres,paola.torres@yahoo.com.mx,5524312134,Veracruz,2025-04-12,app_movil,True,2025,4,536
1196,Camila Herrera,camila.herrera@hotmail.com,5591692766,Monterrey,2024-06-07,tienda_fisica,True,2024,6,845
1691,Diana Ruiz,diana.ruiz@outlook.com,5538222667,Queretaro,2025-01-30,tienda_fisica,True,2025,1,608
1662,Miguel Hernandez,miguel.hernandez@hotmail.com,5572733974,Cancun,2024-03-08,app_movil,False,2024,3,936
1760,Luis Jimenez,luis.jimenez@novatech.mx,5523284553,Monterrey,2024-08-01,tienda_fisica,True,2024,8,790
114,Guillermo Ramirez,guillermo.ramirez@yahoo.com.mx,5583951959,Tijuana,2024-06-30,tienda_fisica,True,2024,6,822
1650,Diana Rojas,diana.rojas@gmail.com,5593415258,Puebla,2024-12-09,app_movil,True,2024,12,660
1278,Diego Garcia,diego.garcia@novatech.mx,5556387939,Puebla,2025-07-03,web,False,2025,7,454
1283,Renata Morales,renata.morales@novatech.mx,5542458547,Leon,2025-05-12,tienda_fisica,False,2025,5,506
1638,Leandro Mendez,leandro.mendez@novatech.mx,5561531153,Guadalajara,2025-05-18,app_movil,True,2025,5,500
1024,Lorena Cruz,lorena.cruz@novatech.mx,5592055840,Monterrey,2025-08-05,web,True,2025,8,421
1050,Daniela Jimenez,daniela.jimenez@novatech.mx,5581823330,Monterrey,2025-05-29,app_movil,True,2025,5,489
1908,Citlali Gomez,citlali.gomez@outlook.com,5522921800,Queretaro,2024-11-07,tienda_fisica,False,2024,11,692
1039,Ana Iglesias,ana.iglesias@outlook.com,5541337026,Queretaro,2025-06-02,app_movil,False,2025,6,485
1644,Daniela Sanchez,daniela.sanchez@yahoo.com.mx,5540888381,Monterrey,2024-10-03,app_movil,False,2024,10,727
1379,Diego Rivera,diego.rivera@outlook.com,5533841876,Merida,2024-08-24,app_movil,True,2024,8,767
1132,Valeria Cardona,valeria.cardona@novatech.mx,5599175372,Monterrey,2024-01-24,web,False,2024,1,980
879,Diana Perez,diana.perez@gmail.com,5554882246,Ciudad de Mexico,2024-12-22,app_movil,True,2024,12,647
76,Abril Garcia,abril.garcia@novatech.mx,5533418830,Leon,2024-08-05,tienda_fisica,False,2024,8,786
697,Daniela Perez,daniela.perez@hotmail.com,5597265081,Monterrey,2024-06-18,web,False,2024,6,834
1307,Daniela Ramirez,daniela.ramirez@outlook.com,5552913759,Cancun,2024-12-28,web,True,2024,12,641
223,Itzel Sanchez,itzel.sanchez@novatech.mx,5516838223,Merida,2024-06-20,tienda_fisica,False,2024,6,832
1347,Maria Lopez,maria.lopez@yahoo.com.mx,5563001306,Guadalajara,2025-07-04,app_movil,False,2025,7,453
292,Luis Cardona,luis.cardona@gmail.com,5511191046,Veracruz,2024-05-04,tienda_fisica,False,2024,5,879
1052,Lorena Aguilar,lorena.aguilar@gmail.com,5576674810,Veracruz,2025-07-27,app_movil,False,2025,7,430
735,Abril Ortiz,abril.ortiz@novatech.mx,5563536403,Veracruz,2024-05-24,app_movil,False,2024,5,859
950,Camila Ortiz,camila.ortiz@hotmail.com,5596119555,Cancun,2025-04-18,app_movil,True,2025,4,530
840,Gerardo Morales,gerardo.morales@outlook.com,5525234245,Puebla,2024-04-22,app_movil,True,2024,4,891
1058,Lorena Alvarez,lorena.alvarez@novatech.mx,5540007304,Leon,2024-05-04,web,False,2024,5,879
503,Leticia Diaz,leticia.diaz@novatech.mx,5527541568,Cancun,2024-08-18,tienda_fisica,False,2024,8,773
109,Emiliano Bautista,emiliano.bautista@outlook.com,5536197287,Tijuana,2025-08-11,tienda_fisica,False,2025,8,415
1706,Julio Garcia,julio.garcia@novatech.mx,5549923097,Leon,2024-08-26,tienda_fisica,True,2024,8,765
1916,Octavio Rendon,octavio.rendon@yahoo.com.mx,5534852353,Tijuana,2025-06-22,app_movil,True,2025,6,465
606,Hector Guerrero,hector.guerrero@hotmail.com,5534055991,Cancun,2024-07-12,web,False,2024,7,810
611,Norma Navarro,norma.navarro@yahoo.com.mx,5590372585,Queretaro,2024-08-01,app_movil,True,2024,8,790
913,Citlali Sanchez,citlali.sanchez@yahoo.com.mx,5515358970,Puebla,2025-07-17,app_movil,True,2025,7,440
693,Sofia Rojas,sofia.rojas@gmail.com,5524113125,Queretaro,2024-12-28,tienda_fisica,False,2024,12,641
875,Emmanuel Torres,emmanuel.torres@yahoo.com.mx,5544914189,Queretaro,2025-03-10,app_movil,False,2025,3,569
954,Camila Iglesias,camila.iglesias@gmail.com,5581147903,Queretaro,2025-04-21,tienda_fisica,False,2025,4,527
389,Citlali Navarro,citlali.navarro@hotmail.com,5592658934,Queretaro,2024-12-20,web,True,2024,12,649
887,Diana Gonzalez,diana.gonzalez@hotmail.com,5556636937,Guadalajara,2025-03-26,tienda_fisica,False,2025,3,553
1156,Ricardo Rendon,ricardo.rendon@gmail.com,5538961314,Cancun,2024-04-14,app_movil,False,2024,4,899
1895,Citlali Mendez,citlali.mendez@novatech.mx,5581609380,Ciudad de Mexico,2024-08-13,web,True,2024,8,778
864,Ximena Ramirez,ximena.ramirez@gmail.com,5582637662,Leon,2024-11-25,app_movil,True,2024,11,674
1319,Abril Cardona,abril.cardona@hotmail.com,5559812762,Puebla,2024-02-13,web,False,2024,2,960
1615,Octavio Jimenez,octavio.jimenez@outlook.com,5517842430,Leon,2024-06-03,app_movil,True,2024,6,849
1159,Emiliano Alvarez,emiliano.alvarez@hotmail.com,5544635779,Monterrey,2024-04-25,tienda_fisica,True,2024,4,888
1593,Ana Rojas,ana.rojas@outlook.com,5561334640,Guadalajara,2024-01-23,app_movil,False,2024,1,981
1356,Gerardo Jimenez,gerardo.jimenez@novatech.mx,5539614940,Tijuana,2024-01-27,web,False,2024,1,977
1260,Luis Guerrero,luis.guerrero@novatech.mx,5517862365,Guadalajara,2025-03-10,web,True,2025,3,569
1507,Ricardo Navarro,ricardo.navarro@hotmail.com,5543653577,Leon,2024-10-28,web,False,2024,10,702
1116,Emmanuel Castillo,emmanuel.castillo@gmail.com,5584633535,Guadalajara,2025-01-08,app_movil,True,2025,1,630
1456,Samantha Morales,samantha.morales@novatech.mx,5572456916,Ciudad de Mexico,2025-01-29,tienda_fisica,False,2025,1,609
1832,Emmanuel Delgado,emmanuel.delgado@yahoo.com.mx,5581761191,Guadalajara,2025-05-01,web,False,2025,5,517
1610,Luis Contreras,luis.contreras@yahoo.com.mx,5557923121,Leon,2024-10-19,web,True,2024,10,711
819,Diego Pineda,diego.pineda@outlook.com,5598988412,Monterrey,2024-11-01,app_movil,False,2024,11,698
199,Samantha Guerrero,samantha.guerrero@outlook.com,5564734548,Ciudad de Mexico,2024-02-12,app_movil,True,2024,2,961
568,Lorena Bautista,lorena.bautista@hotmail.com,5596931798,Guadalajara,2024-06-29,app_movil,True,2024,6,823
569,Carlos Jimenez,carlos.jimenez@gmail.com,5592231137,Tijuana,2025-03-05,app_movil,True,2025,3,574
1143,Mariana Aguilar,mariana.aguilar@gmail.com,5553618733,Puebla,2024-08-29,tienda_fisica,False,2024,8,762
1813,Leticia Mendez,leticia.mendez@outlook.com,5558185989,Monterrey,2024-12-22,tienda_fisica,False,2024,12,647
856,Lorena Iglesias,lorena.iglesias@gmail.com,5522042121,Cancun,2024-11-02,app_movil,False,2024,11,697
1104,Camila Torres,camila.torres@yahoo.com.mx,5549055417,Ciudad de Mexico,2024-06-17,web,False,2024,6,835
1487,Andres Ramirez,andres.ramirez@gmail.com,5579692918,Queretaro,2025-06-08,web,False,2025,6,479
1259,Emmanuel Campos,emmanuel.campos@yahoo.com.mx,5551363270,Monterrey,2024-08-26,app_movil,True,2024,8,765
1234,Ricardo Flores,ricardo.flores@gmail.com,5596405434,Merida,2024-01-25,app_movil,True,2024,1,979
1253,Raul Diaz,raul.diaz@outlook.com,5595667713,Tijuana,2025-01-09,web,False,2025,1,629
1600,Lorena Castillo,lorena.castillo@hotmail.com,5560511831,Monterrey,2024-07-22,tienda_fisica,False,2024,7,800
208,Ximena Garcia,ximena.garcia@outlook.com,5523847416,Cancun,2024-02-02,web,False,2024,2,971
1247,Ricardo Solis,ricardo.solis@outlook.com,5542266940,Queretaro,2025-03-19,tienda_fisica,True,2025,3,560
589,Natalia Hernandez,natalia.hernandez@outlook.com,5534032034,Merida,2024-02-27,app_movil,False,2024,2,946
1402,Guillermo Mendez,guillermo.mendez@hotmail.com,5564505447,Monterrey,2024-12-02,app_movil,True,2024,12,667
624,Regina Rojas,regina.rojas@hotmail.com,5528844610,Leon,2025-05-13,web,False,2025,5,505
1482,Oscar Ramirez,oscar.ramirez@yahoo.com.mx,5529516096,Ciudad de Mexico,2025-08-22,tienda_fisica,False,2025,8,404
1632,Paola Castillo,paola.castillo@gmail.com,5565266150,Leon,2025-01-15,app_movil,False,2025,1,623
1952,Leticia Morales,leticia.morales@gmail.com,5572567699,Monterrey,2025-04-25,app_movil,True,2025,4,523
1874,Daniela Ruiz,daniela.ruiz@novatech.mx,5526115440,Tijuana,2024-06-20,app_movil,False,2024,6,832
802,Hector Lozano,hector.lozano@yahoo.com.mx,5538178516,Veracruz,2024-09-24,web,False,2024,9,736
305,Mariana Lopez,mariana.lopez@gmail.com,5588796013,Merida,2024-11-18,app_movil,True,2024,11,681
490,Gabriela Contreras,gabriela.contreras@yahoo.com.mx,5517316940,Merida,2024-04-18,app_movil,True,2024,4,895
1012,Andres Guerrero,andres.guerrero@outlook.com,5555878617,Cancun,2025-06-30,app_movil,True,2025,6,457
165,Ana Bautista,ana.bautista@gmail.com,5516173145,Ciudad de Mexico,2024-04-26,tienda_fisica,True,2024,4,887
1195,Javier Navarro,javier.navarro@novatech.mx,5538335272,Guadalajara,2024-02-19,web,True,2024,2,954
781,Sergio Aguilar,sergio.aguilar@hotmail.com,5593101337,Guadalajara,2024-01-06,app_movil,False,2024,1,998
904,Sofia Rendon,sofia.rendon@outlook.com,5518825006,Veracruz,2024-04-27,app_movil,True,2024,4,886
1654,Rodrigo Guerrero,rodrigo.guerrero@novatech.mx,5570976050,Cancun,2024-11-04,web,True,2024,11,695
1977,Valeria Ramirez,valeria.ramirez@yahoo.com.mx,5540136803,Cancun,2024-12-13,tienda_fisica,False,2024,12,656
1865,Andres Cruz,andres.cruz@outlook.com,5575655569,Merida,2025-02-26,tienda_fisica,True,2025,2,581
1325,Ana Martinez,ana.martinez@yahoo.com.mx,5566846560,Tijuana,2025-07-14,tienda_fisica,False,2025,7,443
1745,Emiliano Herrera,emiliano.herrera@novatech.mx,5596799620,Queretaro,2024-06-30,app_movil,True,2024,6,822
1404,Luis Reyes,luis.reyes@outlook.com,5590806536,Veracruz,2025-06-27,web,False,2025,6,460
1340,Citlali Martinez,citlali.martinez@novatech.mx,5510999451,Veracruz,2024-07-31,app_movil,True,2024,7,791
65,Ricardo Vargas,ricardo.vargas@hotmail.com,5524184691,Ciudad de Mexico,2024-06-11,web,False,2024,6,841
1869,Alonso Cruz,alonso.cruz@novatech.mx,5569541061,Tijuana,2024-03-03,tienda_fisica,False,2024,3,941
400,Leticia Morales,leticia.morales@yahoo.com.mx,5547357514,Puebla,2024-01-09,web,True,2024,1,995
444,Lorena Perez,lorena.perez@outlook.com,5566873434,Leon,2025-07-26,web,True,2025,7,431
1256,Octavio Lopez,octavio.lopez@outlook.com,5580252277,Leon,2025-08-22,app_movil,False,2025,8,404
108,Lorena Contreras,lorena.contreras@novatech.mx,5530936601,Tijuana,2024-05-10,app_movil,False,2024,5,873
45,Fernanda Lopez,fernanda.lopez@gmail.com,5528336836,Puebla,2024-02-14,tienda_fisica,True,2024,2,959
1734,Ana Reyes,ana.reyes@gmail.com,5553988011,Monterrey,2024-04-25,web,True,2024,4,888
1219,Oscar Mendez,oscar.mendez@hotmail.com,5589789155,Puebla,2025-06-03,tienda_fisica,True,2025,6,484
251,Guillermo Iglesias,guillermo.iglesias@outlook.com,5597424007,Veracruz,2025-07-22,tienda_fisica,True,2025,7,435
556,Samantha Cardona,samantha.cardona@novatech.mx,5535059691,Leon,2025-04-08,web,True,2025,4,540
1909,Sofia Alvarez,sofia.alvarez@gmail.com,5526356062,Merida,2024-07-30,tienda_fisica,True,2024,7,792
418,Javier Contreras,javier.contreras@yahoo.com.mx,5557516768,Monterrey,2024-07-13,app_movil,False,2024,7,809
684,Lorena Castillo,lorena.castillo@yahoo.com.mx,5556558149,Merida,2024-09-07,tienda_fisica,False,2024,9,753
1135,Citlali Hernandez,citlali.hernandez@novatech.mx,5579563995,Leon,2025-08-05,web,False,2025,8,421
1213,Julio Iglesias,julio.iglesias@outlook.com,5527324503,Cancun,2024-05-04,app_movil,False,2024,5,879
1713,Ernesto Pineda,ernesto.pineda@yahoo.com.mx,5592344463,Puebla,2025-04-30,app_movil,False,2025,4,518
488,Andres Garcia,andres.garcia@outlook.com,5531534962,Queretaro,2024-05-02,tienda_fisica,True,2024,5,881
1326,Regina Navarro,regina.navarro@gmail.com,5516192251,Veracruz,2025-07-31,tienda_fisica,True,2025,7,426
1527,Norma Pineda,norma.pineda@hotmail.com,5532551369,Leon,2024-02-04,tienda_fisica,False,2024,2,969
852,Hector Vega,hector.vega@hotmail.com,5516827345,Queretaro,2024-03-16,app_movil,False,2024,3,928
317,Mariana Aguilar,mariana.aguilar@hotmail.com,5512777318,Guadalajara,2025-04-21,app_movil,False,2025,4,527
1877,Javier Campos,javier.campos@outlook.com,5597276308,Cancun,2025-01-23,tienda_fisica,False,2025,1,615
257,Guillermo Contreras,guillermo.contreras@novatech.mx,5569178372,Veracruz,2024-09-24,web,True,2024,9,736
1643,Raul Mendez,raul.mendez@novatech.mx,5543992952,Veracruz,2025-04-21,app_movil,False,2025,4,527
701,Rodrigo Mendez,rodrigo.mendez@gmail.com,5510092489,Tijuana,2024-05-27,web,False,2024,5,856
1074,Hector Iglesias,hector.iglesias@yahoo.com.mx,5590148756,Cancun,2025-07-27,tienda_fisica,True,2025,7,430
1257,Briana Campos,briana.campos@novatech.mx,5544771394,Veracruz,2025-01-12,tienda_fisica,False,2025,1,626
1418,Fernanda Martinez,fernanda.martinez@gmail.com,5510802680,Puebla,2025-08-01,web,True,2025,8,425
