id_detalle,id_pedido,id_producto,cantidad,precio_unitario,descuento,subtotal,total,porcentaje_descuento
3881,2620,420,1,181.0,0.0,181.0,181.0,0.0
297,1578,409,3,13699.12,854.97,41097.36,40242.39,2.08
1941,1170,470,8,611.0,0.0,4888.0,4888.0,0.0
3695,3146,229,6,843.37,148.64,5060.22,4911.58,2.94
262,2298,219,3,404.0,48.82,1212.0,1163.18,4.03
3112,3050,113,2,24816.71,1940.3,49633.42,47693.12,3.91
4460,1013,222,5,5707.81,0.0,28539.05,28539.05,0.0
2964,789,222,8,5707.81,0.0,45662.48,45662.48,0.0
742,2649,54,1,65038.31,4252.78,65038.31,60785.53,6.54
3606,2901,233,8,1137.67,63.58,9101.36,9037.78,0.7
53,1925,437,7,2181.84,426.0,15272.88,14846.88,2.79
3539,2259,337,1,15431.18,0.0,15431.18,15431.18,0.0
987,1618,20,3,48420.0,3236.18,145260.0,142023.82,2.23
1728,3015,140,1,23235.91,0.0,23235.91,23235.91,0.0
3760,2020,32,7,56222.67,0.0,393558.69,393558.69,0.0
1013,151,284,8,704.0,0.0,5632.0,5632.0,0.0
720,407,509,3,603.92,73.9,1811.76,1737.86,4.08
2636,2653,218,1,2497.5,509.43,2497.5,1988.07,20.4
3117,708,593,5,2171.89,204.46,10859.45,10654.99,1.88
4475,1010,467,6,841.05,0.0,5046.3,5046.3,0.0
3799,1309,215,1,1216.35,0.0,1216.35,1216.35,0.0
3230,955,442,8,803.35,119.2,6426.8,6307.6,1.85
282,2384,324,7,4902.47,1153.44,34317.29,33163.85,3.36
1720,2638,54,3,65038.31,5993.15,195114.93,189121.78,3.07
792,1381,134,6,3973.0,0.0,23838.0,23838.0,0.0
78,823,429,6,402.84,0.0,2417.04,2417.04,0.0
1679,2998,531,1,2414.0,0.0,2414.0,2414.0,0.0
554,628,367,3,2279.64,0.0,6838.92,6838.92,0.0
3857,2403,583,2,4356.58,1084.14,8713.16,7629.02,12.44
2618,3297,465,4,1413.81,0.0,5655.24,5655.24,0.0
1995,3561,434,4,2492.65,0.0,9970.6,9970.6,0.0
3726,658,237,3,904.98,0.0,2714.94,2714.94,0.0
4276,3114,54,3,65038.31,0.0,195114.93,195114.93,0.0
4177,2674,29,8,16972.54,0.0,135780.32,135780.32,0.0
4373,3368,101,1,36744.16,0.0,36744.16,36744.16,0.0
2782,1151,236,3,3329.05,0.0,9987.15,9987.15,0.0
3666,3060,351,4,2168.74,193.95,8674.96,8481.01,2.24
3659,3261,500,4,2257.03,0.0,9028.12,9028.12,0.0
3289,209,335,5,18537.78,0.0,92688.9,92688.9,0.0
3416,224,5,2,26069.66,4706.75,52139.32,47432.57,9.03
1124,298,490,2,701.76,0.0,1403.52,1403.52,0.0
2277,1840,59,1,31948.64,0.0,31948.64,31948.64,0.0
1298,1608,549,7,3539.57,0.0,24776.99,24776.99,0.0
3074,1191,380,1,25375.31,0.0,25375.31,25375.31,0.0
2182,2595,520,5,3360.51,309.24,16802.55,16493.31,1.84
1647,487,230,3,2364.0,0.0,7092.0,7092.0,0.0
2133,779,220,2,4307.38,704.43,8614.76,7910.33,8.18
181,171,11,7,13708.49,0.0,95959.43,95959.43,0.0
1481,2850,421,6,863.95,137.75,5183.7,5045.95,2.66
911,50,113,3,24817.0,0.0,74451.0,74451.0,0.0
3312,1305,150,3,4357.07,0.0,13071.21,13071.21,0.0
1352,2596,323,2,2463.84,0.0,4927.68,4927.68,0.0
1075,1469,537,8,2027.4,0.0,16219.2,16219.2,0.0
4510,1850,510,4,307.04,37.49,1228.16,1190.67,3.05
1154,2101,271,4,7591.04,0.0,30364.16,30364.16,0.0
1521,1436,379,6,2571.64,0.0,15429.84,15429.84,0.0
2216,229,58,2,65036.76,8063.89,130073.52,122009.63,6.2
848,2813,544,4,13372.76,0.0,53491.04,53491.04,0.0
944,1906,601,1,2666.0,0.0,2666.0,2666.0,0.0
377,3269,10,5,17123.45,0.0,85617.25,85617.25,0.0
3108,1365,219,6,404.0,0.0,2424.0,2424.0,0.0
3754,1963,586,5,17660.57,2088.88,88302.85,86213.97,2.37
3401,3176,192,1,4268.11,0.0,4268.11,4268.11,0.0
2593,2590,584,3,14346.48,0.0,43039.44,43039.44,0.0
1280,2352,184,3,14526.0,0.0,43578.0,43578.0,0.0
1925,1898,313,6,22303.0,0.0,133818.0,133818.0,0.0
1709,1876,377,3,3602.74,0.0,10808.22,10808.22,0.0
2510,234,299,1,1600.51,0.0,1600.51,1600.51,0.0
358,820,373,8,20620.17,1182.0,164961.36,163779.36,0.72
36,1815,236,6,3329.05,0.0,19974.3,19974.3,0.0
1838,3554,294,5,755.89,0.0,3779.45,3779.45,0.0
835,3512,349,1,8218.8,0.0,8218.8,8218.8,0.0
2146,500,155,8,36068.08,7445.71,288544.64,281098.93,2.58
3570,1638,324,1,4902.47,0.0,4902.47,4902.47,0.0
382,2192,489,1,722.97,0.0,722.97,722.97,0.0
3235,2877,267,1,7521.0,0.0,7521.0,7521.0,0.0
1710,2951,260,3,644.34,121.02,1933.02,1812.0,6.26
2638,3294,475,5,2554.85,0.0,12774.25,12774.25,0.0
2920,340,219,3,403.99,0.0,1211.97,1211.97,0.0
2916,3182,219,5,403.99,0.0,2019.95,2019.95,0.0
161,1326,309,2,579.38,0.0,1158.76,1158.76,0.0
3441,1936,516,6,1869.02,0.0,11214.12,11214.12,0.0
183,759,208,6,3669.04,0.0,22014.24,22014.24,0.0
2665,3072,498,5,943.07,0.0,4715.35,4715.35,0.0
16,2580,266,3,2657.04,250.14,7971.12,7720.98,3.14
4356,2418,453,8,1833.28,385.28,14666.24,14280.96,2.63
3237,2010,388,5,5732.64,778.9,28663.2,27884.3,2.72
244,3308,359,8,16986.9,0.0,135895.2,135895.2,0.0
1898,2097,275,3,2036.34,0.0,6109.02,6109.02,0.0
710,2967,484,6,491.44,0.0,2948.64,2948.64,0.0
2714,2401,586,7,17660.57,3865.27,123623.99,119758.72,3.13
2523,1630,295,2,2244.9,0.0,4489.8,4489.8,0.0
2572,3446,467,2,841.05,0.0,1682.1,1682.1,0.0
1789,221,380,3,25375.31,0.0,76125.93,76125.93,0.0
1605,17,25,3,44064.36,0.0,132193.08,132193.08,0.0
1182,3016,307,1,1429.76,0.0,1429.76,1429.76,0.0
428,1079,386,7,15529.88,0.0,108709.16,108709.16,0.0
2410,2840,280,7,5190.0,478.68,36330.0,35851.32,1.32
3194,1193,146,2,7276.84,0.0,14553.68,14553.68,0.0
2512,86,309,1,579.38,71.89,579.38,507.49,12.41
2105,1402,165,8,8728.22,0.0,69825.76,69825.76,0.0
2942,2241,5,8,26069.66,5905.3,208557.28,202651.98,2.83
3062,2244,367,5,2279.64,0.0,11398.2,11398.2,0.0
4592,546,366,4,5166.06,573.17,20664.24,20091.07,2.77
805,583,510,2,307.04,0.0,614.08,614.08,0.0
2511,1404,562,5,7816.25,0.0,39081.25,39081.25,0.0
2293,2456,484,2,491.44,0.0,982.88,982.88,0.0
4024,343,414,8,27836.07,0.0,222688.56,222688.56,0.0
20,3118,590,3,2112.02,0.0,6336.06,6336.06,0.0
3948,2362,302,3,2861.27,411.76,8583.81,8172.05,4.8
385,1939,299,4,1600.51,0.0,6402.04,6402.04,0.0
2514,113,325,4,24602.67,0.0,98410.68,98410.68,0.0
2724,2225,544,1,13372.76,0.0,13372.76,13372.76,0.0
3497,1353,382,7,2447.27,0.0,17130.89,17130.89,0.0
791,539,405,1,26381.0,0.0,26381.0,26381.0,0.0
2258,152,573,4,2616.22,464.39,10464.88,10000.49,4.44
2984,3038,204,6,17470.25,3930.13,104821.5,100891.37,3.75
3966,1911,146,1,7276.84,646.45,7276.84,6630.39,8.88
1438,3081,163,3,34985.4,0.0,104956.2,104956.2,0.0
1161,1111,557,2,700.1,0.0,1400.2,1400.2,0.0
1034,1144,216,1,1493.81,0.0,1493.81,1493.81,0.0
3875,2032,19,7,52611.56,4266.38,368280.92,364014.54,1.16
3086,1469,471,2,615.8,65.92,1231.6,1165.68,5.35
3256,342,129,7,24144.0,0.0,169008.0,169008.0,0.0
3221,1700,210,3,1643.04,333.4,4929.12,4595.72,6.76
3898,1033,137,7,42000.0,0.0,294000.0,294000.0,0.0
1476,1610,314,8,15052.07,0.0,120416.56,120416.56,0.0
4009,1494,487,6,1141.0,0.0,6846.0,6846.0,0.0
311,1465,241,3,432.19,90.58,1296.57,1205.99,6.99
941,1230,52,2,38900.13,3898.26,77800.26,73902.0,5.01
1339,1638,373,6,20620.17,0.0,123721.02,123721.02,0.0
3217,3308,90,2,55867.02,0.0,111734.04,111734.04,0.0
3080,2692,236,3,3329.05,275.54,9987.15,9711.61,2.76
1166,98,566,7,7866.0,1067.56,55062.0,53994.44,1.94
2100,366,21,1,41666.0,0.0,41666.0,41666.0,0.0
1640,2707,76,2,18729.75,0.0,37459.5,37459.5,0.0
4511,200,27,4,26993.41,0.0,107973.64,107973.64,0.0
3841,2959,344,4,8737.86,1512.24,34951.44,33439.2,4.33
1325,3281,560,5,4585.28,0.0,22926.4,22926.4,0.0
890,1750,499,1,938.22,226.84,938.22,711.38,24.18
2745,1234,255,7,9337.11,0.0,65359.77,65359.77,0.0
235,1800,196,1,6746.66,0.0,6746.66,6746.66,0.0
1619,2112,50,8,22069.52,0.0,176556.16,176556.16,0.0
4167,1661,547,2,622.58,0.0,1245.16,1245.16,0.0
2339,1925,242,3,975.73,0.0,2927.19,2927.19,0.0
585,2624,402,5,5207.91,934.03,26039.55,25105.52,3.59
4535,3385,490,3,701.76,0.0,2105.28,2105.28,0.0
2394,2287,510,7,307.04,0.0,2149.28,2149.28,0.0
3488,3306,414,6,27836.07,5499.92,167016.42,161516.5,3.29
1067,2820,573,3,2616.22,0.0,7848.66,7848.66,0.0
4457,1719,323,5,2463.84,191.0,12319.2,12128.2,1.55
2219,3142,357,3,11859.71,0.0,35579.13,35579.13,0.0
3005,1104,314,5,15052.07,0.0,75260.35,75260.35,0.0
4271,2547,47,1,18423.86,0.0,18423.86,18423.86,0.0
2952,2546,267,7,7520.58,0.0,52644.06,52644.06,0.0
3203,247,65,6,15736.34,2159.39,94418.04,92258.65,2.29
587,813,514,4,244.13,0.0,976.52,976.52,0.0
735,2504,245,8,3654.56,0.0,29236.48,29236.48,0.0
975,337,90,2,55867.02,13766.79,111734.04,97967.25,12.32
3684,929,214,5,412.88,0.0,2064.4,2064.4,0.0
2299,1016,236,7,3329.05,0.0,23303.35,23303.35,0.0
2666,3345,326,4,10465.54,0.0,41862.16,41862.16,0.0
3342,506,605,8,741.12,105.99,5928.96,5822.97,1.79
663,15,102,5,27579.79,0.0,137898.95,137898.95,0.0
598,594,522,3,1520.34,0.0,4561.02,4561.02,0.0
1066,2367,295,8,2244.9,226.21,17959.2,17732.99,1.26
3286,1700,281,6,2873.68,0.0,17242.08,17242.08,0.0
3003,3281,245,1,3654.56,0.0,3654.56,3654.56,0.0
696,1430,211,7,2399.2,0.0,16794.4,16794.4,0.0
2145,1593,529,8,2494.4,0.0,19955.2,19955.2,0.0
3226,1759,245,1,3654.56,264.52,3654.56,3390.04,7.24
114,3502,158,2,4265.11,0.0,8530.22,8530.22,0.0
1084,723,445,1,716.79,0.0,716.79,716.79,0.0
498,1453,329,4,2798.95,543.08,11195.8,10652.72,4.85
3017,2254,172,5,3632.94,0.0,18164.7,18164.7,0.0
787,1629,324,1,4902.47,0.0,4902.47,4902.47,0.0
2858,2153,372,6,7389.1,0.0,44334.6,44334.6,0.0
1509,2901,421,2,863.95,63.97,1727.9,1663.93,3.7
1017,1878,5,8,26069.66,0.0,208557.28,208557.28,0.0
2940,3029,399,7,26570.51,3507.18,185993.57,182486.39,1.89
3825,2938,354,3,8202.98,1158.55,24608.94,23450.39,4.71
574,449,101,4,36744.16,0.0,146976.64,146976.64,0.0
286,2159,49,1,51081.62,2982.17,51081.62,48099.45,5.84
2089,1061,281,5,2874.0,0.0,14370.0,14370.0,0.0
839,1563,158,5,4265.0,1043.65,21325.0,20281.35,4.89
915,3520,200,8,4786.57,0.0,38292.56,38292.56,0.0
2203,1154,291,8,440.0,0.0,3520.0,3520.0,0.0
165,2453,47,3,18423.86,3867.73,55271.58,51403.85,7.0
3507,341,354,3,8202.98,0.0,24608.94,24608.94,0.0
3584,1145,219,1,403.99,70.41,403.99,333.58,17.43
595,3514,196,5,6746.66,1538.62,33733.3,32194.68,4.56
1657,514,444,2,389.88,0.0,779.76,779.76,0.0
1788,448,598,3,3274.73,0.0,9824.19,9824.19,0.0
683,341,205,1,28895.45,0.0,28895.45,28895.45,0.0
1541,1819,169,1,4684.61,0.0,4684.61,4684.61,0.0
1940,1686,492,1,3107.0,0.0,3107.0,3107.0,0.0
3769,2633,176,3,5435.69,0.0,16307.07,16307.07,0.0
2804,3557,192,8,4268.11,0.0,34144.88,34144.88,0.0
95,1733,510,6,307.04,0.0,1842.24,1842.24,0.0
2854,2873,219,5,403.99,0.0,2019.95,2019.95,0.0
4437,1103,401,7,11640.28,676.67,81481.96,80805.29,0.83
2130,108,128,1,29282.83,0.0,29282.83,29282.83,0.0
2064,1661,81,2,33449.39,0.0,66898.78,66898.78,0.0
3625,3416,330,3,7517.64,542.35,22552.92,22010.57,2.4
670,3534,375,7,5026.26,0.0,35183.82,35183.82,0.0
2287,1620,391,2,11122.21,707.62,22244.42,21536.8,3.18
4069,2792,356,1,10557.55,0.0,10557.55,10557.55,0.0
2166,1520,314,3,15052.07,2446.11,45156.21,42710.1,5.42
31,3305,242,3,975.73,0.0,2927.19,2927.19,0.0
1098,285,572,7,650.0,0.0,4550.0,4550.0,0.0
3042,2696,149,8,27409.46,0.0,219275.68,219275.68,0.0
972,687,324,2,4902.0,0.0,9804.0,9804.0,0.0
2283,788,47,1,18423.86,0.0,18423.86,18423.86,0.0
208,406,330,8,7517.64,0.0,60141.12,60141.12,0.0
507,1451,526,1,7635.84,0.0,7635.84,7635.84,0.0
2954,2411,432,7,236.92,0.0,1658.44,1658.44,0.0
3264,2087,385,6,1800.0,0.0,10800.0,10800.0,0.0
3910,1737,415,2,1413.02,0.0,2826.04,2826.04,0.0
3389,1445,195,1,5465.0,0.0,5465.0,5465.0,0.0
2104,980,64,3,13895.81,0.0,41687.43,41687.43,0.0
814,2737,312,2,2695.52,139.97,5391.04,5251.07,2.6
1721,3308,321,7,2793.78,0.0,19556.46,19556.46,0.0
131,289,378,5,8469.68,0.0,42348.4,42348.4,0.0
3140,1516,352,4,17190.19,0.0,68760.76,68760.76,0.0
1897,314,219,6,403.99,73.27,2423.94,2350.67,3.02
3098,2702,113,8,24816.71,2010.24,198533.68,196523.44,1.01
2824,279,14,4,28475.9,0.0,113903.6,113903.6,0.0
3294,1477,526,3,7635.84,1494.57,22907.52,21412.95,6.52
3693,1931,547,6,622.58,0.0,3735.48,3735.48,0.0
1770,1620,45,1,45333.0,6183.65,45333.0,39149.35,13.64
4599,3262,159,2,3901.05,0.0,7802.1,7802.1,0.0
4199,3086,27,5,26993.41,5804.83,134967.05,129162.22,4.3
3556,2674,165,3,8728.22,0.0,26184.66,26184.66,0.0
1410,3187,123,2,18645.0,0.0,37290.0,37290.0,0.0
1765,1044,69,3,33168.84,0.0,99506.52,99506.52,0.0
4082,3225,369,6,8683.55,0.0,52101.3,52101.3,0.0
4131,2299,218,3,2497.5,298.01,7492.5,7194.49,3.98
3641,3367,307,4,1429.76,0.0,5719.04,5719.04,0.0
838,475,529,7,2494.4,0.0,17460.8,17460.8,0.0
217,1025,51,8,68000.0,12422.91,544000.0,531577.09,2.28
1398,1653,112,3,10289.22,1435.66,30867.66,29432.0,4.65
679,1631,405,4,26380.91,0.0,105523.64,105523.64,0.0
3298,2970,322,3,5883.98,1440.03,17651.94,16211.91,8.16
2262,1537,519,1,2234.16,224.96,2234.16,2009.2,10.07
2185,1513,490,8,702.0,0.0,5616.0,5616.0,0.0
4439,3306,498,5,943.07,0.0,4715.35,4715.35,0.0
3664,1311,90,2,55867.02,12438.73,111734.04,99295.31,11.13
1309,1812,177,1,25698.47,0.0,25698.47,25698.47,0.0
1498,629,159,2,3901.0,352.85,7802.0,7449.15,4.52
1793,559,531,5,2414.15,0.0,12070.75,12070.75,0.0
2172,2583,303,8,4986.0,0.0,39888.0,39888.0,0.0
565,1906,14,1,28475.9,0.0,28475.9,28475.9,0.0
2831,3218,246,5,639.2,91.41,3196.0,3104.59,2.86
2682,1572,485,2,3397.59,415.78,6795.18,6379.4,6.12
4247,2008,90,5,55867.02,0.0,279335.1,279335.1,0.0
258,420,90,8,55867.02,0.0,446936.16,446936.16,0.0
3358,2776,343,1,19021.91,0.0,19021.91,19021.91,0.0
4272,2685,384,2,10968.12,0.0,21936.24,21936.24,0.0
1142,178,291,7,439.93,0.0,3079.51,3079.51,0.0
3529,1776,236,6,3329.05,0.0,19974.3,19974.3,0.0
4010,1907,266,7,2657.04,0.0,18599.28,18599.28,0.0
2415,1801,216,1,1493.81,119.38,1493.81,1374.43,7.99
723,2800,330,5,7518.0,0.0,37590.0,37590.0,0.0
1140,366,170,2,20780.0,4656.32,41560.0,36903.68,11.2
1141,349,214,4,412.88,0.0,1651.52,1651.52,0.0
1219,2923,424,2,1995.03,0.0,3990.06,3990.06,0.0
2543,722,5,6,26069.66,0.0,156417.96,156417.96,0.0
2074,655,544,1,13372.76,3173.17,13372.76,10199.59,23.73
3293,3463,327,2,14660.89,0.0,29321.78,29321.78,0.0
4428,1174,599,8,1634.0,378.34,13072.0,12693.66,2.89
3847,32,92,1,29022.84,2934.28,29022.84,26088.56,10.11
83,61,484,5,491.44,0.0,2457.2,2457.2,0.0
3022,2197,43,2,13400.48,2741.68,26800.96,24059.28,10.23
186,447,323,7,2463.84,0.0,17246.88,17246.88,0.0
3517,2881,242,5,975.73,0.0,4878.65,4878.65,0.0
891,1982,597,2,1471.53,0.0,2943.06,2943.06,0.0
3030,2737,90,8,55867.02,0.0,446936.16,446936.16,0.0
443,376,574,6,11070.22,736.93,66421.32,65684.39,1.11
3884,1185,432,5,236.92,0.0,1184.6,1184.6,0.0
2933,279,291,1,439.93,0.0,439.93,439.93,0.0
4262,1390,395,2,11207.81,0.0,22415.62,22415.62,0.0
2535,3296,344,6,8737.86,0.0,52427.16,52427.16,0.0
4100,1821,149,6,27409.46,0.0,164456.76,164456.76,0.0
2776,60,321,6,2793.78,0.0,16762.68,16762.68,0.0
4195,1220,54,6,65038.31,0.0,390229.86,390229.86,0.0
2534,3207,236,4,3329.05,0.0,13316.2,13316.2,0.0
3181,3267,351,2,2168.74,0.0,4337.48,4337.48,0.0
66,3435,242,6,975.73,0.0,5854.38,5854.38,0.0
2850,3088,196,1,6747.0,0.0,6747.0,6747.0,0.0
3911,1627,215,6,1216.35,0.0,7298.1,7298.1,0.0
4149,1544,295,1,2244.9,0.0,2244.9,2244.9,0.0
692,715,592,3,1728.59,0.0,5185.77,5185.77,0.0
552,1212,360,8,13154.0,0.0,105232.0,105232.0,0.0
3888,512,5,6,26069.66,0.0,156417.96,156417.96,0.0
464,620,319,2,3774.97,928.01,7549.94,6621.93,12.29
224,120,255,2,9337.11,1524.85,18674.22,17149.37,8.17
4508,934,235,2,1119.56,93.93,2239.12,2145.19,4.19
3750,27,224,5,3092.44,209.61,15462.2,15252.59,1.36
3459,403,414,4,27836.07,0.0,111344.28,111344.28,0.0
672,1421,235,3,1119.56,99.54,3358.68,3259.14,2.96
2983,2258,245,7,3654.56,812.07,25581.92,24769.85,3.17
4101,2357,294,6,755.89,0.0,4535.34,4535.34,0.0
3767,2033,204,6,17470.25,3291.57,104821.5,101529.93,3.14
1753,665,410,3,2824.3,185.85,8472.9,8287.05,2.19
4526,2740,435,1,235.67,0.0,235.67,235.67,0.0
2990,2377,300,8,1630.0,0.0,13040.0,13040.0,0.0
4379,126,461,3,3021.14,0.0,9063.42,9063.42,0.0
706,1207,300,4,1629.59,0.0,6518.36,6518.36,0.0
4349,1265,317,5,4958.0,721.21,24790.0,24068.79,2.91
177,3048,444,6,389.88,0.0,2339.28,2339.28,0.0
3334,50,404,5,6531.0,0.0,32655.0,32655.0,0.0
3241,533,277,3,7528.53,0.0,22585.59,22585.59,0.0
3530,3537,424,7,1995.0,0.0,13965.0,13965.0,0.0
577,3346,296,4,2185.34,303.65,8741.36,8437.71,3.47
1685,513,595,8,13669.45,0.0,109355.6,109355.6,0.0
930,2415,542,4,7389.25,0.0,29557.0,29557.0,0.0
2054,2648,399,8,26570.51,0.0,212564.08,212564.08,0.0
3103,478,592,2,1729.0,354.58,3458.0,3103.42,10.25
1267,299,314,5,15052.07,757.11,75260.35,74503.24,1.01
2826,3012,389,5,3131.91,0.0,15659.55,15659.55,0.0
1557,2829,505,7,1346.0,172.4,9422.0,9249.6,1.83
1308,1948,238,7,6129.02,0.0,42903.14,42903.14,0.0
2440,2614,347,7,27599.29,0.0,193195.03,193195.03,0.0
939,3464,260,3,644.34,0.0,1933.02,1933.02,0.0
3738,567,123,7,18644.97,1243.84,130514.79,129270.95,0.95
1548,3591,369,3,8684.0,1349.03,26052.0,24702.97,5.18
2579,2436,324,7,4902.0,433.47,34314.0,33880.53,1.26
655,1896,324,1,4902.47,558.51,4902.47,4343.96,11.39
2177,709,29,2,16972.54,2311.13,33945.08,31633.95,6.81
1147,3074,259,1,625.08,0.0,625.08,625.08,0.0
2749,221,392,7,16781.0,0.0,117467.0,117467.0,0.0
2503,507,391,6,11122.21,0.0,66733.26,66733.26,0.0
885,398,282,1,4805.06,0.0,4805.06,4805.06,0.0
87,2770,468,6,368.0,43.07,2208.0,2164.93,1.95
3962,627,209,5,5110.0,0.0,25550.0,25550.0,0.0
3377,3070,236,1,3329.05,0.0,3329.05,3329.05,0.0
4117,28,294,2,755.89,131.9,1511.78,1379.88,8.72
1812,1326,347,8,27599.29,3684.2,220794.32,217110.12,1.67
3429,2958,39,5,18868.93,0.0,94344.65,94344.65,0.0
4022,910,163,3,34985.4,4027.59,104956.2,100928.61,3.84
3101,338,64,3,13896.0,1703.57,41688.0,39984.43,4.09
64,2079,310,3,4367.99,0.0,13103.97,13103.97,0.0
1528,859,515,4,3368.72,275.08,13474.88,13199.8,2.04
1180,26,372,5,7389.1,0.0,36945.5,36945.5,0.0
50,1549,517,7,2835.58,574.32,19849.06,19274.74,2.89
2004,2349,78,8,49993.67,12158.19,399949.36,387791.17,3.04
4225,146,29,1,16972.54,0.0,16972.54,16972.54,0.0
842,863,407,2,19163.47,4197.66,38326.94,34129.28,10.95
4039,132,219,2,403.99,26.27,807.98,781.71,3.25
1092,1784,165,8,8728.22,826.94,69825.76,68998.82,1.18
1030,480,323,6,2463.84,125.52,14783.04,14657.52,0.85
985,742,187,2,15407.88,0.0,30815.76,30815.76,0.0
4281,2047,125,6,5758.0,336.36,34548.0,34211.64,0.97
3297,2767,2,2,25250.0,0.0,50500.0,50500.0,0.0
3228,528,554,1,10738.36,0.0,10738.36,10738.36,0.0
43,1703,218,3,2497.5,501.9,7492.5,6990.6,6.7
1692,916,139,7,22592.32,0.0,158146.24,158146.24,0.0
4078,2377,427,1,152.24,11.56,152.24,140.68,7.59
3592,632,294,5,755.89,0.0,3779.45,3779.45,0.0
1993,1374,482,5,1201.93,0.0,6009.65,6009.65,0.0
2519,876,166,5,9127.91,1268.65,45639.55,44370.9,2.78
4223,104,526,1,7635.84,0.0,7635.84,7635.84,0.0
615,221,347,3,27599.29,0.0,82797.87,82797.87,0.0
310,2737,222,1,5707.81,522.3,5707.81,5185.51,9.15
3613,2576,59,5,31948.64,0.0,159743.2,159743.2,0.0
748,1211,2,8,25250.01,0.0,202000.08,202000.08,0.0
2183,2021,110,1,25540.0,4299.17,25540.0,21240.83,16.83
3537,3388,392,1,16781.48,3222.21,16781.48,13559.27,19.2
515,2787,177,4,25698.47,1990.22,102793.88,100803.66,1.94
100,3361,434,3,2492.65,0.0,7477.95,7477.95,0.0
3483,1991,165,8,8728.22,0.0,69825.76,69825.76,0.0
1467,2373,484,4,491.44,0.0,1965.76,1965.76,0.0
1763,6,465,8,1413.81,0.0,11310.48,11310.48,0.0
2605,1983,123,7,18644.97,0.0,130514.79,130514.79,0.0
1318,3208,526,1,7635.84,0.0,7635.84,7635.84,0.0
420,3550,123,4,18644.97,0.0,74579.88,74579.88,0.0
1255,3515,92,4,29022.84,0.0,116091.36,116091.36,0.0
2406,2055,118,3,24476.8,1621.55,73430.4,71808.85,2.21
2285,3298,236,7,3329.05,831.72,23303.35,22471.63,3.57
80,1052,115,8,28828.44,0.0,230627.52,230627.52,0.0
2398,758,573,5,2616.22,0.0,13081.1,13081.1,0.0
4226,1503,76,2,18729.75,2379.85,37459.5,35079.65,6.35
1456,3266,358,2,2475.35,0.0,4950.7,4950.7,0.0
3466,442,105,3,4935.31,684.64,14805.93,14121.29,4.62
3677,2581,296,7,2185.34,346.1,15297.38,14951.28,2.26
3047,2532,236,5,3329.05,0.0,16645.25,16645.25,0.0
1708,3517,210,4,1643.0,0.0,6572.0,6572.0,0.0
3854,2891,184,2,14526.0,0.0,29052.0,29052.0,0.0
4529,584,113,3,24816.71,4395.16,74450.13,70054.97,5.9
2762,1366,68,7,17497.71,0.0,122483.97,122483.97,0.0
3866,3057,137,3,42000.0,0.0,126000.0,126000.0,0.0
2393,91,69,4,33168.84,0.0,132675.36,132675.36,0.0
3552,1855,228,2,1374.56,0.0,2749.12,2749.12,0.0
1681,253,119,2,5867.88,0.0,11735.76,11735.76,0.0
2786,607,43,4,13400.0,0.0,53600.0,53600.0,0.0
2806,907,601,4,2666.31,0.0,10665.24,10665.24,0.0
1146,1861,309,3,579.38,0.0,1738.14,1738.14,0.0
2140,2798,69,5,33168.84,0.0,165844.2,165844.2,0.0
3874,218,513,2,291.56,0.0,583.12,583.12,0.0
2722,1651,362,8,20003.47,0.0,160027.76,160027.76,0.0
445,3479,439,3,407.43,81.78,1222.29,1140.51,6.69
2325,1644,242,6,976.0,0.0,5856.0,5856.0,0.0
3717,301,324,7,4902.47,0.0,34317.29,34317.29,0.0
2433,1598,317,8,4957.78,1110.6,39662.24,38551.64,2.8
521,2892,90,3,55867.02,0.0,167601.06,167601.06,0.0
2430,3415,582,1,5334.4,1050.31,5334.4,4284.09,19.69
2099,2739,299,6,1600.51,136.74,9603.06,9466.32,1.42
2583,1,313,7,22303.0,0.0,156121.0,156121.0,0.0
716,2454,208,1,3669.04,0.0,3669.04,3669.04,0.0
3873,2801,335,4,18537.78,4459.16,74151.12,69691.96,6.01
793,2461,542,4,7389.25,0.0,29557.0,29557.0,0.0
3645,3218,324,1,4902.47,635.11,4902.47,4267.36,12.95
3073,3165,215,4,1216.35,0.0,4865.4,4865.4,0.0
3994,2311,238,5,6129.02,0.0,30645.1,30645.1,0.0
2701,814,542,4,7389.25,0.0,29557.0,29557.0,0.0
1433,3451,25,5,44064.36,0.0,220321.8,220321.8,0.0
1112,1435,391,6,11122.0,2660.82,66732.0,64071.18,3.99
1211,199,431,6,254.94,0.0,1529.64,1529.64,0.0
2790,2573,375,3,5026.0,0.0,15078.0,15078.0,0.0
4382,3590,119,7,5867.88,1387.3,41075.16,39687.86,3.38
4491,2237,42,4,44549.41,0.0,178197.64,178197.64,0.0
277,606,242,8,975.73,0.0,7805.84,7805.84,0.0
1434,150,587,1,6062.64,0.0,6062.64,6062.64,0.0
3960,2611,369,5,8683.55,777.9,43417.75,42639.85,1.79
221,1820,83,4,56550.9,0.0,226203.6,226203.6,0.0
4192,1642,592,1,1728.59,0.0,1728.59,1728.59,0.0
4198,2310,137,1,42000.0,10415.45,42000.0,31584.55,24.8
4430,2228,4,3,59704.35,0.0,179113.05,179113.05,0.0
1103,327,170,3,20780.0,3479.79,62340.0,58860.21,5.58
2571,2101,490,1,701.76,0.0,701.76,701.76,0.0
2303,2408,562,7,7816.25,591.13,54713.75,54122.62,1.08
673,3420,407,2,19163.47,0.0,38326.94,38326.94,0.0
2032,94,27,5,26993.41,0.0,134967.05,134967.05,0.0
2688,1040,84,5,16273.21,0.0,81366.05,81366.05,0.0
3012,901,391,2,11122.21,0.0,22244.42,22244.42,0.0
2017,2347,324,5,4902.47,575.11,24512.35,23937.24,2.35
1131,3274,242,8,976.0,0.0,7808.0,7808.0,0.0
3969,420,568,8,7363.71,1166.4,58909.68,57743.28,1.98
1358,3395,69,7,33168.84,2997.04,232181.88,229184.84,1.29
4044,1522,333,7,7242.48,1691.82,50697.36,49005.54,3.34
4516,3389,444,8,389.88,0.0,3119.04,3119.04,0.0
3748,1343,431,6,254.94,37.41,1529.64,1492.23,2.45
1354,2845,132,4,5345.95,0.0,21383.8,21383.8,0.0
79,1253,147,6,8671.49,1445.2,52028.94,50583.74,2.78
2769,1529,490,8,702.0,0.0,5616.0,5616.0,0.0
1419,296,295,6,2244.9,0.0,13469.4,13469.4,0.0
485,2943,208,8,3669.04,0.0,29352.32,29352.32,0.0
1347,1777,218,1,2497.5,205.77,2497.5,2291.73,8.24
653,2945,318,3,2672.96,520.62,8018.88,7498.26,6.49
3980,124,25,1,44064.36,0.0,44064.36,44064.36,0.0
4334,2236,143,4,19160.64,0.0,76642.56,76642.56,0.0
2224,2464,245,5,3654.56,477.54,18272.8,17795.26,2.61
384,2009,43,1,13400.48,0.0,13400.48,13400.48,0.0
866,3416,442,6,803.35,0.0,4820.1,4820.1,0.0
3578,2105,90,1,55867.02,0.0,55867.02,55867.02,0.0
1727,294,296,4,2185.34,215.6,8741.36,8525.76,2.47
2190,519,343,3,19021.91,0.0,57065.73,57065.73,0.0
1218,601,456,1,1042.89,253.53,1042.89,789.36,24.31
1896,1729,292,1,4443.62,0.0,4443.62,4443.62,0.0
1064,2119,113,8,24816.71,0.0,198533.68,198533.68,0.0
2827,1241,377,3,3602.74,0.0,10808.22,10808.22,0.0
2518,3147,466,4,361.84,22.86,1447.36,1424.5,1.58
1342,3483,464,5,224.52,12.27,1122.6,1110.33,1.09
2731,1458,529,2,2494.0,0.0,4988.0,4988.0,0.0
2071,1135,475,6,2554.85,149.95,15329.1,15179.15,0.98
2106,1294,467,7,841.05,0.0,5887.35,5887.35,0.0
4361,3019,424,3,1995.03,0.0,5985.09,5985.09,0.0
822,3464,123,1,18644.97,0.0,18644.97,18644.97,0.0
2119,3397,134,6,3972.84,395.59,23837.04,23441.45,1.66
3227,1065,322,8,5883.98,0.0,47071.84,47071.84,0.0
497,2381,32,5,56222.67,0.0,281113.35,281113.35,0.0
738,677,521,1,7452.11,0.0,7452.11,7452.11,0.0
135,1886,465,8,1413.81,0.0,11310.48,11310.48,0.0
449,1102,544,6,13372.76,0.0,80236.56,80236.56,0.0
1279,201,547,6,622.58,43.9,3735.48,3691.58,1.18
3777,723,399,5,26571.0,2673.16,132855.0,130181.84,2.01
2702,2823,27,5,26993.41,3893.28,134967.05,131073.77,2.88
544,2188,358,4,2475.35,0.0,9901.4,9901.4,0.0
1348,1620,188,3,6551.92,1543.64,19655.76,18112.12,7.85
1744,1493,58,7,65036.76,0.0,455257.32,455257.32,0.0
279,1040,531,5,2414.0,0.0,12070.0,12070.0,0.0
421,2907,467,8,841.05,64.89,6728.4,6663.51,0.96
841,659,333,7,7242.48,0.0,50697.36,50697.36,0.0
3353,2575,270,2,874.94,137.72,1749.88,1612.16,7.87
2502,939,151,1,18718.93,0.0,18718.93,18718.93,0.0
3252,1252,131,2,26459.89,0.0,52919.78,52919.78,0.0
268,3039,398,6,2143.84,417.27,12863.04,12445.77,3.24
951,2772,35,4,22374.88,3228.56,89499.52,86270.96,3.61
3580,950,27,8,26993.41,4916.16,215947.28,211031.12,2.28
3957,2954,434,8,2492.65,0.0,19941.2,19941.2,0.0
2124,2888,400,3,2268.61,550.92,6805.83,6254.91,8.09
2101,2373,570,1,2235.17,285.02,2235.17,1950.15,12.75
2937,796,324,7,4902.47,723.04,34317.29,33594.25,2.11
2470,2730,203,4,8829.0,0.0,35316.0,35316.0,0.0
4355,3031,226,7,3996.67,600.27,27976.69,27376.42,2.15
931,2045,306,4,1972.78,0.0,7891.12,7891.12,0.0
557,2023,547,2,622.58,0.0,1245.16,1245.16,0.0
3472,1790,566,1,7865.94,1564.43,7865.94,6301.51,19.89
3534,2195,360,4,13154.0,0.0,52616.0,52616.0,0.0
145,1008,521,2,7452.11,0.0,14904.22,14904.22,0.0
3339,906,90,3,55867.02,3943.63,167601.06,163657.43,2.35
3533,2244,272,4,4993.05,0.0,19972.2,19972.2,0.0
360,1782,475,6,2554.85,0.0,15329.1,15329.1,0.0
3114,3278,195,4,5464.68,0.0,21858.72,21858.72,0.0
3332,3067,306,1,1972.78,0.0,1972.78,1972.78,0.0
198,2914,210,3,1643.04,0.0,4929.12,4929.12,0.0
3749,1434,391,5,11122.21,0.0,55611.05,55611.05,0.0
212,850,29,7,16973.0,0.0,118811.0,118811.0,0.0
553,766,330,2,7517.64,0.0,15035.28,15035.28,0.0
2625,1855,391,6,11122.0,0.0,66732.0,66732.0,0.0
1036,2040,461,2,3021.0,0.0,6042.0,6042.0,0.0
97,459,433,4,2339.97,0.0,9359.88,9359.88,0.0
3830,487,566,6,7865.94,0.0,47195.64,47195.64,0.0
3608,2427,7,2,27100.03,0.0,54200.06,54200.06,0.0
265,1323,323,4,2463.84,0.0,9855.36,9855.36,0.0
1888,303,119,5,5867.88,785.5,29339.4,28553.9,2.68
4116,714,599,4,1634.01,0.0,6536.04,6536.04,0.0
3197,1762,343,1,19021.91,3546.45,19021.91,15475.46,18.64
3109,3453,90,1,55867.02,0.0,55867.02,55867.02,0.0
4360,2272,332,2,16589.24,0.0,33178.48,33178.48,0.0
1817,1514,286,8,713.47,0.0,5707.76,5707.76,0.0
4324,2784,323,4,2463.84,215.33,9855.36,9640.03,2.18
1462,2555,153,7,35631.03,0.0,249417.21,249417.21,0.0
2015,1704,215,7,1216.35,0.0,8514.45,8514.45,0.0
4216,3554,552,6,6261.0,583.94,37566.0,36982.06,1.55
1961,2966,56,5,18375.86,0.0,91879.3,91879.3,0.0
2495,1887,51,3,68000.0,0.0,204000.0,204000.0,0.0
2817,3498,163,7,34985.4,0.0,244897.8,244897.8,0.0
3138,3019,85,5,26797.0,0.0,133985.0,133985.0,0.0
1505,2551,500,1,2257.03,489.27,2257.03,1767.76,21.68
1878,2742,426,2,554.04,84.44,1108.08,1023.64,7.62
3626,2659,482,7,1202.0,0.0,8414.0,8414.0,0.0
156,189,568,5,7363.71,0.0,36818.55,36818.55,0.0
2780,2642,253,3,4812.8,283.4,14438.4,14155.0,1.96
261,3040,490,4,701.76,0.0,2807.04,2807.04,0.0
3904,1672,418,8,2575.77,418.77,20606.16,20187.39,2.03
3671,2288,64,6,13896.0,0.0,83376.0,83376.0,0.0
789,3044,571,3,5252.42,0.0,15757.26,15757.26,0.0
4487,1731,535,2,2210.07,0.0,4420.14,4420.14,0.0
469,2413,572,3,649.84,143.59,1949.52,1805.93,7.37
1244,1949,128,6,29282.83,0.0,175696.98,175696.98,0.0
3141,2319,83,1,56550.9,0.0,56550.9,56550.9,0.0
381,1948,80,1,13070.4,2564.08,13070.4,10506.32,19.62
3712,954,93,6,43981.0,0.0,263886.0,263886.0,0.0
254,2086,318,2,2672.96,492.65,5345.92,4853.27,9.22
203,2389,113,6,24816.71,1752.24,148900.26,147148.02,1.18
2035,3270,307,8,1430.0,156.63,11440.0,11283.37,1.37
8,3285,172,1,3632.94,0.0,3632.94,3632.94,0.0
3694,1632,277,6,7528.53,1269.75,45171.18,43901.43,2.81
4564,3273,245,1,3655.0,0.0,3655.0,3655.0,0.0
1634,789,405,4,26381.0,5424.39,105524.0,100099.61,5.14
29,3537,424,3,1995.03,0.0,5985.09,5985.09,0.0
2501,2954,274,8,5610.0,0.0,44880.0,44880.0,0.0
345,642,505,1,1346.46,0.0,1346.46,1346.46,0.0
998,1809,20,8,48420.36,0.0,387362.88,387362.88,0.0
3824,343,566,8,7865.94,1497.26,62927.52,61430.26,2.38
4537,1721,476,5,484.9,0.0,2424.5,2424.5,0.0
3657,202,49,4,51082.0,9264.98,204328.0,195063.02,4.53
332,1692,51,8,68000.0,14982.04,544000.0,529017.96,2.75
4350,2936,218,6,2498.0,0.0,14988.0,14988.0,0.0
1924,3361,499,6,938.22,0.0,5629.32,5629.32,0.0
3532,88,295,8,2244.9,0.0,17959.2,17959.2,0.0
2358,2624,218,7,2497.5,0.0,17482.5,17482.5,0.0
4205,3382,465,1,1413.81,0.0,1413.81,1413.81,0.0
1749,3097,5,5,26069.66,0.0,130348.3,130348.3,0.0
3361,1471,337,6,15431.18,1838.16,92587.08,90748.92,1.99
2567,441,27,1,26993.41,4199.24,26993.41,22794.17,15.56
2860,1836,136,3,20224.22,1834.1,60672.66,58838.56,3.02
3248,1415,231,1,2027.82,0.0,2027.82,2027.82,0.0
48,3148,236,1,3329.05,373.12,3329.05,2955.93,11.21
3142,3268,349,4,8218.8,0.0,32875.2,32875.2,0.0
2508,2602,476,4,484.9,0.0,1939.6,1939.6,0.0
1360,2344,324,4,4902.47,0.0,19609.88,19609.88,0.0
3053,1480,349,7,8218.8,0.0,57531.6,57531.6,0.0
3095,3046,104,6,38907.0,4263.71,233442.0,229178.29,1.83
2142,662,226,1,3996.67,0.0,3996.67,3996.67,0.0
191,3458,234,4,1042.83,0.0,4171.32,4171.32,0.0
3800,691,219,7,403.99,0.0,2827.93,2827.93,0.0
1820,2409,281,1,2874.0,235.24,2874.0,2638.76,8.19
2712,2016,324,2,4902.47,0.0,9804.94,9804.94,0.0
2710,2934,90,4,55867.02,5615.09,223468.08,217852.99,2.51
1474,2844,69,6,33168.84,0.0,199013.04,199013.04,0.0
1585,3101,359,7,16986.9,0.0,118908.3,118908.3,0.0
2947,620,208,4,3669.0,0.0,14676.0,14676.0,0.0
4524,2701,267,7,7520.58,0.0,52644.06,52644.06,0.0
4122,1790,300,1,1629.59,0.0,1629.59,1629.59,0.0
2349,1318,547,3,622.58,57.41,1867.74,1810.33,3.07
2465,1471,444,3,389.88,70.74,1169.64,1098.9,6.05
3953,777,11,5,13708.49,0.0,68542.45,68542.45,0.0
1949,1188,501,1,481.0,57.36,481.0,423.64,11.93
2869,79,123,6,18644.97,0.0,111869.82,111869.82,0.0
113,3348,314,3,15052.07,999.58,45156.21,44156.63,2.21
2169,166,245,8,3654.56,573.82,29236.48,28662.66,1.96
2457,1044,529,3,2494.4,0.0,7483.2,7483.2,0.0
856,2409,407,3,19163.47,4108.79,57490.41,53381.62,7.15
889,585,324,6,4902.47,0.0,29414.82,29414.82,0.0
2452,1631,52,7,38900.13,0.0,272300.91,272300.91,0.0
2472,3459,590,7,2112.02,0.0,14784.14,14784.14,0.0
2704,1309,59,2,31948.64,4988.34,63897.28,58908.94,7.81
1091,191,386,5,15529.88,1394.24,77649.4,76255.16,1.8
2233,404,56,3,18375.86,1160.71,55127.58,53966.87,2.11
3649,2728,175,8,6971.32,0.0,55770.56,55770.56,0.0
2412,2805,112,1,10289.22,0.0,10289.22,10289.22,0.0
4377,2187,526,8,7635.84,622.96,61086.72,60463.76,1.02
10,1924,602,1,8429.83,0.0,8429.83,8429.83,0.0
3838,2279,150,5,4357.07,0.0,21785.35,21785.35,0.0
647,2741,277,1,7528.53,0.0,7528.53,7528.53,0.0
1001,1794,426,2,554.04,138.01,1108.08,970.07,12.45
2560,2303,572,3,649.84,117.71,1949.52,1831.81,6.04
2862,1183,236,5,3329.05,0.0,16645.25,16645.25,0.0
1239,1756,147,2,8671.49,0.0,17342.98,17342.98,0.0
2744,1978,14,1,28475.9,0.0,28475.9,28475.9,0.0
3599,991,38,5,32293.58,0.0,161467.9,161467.9,0.0
33,1226,11,7,13708.49,2848.52,95959.43,93110.91,2.97
2127,3522,145,4,41579.0,9878.69,166316.0,156437.31,5.94
2456,3231,307,3,1429.76,0.0,4289.28,4289.28,0.0
3990,981,132,4,5345.95,0.0,21383.8,21383.8,0.0
324,1080,29,8,16972.54,2402.76,135780.32,133377.56,1.77
2709,1624,5,1,26069.66,5888.1,26069.66,20181.56,22.59
1986,1832,439,1,407.43,0.0,407.43,407.43,0.0
1129,1567,177,3,25698.47,0.0,77095.41,77095.41,0.0
192,3079,90,7,55867.02,0.0,391069.14,391069.14,0.0
2123,1888,354,5,8202.98,1302.18,41014.9,39712.72,3.17
3925,2783,5,1,26069.66,6037.76,26069.66,20031.9,23.16
2396,932,490,1,701.76,157.89,701.76,543.87,22.5
3620,928,263,5,5730.99,0.0,28654.95,28654.95,0.0
430,3568,245,7,3654.56,519.01,25581.92,25062.91,2.03
4385,1939,57,5,17856.88,0.0,89284.4,89284.4,0.0
608,1822,475,6,2554.85,0.0,15329.1,15329.1,0.0
2844,445,21,5,41665.57,4141.03,208327.85,204186.82,1.99
396,3239,509,3,603.92,43.86,1811.76,1767.9,2.42
152,3301,173,5,13426.8,0.0,67134.0,67134.0,0.0
1492,453,382,4,2447.27,477.3,9789.08,9311.78,4.88
4548,3394,287,6,1656.26,251.77,9937.56,9685.79,2.53
3571,1800,38,7,32293.58,0.0,226055.06,226055.06,0.0
3639,188,61,3,37742.0,2570.14,113226.0,110655.86,2.27
2770,1174,171,3,4674.34,0.0,14023.02,14023.02,0.0
7,1250,313,3,22302.8,3782.64,66908.4,63125.76,5.65
2574,2226,183,4,9228.02,0.0,36912.08,36912.08,0.0
4486,2919,410,1,2824.3,309.07,2824.3,2515.23,10.94
1134,3005,222,1,5707.81,487.21,5707.81,5220.6,8.54
1369,503,148,4,9601.21,0.0,38404.84,38404.84,0.0
138,624,147,1,8671.49,540.83,8671.49,8130.66,6.24
4204,50,236,2,3329.05,0.0,6658.1,6658.1,0.0
2474,946,158,1,4265.11,0.0,4265.11,4265.11,0.0
2875,3582,531,1,2414.15,0.0,2414.15,2414.15,0.0
570,2203,560,5,4585.28,0.0,22926.4,22926.4,0.0
2087,2887,501,1,480.82,116.83,480.82,363.99,24.3
3775,2847,548,6,1106.78,0.0,6640.68,6640.68,0.0
3049,1138,113,7,24816.71,4455.41,173716.97,169261.56,2.56
4008,202,329,5,2798.95,407.61,13994.75,13587.14,2.91
3788,3566,445,7,716.79,169.13,5017.53,4848.4,3.37
3262,3123,544,3,13372.76,2670.84,40118.28,37447.44,6.66
731,2245,346,1,8515.94,0.0,8515.94,8515.94,0.0
1205,2924,90,1,55867.02,5635.72,55867.02,50231.3,10.09
1656,457,147,2,8671.49,0.0,17342.98,17342.98,0.0
2603,219,440,4,1344.29,246.24,5377.16,5130.92,4.58
3110,1547,30,8,20336.55,0.0,162692.4,162692.4,0.0
978,3013,462,8,558.61,90.81,4468.88,4378.07,2.03
1944,1991,404,4,6531.34,0.0,26125.36,26125.36,0.0
3601,2478,570,7,2235.17,0.0,15646.19,15646.19,0.0
2771,1449,596,7,15149.53,2707.97,106046.71,103338.74,2.55
23,3250,218,2,2497.5,595.74,4995.0,4399.26,11.93
353,3467,586,1,17660.57,2845.54,17660.57,14815.03,16.11
1730,2881,64,4,13895.81,952.4,55583.24,54630.84,1.71
4596,3534,594,4,1737.94,0.0,6951.76,6951.76,0.0
328,2903,90,6,55867.02,0.0,335202.12,335202.12,0.0
3031,945,317,2,4957.78,1174.11,9915.56,8741.45,11.84
1950,1917,238,1,6129.02,0.0,6129.02,6129.02,0.0
3473,1794,451,8,2041.42,0.0,16331.36,16331.36,0.0
3387,3323,242,1,975.73,0.0,975.73,975.73,0.0
2068,1071,515,1,3368.72,528.37,3368.72,2840.35,15.68
4587,2219,596,5,15150.0,0.0,75750.0,75750.0,0.0
1292,548,349,4,8218.8,0.0,32875.2,32875.2,0.0
2318,3063,167,7,4609.55,0.0,32266.85,32266.85,0.0
1751,3232,315,4,11703.09,2779.12,46812.36,44033.24,5.94
3424,2281,333,8,7242.48,1515.81,57939.84,56424.03,2.62
2950,2244,81,7,33449.39,0.0,234145.73,234145.73,0.0
3026,3219,18,4,49907.28,0.0,199629.12,199629.12,0.0
1569,2243,121,5,12917.12,0.0,64585.6,64585.6,0.0
4036,2626,4,1,59704.35,9117.29,59704.35,50587.06,15.27
1264,1874,484,4,491.0,0.0,1964.0,1964.0,0.0
1760,156,89,2,23367.0,0.0,46734.0,46734.0,0.0
408,2121,352,4,17190.19,0.0,68760.76,68760.76,0.0
774,263,512,5,1287.0,233.17,6435.0,6201.83,3.62
243,2342,59,3,31948.64,2728.04,95845.92,93117.88,2.85
2401,809,280,8,5190.0,0.0,41520.0,41520.0,0.0
1336,2557,236,7,3329.05,0.0,23303.35,23303.35,0.0
3246,3109,535,7,2210.07,0.0,15470.49,15470.49,0.0
3812,2370,547,5,623.0,0.0,3115.0,3115.0,0.0
3921,1666,510,1,307.04,0.0,307.04,307.04,0.0
3550,470,118,7,24476.8,3228.36,171337.6,168109.24,1.88
1172,1985,572,5,650.0,0.0,3250.0,3250.0,0.0
868,780,544,7,13372.76,1072.12,93609.32,92537.2,1.15
3366,295,442,1,803.35,0.0,803.35,803.35,0.0
2346,1242,90,5,55867.02,7717.84,279335.1,271617.26,2.76
2354,3363,358,7,2475.35,380.33,17327.45,16947.12,2.19
2584,389,111,1,7068.0,1213.75,7068.0,5854.25,17.17
3761,463,187,1,15408.0,0.0,15408.0,15408.0,0.0
3848,255,231,2,2027.82,165.02,4055.64,3890.62,4.07
2718,447,64,8,13896.0,1444.05,111168.0,109723.95,1.3
2581,1044,208,3,3669.04,0.0,11007.12,11007.12,0.0
2112,1757,557,3,700.1,155.6,2100.3,1944.7,7.41
3403,936,229,6,843.37,0.0,5060.22,5060.22,0.0
2521,3418,602,6,8429.83,0.0,50578.98,50578.98,0.0
3697,113,431,2,254.94,31.77,509.88,478.11,6.23
3842,1037,245,3,3654.56,0.0,10963.68,10963.68,0.0
2149,1359,428,6,3924.0,0.0,23544.0,23544.0,0.0
1632,76,251,1,2586.41,0.0,2586.41,2586.41,0.0
1039,146,80,5,13070.4,0.0,65352.0,65352.0,0.0
2221,245,307,5,1430.0,0.0,7150.0,7150.0,0.0
605,626,309,6,579.0,54.92,3474.0,3419.08,1.58
2539,3094,124,4,36262.62,0.0,145050.48,145050.48,0.0
836,1917,4,6,59704.35,0.0,358226.1,358226.1,0.0
4506,1261,431,8,255.0,24.27,2040.0,2015.73,1.19
4509,2821,255,8,9337.11,1771.68,74696.88,72925.2,2.37
3270,3013,463,4,339.83,73.64,1359.32,1285.68,5.42
2655,1121,215,1,1216.35,195.12,1216.35,1021.23,16.04
4090,1563,51,2,68000.0,11060.67,136000.0,124939.33,8.13
1553,1250,569,7,903.22,0.0,6322.54,6322.54,0.0
1624,2849,598,5,3274.73,522.82,16373.65,15850.83,3.19
292,3323,83,7,56550.9,0.0,395856.3,395856.3,0.0
4488,3069,68,2,17497.71,3681.84,34995.42,31313.58,10.52
215,300,598,1,3274.73,0.0,3274.73,3274.73,0.0
4489,873,121,1,12917.12,0.0,12917.12,12917.12,0.0
194,604,499,1,938.0,0.0,938.0,938.0,0.0
1449,1809,49,5,51081.62,0.0,255408.1,255408.1,0.0
4547,887,325,8,24602.67,0.0,196821.36,196821.36,0.0
676,1979,204,7,17470.0,0.0,122290.0,122290.0,0.0
4102,2840,8,5,57478.79,5654.41,287393.95,281739.54,1.97
4112,2026,272,1,4993.05,623.9,4993.05,4369.15,12.5
158,2859,482,7,1201.93,0.0,8413.51,8413.51,0.0
2425,836,447,8,195.51,0.0,1564.08,1564.08,0.0
3152,1655,516,4,1869.02,0.0,7476.08,7476.08,0.0
3724,2581,437,1,2181.84,0.0,2181.84,2181.84,0.0
1769,2151,27,7,26993.41,0.0,188953.87,188953.87,0.0
3449,1334,74,6,44781.0,3858.39,268686.0,264827.61,1.44
750,710,510,5,307.04,0.0,1535.2,1535.2,0.0
3357,1760,484,3,491.0,0.0,1473.0,1473.0,0.0
4427,2656,105,6,4935.0,0.0,29610.0,29610.0,0.0
2557,2927,242,3,975.73,0.0,2927.19,2927.19,0.0
3034,2855,155,5,36068.08,0.0,180340.4,180340.4,0.0
107,947,585,1,2782.78,0.0,2782.78,2782.78,0.0
1464,2505,41,7,49158.0,0.0,344106.0,344106.0,0.0
3765,116,475,6,2554.85,628.26,15329.1,14700.84,4.1
4595,973,101,6,36744.16,0.0,220464.96,220464.96,0.0
2998,1074,171,7,4674.34,467.02,32720.38,32253.36,1.43
3927,1053,183,2,9228.02,1408.06,18456.04,17047.98,7.63
846,3452,480,6,1139.96,0.0,6839.76,6839.76,0.0
390,1955,560,6,4585.28,469.84,27511.68,27041.84,1.71
4590,2088,321,7,2793.78,0.0,19556.46,19556.46,0.0
489,2544,173,2,13426.8,0.0,26853.6,26853.6,0.0
1222,1189,190,5,17228.7,0.0,86143.5,86143.5,0.0
1771,504,542,2,7389.0,0.0,14778.0,14778.0,0.0
1668,1128,119,6,5867.88,0.0,35207.28,35207.28,0.0
314,3039,54,8,65038.31,0.0,520306.48,520306.48,0.0
423,978,499,7,938.22,144.02,6567.54,6423.52,2.19
3793,613,332,1,16589.24,0.0,16589.24,16589.24,0.0
1731,890,191,6,28453.03,4300.61,170718.18,166417.57,2.52
3224,3010,573,5,2616.22,0.0,13081.1,13081.1,0.0
300,3600,442,5,803.35,0.0,4016.75,4016.75,0.0
3519,1638,324,4,4902.47,478.8,19609.88,19131.08,2.44
2669,2917,435,1,236.0,0.0,236.0,236.0,0.0
1893,130,315,5,11703.0,1984.73,58515.0,56530.27,3.39
3432,1234,402,5,5207.91,0.0,26039.55,26039.55,0.0
450,1395,526,7,7636.0,0.0,53452.0,53452.0,0.0
3281,1941,123,3,18644.97,2601.89,55934.91,53333.02,4.65
303,1475,570,2,2235.17,384.19,4470.34,4086.15,8.59
2570,1822,54,6,65038.31,0.0,390229.86,390229.86,0.0
704,2908,113,4,24816.71,0.0,99266.84,99266.84,0.0
2098,1545,90,6,55867.02,0.0,335202.12,335202.12,0.0
979,2770,292,1,4443.62,0.0,4443.62,4443.62,0.0
218,609,218,7,2497.5,0.0,17482.5,17482.5,0.0
601,2395,360,8,13154.0,0.0,105232.0,105232.0,0.0
4145,1414,586,1,17660.57,0.0,17660.57,17660.57,0.0
2163,3425,557,8,700.1,0.0,5600.8,5600.8,0.0
3465,1625,599,1,1634.01,0.0,1634.01,1634.01,0.0
4462,3475,270,6,874.94,65.55,5249.64,5184.09,1.25
1188,1818,417,6,351.91,0.0,2111.46,2111.46,0.0
3674,791,254,2,1176.97,284.91,2353.94,2069.03,12.1
2751,975,454,6,333.0,29.04,1998.0,1968.96,1.45
3630,552,415,8,1413.02,0.0,11304.16,11304.16,0.0
638,305,599,4,1634.01,0.0,6536.04,6536.04,0.0
3804,1253,236,5,3329.05,0.0,16645.25,16645.25,0.0
1127,1627,233,2,1138.0,0.0,2276.0,2276.0,0.0
2292,2948,245,8,3654.56,536.32,29236.48,28700.16,1.83
1974,1737,492,1,3107.03,335.06,3107.03,2771.97,10.78
753,1828,147,5,8671.0,1118.32,43355.0,42236.68,2.58
4527,3345,228,1,1374.56,279.47,1374.56,1095.09,20.33
2131,728,544,1,13372.76,3287.35,13372.76,10085.41,24.58
3997,1643,542,1,7389.25,0.0,7389.25,7389.25,0.0
1719,1725,414,7,27836.07,0.0,194852.49,194852.49,0.0
271,399,437,3,2182.0,350.63,6546.0,6195.37,5.36
3236,2662,154,5,19828.54,0.0,99142.7,99142.7,0.0
1411,742,371,3,23441.01,0.0,70323.03,70323.03,0.0
2250,1379,309,6,579.38,0.0,3476.28,3476.28,0.0
1546,162,331,5,12535.65,1673.08,62678.25,61005.17,2.67
1417,912,236,5,3329.0,0.0,16645.0,16645.0,0.0
2882,1195,489,3,722.97,114.53,2168.91,2054.38,5.28
3755,2665,476,4,484.9,102.29,1939.6,1837.31,5.27
2092,2322,474,4,3638.88,0.0,14555.52,14555.52,0.0
1981,3388,596,8,15149.53,2629.3,121196.24,118566.94,2.17
3821,3596,90,1,55867.02,7666.71,55867.02,48200.31,13.72
1038,2915,90,3,55867.0,0.0,167601.0,167601.0,0.0
3661,1336,113,8,24816.71,1261.05,198533.68,197272.63,0.64
44,3074,591,5,827.84,90.23,4139.2,4048.97,2.18
147,1873,19,1,52611.56,12173.53,52611.56,40438.03,23.14
3478,172,332,3,16589.24,0.0,49767.72,49767.72,0.0
1835,3336,432,5,236.92,0.0,1184.6,1184.6,0.0
3475,3013,596,7,15149.53,0.0,106046.71,106046.71,0.0
1316,3294,411,2,25254.0,4977.33,50508.0,45530.67,9.85
1818,3563,391,2,11122.21,0.0,22244.42,22244.42,0.0
4597,3188,308,4,2045.61,459.47,8182.44,7722.97,5.62
339,1721,201,1,12657.76,0.0,12657.76,12657.76,0.0
1628,2370,601,3,2666.31,0.0,7998.93,7998.93,0.0
3637,3070,569,8,903.22,0.0,7225.76,7225.76,0.0
1561,1656,490,4,701.76,0.0,2807.04,2807.04,0.0
2077,577,163,6,34985.4,3980.68,209912.4,205931.72,1.9
3050,1614,224,1,3092.44,0.0,3092.44,3092.44,0.0
2905,688,90,1,55867.02,6794.19,55867.02,49072.83,12.16
2482,2549,388,6,5732.64,696.71,34395.84,33699.13,2.03
4464,3052,320,3,10505.0,0.0,31515.0,31515.0,0.0
3705,940,206,1,35845.9,8253.24,35845.9,27592.66,23.02
3398,1551,292,2,4443.62,0.0,8887.24,8887.24,0.0
2868,2258,90,6,55867.0,0.0,335202.0,335202.0,0.0
1797,2493,378,1,8469.68,1840.88,8469.68,6628.8,21.73
3701,344,38,2,32293.58,6674.21,64587.16,57912.95,10.33
4449,309,218,5,2498.0,422.47,12490.0,12067.53,3.38
228,2583,568,8,7363.71,913.41,58909.68,57996.27,1.55
4297,3216,261,1,6918.0,0.0,6918.0,6918.0,0.0
2487,2517,499,1,938.22,51.07,938.22,887.15,5.44
1957,2742,544,1,13372.76,0.0,13372.76,13372.76,0.0
2162,10,174,5,11259.21,0.0,56296.05,56296.05,0.0
1616,2176,373,2,20620.17,0.0,41240.34,41240.34,0.0
1285,2693,324,1,4902.47,1037.64,4902.47,3864.83,21.17
3287,2387,407,5,19163.47,4413.42,95817.35,91403.93,4.61
599,2630,392,8,16781.48,0.0,134251.84,134251.84,0.0
3774,586,333,6,7242.48,1291.59,43454.88,42163.29,2.97
306,2859,114,2,28090.65,0.0,56181.3,56181.3,0.0
3603,1359,428,3,3924.13,0.0,11772.39,11772.39,0.0
1283,406,113,8,24816.71,0.0,198533.68,198533.68,0.0
3249,358,215,3,1216.35,0.0,3649.05,3649.05,0.0
929,978,208,4,3669.04,0.0,14676.16,14676.16,0.0
1801,3030,53,1,16779.87,883.3,16779.87,15896.57,5.26
3829,2728,565,8,2302.59,0.0,18420.72,18420.72,0.0
52,1117,545,2,11443.0,0.0,22886.0,22886.0,0.0
4207,267,274,5,5610.04,0.0,28050.2,28050.2,0.0
729,1853,223,4,563.7,73.36,2254.8,2181.44,3.25
1948,2814,259,6,625.08,0.0,3750.48,3750.48,0.0
801,1664,456,5,1042.89,187.81,5214.45,5026.64,3.6
216,3375,522,8,1520.34,126.45,12162.72,12036.27,1.04
625,350,385,6,1800.0,267.1,10800.0,10532.9,2.47
4451,668,5,6,26070.0,0.0,156420.0,156420.0,0.0
1819,2578,152,7,8926.77,0.0,62487.39,62487.39,0.0
27,2737,593,8,2171.89,507.29,17375.12,16867.83,2.92
1443,1674,263,3,5730.99,0.0,17192.97,17192.97,0.0
3915,2551,349,1,8219.0,1645.74,8219.0,6573.26,20.02
1408,1879,343,5,19021.91,3895.45,95109.55,91214.1,4.1
233,620,219,8,403.99,0.0,3231.92,3231.92,0.0
2355,896,313,7,22302.8,0.0,156119.6,156119.6,0.0
1123,2957,210,4,1643.04,0.0,6572.16,6572.16,0.0
2336,252,123,3,18645.0,0.0,55935.0,55935.0,0.0
795,2670,90,4,55867.02,0.0,223468.08,223468.08,0.0
3092,2865,393,2,2250.85,476.1,4501.7,4025.6,10.58
3872,190,314,1,15052.07,0.0,15052.07,15052.07,0.0
4142,1862,238,1,6129.02,960.23,6129.02,5168.79,15.67
896,2707,487,5,1140.99,0.0,5704.95,5704.95,0.0
958,362,386,6,15529.88,2387.41,93179.28,90791.87,2.56
1423,1620,111,6,7068.0,0.0,42408.0,42408.0,0.0
3329,57,271,8,7591.0,0.0,60728.0,60728.0,0.0
375,2224,601,1,2666.31,0.0,2666.31,2666.31,0.0
1130,3044,379,3,2571.64,0.0,7714.92,7714.92,0.0
1558,930,149,3,27409.46,2129.98,82228.38,80098.4,2.59
730,2212,324,7,4902.47,0.0,34317.29,34317.29,0.0
4098,3035,90,6,55867.02,0.0,335202.12,335202.12,0.0
3406,878,547,1,623.0,0.0,623.0,623.0,0.0
3687,3244,90,1,55867.02,13464.14,55867.02,42402.88,24.1
2279,3529,583,5,4356.58,0.0,21782.9,21782.9,0.0
1427,2909,164,7,13854.22,1317.42,96979.54,95662.12,1.36
2228,447,352,1,17190.19,0.0,17190.19,17190.19,0.0
1795,2894,236,2,3329.05,0.0,6658.1,6658.1,0.0
395,2200,236,4,3329.05,369.75,13316.2,12946.45,2.78
3268,2159,516,8,1869.02,0.0,14952.16,14952.16,0.0
733,3215,153,2,35631.03,0.0,71262.06,71262.06,0.0
2267,2264,145,5,41579.0,8059.75,207895.0,199835.25,3.88
3810,2955,482,2,1201.93,236.18,2403.86,2167.68,9.83
1938,1354,219,4,403.99,0.0,1615.96,1615.96,0.0
1193,2761,453,5,1833.0,0.0,9165.0,9165.0,0.0
238,3014,324,3,4902.0,726.99,14706.0,13979.01,4.94
3735,2537,426,8,554.0,0.0,4432.0,4432.0,0.0
4423,2655,59,1,31949.0,5101.16,31949.0,26847.84,15.97
3396,378,308,2,2045.61,0.0,4091.22,4091.22,0.0
1190,2010,236,6,3329.05,742.17,19974.3,19232.13,3.72
718,2105,572,6,649.84,0.0,3899.04,3899.04,0.0
781,1218,197,7,37861.79,1977.86,265032.53,263054.67,0.75
2348,2194,84,8,16273.21,0.0,130185.68,130185.68,0.0
1740,3254,546,6,2515.65,615.29,15093.9,14478.61,4.08
4484,2501,324,1,4902.0,842.66,4902.0,4059.34,17.19
685,2608,66,8,15232.59,0.0,121860.72,121860.72,0.0
2758,2949,331,7,12535.65,0.0,87749.55,87749.55,0.0
4579,1701,69,4,33168.84,0.0,132675.36,132675.36,0.0
500,89,516,1,1869.0,0.0,1869.0,1869.0,0.0
4292,1398,495,3,775.96,101.0,2327.88,2226.88,4.34
1401,1118,596,1,15149.53,0.0,15149.53,15149.53,0.0
1086,860,21,3,41665.57,0.0,124996.71,124996.71,0.0
3421,2613,245,1,3654.56,0.0,3654.56,3654.56,0.0
4477,2148,355,4,14690.56,2461.04,58762.24,56301.2,4.19
2316,774,65,3,15736.34,0.0,47209.02,47209.02,0.0
260,3135,560,4,4585.28,735.7,18341.12,17605.42,4.01
1518,3597,371,1,23441.01,0.0,23441.01,23441.01,0.0
800,949,484,8,491.44,64.05,3931.52,3867.47,1.63
4323,1062,324,3,4902.47,416.11,14707.41,14291.3,2.83
2392,715,64,7,13895.81,2974.19,97270.67,94296.48,3.06
2376,2968,513,4,292.0,29.35,1168.0,1138.65,2.51
1310,148,542,1,7389.25,0.0,7389.25,7389.25,0.0
1871,3049,593,4,2172.0,0.0,8688.0,8688.0,0.0
690,1875,464,3,224.52,0.0,673.56,673.56,0.0
342,2492,380,1,25375.31,0.0,25375.31,25375.31,0.0
3223,3468,437,7,2181.84,225.91,15272.88,15046.97,1.48
713,416,510,5,307.04,0.0,1535.2,1535.2,0.0
472,3130,64,7,13895.81,777.59,97270.67,96493.08,0.8
4274,2739,145,6,41579.07,0.0,249474.42,249474.42,0.0
2533,2654,424,8,1995.03,244.44,15960.24,15715.8,1.53
1767,3576,516,5,1869.02,0.0,9345.1,9345.1,0.0
2265,624,399,1,26570.51,3399.15,26570.51,23171.36,12.79
4053,682,324,5,4902.47,0.0,24512.35,24512.35,0.0
70,639,310,1,4367.99,0.0,4367.99,4367.99,0.0
3992,2464,558,3,2486.26,322.99,7458.78,7135.79,4.33
1119,3197,138,8,7003.0,0.0,56024.0,56024.0,0.0
2390,1751,440,8,1344.29,0.0,10754.32,10754.32,0.0
2757,2401,546,2,2515.65,0.0,5031.3,5031.3,0.0
4213,2631,577,1,7085.73,1494.09,7085.73,5591.64,21.09
4048,1508,158,6,4265.11,0.0,25590.66,25590.66,0.0
4400,789,477,6,185.9,38.26,1115.4,1077.14,3.43
3786,3537,253,3,4813.0,0.0,14439.0,14439.0,0.0
4456,1822,423,5,251.0,0.0,1255.0,1255.0,0.0
4140,1537,314,1,15052.07,0.0,15052.07,15052.07,0.0
2967,1000,4,3,59704.35,11773.42,179113.05,167339.63,6.57
2674,2927,90,2,55867.02,0.0,111734.04,111734.04,0.0
2901,2855,496,4,1891.04,0.0,7564.16,7564.16,0.0
3521,165,84,6,16273.0,0.0,97638.0,97638.0,0.0
3162,3470,371,1,23441.01,0.0,23441.01,23441.01,0.0
4194,2942,448,8,1395.0,0.0,11160.0,11160.0,0.0
1425,1401,228,3,1374.56,0.0,4123.68,4123.68,0.0
1928,3491,49,8,51081.62,0.0,408652.96,408652.96,0.0
1496,3043,599,1,1634.01,0.0,1634.01,1634.01,0.0
4393,1398,83,1,56550.9,0.0,56550.9,56550.9,0.0
1903,2211,270,1,874.94,0.0,874.94,874.94,0.0
4544,2295,263,2,5730.99,0.0,11461.98,11461.98,0.0
427,2389,123,2,18644.97,0.0,37289.94,37289.94,0.0
4178,3521,497,8,2080.14,345.43,16641.12,16295.69,2.08
3363,1665,562,6,7816.25,0.0,46897.5,46897.5,0.0
4170,3563,446,7,3256.03,355.79,22792.21,22436.42,1.56
3202,753,111,6,7068.08,1069.34,42408.48,41339.14,2.52
3554,1264,563,7,11445.0,1667.34,80115.0,78447.66,2.08
2664,2230,170,7,20780.0,0.0,145460.0,145460.0,0.0
2168,1617,319,5,3774.97,520.52,18874.85,18354.33,2.76
3501,1079,242,3,975.73,159.49,2927.19,2767.7,5.45
2696,1852,556,2,858.14,0.0,1716.28,1716.28,0.0
125,3075,438,3,1451.81,0.0,4355.43,4355.43,0.0
2700,2767,496,6,1891.0,265.88,11346.0,11080.12,2.34
2924,2564,324,6,4902.47,782.02,29414.82,28632.8,2.66
2532,329,256,8,1022.0,0.0,8176.0,8176.0,0.0
1704,1094,228,5,1374.56,0.0,6872.8,6872.8,0.0
3397,328,276,7,468.04,0.0,3276.28,3276.28,0.0
1384,1064,324,1,4902.47,1139.27,4902.47,3763.2,23.24
3573,1018,404,7,6531.34,0.0,45719.38,45719.38,0.0
783,2398,604,8,5124.09,0.0,40992.72,40992.72,0.0
3673,3193,428,2,3924.13,0.0,7848.26,7848.26,0.0
2520,2225,169,1,4684.61,0.0,4684.61,4684.61,0.0
3870,932,391,7,11122.21,0.0,77855.47,77855.47,0.0
398,2506,188,5,6552.0,0.0,32760.0,32760.0,0.0
2385,317,405,4,26381.0,0.0,105524.0,105524.0,0.0
1549,2994,525,7,9670.16,0.0,67691.12,67691.12,0.0
825,1102,81,8,33449.39,3247.21,267595.12,264347.91,1.21
3016,410,381,7,3809.89,711.92,26669.23,25957.31,2.67
2965,644,313,1,22302.8,0.0,22302.8,22302.8,0.0
784,1079,294,8,755.89,0.0,6047.12,6047.12,0.0
2489,382,379,3,2571.64,0.0,7714.92,7714.92,0.0
65,3318,339,8,20051.22,4833.73,160409.76,155576.03,3.01
4200,131,314,7,15052.07,0.0,105364.49,105364.49,0.0
2864,2411,482,1,1201.93,89.37,1201.93,1112.56,7.44
749,257,509,5,603.92,0.0,3019.6,3019.6,0.0
2308,2122,30,1,20336.55,0.0,20336.55,20336.55,0.0
1324,675,211,3,2399.0,280.2,7197.0,6916.8,3.89
2272,2851,329,3,2798.95,0.0,8396.85,8396.85,0.0
1207,2964,359,7,16986.9,0.0,118908.3,118908.3,0.0
2670,2608,482,6,1201.93,0.0,7211.58,7211.58,0.0
2467,2809,245,2,3654.56,751.33,7309.12,6557.79,10.28
3696,260,271,7,7591.04,0.0,53137.28,53137.28,0.0
371,1376,391,6,11122.21,1086.35,66733.26,65646.91,1.63
2048,214,228,1,1374.56,0.0,1374.56,1374.56,0.0
3520,2446,366,1,5166.06,1184.61,5166.06,3981.45,22.93
2244,623,435,3,235.67,0.0,707.01,707.01,0.0
540,1180,539,5,3494.06,412.89,17470.3,17057.41,2.36
883,950,305,1,1008.2,82.74,1008.2,925.46,8.21
4045,896,342,7,7644.17,0.0,53509.19,53509.19,0.0
2846,734,147,6,8671.49,0.0,52028.94,52028.94,0.0
3435,1669,143,5,19160.64,1461.55,95803.2,94341.65,1.53
3105,3067,101,1,36744.16,0.0,36744.16,36744.16,0.0
4113,3073,143,8,19160.64,0.0,153285.12,153285.12,0.0
440,1873,346,5,8515.94,0.0,42579.7,42579.7,0.0
3512,1207,269,4,4544.06,0.0,18176.24,18176.24,0.0
940,329,78,8,49993.67,0.0,399949.36,399949.36,0.0
3736,1715,331,2,12535.65,2093.16,25071.3,22978.14,8.35
1621,3572,373,1,20620.0,0.0,20620.0,20620.0,0.0
511,1266,324,7,4902.47,579.34,34317.29,33737.95,1.69
4311,34,332,1,16589.24,1640.55,16589.24,14948.69,9.89
1706,1087,402,3,5207.91,1108.69,15623.73,14515.04,7.1
3815,2594,490,1,701.76,0.0,701.76,701.76,0.0
1607,643,391,7,11122.21,0.0,77855.47,77855.47,0.0
649,545,461,2,3021.14,0.0,6042.28,6042.28,0.0
3604,3029,309,2,579.38,31.69,1158.76,1127.07,2.73
1907,3203,306,1,1973.0,0.0,1973.0,1973.0,0.0
4576,1622,163,2,34985.4,7337.88,69970.8,62632.92,10.49
362,2211,446,1,3256.03,432.33,3256.03,2823.7,13.28
69,2518,467,4,841.05,200.22,3364.2,3163.98,5.95
2729,1625,414,7,27836.0,0.0,194852.0,194852.0,0.0
2805,880,165,8,8728.22,0.0,69825.76,69825.76,0.0
173,2357,90,3,55867.02,0.0,167601.06,167601.06,0.0
2760,3295,324,4,4902.47,532.77,19609.88,19077.11,2.72
971,2085,123,7,18644.97,0.0,130514.79,130514.79,0.0
269,1044,25,3,44064.0,5449.05,132192.0,126742.95,4.12
1363,451,145,7,41579.07,0.0,291053.49,291053.49,0.0
2987,814,236,4,3329.05,0.0,13316.2,13316.2,0.0
4124,1047,47,6,18424.0,2447.53,110544.0,108096.47,2.21
765,3412,296,8,2185.34,339.69,17482.72,17143.03,1.94
528,2304,178,2,29863.52,0.0,59727.04,59727.04,0.0
4236,2319,166,1,9127.91,0.0,9127.91,9127.91,0.0
3923,1107,343,8,19021.91,3121.54,152175.28,149053.74,2.05
1011,386,69,1,33168.84,8153.41,33168.84,25015.43,24.58
4490,548,64,5,13895.81,0.0,69479.05,69479.05,0.0
3702,706,448,8,1395.0,0.0,11160.0,11160.0,0.0
3648,3151,447,8,195.51,0.0,1564.08,1564.08,0.0
1622,626,494,7,2411.1,0.0,16877.7,16877.7,0.0
2635,2835,121,1,12917.12,0.0,12917.12,12917.12,0.0
4448,1085,573,1,2616.22,0.0,2616.22,2616.22,0.0
4038,938,123,7,18644.97,3107.49,130514.79,127407.3,2.38
1018,1787,499,5,938.22,147.32,4691.1,4543.78,3.14
1122,21,292,2,4444.0,0.0,8888.0,8888.0,0.0
1671,883,405,1,26380.91,0.0,26380.91,26380.91,0.0
2040,1776,128,1,29282.83,0.0,29282.83,29282.83,0.0
1486,2676,345,7,2800.57,0.0,19603.99,19603.99,0.0
1513,2595,27,6,26993.41,0.0,161960.46,161960.46,0.0
4300,1149,136,2,20224.22,0.0,40448.44,40448.44,0.0
2378,1900,179,1,24894.74,0.0,24894.74,24894.74,0.0
3431,2877,357,3,11859.71,2634.04,35579.13,32945.09,7.4
394,2934,236,6,3329.05,0.0,19974.3,19974.3,0.0
3785,2310,514,2,244.13,0.0,488.26,488.26,0.0
264,3263,604,8,5124.09,0.0,40992.72,40992.72,0.0
1644,3593,324,6,4902.47,0.0,29414.82,29414.82,0.0
322,999,113,4,24817.0,0.0,99268.0,99268.0,0.0
3168,364,56,3,18375.86,0.0,55127.58,55127.58,0.0
401,2828,123,1,18644.97,0.0,18644.97,18644.97,0.0
2386,2303,4,1,59704.35,6818.49,59704.35,52885.86,11.42
514,303,516,6,1869.02,414.78,11214.12,10799.34,3.7
3029,815,562,5,7816.25,0.0,39081.25,39081.25,0.0
1295,3105,125,1,5758.0,502.15,5758.0,5255.85,8.72
764,1514,409,6,13699.12,0.0,82194.72,82194.72,0.0
4004,2976,257,7,2514.23,0.0,17599.61,17599.61,0.0
2350,1161,148,3,9601.21,0.0,28803.63,28803.63,0.0
524,1449,586,6,17660.57,0.0,105963.42,105963.42,0.0
402,1244,412,7,23899.28,2733.89,167294.96,164561.07,1.63
3088,1344,464,2,224.52,45.84,449.04,403.2,10.21
121,697,5,3,26069.66,3186.79,78208.98,75022.19,4.07
1208,2075,404,3,6531.34,0.0,19594.02,19594.02,0.0
1008,2921,404,6,6531.34,0.0,39188.04,39188.04,0.0
4407,2304,153,8,35631.03,0.0,285048.24,285048.24,0.0
2781,1681,122,1,4404.82,0.0,4404.82,4404.82,0.0
1894,2794,526,5,7635.84,0.0,38179.2,38179.2,0.0
1183,2188,208,1,3669.04,0.0,3669.04,3669.04,0.0
1551,3329,416,5,541.52,0.0,2707.6,2707.6,0.0
942,2789,294,5,755.89,0.0,3779.45,3779.45,0.0
2278,964,183,5,9228.0,1562.52,46140.0,44577.48,3.39
1083,1403,188,3,6551.92,0.0,19655.76,19655.76,0.0
2808,856,487,5,1140.99,89.29,5704.95,5615.66,1.57
4422,2200,174,1,11259.21,0.0,11259.21,11259.21,0.0
3331,2610,296,3,2185.34,0.0,6556.02,6556.02,0.0
4357,1483,252,5,1423.19,0.0,7115.95,7115.95,0.0
222,1099,399,5,26570.51,5603.66,132852.55,127248.89,4.22
164,54,469,5,4056.55,850.38,20282.75,19432.37,4.19
4141,1603,391,4,11122.21,0.0,44488.84,44488.84,0.0
405,1541,531,7,2414.15,0.0,16899.05,16899.05,0.0
2021,2447,607,8,9522.34,2009.31,76178.72,74169.41,2.64
2525,3121,107,1,36858.64,8458.05,36858.64,28400.59,22.95
4126,3222,508,6,164.68,0.0,988.08,988.08,0.0
3764,3459,190,3,17228.7,4154.68,51686.1,47531.42,8.04
1437,451,246,8,639.2,0.0,5113.6,5113.6,0.0
174,2139,87,3,22796.75,2779.75,68390.25,65610.5,4.06
1053,1600,98,6,39576.0,0.0,237456.0,237456.0,0.0
4591,3252,42,1,44549.41,0.0,44549.41,44549.41,0.0
508,574,262,7,596.0,0.0,4172.0,4172.0,0.0
1565,1701,234,8,1042.83,0.0,8342.64,8342.64,0.0
2029,1846,242,8,975.73,0.0,7805.84,7805.84,0.0
413,777,25,7,44064.0,0.0,308448.0,308448.0,0.0
4190,720,5,1,26069.66,0.0,26069.66,26069.66,0.0
1738,1750,596,8,15149.53,0.0,121196.24,121196.24,0.0
2784,1548,412,1,23899.28,3725.2,23899.28,20174.08,15.59
1658,1737,5,5,26069.66,0.0,130348.3,130348.3,0.0
988,1965,475,7,2554.85,0.0,17883.95,17883.95,0.0
1317,1634,547,3,622.58,0.0,1867.74,1867.74,0.0
4260,416,346,1,8515.94,1952.94,8515.94,6563.0,22.93
2562,2506,145,5,41579.07,9386.45,207895.35,198508.9,4.51
739,3206,378,1,8469.68,873.12,8469.68,7596.56,10.31
4571,1346,272,5,4993.05,0.0,24965.25,24965.25,0.0
3525,905,313,4,22302.8,0.0,89211.2,89211.2,0.0
2202,558,405,4,26380.91,0.0,105523.64,105523.64,0.0
1213,3349,172,2,3632.94,0.0,7265.88,7265.88,0.0
3784,2878,593,5,2172.0,0.0,10860.0,10860.0,0.0
3351,1527,18,4,49907.28,8873.89,199629.12,190755.23,4.45
3723,178,38,1,32293.58,0.0,32293.58,32293.58,0.0
4114,1922,277,4,7528.53,0.0,30114.12,30114.12,0.0
2369,3056,119,6,5868.0,0.0,35208.0,35208.0,0.0
2559,2319,540,8,17228.6,2214.05,137828.8,135614.75,1.61
1864,2332,427,5,152.24,0.0,761.2,761.2,0.0
1407,1596,501,2,480.82,0.0,961.64,961.64,0.0
3867,3474,489,6,722.97,94.28,4337.82,4243.54,2.17
541,3211,20,4,48420.36,0.0,193681.44,193681.44,0.0
4584,3025,280,7,5190.0,0.0,36330.0,36330.0,0.0
821,3113,517,8,2835.58,0.0,22684.64,22684.64,0.0
1962,2311,382,1,2447.27,345.28,2447.27,2101.99,14.11
3102,3297,333,3,7242.48,0.0,21727.44,21727.44,0.0
976,677,11,6,13708.49,0.0,82250.94,82250.94,0.0
643,478,555,8,1011.56,111.88,8092.48,7980.6,1.38
1374,129,526,8,7636.0,0.0,61088.0,61088.0,0.0
2644,989,2,5,25250.01,3043.51,126250.05,123206.54,2.41
2088,2812,29,6,16972.54,0.0,101835.24,101835.24,0.0
1334,447,123,3,18645.0,0.0,55935.0,55935.0,0.0
2680,1125,236,5,3329.05,620.01,16645.25,16025.24,3.72
3970,1581,601,1,2666.31,508.81,2666.31,2157.5,19.08
948,2844,454,5,332.74,0.0,1663.7,1663.7,0.0
4419,1849,101,7,36744.16,0.0,257209.12,257209.12,0.0
2587,497,219,2,403.99,0.0,807.98,807.98,0.0
4376,755,124,1,36263.0,0.0,36263.0,36263.0,0.0
2432,2389,167,8,4609.55,0.0,36876.4,36876.4,0.0
860,3498,510,2,307.04,24.67,614.08,589.41,4.02
3572,1643,522,6,1520.34,276.66,9122.04,8845.38,3.03
4168,753,343,1,19021.91,0.0,19021.91,19021.91,0.0
317,3150,183,2,9228.02,0.0,18456.04,18456.04,0.0
2118,1631,550,1,12661.44,0.0,12661.44,12661.44,0.0
112,765,531,1,2414.15,526.98,2414.15,1887.17,21.83
588,255,4,2,59704.35,12832.39,119408.7,106576.31,10.75
1588,1726,98,5,39575.72,3073.0,197878.6,194805.6,1.55
3733,144,245,6,3654.56,0.0,21927.36,21927.36,0.0
1031,659,441,5,2502.58,0.0,12512.9,12512.9,0.0
1465,2576,222,7,5707.81,0.0,39954.67,39954.67,0.0
4417,788,497,7,2080.14,0.0,14560.98,14560.98,0.0
3562,1436,174,3,11259.21,1592.69,33777.63,32184.94,4.72
982,653,285,1,1459.41,0.0,1459.41,1459.41,0.0
2493,821,64,6,13896.0,0.0,83376.0,83376.0,0.0
1472,1085,324,6,4902.47,0.0,29414.82,29414.82,0.0
1397,1322,273,6,2849.98,0.0,17099.88,17099.88,0.0
2524,1602,404,4,6531.34,807.31,26125.36,25318.05,3.09
3077,3141,31,5,38226.13,0.0,191130.65,191130.65,0.0
3880,3519,501,1,480.82,0.0,480.82,480.82,0.0
1792,3060,410,1,2824.0,259.43,2824.0,2564.57,9.19
225,1292,402,5,5207.91,905.99,26039.55,25133.56,3.48
1527,592,51,8,68000.0,12997.81,544000.0,531002.19,2.39
2333,2420,236,2,3329.05,0.0,6658.1,6658.1,0.0
3882,2024,490,5,702.0,0.0,3510.0,3510.0,0.0
2938,1947,363,5,2614.49,0.0,13072.45,13072.45,0.0
888,3593,435,6,235.67,0.0,1414.02,1414.02,0.0
4061,2065,286,7,713.47,0.0,4994.29,4994.29,0.0
2364,670,566,3,7865.94,0.0,23597.82,23597.82,0.0
1145,1614,136,2,20224.22,0.0,40448.44,40448.44,0.0
2726,1202,113,3,24816.71,4052.71,74450.13,70397.42,5.44
2136,2952,245,1,3654.56,0.0,3654.56,3654.56,0.0
4402,3119,590,4,2112.0,0.0,8448.0,8448.0,0.0
309,609,54,7,65038.31,15208.85,455268.17,440059.32,3.34
4534,3263,123,8,18644.97,0.0,149159.76,149159.76,0.0
2630,1575,318,1,2673.0,0.0,2673.0,2673.0,0.0
239,2949,263,1,5730.99,1427.92,5730.99,4303.07,24.92
2093,53,27,2,26993.41,4753.71,53986.82,49233.11,8.81
1748,1933,341,3,4244.16,0.0,12732.48,12732.48,0.0
3651,3072,238,3,6129.02,0.0,18387.06,18387.06,0.0
3744,3086,346,2,8515.94,0.0,17031.88,17031.88,0.0
2434,1771,219,1,404.0,24.69,404.0,379.31,6.11
3007,1859,598,5,3275.0,0.0,16375.0,16375.0,0.0
4339,1014,379,2,2571.64,415.77,5143.28,4727.51,8.08
3261,1658,90,4,55867.02,0.0,223468.08,223468.08,0.0
4171,1377,505,3,1346.46,0.0,4039.38,4039.38,0.0
162,1276,147,5,8671.49,0.0,43357.45,43357.45,0.0
3316,2668,462,7,559.0,0.0,3913.0,3913.0,0.0
3395,571,322,2,5883.98,0.0,11767.96,11767.96,0.0
1186,1631,98,3,39575.72,8487.03,118727.16,110240.13,7.15
116,2792,121,6,12917.12,0.0,77502.72,77502.72,0.0
1599,1162,548,4,1107.0,0.0,4428.0,4428.0,0.0
4409,2763,153,1,35631.03,3882.99,35631.03,31748.04,10.9
567,814,435,8,235.67,0.0,1885.36,1885.36,0.0
1322,2378,512,7,1287.0,154.57,9009.0,8854.43,1.72
4270,735,360,8,13154.0,0.0,105232.0,105232.0,0.0
3400,342,560,5,4585.28,0.0,22926.4,22926.4,0.0
1076,3013,32,5,56222.67,0.0,281113.35,281113.35,0.0
4481,563,435,8,235.67,0.0,1885.36,1885.36,0.0
4133,333,324,7,4902.47,0.0,34317.29,34317.29,0.0
845,1366,600,4,14080.43,1437.28,56321.72,54884.44,2.55
1399,2200,525,6,9670.16,675.27,58020.96,57345.69,1.16
669,624,396,2,4864.14,0.0,9728.28,9728.28,0.0
1576,2471,145,2,41579.07,0.0,83158.14,83158.14,0.0
1247,114,549,7,3539.57,0.0,24776.99,24776.99,0.0
4062,1009,544,3,13373.0,1346.27,40119.0,38772.73,3.36
2796,2284,474,3,3639.0,0.0,10917.0,10917.0,0.0
4426,619,317,8,4957.78,1223.58,39662.24,38438.66,3.08
824,402,395,1,11207.81,0.0,11207.81,11207.81,0.0
3669,2881,467,8,841.05,67.47,6728.4,6660.93,1.0
3442,3195,314,1,15052.07,823.63,15052.07,14228.44,5.47
955,3433,330,2,7517.64,0.0,15035.28,15035.28,0.0
711,2693,126,3,6208.0,882.73,18624.0,17741.27,4.74
3025,1251,425,1,1199.26,0.0,1199.26,1199.26,0.0
3379,351,163,1,34985.0,0.0,34985.0,34985.0,0.0
2621,1714,271,7,7591.04,1563.01,53137.28,51574.27,2.94
2775,2951,557,8,700.1,0.0,5600.8,5600.8,0.0
523,758,360,6,13154.0,671.64,78924.0,78252.36,0.85
2243,2216,386,8,15529.88,1440.56,124239.04,122798.48,1.16
1796,146,108,6,12828.66,1465.19,76971.96,75506.77,1.9
3383,3453,236,3,3329.05,810.31,9987.15,9176.84,8.11
1559,122,236,1,3329.05,0.0,3329.05,3329.05,0.0
2194,863,399,5,26570.51,6087.76,132852.55,126764.79,4.58
2820,3292,29,3,16972.54,3146.44,50917.62,47771.18,6.18
3585,471,460,6,328.0,0.0,1968.0,1968.0,0.0
441,1784,111,8,7068.08,1477.37,56544.64,55067.27,2.61
1578,1158,29,3,16972.54,0.0,50917.62,50917.62,0.0
1808,958,560,1,4585.28,0.0,4585.28,4585.28,0.0
2957,415,324,6,4902.0,375.99,29412.0,29036.01,1.28
1758,1749,469,5,4056.55,327.4,20282.75,19955.35,1.61
3058,2618,66,7,15233.0,0.0,106631.0,106631.0,0.0
656,1775,526,3,7635.84,0.0,22907.52,22907.52,0.0
1910,338,236,2,3329.0,803.69,6658.0,5854.31,12.07
903,1387,123,7,18644.97,0.0,130514.79,130514.79,0.0
4562,2352,453,3,1833.28,0.0,5499.84,5499.84,0.0
3907,2904,372,1,7389.1,0.0,7389.1,7389.1,0.0
2693,556,173,1,13426.8,719.57,13426.8,12707.23,5.36
2884,3297,359,1,16986.9,0.0,16986.9,16986.9,0.0
3503,3045,162,4,32940.52,0.0,131762.08,131762.08,0.0
1000,725,149,1,27409.46,1917.58,27409.46,25491.88,7.0
404,2136,453,2,1833.28,0.0,3666.56,3666.56,0.0
1133,2346,122,1,4404.82,0.0,4404.82,4404.82,0.0
2774,2884,281,4,2874.0,584.52,11496.0,10911.48,5.08
3589,640,90,3,55867.02,0.0,167601.06,167601.06,0.0
2275,164,232,1,681.0,0.0,681.0,681.0,0.0
2411,1568,128,2,29282.83,0.0,58565.66,58565.66,0.0
1260,456,408,7,25253.16,2065.11,176772.12,174707.01,1.17
3783,961,343,1,19021.91,3386.29,19021.91,15635.62,17.8
2402,2396,586,4,17660.57,0.0,70642.28,70642.28,0.0
3522,2585,367,5,2279.64,0.0,11398.2,11398.2,0.0
4118,1974,228,1,1374.56,0.0,1374.56,1374.56,0.0
4575,503,599,3,1634.01,0.0,4902.03,4902.03,0.0
1224,1481,572,4,649.84,0.0,2599.36,2599.36,0.0
2367,3151,437,2,2181.84,0.0,4363.68,4363.68,0.0
996,2338,471,7,616.0,0.0,4312.0,4312.0,0.0
3511,2002,467,4,841.05,0.0,3364.2,3364.2,0.0
2970,1890,236,5,3329.05,0.0,16645.25,16645.25,0.0
3858,1568,510,3,307.04,0.0,921.12,921.12,0.0
3508,3169,34,4,63820.31,0.0,255281.24,255281.24,0.0
448,2786,546,7,2515.65,395.77,17609.55,17213.78,2.25
3563,2822,419,4,279.73,0.0,1118.92,1118.92,0.0
968,3359,391,8,11122.21,0.0,88977.68,88977.68,0.0
2609,954,147,6,8671.49,0.0,52028.94,52028.94,0.0
3513,917,27,2,26993.41,0.0,53986.82,53986.82,0.0
1055,368,367,1,2279.64,0.0,2279.64,2279.64,0.0
1990,1175,535,3,2210.07,280.12,6630.21,6350.09,4.22
1920,966,104,2,38907.41,0.0,77814.82,77814.82,0.0
2734,1277,318,6,2672.96,0.0,16037.76,16037.76,0.0
3667,1672,558,2,2486.26,621.03,4972.52,4351.49,12.49
629,3584,90,3,55867.02,0.0,167601.06,167601.06,0.0
3972,1648,216,2,1493.81,0.0,2987.62,2987.62,0.0
3253,2251,444,7,389.88,0.0,2729.16,2729.16,0.0
3015,1892,336,2,3813.68,0.0,7627.36,7627.36,0.0
4515,1745,136,8,20224.0,0.0,161792.0,161792.0,0.0
1046,2234,94,5,58178.52,0.0,290892.6,290892.6,0.0
4577,2066,548,8,1106.78,168.89,8854.24,8685.35,1.91
2802,820,188,1,6551.92,0.0,6551.92,6551.92,0.0
415,953,135,3,8232.79,0.0,24698.37,24698.37,0.0
1555,570,123,3,18644.97,4291.18,55934.91,51643.73,7.67
869,2763,173,4,13426.8,1144.33,53707.2,52562.87,2.13
3548,324,216,7,1494.0,133.85,10458.0,10324.15,1.28
391,3428,177,3,25698.47,2296.94,77095.41,74798.47,2.98
4241,2548,90,2,55867.02,0.0,111734.04,111734.04,0.0
1412,3177,21,1,41666.0,0.0,41666.0,41666.0,0.0
3551,3459,123,4,18644.97,0.0,74579.88,74579.88,0.0
4578,832,382,1,2447.27,0.0,2447.27,2447.27,0.0
3928,2649,300,1,1629.59,0.0,1629.59,1629.59,0.0
1341,2772,307,1,1429.76,0.0,1429.76,1429.76,0.0
2634,462,148,1,9601.21,0.0,9601.21,9601.21,0.0
263,246,546,1,2515.65,0.0,2515.65,2515.65,0.0
4518,3220,123,6,18644.97,3618.11,111869.82,108251.71,3.23
4012,1353,450,3,296.55,0.0,889.65,889.65,0.0
2754,1541,205,3,28895.45,0.0,86686.35,86686.35,0.0
2437,2829,63,6,61097.96,4375.19,366587.76,362212.57,1.19
4365,3407,487,6,1140.99,0.0,6845.94,6845.94,0.0
1782,2194,158,2,4265.11,0.0,8530.22,8530.22,0.0
3643,226,69,8,33168.84,2572.23,265350.72,262778.49,0.97
2314,2731,247,5,3196.0,0.0,15980.0,15980.0,0.0
2302,3295,294,7,755.89,74.22,5291.23,5217.01,1.4
2414,3543,501,1,480.82,36.02,480.82,444.8,7.49
1340,1356,27,6,26993.41,0.0,161960.46,161960.46,0.0
2241,558,60,1,48462.73,0.0,48462.73,48462.73,0.0
1855,634,475,3,2554.85,0.0,7664.55,7664.55,0.0
4183,2500,420,6,181.0,9.88,1086.0,1076.12,0.91
419,3098,236,1,3329.05,558.39,3329.05,2770.66,16.77
2742,536,112,2,10289.22,2408.9,20578.44,18169.54,11.71
1346,1035,36,8,28216.45,0.0,225731.6,225731.6,0.0
4538,2821,315,1,11703.09,0.0,11703.09,11703.09,0.0
1608,2177,169,4,4684.61,322.68,18738.44,18415.76,1.72
141,1915,219,6,404.0,0.0,2424.0,2424.0,0.0
3087,1591,321,4,2793.78,0.0,11175.12,11175.12,0.0
2958,1413,324,2,4902.47,0.0,9804.94,9804.94,0.0
560,114,183,1,9228.02,0.0,9228.02,9228.02,0.0
2468,351,372,7,7389.1,1538.55,51723.7,50185.15,2.97
3978,1116,531,2,2414.15,0.0,4828.3,4828.3,0.0
2475,840,526,2,7635.84,0.0,15271.68,15271.68,0.0
776,1536,245,2,3655.0,0.0,7310.0,7310.0,0.0
237,2010,120,1,36962.01,0.0,36962.01,36962.01,0.0
1985,1957,324,5,4902.47,0.0,24512.35,24512.35,0.0
786,1162,535,5,2210.07,0.0,11050.35,11050.35,0.0
4330,178,319,8,3774.97,0.0,30199.76,30199.76,0.0
2167,749,482,8,1202.0,0.0,9616.0,9616.0,0.0
3423,2935,324,8,4902.47,0.0,39219.76,39219.76,0.0
3150,247,462,3,558.61,0.0,1675.83,1675.83,0.0
1228,138,359,4,16986.9,1524.27,67947.6,66423.33,2.24
3805,270,113,2,24816.71,0.0,49633.42,49633.42,0.0
234,2143,453,4,1833.28,223.55,7333.12,7109.57,3.05
3546,1602,147,1,8671.49,0.0,8671.49,8671.49,0.0
1992,1769,262,3,596.2,0.0,1788.6,1788.6,0.0
3364,364,236,3,3329.05,0.0,9987.15,9987.15,0.0
1626,3475,547,1,622.58,0.0,622.58,622.58,0.0
3154,1734,434,6,2492.65,435.45,14955.9,14520.45,2.91
1691,1903,148,8,9601.21,0.0,76809.68,76809.68,0.0
1406,2475,513,1,291.56,0.0,291.56,291.56,0.0
3166,2902,113,8,24816.71,3297.5,198533.68,195236.18,1.66
2483,261,309,6,579.38,0.0,3476.28,3476.28,0.0
180,2184,20,7,48420.36,0.0,338942.52,338942.52,0.0
1015,3128,552,8,6261.42,0.0,50091.36,50091.36,0.0
3010,2055,236,5,3329.05,0.0,16645.25,16645.25,0.0
1019,3397,246,5,639.2,124.93,3196.0,3071.07,3.91
1982,1480,270,1,874.94,0.0,874.94,874.94,0.0
2235,2791,405,3,26380.91,0.0,79142.73,79142.73,0.0
3753,2368,27,2,26993.0,0.0,53986.0,53986.0,0.0
3185,3139,521,2,7452.11,0.0,14904.22,14904.22,0.0
2919,3557,575,2,1968.0,0.0,3936.0,3936.0,0.0
516,3029,102,8,27579.79,6685.95,220638.32,213952.37,3.03
3474,3524,557,4,700.1,0.0,2800.4,2800.4,0.0
2319,2255,123,2,18644.97,0.0,37289.94,37289.94,0.0
2948,1204,55,5,49270.07,9817.41,246350.35,236532.94,3.99
455,1770,392,6,16781.48,0.0,100688.88,100688.88,0.0
3082,103,235,5,1119.56,0.0,5597.8,5597.8,0.0
4107,2701,65,3,15736.34,2791.3,47209.02,44417.72,5.91
3244,297,280,8,5190.1,0.0,41520.8,41520.8,0.0
3470,3072,516,2,1869.02,0.0,3738.04,3738.04,0.0
1848,2772,501,4,480.82,0.0,1923.28,1923.28,0.0
3506,1095,329,7,2799.0,0.0,19593.0,19593.0,0.0
4473,337,604,4,5124.09,0.0,20496.36,20496.36,0.0
4397,1835,208,1,3669.04,410.87,3669.04,3258.17,11.2
2691,512,34,5,63820.31,6480.41,319101.55,312621.14,2.03
3455,3242,321,1,2793.78,456.22,2793.78,2337.56,16.33
1199,529,445,6,716.79,0.0,4300.74,4300.74,0.0
1550,1691,501,8,480.82,66.25,3846.56,3780.31,1.72
2803,1700,544,4,13373.0,0.0,53492.0,53492.0,0.0
3988,1511,365,8,5591.15,0.0,44729.2,44729.2,0.0
551,445,285,7,1459.41,0.0,10215.87,10215.87,0.0
2629,969,290,2,3593.0,0.0,7186.0,7186.0,0.0
3210,1888,373,8,20620.17,4260.49,164961.36,160700.87,2.58
1335,3340,228,1,1375.0,0.0,1375.0,1375.0,0.0
155,3204,165,2,8728.22,0.0,17456.44,17456.44,0.0
2375,1003,399,8,26570.51,0.0,212564.08,212564.08,0.0
3352,1757,234,6,1042.83,0.0,6256.98,6256.98,0.0
3382,1172,329,4,2798.95,0.0,11195.8,11195.8,0.0
1794,3517,477,8,185.9,0.0,1487.2,1487.2,0.0
3939,1997,27,6,26993.41,0.0,161960.46,161960.46,0.0
1194,2751,64,3,13895.81,3163.36,41687.43,38524.07,7.59
1105,2317,57,8,17856.88,3683.42,142855.04,139171.62,2.58
543,2040,444,8,389.88,24.99,3119.04,3094.05,0.8
1343,3363,521,6,7452.11,0.0,44712.66,44712.66,0.0
4280,1698,306,1,1972.78,0.0,1972.78,1972.78,0.0
326,473,555,4,1012.0,0.0,4048.0,4048.0,0.0
3343,2433,295,4,2244.9,0.0,8979.6,8979.6,0.0
918,2331,90,4,55867.02,0.0,223468.08,223468.08,0.0
2494,918,485,3,3397.59,0.0,10192.77,10192.77,0.0
1781,1835,323,8,2463.84,361.33,19710.72,19349.39,1.83
741,1813,573,2,2616.0,0.0,5232.0,5232.0,0.0
159,2703,434,1,2492.65,607.5,2492.65,1885.15,24.37
160,1506,373,1,20620.17,2142.91,20620.17,18477.26,10.39
2383,1405,171,3,4674.34,0.0,14023.02,14023.02,0.0
1102,2566,146,1,7276.84,0.0,7276.84,7276.84,0.0
1830,3482,309,7,579.38,41.41,4055.66,4014.25,1.02
3183,1670,238,5,6129.02,0.0,30645.1,30645.1,0.0
2899,2179,64,5,13895.81,0.0,69479.05,69479.05,0.0
1016,2056,90,7,55867.02,0.0,391069.14,391069.14,0.0
3384,1408,344,3,8738.0,1893.01,26214.0,24320.99,7.22
768,1612,228,5,1374.56,0.0,6872.8,6872.8,0.0
1203,2195,251,6,2586.41,0.0,15518.46,15518.46,0.0
1359,2704,475,2,2554.85,174.46,5109.7,4935.24,3.41
412,1546,547,2,622.58,0.0,1245.16,1245.16,0.0
288,3373,382,2,2447.0,0.0,4894.0,4894.0,0.0
1110,1745,395,8,11207.81,0.0,89662.48,89662.48,0.0
333,1089,184,3,14525.98,0.0,43577.94,43577.94,0.0
1967,194,338,6,2541.0,0.0,15246.0,15246.0,0.0
4568,658,68,6,17497.71,0.0,104986.26,104986.26,0.0
803,2446,313,3,22302.8,0.0,66908.4,66908.4,0.0
3039,2119,218,1,2497.5,0.0,2497.5,2497.5,0.0
4569,1240,19,4,52611.56,0.0,210446.24,210446.24,0.0
143,971,165,2,8728.22,0.0,17456.44,17456.44,0.0
2144,1587,123,1,18644.97,0.0,18644.97,18644.97,0.0
3801,1644,245,8,3654.56,0.0,29236.48,29236.48,0.0
2813,479,65,1,15736.0,3633.12,15736.0,12102.88,23.09
273,3216,354,3,8202.98,0.0,24608.94,24608.94,0.0
1121,1689,557,2,700.1,0.0,1400.2,1400.2,0.0
2861,1345,245,3,3654.56,0.0,10963.68,10963.68,0.0
734,3384,324,1,4902.47,0.0,4902.47,4902.47,0.0
2427,2795,396,6,4864.14,551.0,29184.84,28633.84,1.89
1424,2978,25,4,44064.36,0.0,176257.44,176257.44,0.0
1268,3035,11,3,13708.49,0.0,41125.47,41125.47,0.0
350,1661,354,1,8202.98,0.0,8202.98,8202.98,0.0
2476,2432,149,6,27409.46,0.0,164456.76,164456.76,0.0
1390,825,62,8,27227.97,1402.23,217823.76,216421.53,0.64
2848,344,526,6,7636.0,1511.98,45816.0,44304.02,3.3
3378,1238,196,3,6746.66,1189.13,20239.98,19050.85,5.88
3678,943,352,7,17190.19,0.0,120331.33,120331.33,0.0
3222,306,547,8,622.58,0.0,4980.64,4980.64,0.0
3303,2879,226,7,3997.0,688.98,27979.0,27290.02,2.46
1173,591,271,1,7591.0,1366.27,7591.0,6224.73,18.0
4372,171,529,4,2494.0,0.0,9976.0,9976.0,0.0
57,1250,147,5,8671.0,907.49,43355.0,42447.51,2.09
1416,1547,399,2,26570.51,0.0,53141.02,53141.02,0.0
4367,2728,537,3,2027.4,150.75,6082.2,5931.45,2.48
2717,3597,309,5,579.38,0.0,2896.9,2896.9,0.0
2485,1541,88,5,29304.68,3581.18,146523.4,142942.22,2.44
4532,1309,296,3,2185.0,0.0,6555.0,6555.0,0.0
1226,340,601,6,2666.31,582.81,15997.86,15415.05,3.64
4403,708,400,1,2268.61,226.5,2268.61,2042.11,9.98
4092,470,131,6,26459.89,0.0,158759.34,158759.34,0.0
3680,1678,216,7,1494.0,0.0,10458.0,10458.0,0.0
1946,1054,34,8,63820.31,7590.12,510562.48,502972.36,1.49
4581,888,386,1,15529.88,0.0,15529.88,15529.88,0.0
3469,503,181,4,23260.26,0.0,93041.04,93041.04,0.0
3390,464,27,5,26993.0,0.0,134965.0,134965.0,0.0
2321,495,332,1,16589.24,0.0,16589.24,16589.24,0.0
2568,450,214,4,412.88,0.0,1651.52,1651.52,0.0
2715,939,562,3,7816.25,0.0,23448.75,23448.75,0.0
1258,2739,48,4,31235.81,0.0,124943.24,124943.24,0.0
923,703,570,1,2235.17,0.0,2235.17,2235.17,0.0
3822,1842,216,3,1493.81,0.0,4481.43,4481.43,0.0
2331,1313,242,5,975.73,0.0,4878.65,4878.65,0.0
1400,2453,343,6,19022.0,0.0,114132.0,114132.0,0.0
3196,943,430,8,999.52,0.0,7996.16,7996.16,0.0
618,2652,281,5,2873.68,0.0,14368.4,14368.4,0.0
337,2234,205,8,28895.45,2740.41,231163.6,228423.19,1.19
2612,1988,344,3,8737.86,0.0,26213.58,26213.58,0.0
2382,2509,373,5,20620.17,1410.51,103100.85,101690.34,1.37
589,3561,475,8,2554.85,0.0,20438.8,20438.8,0.0
4273,710,57,8,17856.88,0.0,142855.04,142855.04,0.0
817,2873,490,1,702.0,0.0,702.0,702.0,0.0
465,2174,377,4,3602.74,0.0,14410.96,14410.96,0.0
1230,315,529,1,2494.4,0.0,2494.4,2494.4,0.0
1276,1626,285,3,1459.41,0.0,4378.23,4378.23,0.0
1537,1026,322,5,5883.98,0.0,29419.9,29419.9,0.0
2463,1240,90,6,55867.02,0.0,335202.12,335202.12,0.0
3024,2480,29,1,16973.0,0.0,16973.0,16973.0,0.0
2037,1029,446,4,3256.03,0.0,13024.12,13024.12,0.0
2968,2538,281,6,2873.68,0.0,17242.08,17242.08,0.0
2966,142,76,5,18729.75,0.0,93648.75,93648.75,0.0
3215,2621,11,1,13708.49,2408.53,13708.49,11299.96,17.57
3375,1234,441,2,2502.58,0.0,5005.16,5005.16,0.0
1043,1996,119,1,5867.88,528.76,5867.88,5339.12,9.01
4389,3015,243,1,7122.31,1203.47,7122.31,5918.84,16.9
3218,1290,180,4,29210.55,3185.98,116842.2,113656.22,2.73
4337,12,253,1,4813.0,0.0,4813.0,4813.0,0.0
3231,3477,399,7,26571.0,0.0,185997.0,185997.0,0.0
2400,409,165,8,8728.0,0.0,69824.0,69824.0,0.0
2660,2372,349,2,8219.0,0.0,16438.0,16438.0,0.0
325,1250,485,1,3397.59,0.0,3397.59,3397.59,0.0
2637,1506,526,1,7636.0,0.0,7636.0,7636.0,0.0
1262,2376,601,8,2666.31,275.42,21330.48,21055.06,1.29
1689,1686,461,1,3021.14,0.0,3021.14,3021.14,0.0
2643,1623,450,1,296.55,0.0,296.55,296.55,0.0
1273,74,247,8,3196.01,0.0,25568.08,25568.08,0.0
2652,2730,272,4,4993.05,0.0,19972.2,19972.2,0.0
581,2152,583,1,4356.58,0.0,4356.58,4356.58,0.0
4026,2375,26,1,53168.01,11032.25,53168.01,42135.76,20.75
2648,1122,182,1,5269.41,0.0,5269.41,5269.41,0.0
1804,3253,175,1,6971.32,0.0,6971.32,6971.32,0.0
154,2284,600,6,14080.43,0.0,84482.58,84482.58,0.0
253,2004,263,2,5730.99,1026.4,11461.98,10435.58,8.95
1061,1170,139,4,22592.0,0.0,90368.0,90368.0,0.0
4018,3501,18,8,49907.28,6113.1,399258.24,393145.14,1.53
4277,2543,179,3,24894.74,0.0,74684.22,74684.22,0.0
3919,2945,326,1,10465.54,0.0,10465.54,10465.54,0.0
1451,230,27,1,26993.41,0.0,26993.41,26993.41,0.0
876,556,90,5,55867.02,0.0,279335.1,279335.1,0.0
555,3063,148,2,9601.21,0.0,19202.42,19202.42,0.0
411,1325,21,2,41665.57,0.0,83331.14,83331.14,0.0
1562,1629,419,4,280.0,0.0,1120.0,1120.0,0.0
1824,520,113,7,24816.71,0.0,173716.97,173716.97,0.0
2327,2535,2,3,25250.01,0.0,75750.03,75750.03,0.0
1281,3484,121,1,12917.12,0.0,12917.12,12917.12,0.0
1025,2249,296,4,2185.34,394.23,8741.36,8347.13,4.51
3602,865,294,6,755.89,0.0,4535.34,4535.34,0.0
4086,2699,121,1,12917.12,0.0,12917.12,12917.12,0.0
3741,1156,221,7,1736.69,0.0,12156.83,12156.83,0.0
1661,3402,102,1,27579.79,0.0,27579.79,27579.79,0.0
1097,3043,461,7,3021.0,0.0,21147.0,21147.0,0.0
2895,1554,226,7,3997.0,0.0,27979.0,27979.0,0.0
2863,1333,306,3,1972.78,0.0,5918.34,5918.34,0.0
470,2181,598,1,3274.73,647.94,3274.73,2626.79,19.79
2867,617,159,2,3901.05,669.43,7802.1,7132.67,8.58
4436,658,427,4,152.0,0.0,608.0,608.0,0.0
3116,935,251,8,2586.41,0.0,20691.28,20691.28,0.0
799,1289,454,5,333.0,59.86,1665.0,1605.14,3.6
1263,1674,601,4,2666.31,521.43,10665.24,10143.81,4.89
2370,1386,437,2,2181.84,0.0,4363.68,4363.68,0.0
2253,2254,27,5,26993.41,0.0,134967.05,134967.05,0.0
4001,72,526,5,7635.84,0.0,38179.2,38179.2,0.0
1024,301,18,4,49907.28,0.0,199629.12,199629.12,0.0
1377,2179,253,8,4812.8,826.07,38502.4,37676.33,2.15
1185,415,399,4,26570.51,0.0,106282.04,106282.04,0.0
1484,1919,204,2,17470.25,0.0,34940.5,34940.5,0.0
129,2204,394,4,2442.57,0.0,9770.28,9770.28,0.0
561,2283,196,4,6746.66,0.0,26986.64,26986.64,0.0
2003,949,547,8,622.58,0.0,4980.64,4980.64,0.0
1780,1037,149,1,27409.46,0.0,27409.46,27409.46,0.0
575,3292,435,5,235.67,0.0,1178.35,1178.35,0.0
35,1717,321,6,2793.78,0.0,16762.68,16762.68,0.0
1673,2936,263,6,5731.0,0.0,34386.0,34386.0,0.0
2301,66,493,5,616.0,0.0,3080.0,3080.0,0.0
205,1847,319,4,3774.97,0.0,15099.88,15099.88,0.0
2424,2504,206,8,35845.9,6397.85,286767.2,280369.35,2.23
2972,2216,558,5,2486.26,0.0,12431.3,12431.3,0.0
2240,3434,568,5,7363.71,0.0,36818.55,36818.55,0.0
4418,1174,187,1,15407.88,0.0,15407.88,15407.88,0.0
3902,3552,245,5,3654.56,0.0,18272.8,18272.8,0.0
1223,3340,14,2,28475.9,6988.46,56951.8,49963.34,12.27
2857,495,253,3,4812.8,0.0,14438.4,14438.4,0.0
4378,484,386,2,15529.88,0.0,31059.76,31059.76,0.0
2595,1303,465,7,1413.81,0.0,9896.67,9896.67,0.0
3456,1923,377,4,3602.74,0.0,14410.96,14410.96,0.0
4068,3297,570,3,2235.17,116.15,6705.51,6589.36,1.73
117,422,382,1,2447.27,0.0,2447.27,2447.27,0.0
3458,2896,490,8,701.76,135.82,5614.08,5478.26,2.42
2122,862,153,2,35631.03,0.0,71262.06,71262.06,0.0
695,1834,294,4,755.89,0.0,3023.56,3023.56,0.0
932,1595,235,4,1119.56,0.0,4478.24,4478.24,0.0
477,673,155,5,36068.08,0.0,180340.4,180340.4,0.0
3198,1185,510,5,307.0,0.0,1535.0,1535.0,0.0
4097,2279,314,1,15052.07,0.0,15052.07,15052.07,0.0
4452,1836,547,3,623.0,0.0,1869.0,1869.0,0.0
3418,1639,83,5,56550.9,7540.35,282754.5,275214.15,2.67
363,234,123,1,18644.97,0.0,18644.97,18644.97,0.0
1409,1312,453,6,1833.28,332.93,10999.68,10666.75,3.03
1453,1290,222,1,5707.81,1290.59,5707.81,4417.22,22.61
513,3457,245,7,3655.0,0.0,25585.0,25585.0,0.0
4050,1851,317,1,4957.78,267.63,4957.78,4690.15,5.4
3689,2669,179,4,24894.74,0.0,99578.96,99578.96,0.0
1284,2710,227,8,7709.07,1784.16,61672.56,59888.4,2.89
4450,894,234,1,1042.83,0.0,1042.83,1042.83,0.0
59,940,371,1,23441.01,0.0,23441.01,23441.01,0.0
1430,1222,573,8,2616.0,0.0,20928.0,20928.0,0.0
37,2013,424,7,1995.0,0.0,13965.0,13965.0,0.0
3949,2919,384,5,10968.12,0.0,54840.6,54840.6,0.0
1020,1339,224,6,3092.44,0.0,18554.64,18554.64,0.0
3121,872,167,8,4610.0,0.0,36880.0,36880.0,0.0
703,451,445,4,716.79,0.0,2867.16,2867.16,0.0
1989,2625,18,5,49907.28,0.0,249536.4,249536.4,0.0
446,2242,309,3,579.38,71.39,1738.14,1666.75,4.11
1930,3163,219,8,403.99,41.22,3231.92,3190.7,1.28
1844,1342,56,8,18375.86,0.0,147006.88,147006.88,0.0
3467,668,131,5,26459.89,0.0,132299.45,132299.45,0.0
2498,2270,183,1,9228.0,0.0,9228.0,9228.0,0.0
3292,1379,399,1,26570.51,0.0,26570.51,26570.51,0.0
1886,3384,450,1,296.55,66.96,296.55,229.59,22.58
1231,3599,32,4,56222.67,0.0,224890.68,224890.68,0.0
3711,840,66,7,15232.59,1790.08,106628.13,104838.05,1.68
1857,3084,272,4,4993.05,0.0,19972.2,19972.2,0.0
2610,801,442,5,803.35,0.0,4016.75,4016.75,0.0
657,859,359,3,16986.9,1692.38,50960.7,49268.32,3.32
3278,2084,266,3,2657.0,0.0,7971.0,7971.0,0.0
318,2407,106,2,33800.82,8147.34,67601.64,59454.3,12.05
767,873,510,1,307.04,0.0,307.04,307.04,0.0
2245,1267,143,5,19160.64,0.0,95803.2,95803.2,0.0
761,3403,39,5,18868.93,0.0,94344.65,94344.65,0.0
1988,2243,520,5,3360.51,0.0,16802.55,16802.55,0.0
4037,85,186,4,28945.11,4330.55,115780.44,111449.89,3.74
4291,1757,312,4,2695.52,0.0,10782.08,10782.08,0.0
1693,3233,259,5,625.0,0.0,3125.0,3125.0,0.0
349,3475,174,8,11259.21,0.0,90073.68,90073.68,0.0
1497,1079,586,4,17660.57,0.0,70642.28,70642.28,0.0
2740,1516,236,1,3329.0,0.0,3329.0,3329.0,0.0
3999,451,482,6,1201.93,0.0,7211.58,7211.58,0.0
3629,2854,408,5,25253.16,1914.86,126265.8,124350.94,1.52
3623,979,217,7,2671.55,445.7,18700.85,18255.15,2.38
380,804,325,3,24602.67,1937.44,73808.01,71870.57,2.62
3588,3163,287,3,1656.0,0.0,4968.0,4968.0,0.0
2576,3330,379,8,2571.64,0.0,20573.12,20573.12,0.0
3839,1950,166,1,9127.91,0.0,9127.91,9127.91,0.0
110,1366,324,1,4902.47,0.0,4902.47,4902.47,0.0
2204,121,391,6,11122.21,0.0,66733.26,66733.26,0.0
1603,972,263,5,5730.99,0.0,28654.95,28654.95,0.0
4119,929,145,7,41579.07,0.0,291053.49,291053.49,0.0
2460,2314,229,1,843.37,0.0,843.37,843.37,0.0
966,3491,197,7,37861.79,0.0,265032.53,265032.53,0.0
2815,3448,18,8,49907.28,7695.94,399258.24,391562.3,1.93
4125,2975,224,6,3092.44,0.0,18554.64,18554.64,0.0
2090,674,274,2,5610.04,0.0,11220.08,11220.08,0.0
1040,35,280,5,5190.1,793.8,25950.5,25156.7,3.06
1702,2975,234,8,1042.83,0.0,8342.64,8342.64,0.0
331,2710,423,5,250.67,30.43,1253.35,1222.92,2.43
3541,2418,596,3,15150.0,0.0,45450.0,45450.0,0.0
4521,1966,462,8,558.61,32.32,4468.88,4436.56,0.72
1500,2046,129,1,24143.58,0.0,24143.58,24143.58,0.0
596,2212,231,1,2027.82,0.0,2027.82,2027.82,0.0
4295,2142,123,7,18645.0,2362.64,130515.0,128152.36,1.81
2879,2621,17,7,15188.0,0.0,106316.0,106316.0,0.0
12,89,378,7,8469.68,0.0,59287.76,59287.76,0.0
641,1070,11,2,13708.49,3160.75,27416.98,24256.23,11.53
103,3406,596,5,15149.53,0.0,75747.65,75747.65,0.0
3314,1968,418,2,2576.0,0.0,5152.0,5152.0,0.0
709,1599,501,2,480.82,0.0,961.64,961.64,0.0
927,3037,344,1,8737.86,0.0,8737.86,8737.86,0.0
1650,3426,396,7,4864.14,0.0,34048.98,34048.98,0.0
3427,128,235,7,1119.56,100.26,7836.92,7736.66,1.28
3968,3219,559,1,6281.0,1230.78,6281.0,5050.22,19.6
2646,66,171,1,4674.34,515.15,4674.34,4159.19,11.02
1912,1102,292,4,4443.62,0.0,17774.48,17774.48,0.0
3908,2093,490,2,701.76,0.0,1403.52,1403.52,0.0
526,1681,14,2,28475.9,0.0,56951.8,56951.8,0.0
698,2004,185,5,11059.51,0.0,55297.55,55297.55,0.0
1355,915,219,1,404.0,0.0,404.0,404.0,0.0
3607,3397,118,8,24477.0,2239.67,195816.0,193576.33,1.14
3515,2649,398,1,2143.84,315.23,2143.84,1828.61,14.7
3955,2266,434,4,2492.65,0.0,9970.6,9970.6,0.0
3471,12,277,6,7528.53,0.0,45171.18,45171.18,0.0
2270,1931,591,2,827.84,0.0,1655.68,1655.68,0.0
3302,1614,421,8,863.95,84.92,6911.6,6826.68,1.23
3219,343,567,8,978.47,0.0,7827.76,7827.76,0.0
1539,1873,190,2,17228.7,0.0,34457.4,34457.4,0.0
2469,74,236,1,3329.05,0.0,3329.05,3329.05,0.0
808,3157,27,4,26993.41,5013.67,107973.64,102959.97,4.64
1705,1695,498,4,943.07,0.0,3772.28,3772.28,0.0
2360,134,490,7,701.76,0.0,4912.32,4912.32,0.0
1958,2488,424,7,1995.03,0.0,13965.21,13965.21,0.0
187,2837,242,8,975.73,0.0,7805.84,7805.84,0.0
2692,2155,393,8,2250.85,479.33,18006.8,17527.47,2.66
973,937,481,3,3250.6,0.0,9751.8,9751.8,0.0
2125,2875,242,8,975.73,86.66,7805.84,7719.18,1.11
664,3363,68,1,17497.71,0.0,17497.71,17497.71,0.0
2014,933,65,3,15736.34,0.0,47209.02,47209.02,0.0
854,921,437,3,2181.84,0.0,6545.52,6545.52,0.0
2746,1427,548,1,1106.78,221.76,1106.78,885.02,20.04
4163,2907,136,1,20224.22,0.0,20224.22,20224.22,0.0
236,2679,280,8,5190.1,0.0,41520.8,41520.8,0.0
1344,259,324,3,4902.47,0.0,14707.41,14707.41,0.0
1991,3443,359,6,16986.9,0.0,101921.4,101921.4,0.0
1005,2482,485,7,3397.59,0.0,23783.13,23783.13,0.0
3543,859,499,2,938.22,0.0,1876.44,1876.44,0.0
3979,175,208,3,3669.04,0.0,11007.12,11007.12,0.0
3526,1117,148,2,9601.0,0.0,19202.0,19202.0,0.0
3688,3480,21,7,41665.57,0.0,291658.99,291658.99,0.0
4331,3125,101,7,36744.16,0.0,257209.12,257209.12,0.0
3991,134,2,1,25250.01,6189.14,25250.01,19060.87,24.51
502,350,122,2,4404.82,1027.56,8809.64,7782.08,11.66
3238,2418,309,7,579.38,0.0,4055.66,4055.66,0.0
536,1605,123,1,18644.97,2373.72,18644.97,16271.25,12.73
3665,390,222,4,5708.0,0.0,22832.0,22832.0,0.0
1816,2835,65,6,15736.34,0.0,94418.04,94418.04,0.0
1014,3437,475,8,2555.0,366.45,20440.0,20073.55,1.79
1641,2237,174,4,11259.0,0.0,45036.0,45036.0,0.0
392,3467,592,8,1728.59,0.0,13828.72,13828.72,0.0
459,3016,340,5,11113.88,2516.85,55569.4,53052.55,4.53
899,3000,304,4,475.47,0.0,1901.88,1901.88,0.0
721,2862,523,4,2831.84,692.12,11327.36,10635.24,6.11
2792,2039,598,3,3274.73,0.0,9824.19,9824.19,0.0
379,648,90,4,55867.02,0.0,223468.08,223468.08,0.0
2865,119,320,8,10504.52,0.0,84036.16,84036.16,0.0
3894,2603,90,3,55867.02,0.0,167601.06,167601.06,0.0
3993,180,19,4,52612.0,0.0,210448.0,210448.0,0.0
2351,2540,605,3,741.12,0.0,2223.36,2223.36,0.0
2073,2255,437,7,2181.84,305.88,15272.88,14967.0,2.0
2107,1549,314,1,15052.07,2386.33,15052.07,12665.74,15.85
4147,1020,216,7,1493.81,0.0,10456.67,10456.67,0.0
2892,1424,333,7,7242.48,0.0,50697.36,50697.36,0.0
2171,2678,450,8,296.55,20.11,2372.4,2352.29,0.85
4347,2230,143,3,19160.64,0.0,57481.92,57481.92,0.0
558,2553,421,1,864.0,0.0,864.0,864.0,0.0
289,2101,50,6,22069.52,0.0,132417.12,132417.12,0.0
4148,3413,276,1,468.0,0.0,468.0,468.0,0.0
1469,2212,333,1,7242.0,1311.42,7242.0,5930.58,18.11
506,634,324,6,4902.0,702.17,29412.0,28709.83,2.39
3151,3131,596,1,15149.53,0.0,15149.53,15149.53,0.0
2371,2323,104,4,38907.41,0.0,155629.64,155629.64,0.0
3752,1019,510,7,307.04,68.0,2149.28,2081.28,3.16
2596,3366,402,3,5207.91,1233.17,15623.73,14390.56,7.89
4210,2792,291,1,439.93,0.0,439.93,439.93,0.0
4345,626,360,6,13154.0,0.0,78924.0,78924.0,0.0
4046,2072,388,6,5732.64,0.0,34395.84,34395.84,0.0
2012,1977,481,7,3251.0,701.12,22757.0,22055.88,3.08
907,3004,294,6,755.89,0.0,4535.34,4535.34,0.0
2507,2646,121,5,12917.12,0.0,64585.6,64585.6,0.0
2134,59,149,6,27409.46,0.0,164456.76,164456.76,0.0
2607,3072,490,4,701.76,0.0,2807.04,2807.04,0.0
2894,2654,236,2,3329.05,378.25,6658.1,6279.85,5.68
3635,722,179,5,24894.74,0.0,124473.7,124473.7,0.0
1252,2385,596,1,15150.0,0.0,15150.0,15150.0,0.0
1332,2587,604,1,5124.09,0.0,5124.09,5124.09,0.0
4366,118,324,8,4902.47,724.87,39219.76,38494.89,1.85
832,918,204,1,17470.25,4285.75,17470.25,13184.5,24.53
2614,3249,467,3,841.0,0.0,2523.0,2523.0,0.0
1998,2449,295,2,2244.9,0.0,4489.8,4489.8,0.0
2208,3478,77,7,17232.06,1070.7,120624.42,119553.72,0.89
1862,1609,462,2,559.0,0.0,1118.0,1118.0,0.0
119,122,322,1,5883.98,0.0,5883.98,5883.98,0.0
3344,642,307,8,1430.0,115.98,11440.0,11324.02,1.01
4094,1148,421,1,863.95,0.0,863.95,863.95,0.0
3164,1382,510,3,307.04,73.66,921.12,847.46,8.0
4052,538,67,5,15835.57,0.0,79177.85,79177.85,0.0
376,2522,31,5,38226.13,0.0,191130.65,191130.65,0.0
3690,1308,575,1,1968.0,0.0,1968.0,1968.0,0.0
431,1632,573,8,2616.22,0.0,20929.76,20929.76,0.0
2662,1469,435,1,235.67,0.0,235.67,235.67,0.0
2374,2127,517,7,2835.58,240.09,19849.06,19608.97,1.21
3658,4,5,1,26069.66,0.0,26069.66,26069.66,0.0
2357,3095,47,5,18423.86,0.0,92119.3,92119.3,0.0
1931,1192,278,8,1910.5,0.0,15284.0,15284.0,0.0
3773,2739,535,1,2210.07,0.0,2210.07,2210.07,0.0
622,501,174,7,11259.21,0.0,78814.47,78814.47,0.0
4256,782,592,4,1728.59,0.0,6914.36,6914.36,0.0
406,2781,485,1,3397.59,0.0,3397.59,3397.59,0.0
2838,3338,47,4,18423.86,0.0,73695.44,73695.44,0.0
4032,1096,437,2,2182.0,0.0,4364.0,4364.0,0.0
2971,204,439,1,407.43,0.0,407.43,407.43,0.0
648,3184,29,8,16973.0,2498.5,135784.0,133285.5,1.84
4071,525,179,1,24894.74,0.0,24894.74,24894.74,0.0
4498,3506,322,7,5884.0,0.0,41188.0,41188.0,0.0
3153,3418,39,6,18868.93,1418.85,113213.58,111794.73,1.25
763,2634,537,6,2027.4,0.0,12164.4,12164.4,0.0
2582,3177,324,3,4902.47,618.87,14707.41,14088.54,4.21
1216,2594,51,7,68000.0,0.0,476000.0,476000.0,0.0
2941,128,194,8,35912.42,0.0,287299.36,287299.36,0.0
2094,489,577,3,7085.73,0.0,21257.19,21257.19,0.0
924,3017,188,2,6551.92,0.0,13103.84,13103.84,0.0
3877,3148,408,2,25253.16,5849.7,50506.32,44656.62,11.58
3922,2710,329,1,2798.95,0.0,2798.95,2798.95,0.0
2640,1038,441,8,2502.58,0.0,20020.64,20020.64,0.0
4123,3563,147,6,8671.49,2052.68,52028.94,49976.26,3.95
983,2877,428,1,3924.13,0.0,3924.13,3924.13,0.0
847,141,583,4,4356.58,0.0,17426.32,17426.32,0.0
211,432,110,3,25540.08,0.0,76620.24,76620.24,0.0
660,1494,272,1,4993.05,0.0,4993.05,4993.05,0.0
67,3541,373,3,20620.17,2037.41,61860.51,59823.1,3.29
118,975,526,7,7635.84,1547.17,53450.88,51903.71,2.89
956,3378,406,6,6800.95,0.0,40805.7,40805.7,0.0
2252,2236,241,3,432.19,0.0,1296.57,1296.57,0.0
992,2784,219,1,403.99,0.0,403.99,403.99,0.0
509,3097,356,6,10557.55,0.0,63345.3,63345.3,0.0
3319,963,518,7,884.39,0.0,6190.73,6190.73,0.0
1699,1885,485,4,3397.59,0.0,13590.36,13590.36,0.0
2542,2333,143,1,19160.64,0.0,19160.64,19160.64,0.0
2750,724,211,4,2399.0,435.7,9596.0,9160.3,4.54
60,1483,236,5,3329.0,0.0,16645.0,16645.0,0.0
4065,1748,322,2,5883.98,0.0,11767.96,11767.96,0.0
2549,169,493,5,615.51,0.0,3077.55,3077.55,0.0
226,917,355,3,14690.56,0.0,44071.68,44071.68,0.0
2388,2567,179,7,24894.74,0.0,174263.18,174263.18,0.0
3158,683,502,6,1187.68,91.99,7126.08,7034.09,1.29
2384,749,47,5,18423.86,0.0,92119.3,92119.3,0.0
2981,3575,510,3,307.04,73.3,921.12,847.82,7.96
4042,2148,45,5,45333.45,0.0,226667.25,226667.25,0.0
1827,3335,87,6,22796.75,0.0,136780.5,136780.5,0.0
3055,2481,258,1,5972.48,0.0,5972.48,5972.48,0.0
3288,3069,560,8,4585.28,652.12,36682.24,36030.12,1.78
4441,1669,188,7,6551.92,0.0,45863.44,45863.44,0.0
782,390,484,6,491.44,27.83,2948.64,2920.81,0.94
4557,834,357,2,11859.71,943.4,23719.42,22776.02,3.98
1973,834,424,7,1995.03,0.0,13965.21,13965.21,0.0
3865,757,78,3,49993.67,0.0,149981.01,149981.01,0.0
359,3402,490,1,701.76,0.0,701.76,701.76,0.0
1152,2930,240,7,6081.0,0.0,42567.0,42567.0,0.0
3516,2267,558,8,2486.26,599.36,19890.08,19290.72,3.01
4166,1544,490,2,702.0,157.2,1404.0,1246.8,11.2
1058,284,245,6,3654.56,0.0,21927.36,21927.36,0.0
3751,1554,245,6,3654.56,0.0,21927.36,21927.36,0.0
3950,825,294,8,755.89,106.68,6047.12,5940.44,1.76
2464,496,215,5,1216.0,0.0,6080.0,6080.0,0.0
4144,462,235,8,1119.56,0.0,8956.48,8956.48,0.0
1074,18,353,7,18839.36,0.0,131875.52,131875.52,0.0
2181,1863,567,4,978.47,0.0,3913.88,3913.88,0.0
4215,2171,317,4,4957.78,735.04,19831.12,19096.08,3.71
3405,2437,228,5,1374.56,0.0,6872.8,6872.8,0.0
4248,2956,366,1,5166.06,662.54,5166.06,4503.52,12.82
853,2520,324,7,4902.47,0.0,34317.29,34317.29,0.0
531,2836,64,4,13895.81,2122.62,55583.24,53460.62,3.82
209,2707,526,2,7635.84,519.3,15271.68,14752.38,3.4
1670,3237,605,3,741.12,0.0,2223.36,2223.36,0.0
1564,1889,516,7,1869.02,369.96,13083.14,12713.18,2.83
3276,1105,155,1,36068.08,5599.37,36068.08,30468.71,15.52
2707,3029,204,6,17470.25,0.0,104821.5,104821.5,0.0
1364,2718,491,6,205.58,0.0,1233.48,1233.48,0.0
1246,1604,516,1,1869.02,428.34,1869.02,1440.68,22.92
148,3550,376,5,2246.87,0.0,11234.35,11234.35,0.0
1079,3460,224,1,3092.44,0.0,3092.44,3092.44,0.0
2918,2722,236,2,3329.05,0.0,6658.1,6658.1,0.0
2656,128,313,2,22302.8,0.0,44605.6,44605.6,0.0
1777,165,344,4,8738.0,2165.64,34952.0,32786.36,6.2
1480,1061,450,4,297.0,0.0,1188.0,1188.0,0.0
2833,3238,53,7,16779.87,0.0,117459.09,117459.09,0.0
3493,642,568,1,7363.71,0.0,7363.71,7363.71,0.0
3577,1961,153,1,35631.03,8252.68,35631.03,27378.35,23.16
1090,371,208,5,3669.04,631.76,18345.2,17713.44,3.44
2741,817,471,2,615.8,153.94,1231.6,1077.66,12.5
651,1904,158,1,4265.11,0.0,4265.11,4265.11,0.0
4179,1633,187,1,15407.88,0.0,15407.88,15407.88,0.0
550,644,393,7,2250.85,0.0,15755.95,15755.95,0.0
204,2565,251,1,2586.41,0.0,2586.41,2586.41,0.0
1595,2087,157,3,13768.16,0.0,41304.48,41304.48,0.0
2841,3196,276,2,468.04,0.0,936.08,936.08,0.0
1153,3077,68,1,17497.71,3956.32,17497.71,13541.39,22.61
3091,1788,366,7,5166.0,348.41,36162.0,35813.59,0.96
1936,2855,309,5,579.0,98.59,2895.0,2796.41,3.41
1241,94,219,8,403.99,41.47,3231.92,3190.45,1.28
722,52,148,4,9601.21,0.0,38404.84,38404.84,0.0
1768,3544,599,5,1634.01,0.0,8170.05,8170.05,0.0
496,3216,465,5,1413.81,0.0,7069.05,7069.05,0.0
3143,218,501,6,480.82,101.59,2884.92,2783.33,3.52
2598,2184,29,8,16972.54,0.0,135780.32,135780.32,0.0
4444,912,490,5,701.76,85.58,3508.8,3423.22,2.44
510,1806,324,1,4902.47,0.0,4902.47,4902.47,0.0
2309,3464,499,7,938.0,0.0,6566.0,6566.0,0.0
2210,3098,165,2,8728.22,0.0,17456.44,17456.44,0.0
4264,2332,558,3,2486.0,0.0,7458.0,7458.0,0.0
2009,3513,148,8,9601.21,0.0,76809.68,76809.68,0.0
3265,1037,281,8,2873.68,0.0,22989.44,22989.44,0.0
1997,466,291,1,439.93,0.0,439.93,439.93,0.0
604,1146,83,7,56550.9,12797.59,395856.3,383058.71,3.23
2536,3282,318,8,2672.96,288.28,21383.68,21095.4,1.35
1238,12,592,2,1729.0,0.0,3458.0,3458.0,0.0
4162,959,359,3,16987.0,0.0,50961.0,50961.0,0.0
3214,2857,55,2,49270.07,0.0,98540.14,98540.14,0.0
2767,41,437,1,2181.84,212.98,2181.84,1968.86,9.76
1575,2947,258,2,5972.48,0.0,11944.96,11944.96,0.0
3587,2179,395,1,11207.81,0.0,11207.81,11207.81,0.0
4398,628,433,6,2339.97,571.73,14039.82,13468.09,4.07
2097,2651,196,5,6746.66,1604.71,33733.3,32128.59,4.76
1786,358,219,1,403.99,42.8,403.99,361.19,10.59
1881,3146,329,1,2798.95,0.0,2798.95,2798.95,0.0
4006,2213,295,1,2244.9,526.92,2244.9,1717.98,23.47
4275,533,515,4,3368.72,0.0,13474.88,13474.88,0.0
2215,356,108,3,12829.0,0.0,38487.0,38487.0,0.0
4551,1872,304,8,475.47,0.0,3803.76,3803.76,0.0
26,2134,601,5,2666.31,0.0,13331.55,13331.55,0.0
341,1691,280,4,5190.0,0.0,20760.0,20760.0,0.0
562,1172,20,5,48420.36,0.0,242101.8,242101.8,0.0
1178,1806,54,1,65038.31,11977.19,65038.31,53061.12,18.42
4359,1272,425,5,1199.26,151.43,5996.3,5844.87,2.53
3851,1848,172,8,3632.94,0.0,29063.52,29063.52,0.0
2870,2288,598,5,3274.73,0.0,16373.65,16373.65,0.0
4077,1571,218,3,2497.5,301.01,7492.5,7191.49,4.02
3720,1197,222,3,5708.0,0.0,17124.0,17124.0,0.0
785,3400,143,5,19161.0,0.0,95805.0,95805.0,0.0
2706,3476,487,3,1140.99,147.39,3422.97,3275.58,4.31
1612,1616,68,1,17497.71,1493.96,17497.71,16003.75,8.54
3536,1585,531,2,2414.15,0.0,4828.3,4828.3,0.0
1696,1875,577,1,7085.73,0.0,7085.73,7085.73,0.0
2154,1393,321,4,2793.78,389.58,11175.12,10785.54,3.49
3538,489,119,7,5867.88,0.0,41075.16,41075.16,0.0
1357,2769,348,5,21842.0,0.0,109210.0,109210.0,0.0
3307,3082,545,1,11443.06,0.0,11443.06,11443.06,0.0
2109,427,53,1,16780.0,0.0,16780.0,16780.0,0.0
4482,1759,140,8,23235.91,0.0,185887.28,185887.28,0.0
3330,1551,145,1,41579.07,0.0,41579.07,41579.07,0.0
1380,1720,444,8,389.88,0.0,3119.04,3119.04,0.0
1375,2692,568,1,7363.71,1096.0,7363.71,6267.71,14.88
2081,3352,121,6,12917.12,0.0,77502.72,77502.72,0.0
2995,3181,310,3,4367.99,0.0,13103.97,13103.97,0.0
3743,1876,444,1,389.88,58.11,389.88,331.77,14.9
2840,884,125,7,5757.78,0.0,40304.46,40304.46,0.0
283,3158,570,7,2235.17,0.0,15646.19,15646.19,0.0
315,1179,607,1,9522.0,2166.14,9522.0,7355.86,22.75
1191,1600,588,7,11407.11,0.0,79849.77,79849.77,0.0
3929,1296,236,5,3329.05,441.16,16645.25,16204.09,2.65
1734,2365,25,1,44064.36,0.0,44064.36,44064.36,0.0
1746,1284,437,4,2181.84,0.0,8727.36,8727.36,0.0
4310,248,579,3,3346.39,0.0,10039.17,10039.17,0.0
2257,127,381,8,3809.89,0.0,30479.12,30479.12,0.0
6,2798,475,4,2554.85,0.0,10219.4,10219.4,0.0
4155,286,428,1,3924.13,0.0,3924.13,3924.13,0.0
90,188,367,6,2279.64,0.0,13677.84,13677.84,0.0
3691,790,266,1,2657.04,0.0,2657.04,2657.04,0.0
2902,3428,557,7,700.1,0.0,4900.7,4900.7,0.0
2907,2251,557,5,700.1,123.85,3500.5,3376.65,3.54
1774,664,56,2,18375.86,0.0,36751.72,36751.72,0.0
4246,2078,490,4,701.76,0.0,2807.04,2807.04,0.0
3190,3090,168,7,11578.76,0.0,81051.32,81051.32,0.0
2220,2584,324,1,4902.47,402.07,4902.47,4500.4,8.2
2985,1391,265,1,759.78,100.5,759.78,659.28,13.23
2505,2039,113,8,24817.0,0.0,198536.0,198536.0,0.0
3291,1132,596,8,15149.53,0.0,121196.24,121196.24,0.0
3924,631,236,7,3329.05,248.89,23303.35,23054.46,1.07
3849,1112,482,4,1201.93,0.0,4807.72,4807.72,0.0
4237,1448,437,2,2181.84,372.07,4363.68,3991.61,8.53
864,453,127,6,5053.47,367.51,30320.82,29953.31,1.21
1677,1951,8,3,57478.79,0.0,172436.37,172436.37,0.0
1773,2072,245,4,3654.56,854.51,14618.24,13763.73,5.85
4067,1401,549,4,3539.57,0.0,14158.28,14158.28,0.0
1413,1353,73,8,33688.65,0.0,269509.2,269509.2,0.0
2016,113,242,4,975.73,0.0,3902.92,3902.92,0.0
3,2355,228,7,1374.56,0.0,9621.92,9621.92,0.0
818,3169,399,8,26570.51,0.0,212564.08,212564.08,0.0
240,2008,104,3,38907.41,7269.96,116722.23,109452.27,6.23
2289,3091,362,7,20003.47,2948.67,140024.29,137075.62,2.11
1601,782,224,8,3092.44,0.0,24739.52,24739.52,0.0
580,259,212,1,485.05,0.0,485.05,485.05,0.0
4214,2728,123,8,18645.0,0.0,149160.0,149160.0,0.0
1063,1302,32,2,56222.67,0.0,112445.34,112445.34,0.0
3341,459,5,8,26069.66,3808.3,208557.28,204748.98,1.83
1277,1038,182,2,5269.41,0.0,10538.82,10538.82,0.0
2531,1111,245,1,3654.56,0.0,3654.56,3654.56,0.0
4546,1837,148,1,9601.0,0.0,9601.0,9601.0,0.0
1584,2941,238,2,6129.02,0.0,12258.04,12258.04,0.0
1366,3420,324,6,4902.47,0.0,29414.82,29414.82,0.0
4395,1560,406,4,6800.95,0.0,27203.8,27203.8,0.0
2317,991,496,3,1891.04,423.59,5673.12,5249.53,7.47
4056,2493,258,2,5972.48,732.66,11944.96,11212.3,6.13
3266,1134,11,2,13708.49,0.0,27416.98,27416.98,0.0
4251,1564,185,1,11059.51,0.0,11059.51,11059.51,0.0
2276,2538,427,4,152.24,0.0,608.96,608.96,0.0
904,2518,384,1,10968.12,1380.21,10968.12,9587.91,12.58
3250,2966,107,2,36858.64,0.0,73717.28,73717.28,0.0
3920,560,496,1,1891.04,0.0,1891.04,1891.04,0.0
2747,212,315,2,11703.0,0.0,23406.0,23406.0,0.0
3906,2632,522,7,1520.34,286.9,10642.38,10355.48,2.7
2290,2241,326,4,10466.0,0.0,41864.0,41864.0,0.0
773,1391,602,2,8429.83,0.0,16859.66,16859.66,0.0
572,2539,324,1,4902.47,1054.79,4902.47,3847.68,21.52
2211,1664,453,1,1833.28,0.0,1833.28,1833.28,0.0
995,2301,119,6,5867.88,0.0,35207.28,35207.28,0.0
1296,1524,480,3,1139.96,0.0,3419.88,3419.88,0.0
2189,1467,382,1,2447.27,0.0,2447.27,2447.27,0.0
2991,987,166,8,9127.91,0.0,73023.28,73023.28,0.0
4421,1598,584,1,14346.48,0.0,14346.48,14346.48,0.0
478,655,562,3,7816.25,707.05,23448.75,22741.7,3.02
2686,2425,441,8,2502.58,0.0,20020.64,20020.64,0.0
797,983,203,1,8828.92,0.0,8828.92,8828.92,0.0
3954,963,384,7,10968.12,2741.31,76776.84,74035.53,3.57
628,2312,490,1,701.76,125.84,701.76,575.92,17.93
30,1117,253,3,4812.8,1180.5,14438.4,13257.9,8.18
943,1255,19,2,52611.56,5627.46,105223.12,99595.66,5.35
2999,2559,147,8,8671.49,0.0,69371.92,69371.92,0.0
3233,736,592,1,1728.59,0.0,1728.59,1728.59,0.0
4132,265,318,4,2672.96,0.0,10691.84,10691.84,0.0
4296,3394,222,7,5707.81,0.0,39954.67,39954.67,0.0
2926,379,328,6,13737.01,2940.51,82422.06,79481.55,3.57
304,2160,535,1,2210.07,0.0,2210.07,2210.07,0.0
4472,655,405,6,26380.91,2159.65,158285.46,156125.81,1.36
920,2212,246,3,639.2,0.0,1917.6,1917.6,0.0
953,1814,498,3,943.07,0.0,2829.21,2829.21,0.0
98,917,281,3,2873.68,0.0,8621.04,8621.04,0.0
4180,3210,490,1,701.76,0.0,701.76,701.76,0.0
3148,1900,128,8,29282.83,3325.46,234262.64,230937.18,1.42
1225,551,245,7,3654.56,0.0,25581.92,25581.92,0.0
3094,347,586,5,17660.57,4353.3,88302.85,83949.55,4.93
2923,3205,434,6,2492.65,0.0,14955.9,14955.9,0.0
3740,3317,96,1,14490.38,0.0,14490.38,14490.38,0.0
213,101,355,6,14690.56,0.0,88143.36,88143.36,0.0
2626,366,529,7,2494.4,0.0,17460.8,17460.8,0.0
4545,299,324,2,4902.47,950.02,9804.94,8854.92,9.69
4290,1977,429,2,402.84,0.0,805.68,805.68,0.0
2033,912,324,8,4902.47,0.0,39219.76,39219.76,0.0
1386,94,276,6,468.04,76.51,2808.24,2731.73,2.72
1866,1032,485,2,3397.59,730.39,6795.18,6064.79,10.75
1802,3450,136,4,20224.22,0.0,80896.88,80896.88,0.0
1737,3116,341,6,4244.16,520.46,25464.96,24944.5,2.04
4219,1796,414,4,27836.07,0.0,111344.28,111344.28,0.0
2232,63,560,1,4585.28,0.0,4585.28,4585.28,0.0
3593,1394,146,3,7276.84,0.0,21830.52,21830.52,0.0
1960,1416,332,7,16589.24,0.0,116124.68,116124.68,0.0
1482,1014,208,3,3669.0,0.0,11007.0,11007.0,0.0
2847,3322,321,5,2794.0,416.33,13970.0,13553.67,2.98
1477,1318,573,1,2616.22,0.0,2616.22,2616.22,0.0
299,325,222,1,5707.81,0.0,5707.81,5707.81,0.0
3885,189,215,7,1216.35,0.0,8514.45,8514.45,0.0
3916,2077,270,5,875.0,0.0,4375.0,4375.0,0.0
1402,2926,212,5,485.05,40.81,2425.25,2384.44,1.68
548,3077,223,7,563.7,87.76,3945.9,3858.14,2.22
2615,1318,92,1,29022.84,2355.44,29022.84,26667.4,8.12
2352,1915,199,4,24765.63,3193.82,99062.52,95868.7,3.22
886,2013,339,5,20051.22,1623.92,100256.1,98632.18,1.62
2161,1788,446,6,3256.03,0.0,19536.18,19536.18,0.0
4108,2209,22,1,14001.33,1558.12,14001.33,12443.21,11.13
3283,1415,188,5,6551.92,0.0,32759.6,32759.6,0.0
1132,2434,270,6,874.94,0.0,5249.64,5249.64,0.0
1526,1966,253,4,4812.8,0.0,19251.2,19251.2,0.0
632,3114,357,8,11859.71,2269.3,94877.68,92608.38,2.39
3952,366,594,8,1737.94,189.92,13903.52,13713.6,1.37
3794,1865,163,4,34985.4,0.0,139941.6,139941.6,0.0
1529,3407,352,5,17190.19,0.0,85950.95,85950.95,0.0
538,688,126,4,6207.95,0.0,24831.8,24831.8,0.0
2723,1906,272,3,4993.0,0.0,14979.0,14979.0,0.0
1210,1529,308,2,2046.0,466.53,4092.0,3625.47,11.4
1070,351,470,7,610.57,77.87,4273.99,4196.12,1.82
3807,584,229,8,843.37,0.0,6746.96,6746.96,0.0
179,3342,529,8,2494.0,0.0,19952.0,19952.0,0.0
3482,52,243,4,7122.0,0.0,28488.0,28488.0,0.0
4115,3367,145,1,41579.07,0.0,41579.07,41579.07,0.0
3411,191,342,3,7644.17,0.0,22932.51,22932.51,0.0
3565,2336,454,5,332.74,0.0,1663.7,1663.7,0.0
2949,1555,175,3,6971.32,1264.34,20913.96,19649.62,6.05
2174,2890,547,6,622.58,0.0,3735.48,3735.48,0.0
3798,1355,529,5,2494.0,0.0,12470.0,12470.0,0.0
474,110,219,2,403.99,42.42,807.98,765.56,5.25
3899,708,318,7,2673.0,0.0,18711.0,18711.0,0.0
3345,792,437,2,2181.84,0.0,4363.68,4363.68,0.0
2449,3025,409,1,13699.12,741.4,13699.12,12957.72,5.41
3937,425,549,6,3539.57,0.0,21237.42,21237.42,0.0
2588,2436,462,3,558.61,0.0,1675.83,1675.83,0.0
99,2127,441,3,2502.58,0.0,7507.74,7507.74,0.0
613,135,454,7,333.0,0.0,2331.0,2331.0,0.0
3340,615,346,1,8515.94,1205.59,8515.94,7310.35,14.16
3971,3166,104,4,38907.0,0.0,155628.0,155628.0,0.0
2229,703,65,6,15736.0,879.35,94416.0,93536.65,0.93
2932,1822,349,8,8218.8,0.0,65750.4,65750.4,0.0
2195,3422,270,7,875.0,0.0,6125.0,6125.0,0.0
130,1418,482,7,1201.93,0.0,8413.51,8413.51,0.0
1911,968,199,8,24765.63,0.0,198125.04,198125.04,0.0
3638,1728,48,2,31235.81,0.0,62471.62,62471.62,0.0
727,3396,252,1,1423.19,325.39,1423.19,1097.8,22.86
2939,2919,20,8,48420.36,11326.11,387362.88,376036.77,2.92
1071,534,424,1,1995.03,0.0,1995.03,1995.03,0.0
3247,759,603,4,1952.88,0.0,7811.52,7811.52,0.0
1151,1485,179,7,24894.74,0.0,174263.18,174263.18,0.0
210,1348,294,6,755.89,0.0,4535.34,4535.34,0.0
1206,1659,236,5,3329.05,0.0,16645.25,16645.25,0.0
1436,64,2,5,25250.0,0.0,126250.0,126250.0,0.0
751,663,78,1,49993.67,0.0,49993.67,49993.67,0.0
1414,1270,341,2,4244.16,670.79,8488.32,7817.53,7.9
323,3179,219,3,403.99,0.0,1211.97,1211.97,0.0
3621,2382,490,2,701.76,0.0,1403.52,1403.52,0.0
1787,1493,488,3,668.51,158.11,2005.53,1847.42,7.88
1547,1908,400,5,2268.61,0.0,11343.05,11343.05,0.0
1441,3467,314,3,15052.07,0.0,45156.21,45156.21,0.0
3986,2858,108,6,12829.0,0.0,76974.0,76974.0,0.0
1448,1935,472,7,3233.7,187.51,22635.9,22448.39,0.83
2811,1416,257,3,2514.23,546.91,7542.69,6995.78,7.25
3913,3440,125,8,5757.78,0.0,46062.24,46062.24,0.0
1922,3196,84,2,16273.21,0.0,32546.42,32546.42,0.0
1889,2392,413,8,4440.77,666.97,35526.16,34859.19,1.88
3909,594,21,4,41665.57,0.0,166662.28,166662.28,0.0
3476,1056,215,2,1216.35,0.0,2432.7,2432.7,0.0
184,1643,244,1,8672.97,0.0,8672.97,8672.97,0.0
2755,3516,176,3,5435.69,0.0,16307.07,16307.07,0.0
4235,950,305,7,1008.2,0.0,7057.4,7057.4,0.0
1328,1039,273,7,2849.98,294.34,19949.86,19655.52,1.48
3333,3086,84,5,16273.0,0.0,81365.0,81365.0,0.0
3174,3517,166,1,9127.91,905.79,9127.91,8222.12,9.92
1651,1666,242,5,975.73,0.0,4878.65,4878.65,0.0
2818,35,90,7,55867.02,11508.87,391069.14,379560.27,2.94
3461,622,101,7,36744.16,4908.92,257209.12,252300.2,1.91
2816,821,80,1,13070.4,2526.05,13070.4,10544.35,19.33
2577,1965,475,4,2554.85,0.0,10219.4,10219.4,0.0
740,761,465,3,1413.81,283.59,4241.43,3957.84,6.69
1633,1504,531,7,2414.15,0.0,16899.05,16899.05,0.0
1428,3406,557,6,700.0,133.84,4200.0,4066.16,3.19
1625,2276,163,5,34985.4,0.0,174927.0,174927.0,0.0
2611,299,296,2,2185.34,453.66,4370.68,3917.02,10.38
2261,678,485,7,3397.59,0.0,23783.13,23783.13,0.0
3933,594,490,6,701.76,0.0,4210.56,4210.56,0.0
2027,2789,90,1,55867.02,0.0,55867.02,55867.02,0.0
2787,2161,324,2,4902.47,0.0,9804.94,9804.94,0.0
2527,913,380,4,25375.0,0.0,101500.0,101500.0,0.0
2689,3391,228,7,1374.56,0.0,9621.92,9621.92,0.0
2438,2409,360,6,13154.0,0.0,78924.0,78924.0,0.0
583,213,242,1,975.73,0.0,975.73,975.73,0.0
2047,2910,90,1,55867.0,0.0,55867.0,55867.0,0.0
2631,3103,487,1,1140.99,0.0,1140.99,1140.99,0.0
175,1605,323,3,2463.84,0.0,7391.52,7391.52,0.0
1381,403,179,3,24894.74,4471.04,74684.22,70213.18,5.99
2296,972,123,7,18644.97,0.0,130514.79,130514.79,0.0
2874,408,239,1,6239.94,0.0,6239.94,6239.94,0.0
1743,1179,428,5,3924.0,0.0,19620.0,19620.0,0.0
1854,2790,560,1,4585.0,0.0,4585.0,4585.0,0.0
1077,3428,45,6,45333.45,8094.51,272000.7,263906.19,2.98
1313,1994,236,1,3329.05,618.66,3329.05,2710.39,18.58
3204,1794,163,5,34985.4,0.0,174927.0,174927.0,0.0
346,953,143,5,19160.64,0.0,95803.2,95803.2,0.0
1713,1725,90,2,55867.0,6139.78,111734.0,105594.22,5.49
2601,862,4,4,59704.35,13418.79,238817.4,225398.61,5.62
2116,595,482,1,1201.93,247.29,1201.93,954.64,20.57
3125,3000,270,5,874.94,0.0,4374.7,4374.7,0.0
1060,3095,324,4,4902.47,0.0,19609.88,19609.88,0.0
2620,2891,405,1,26380.91,0.0,26380.91,26380.91,0.0
3681,1028,402,3,5207.91,0.0,15623.73,15623.73,0.0
88,558,490,8,701.76,0.0,5614.08,5614.08,0.0
3156,116,133,1,21141.62,0.0,21141.62,21141.62,0.0
1803,1873,400,6,2268.61,0.0,13611.66,13611.66,0.0
2738,321,210,1,1643.04,409.46,1643.04,1233.58,24.92
3561,2714,173,5,13426.8,0.0,67134.0,67134.0,0.0
1836,2189,360,2,13154.0,0.0,26308.0,26308.0,0.0
3136,2839,96,8,14490.0,1886.11,115920.0,114033.89,1.63
2038,1764,2,8,25250.01,0.0,202000.08,202000.08,0.0
744,1798,434,7,2492.65,613.28,17448.55,16835.27,3.51
3068,2297,73,6,33688.65,0.0,202131.9,202131.9,0.0
1582,357,72,7,19375.14,0.0,135625.98,135625.98,0.0
2888,1244,87,3,22796.75,2040.47,68390.25,66349.78,2.98
2978,878,20,3,48420.36,0.0,145261.08,145261.08,0.0
2200,1654,433,5,2339.97,366.54,11699.85,11333.31,3.13
3917,343,400,1,2268.61,0.0,2268.61,2268.61,0.0
1596,28,429,4,402.84,32.62,1611.36,1578.74,2.02
530,799,216,6,1493.81,242.78,8962.86,8720.08,2.71
4530,3457,352,4,17190.19,0.0,68760.76,68760.76,0.0
1197,18,162,7,32940.52,0.0,230583.64,230583.64,0.0
3083,49,424,2,1995.0,493.49,3990.0,3496.51,12.37
1776,2910,236,2,3329.05,0.0,6658.1,6658.1,0.0
38,1107,221,7,1736.69,136.08,12156.83,12020.75,1.12
3918,1558,211,8,2399.2,0.0,19193.6,19193.6,0.0
4228,1003,90,7,55867.0,0.0,391069.0,391069.0,0.0
3926,2322,87,2,22796.75,0.0,45593.5,45593.5,0.0
2822,1851,313,1,22302.8,0.0,22302.8,22302.8,0.0
3742,979,437,1,2181.84,0.0,2181.84,2181.84,0.0
2359,2208,220,3,4307.38,0.0,12922.14,12922.14,0.0
2246,1105,48,4,31235.81,0.0,124943.24,124943.24,0.0
3167,3568,399,1,26571.0,1819.71,26571.0,24751.29,6.85
2268,641,222,2,5707.81,0.0,11415.62,11415.62,0.0
974,3016,64,3,13895.81,0.0,41687.43,41687.43,0.0
3527,1859,412,3,23899.28,0.0,71697.84,71697.84,0.0
4093,655,510,6,307.04,41.33,1842.24,1800.91,2.24
3598,703,309,2,579.38,0.0,1158.76,1158.76,0.0
1568,2364,281,5,2873.68,0.0,14368.4,14368.4,0.0
2072,2784,593,6,2171.89,0.0,13031.34,13031.34,0.0
4326,1742,187,1,15407.88,0.0,15407.88,15407.88,0.0
2676,93,269,5,4544.06,682.38,22720.3,22037.92,3.0
1052,325,170,1,20780.0,0.0,20780.0,20780.0,0.0
1082,1774,170,3,20780.0,0.0,62340.0,62340.0,0.0
4469,2566,598,1,3274.73,0.0,3274.73,3274.73,0.0
4351,2608,42,7,44549.41,0.0,311845.87,311845.87,0.0
2481,3440,79,4,54722.42,13247.1,218889.68,205642.58,6.05
2444,2169,78,5,49993.67,10218.52,249968.35,239749.83,4.09
961,2264,73,6,33688.65,0.0,202131.9,202131.9,0.0
2426,982,172,4,3632.94,0.0,14531.76,14531.76,0.0
3757,1528,299,7,1600.51,0.0,11203.57,11203.57,0.0
4064,2316,131,1,26459.89,0.0,26459.89,26459.89,0.0
2102,947,176,7,5435.69,0.0,38049.83,38049.83,0.0
3374,3283,101,3,36744.16,4264.62,110232.48,105967.86,3.87
3719,1997,143,1,19160.64,1525.5,19160.64,17635.14,7.96
2513,1480,112,1,10289.22,1246.18,10289.22,9043.04,12.11
1315,2825,432,2,236.92,0.0,473.84,473.84,0.0
2878,790,388,7,5732.64,1170.8,40128.48,38957.68,2.92
1254,2068,329,7,2798.95,0.0,19592.65,19592.65,0.0
3686,2867,63,7,61098.0,10669.79,427686.0,417016.21,2.49
4240,94,329,3,2798.95,0.0,8396.85,8396.85,0.0
3187,1920,519,5,2234.16,0.0,11170.8,11170.8,0.0
675,2485,477,1,185.9,24.53,185.9,161.37,13.2
2320,2421,414,1,27836.07,6423.27,27836.07,21412.8,23.08
1729,955,153,3,35631.03,7564.46,106893.09,99328.63,7.08
4306,104,7,1,27100.03,0.0,27100.03,27100.03,0.0
1837,863,136,1,20224.22,0.0,20224.22,20224.22,0.0
3747,34,424,6,1995.03,0.0,11970.18,11970.18,0.0
3402,1820,271,8,7591.04,0.0,60728.32,60728.32,0.0
4072,2422,418,5,2575.77,0.0,12878.85,12878.85,0.0
2777,20,496,3,1891.0,0.0,5673.0,5673.0,0.0
1637,2051,36,8,28216.45,0.0,225731.6,225731.6,0.0
4416,518,113,7,24816.71,0.0,173716.97,173716.97,0.0
1165,3476,511,8,852.71,0.0,6821.68,6821.68,0.0
2160,227,514,3,244.13,0.0,732.39,732.39,0.0
809,2480,296,2,2185.34,0.0,4370.68,4370.68,0.0
2528,2432,181,1,23260.26,1756.71,23260.26,21503.55,7.55
545,3186,505,4,1346.46,0.0,5385.84,5385.84,0.0
4317,2577,76,7,18729.75,0.0,131108.25,131108.25,0.0
4370,1177,271,6,7591.0,0.0,45546.0,45546.0,0.0
3220,1664,531,8,2414.0,154.08,19312.0,19157.92,0.8
1421,2368,546,6,2515.65,0.0,15093.9,15093.9,0.0
2677,1617,353,7,18839.36,4227.71,131875.52,127647.81,3.21
947,2460,528,6,1560.8,0.0,9364.8,9364.8,0.0
1168,1539,500,8,2257.03,0.0,18056.24,18056.24,0.0
2056,2196,123,5,18644.97,4064.48,93224.85,89160.37,4.36
621,35,280,8,5190.1,0.0,41520.8,41520.8,0.0
3306,607,435,7,236.0,0.0,1652.0,1652.0,0.0
1176,2445,517,4,2835.58,0.0,11342.32,11342.32,0.0
136,2384,121,4,12917.12,0.0,51668.48,51668.48,0.0
2721,3524,218,5,2497.5,0.0,12487.5,12487.5,0.0
185,357,123,1,18644.97,1411.3,18644.97,17233.67,7.57
2649,1645,20,7,48420.36,0.0,338942.52,338942.52,0.0
834,1871,174,1,11259.21,1094.13,11259.21,10165.08,9.72
1440,643,487,8,1141.0,0.0,9128.0,9128.0,0.0
4254,2340,343,4,19021.91,0.0,76087.64,76087.64,0.0
994,2444,301,6,911.04,0.0,5466.24,5466.24,0.0
1202,559,318,4,2672.96,0.0,10691.84,10691.84,0.0
2797,3458,573,1,2616.22,0.0,2616.22,2616.22,0.0
2641,442,163,4,34985.4,0.0,139941.6,139941.6,0.0
1845,1406,90,2,55867.02,0.0,111734.04,111734.04,0.0
4320,445,215,4,1216.35,0.0,4865.4,4865.4,0.0
134,3429,57,1,17856.88,0.0,17856.88,17856.88,0.0
3670,2955,98,5,39575.72,0.0,197878.6,197878.6,0.0
2066,1472,324,1,4902.47,0.0,4902.47,4902.47,0.0
3002,3217,404,2,6531.34,0.0,13062.68,13062.68,0.0
2408,2132,32,8,56222.67,0.0,449781.36,449781.36,0.0
4318,2935,35,3,22375.0,0.0,67125.0,67125.0,0.0
4103,3162,278,6,1910.5,0.0,11463.0,11463.0,0.0
2110,290,29,1,16972.54,0.0,16972.54,16972.54,0.0
1598,2001,599,8,1634.01,208.31,13072.08,12863.77,1.59
3581,2698,537,4,2027.4,0.0,8109.6,8109.6,0.0
4327,2667,147,5,8671.49,788.19,43357.45,42569.26,1.82
2975,1816,257,2,2514.23,0.0,5028.46,5028.46,0.0
3710,762,83,1,56550.9,0.0,56550.9,56550.9,0.0
4459,718,47,1,18423.86,0.0,18423.86,18423.86,0.0
3131,467,433,5,2339.97,558.46,11699.85,11141.39,4.77
4340,2214,333,4,7242.48,1445.25,28969.92,27524.67,4.99
3549,2823,355,7,14690.56,0.0,102833.92,102833.92,0.0
4583,3369,482,2,1201.93,0.0,2403.86,2403.86,0.0
4105,784,169,8,4684.61,0.0,37476.88,37476.88,0.0
3463,213,404,2,6531.34,617.67,13062.68,12445.01,4.73
1,1682,344,8,8737.86,0.0,69902.88,69902.88,0.0
603,1904,29,1,16972.54,4219.5,16972.54,12753.04,24.86
1707,2953,101,6,36744.16,4073.06,220464.96,216391.9,1.85
1956,1065,280,5,5190.1,0.0,25950.5,25950.5,0.0
3936,1394,387,3,4885.24,0.0,14655.72,14655.72,0.0
3159,1844,396,5,4864.14,0.0,24320.7,24320.7,0.0
3347,2673,205,3,28895.45,0.0,86686.35,86686.35,0.0
1460,3179,27,4,26993.41,0.0,107973.64,107973.64,0.0
2496,2691,525,4,9670.16,0.0,38680.64,38680.64,0.0
3454,427,557,3,700.1,102.54,2100.3,1997.76,4.88
542,2545,296,1,2185.34,0.0,2185.34,2185.34,0.0
4588,3264,232,4,681.0,118.79,2724.0,2605.21,4.36
2138,1812,497,2,2080.14,243.99,4160.28,3916.29,5.86
4494,2288,437,2,2181.84,0.0,4363.68,4363.68,0.0
2529,246,219,8,403.99,0.0,3231.92,3231.92,0.0
2951,2799,431,3,254.94,0.0,764.82,764.82,0.0
631,2173,18,8,49907.28,12041.26,399258.24,387216.98,3.02
3113,2518,145,8,41579.07,0.0,332632.56,332632.56,0.0
1996,2433,90,2,55867.02,0.0,111734.04,111734.04,0.0
1839,297,535,7,2210.07,0.0,15470.49,15470.49,0.0
694,3051,174,2,11259.21,1773.45,22518.42,20744.97,7.88
2925,1719,526,7,7636.0,0.0,53452.0,53452.0,0.0
1810,965,103,3,17033.51,0.0,51100.53,51100.53,0.0
1229,2778,242,5,975.73,0.0,4878.65,4878.65,0.0
1934,253,351,8,2168.74,237.11,17349.92,17112.81,1.37
247,107,601,2,2666.31,0.0,5332.62,5332.62,0.0
3412,1534,476,3,484.9,0.0,1454.7,1454.7,0.0
652,3005,441,7,2502.58,169.17,17518.06,17348.89,0.97
1580,1571,274,3,5610.04,0.0,16830.12,16830.12,0.0
4369,957,407,6,19163.47,3950.63,114980.82,111030.19,3.44
2373,2669,171,7,4674.34,0.0,32720.38,32720.38,0.0
330,737,358,6,2475.35,0.0,14852.1,14852.1,0.0
2164,3257,90,2,55867.02,13273.84,111734.04,98460.2,11.88
922,603,380,3,25375.0,0.0,76125.0,76125.0,0.0
1609,2370,147,6,8671.49,670.73,52028.94,51358.21,1.29
2586,869,325,8,24602.67,0.0,196821.36,196821.36,0.0
3243,2723,167,4,4609.55,803.53,18438.2,17634.67,4.36
1577,2964,14,1,28475.9,2597.85,28475.9,25878.05,9.12
3725,2794,324,7,4902.47,0.0,34317.29,34317.29,0.0
3263,2235,399,7,26570.51,0.0,185993.57,185993.57,0.0
2708,3306,568,3,7363.71,0.0,22091.13,22091.13,0.0
4253,2083,277,4,7529.0,0.0,30116.0,30116.0,0.0
4309,588,36,4,28216.45,3375.32,112865.8,109490.48,2.99
2768,1005,256,7,1021.8,0.0,7152.6,7152.6,0.0
3208,2867,475,6,2554.85,0.0,15329.1,15329.1,0.0
4054,1507,206,7,35845.9,0.0,250921.3,250921.3,0.0
1072,1622,175,1,6971.32,1034.6,6971.32,5936.72,14.84
3864,1466,343,7,19021.91,0.0,133153.37,133153.37,0.0
2049,3090,219,4,403.99,41.1,1615.96,1574.86,2.54
823,3512,515,6,3368.72,0.0,20212.32,20212.32,0.0
3069,989,90,1,55867.02,13050.87,55867.02,42816.15,23.36
3240,659,271,1,7591.04,604.46,7591.04,6986.58,7.96
2026,823,90,4,55867.02,11690.02,223468.08,211778.06,5.23
780,1427,90,1,55867.02,0.0,55867.02,55867.02,0.0
3216,2315,577,1,7085.73,0.0,7085.73,7085.73,0.0
849,3370,125,2,5757.78,747.84,11515.56,10767.72,6.49
1232,1401,516,1,1869.0,254.93,1869.0,1614.07,13.64
612,1339,497,8,2080.14,250.37,16641.12,16390.75,1.5
2070,1191,295,1,2244.9,337.33,2244.9,1907.57,15.03
3189,3052,578,1,5427.05,0.0,5427.05,5427.05,0.0
2447,2005,573,1,2616.22,0.0,2616.22,2616.22,0.0
3612,2742,266,4,2657.0,0.0,10628.0,10628.0,0.0
3419,524,319,3,3775.0,0.0,11325.0,11325.0,0.0
2764,1750,453,3,1833.28,0.0,5499.84,5499.84,0.0
2420,605,181,5,23260.26,0.0,116301.3,116301.3,0.0
320,94,373,1,20620.0,0.0,20620.0,20620.0,0.0
3985,968,549,5,3539.57,0.0,17697.85,17697.85,0.0
999,2133,320,6,10504.52,0.0,63027.12,63027.12,0.0
4329,1042,123,3,18644.97,0.0,55934.91,55934.91,0.0
4033,2399,158,4,4265.0,881.89,17060.0,16178.11,5.17
3132,1798,302,2,2861.0,0.0,5722.0,5722.0,0.0
2159,2082,90,4,55867.02,0.0,223468.08,223468.08,0.0
456,3016,45,6,45333.45,0.0,272000.7,272000.7,0.0
329,936,172,2,3632.94,539.04,7265.88,6726.84,7.42
1387,792,245,5,3654.56,262.2,18272.8,18010.6,1.43
1807,172,125,6,5757.78,0.0,34546.68,34546.68,0.0
1895,344,73,1,33689.0,4455.73,33689.0,29233.27,13.23
2158,2006,314,1,15052.07,0.0,15052.07,15052.07,0.0
2778,1463,594,8,1737.94,0.0,13903.52,13903.52,0.0
176,1748,557,5,700.1,142.58,3500.5,3357.92,4.07
2247,1829,481,6,3250.6,450.3,19503.6,19053.3,2.31
3205,1387,183,3,9228.02,0.0,27684.06,27684.06,0.0
2225,2037,468,1,367.66,0.0,367.66,367.66,0.0
4446,55,182,6,5269.41,0.0,31616.46,31616.46,0.0
4049,1097,594,2,1737.94,0.0,3475.88,3475.88,0.0
2186,2695,270,6,874.94,111.48,5249.64,5138.16,2.12
1918,3478,14,4,28475.9,0.0,113903.6,113903.6,0.0
893,16,236,8,3329.05,0.0,26632.4,26632.4,0.0
2441,859,270,7,874.94,83.37,6124.58,6041.21,1.36
1868,2782,475,8,2554.85,0.0,20438.8,20438.8,0.0
1983,1614,344,3,8737.86,0.0,26213.58,26213.58,0.0
3369,364,399,5,26570.51,0.0,132852.55,132852.55,0.0
3844,1444,83,4,56550.9,0.0,226203.6,226203.6,0.0
481,3313,418,7,2575.77,0.0,18030.39,18030.39,0.0
640,3339,113,4,24817.0,0.0,99268.0,99268.0,0.0
4335,664,586,1,17660.57,0.0,17660.57,17660.57,0.0
3299,2850,465,5,1414.0,0.0,7070.0,7070.0,0.0
357,3003,90,5,55867.02,0.0,279335.1,279335.1,0.0
2994,2389,27,2,26993.41,0.0,53986.82,53986.82,0.0
1301,536,170,1,20780.0,5191.57,20780.0,15588.43,24.98
3035,107,542,8,7389.25,0.0,59114.0,59114.0,0.0
2930,3340,324,5,4902.47,0.0,24512.35,24512.35,0.0
1021,3488,36,8,28216.45,4449.33,225731.6,221282.27,1.97
2442,1335,21,6,41665.57,0.0,249993.42,249993.42,0.0
549,1245,113,7,24816.71,1375.84,173716.97,172341.13,0.79
3758,1775,373,6,20620.0,3293.19,123720.0,120426.81,2.66
4501,1345,38,4,32293.58,6236.67,129174.32,122937.65,4.83
2313,1020,209,3,5109.77,0.0,15329.31,15329.31,0.0
2889,371,42,2,44549.41,0.0,89098.82,89098.82,0.0
2213,2459,171,2,4674.34,0.0,9348.68,9348.68,0.0
1389,2829,564,1,16332.52,2396.81,16332.52,13935.71,14.68
4293,3517,120,2,36962.01,0.0,73924.02,73924.02,0.0
1326,2953,19,6,52612.0,0.0,315672.0,315672.0,0.0
3061,3284,263,4,5730.99,401.73,22923.96,22522.23,1.75
546,1508,234,2,1042.83,0.0,2085.66,2085.66,0.0
2830,2939,307,2,1429.76,104.32,2859.52,2755.2,3.65
1567,2885,27,2,26993.41,0.0,53986.82,53986.82,0.0
3887,2578,424,8,1995.03,0.0,15960.24,15960.24,0.0
2212,3036,346,7,8515.94,0.0,59611.58,59611.58,0.0
1051,878,155,3,36068.08,4845.43,108204.24,103358.81,4.48
1825,1333,571,4,5252.42,295.52,21009.68,20714.16,1.41
355,2230,301,3,911.04,0.0,2733.12,2733.12,0.0
3089,2022,558,2,2486.26,548.62,4972.52,4423.9,11.03
1242,1466,515,8,3368.72,476.45,26949.76,26473.31,1.77
1646,473,505,5,1346.46,0.0,6732.3,6732.3,0.0
2260,1390,573,6,2616.22,0.0,15697.32,15697.32,0.0
788,2264,123,1,18644.97,4185.23,18644.97,14459.74,22.45
2500,668,20,5,48420.36,0.0,242101.8,242101.8,0.0
2297,223,428,1,3924.13,0.0,3924.13,3924.13,0.0
2028,231,354,6,8202.98,0.0,49217.88,49217.88,0.0
1935,1966,4,2,59704.35,13014.24,119408.7,106394.46,10.9
2137,1611,64,6,13895.81,0.0,83374.86,83374.86,0.0
4479,1151,173,1,13426.8,1238.15,13426.8,12188.65,9.22
4314,3491,7,3,27100.03,0.0,81300.09,81300.09,0.0
4059,211,17,2,15188.0,0.0,30376.0,30376.0,0.0
1574,3450,291,2,439.93,66.86,879.86,813.0,7.6
2445,3226,93,2,43980.89,0.0,87961.78,87961.78,0.0
3070,74,51,8,68000.0,0.0,544000.0,544000.0,0.0
270,2250,418,8,2575.77,0.0,20606.16,20606.16,0.0
1712,1991,366,6,5166.06,616.68,30996.36,30379.68,1.99
4186,1478,445,2,717.0,0.0,1434.0,1434.0,0.0
571,100,446,5,3256.03,551.99,16280.15,15728.16,3.39
1233,1134,84,4,16273.21,0.0,65092.84,65092.84,0.0
1884,1475,575,1,1968.0,462.8,1968.0,1505.2,23.52
2010,2986,332,4,16589.24,0.0,66356.96,66356.96,0.0
3631,1785,488,8,669.0,0.0,5352.0,5352.0,0.0
1978,29,482,6,1201.93,0.0,7211.58,7211.58,0.0
3890,1891,505,1,1346.46,241.87,1346.46,1104.59,17.96
344,3373,245,2,3654.56,0.0,7309.12,7309.12,0.0
2753,3367,277,4,7529.0,0.0,30116.0,30116.0,0.0
433,1858,90,3,55867.02,6280.59,167601.06,161320.47,3.75
2484,2420,31,2,38226.13,2090.09,76452.26,74362.17,2.73
3019,1733,123,2,18645.0,0.0,37290.0,37290.0,0.0
2461,605,176,3,5435.69,0.0,16307.07,16307.07,0.0
2795,603,458,8,372.52,22.66,2980.16,2957.5,0.76
3392,2342,5,1,26069.66,5995.97,26069.66,20073.69,23.0
4252,3236,153,1,35631.03,0.0,35631.03,35631.03,0.0
2791,1366,450,3,296.55,0.0,889.65,889.65,0.0
686,1286,424,2,1995.03,0.0,3990.06,3990.06,0.0
4202,3380,272,1,4993.05,0.0,4993.05,4993.05,0.0
3984,2700,490,2,701.76,130.3,1403.52,1273.22,9.28
4447,656,165,1,8728.22,0.0,8728.22,8728.22,0.0
280,2662,90,1,55867.02,0.0,55867.02,55867.02,0.0
3443,2587,384,2,10968.12,0.0,21936.24,21936.24,0.0
1304,929,5,3,26069.66,4580.81,78208.98,73628.17,5.86
3161,2263,281,7,2873.68,0.0,20115.76,20115.76,0.0
2794,240,323,2,2463.84,0.0,4927.68,4927.68,0.0
3310,1385,529,4,2494.0,185.82,9976.0,9790.18,1.86
1899,1379,320,4,10504.52,0.0,42018.08,42018.08,0.0
206,185,5,6,26069.66,0.0,156417.96,156417.96,0.0
719,2349,500,1,2257.03,0.0,2257.03,2257.03,0.0
3531,2141,398,3,2144.0,184.09,6432.0,6247.91,2.86
2286,1473,480,2,1139.96,101.3,2279.92,2178.62,4.44
2311,2324,537,2,2027.4,0.0,4054.8,4054.8,0.0
3457,2013,54,5,65038.31,0.0,325191.55,325191.55,0.0
1361,2897,80,3,13070.4,0.0,39211.2,39211.2,0.0
905,1789,358,4,2475.35,265.08,9901.4,9636.32,2.68
1248,940,236,1,3329.0,0.0,3329.0,3329.0,0.0
2188,1229,529,6,2494.4,0.0,14966.4,14966.4,0.0
1964,3289,276,8,468.04,0.0,3744.32,3744.32,0.0
4504,1583,542,8,7389.25,1132.87,59114.0,57981.13,1.92
639,2116,490,3,701.76,0.0,2105.28,2105.28,0.0
4143,406,587,2,6062.64,1128.51,12125.28,10996.77,9.31
1775,1148,245,3,3655.0,0.0,10965.0,10965.0,0.0
4541,3124,145,7,41579.07,0.0,291053.49,291053.49,0.0
2541,3392,324,8,4902.47,406.84,39219.76,38812.92,1.04
3900,3535,64,5,13895.81,3471.71,69479.05,66007.34,5.0
2547,3209,236,3,3329.0,649.46,9987.0,9337.54,6.5
908,3458,222,5,5708.0,0.0,28540.0,28540.0,0.0
4315,129,235,7,1119.56,0.0,7836.92,7836.92,0.0
1158,2518,81,7,33449.39,0.0,234145.73,234145.73,0.0
871,1240,307,8,1429.76,85.01,11438.08,11353.07,0.74
1042,1752,236,1,3329.05,0.0,3329.05,3329.05,0.0
2623,1107,307,3,1429.76,0.0,4289.28,4289.28,0.0
2273,2239,601,8,2666.31,0.0,21330.48,21330.48,0.0
4470,3357,243,5,7122.31,582.54,35611.55,35029.01,1.64
3600,1218,578,6,5427.05,1027.26,32562.3,31535.04,3.15
259,83,78,2,49994.0,0.0,99988.0,99988.0,0.0
3144,3142,47,4,18423.86,0.0,73695.44,73695.44,0.0
3165,3015,179,7,24894.74,0.0,174263.18,174263.18,0.0
56,2365,599,1,1634.01,0.0,1634.01,1634.01,0.0
1959,1168,286,3,713.0,0.0,2139.0,2139.0,0.0
1545,3019,113,6,24817.0,5804.53,148902.0,143097.47,3.9
826,241,343,5,19021.91,0.0,95109.55,95109.55,0.0
1345,2652,317,1,4957.78,846.39,4957.78,4111.39,17.07
42,2115,601,2,2666.31,0.0,5332.62,5332.62,0.0
2312,1244,271,8,7591.04,1040.37,60728.32,59687.95,1.71
4346,1855,371,1,23441.0,0.0,23441.0,23441.0,0.0
1700,1401,14,4,28475.9,0.0,113903.6,113903.6,0.0
432,1987,433,1,2339.97,0.0,2339.97,2339.97,0.0
58,2822,192,4,4268.11,0.0,17072.44,17072.44,0.0
2230,2696,222,5,5707.81,0.0,28539.05,28539.05,0.0
2069,1521,245,8,3654.56,0.0,29236.48,29236.48,0.0
3394,3273,42,2,44549.41,0.0,89098.82,89098.82,0.0
2062,1674,216,5,1493.81,319.51,7469.05,7149.54,4.28
4181,2378,169,2,4684.61,0.0,9369.22,9369.22,0.0
3254,1649,324,3,4902.47,0.0,14707.41,14707.41,0.0
3524,2409,68,5,17497.71,0.0,87488.55,87488.55,0.0
1642,571,496,8,1891.04,0.0,15128.32,15128.32,0.0
1755,461,245,7,3654.56,236.26,25581.92,25345.66,0.92
875,3056,441,2,2502.58,0.0,5005.16,5005.16,0.0
3371,2409,499,4,938.22,0.0,3752.88,3752.88,0.0
4,123,475,6,2554.85,0.0,15329.1,15329.1,0.0
4196,3596,418,6,2575.77,246.55,15454.62,15208.07,1.6
1096,3096,234,6,1042.83,145.27,6256.98,6111.71,2.32
3961,1706,144,3,13818.0,2667.77,41454.0,38786.23,6.44
1048,1668,123,8,18644.97,0.0,149159.76,149159.76,0.0
2931,935,22,2,14001.33,0.0,28002.66,28002.66,0.0
4319,956,439,1,407.43,0.0,407.43,407.43,0.0
2945,372,245,5,3654.56,0.0,18272.8,18272.8,0.0
2332,2872,399,1,26570.51,3215.5,26570.51,23355.01,12.1
4565,535,113,2,24816.71,0.0,49633.42,49633.42,0.0
387,3464,418,8,2575.77,135.31,20606.16,20470.85,0.66
900,1941,158,8,4265.0,487.77,34120.0,33632.23,1.43
2207,3414,487,1,1141.0,0.0,1141.0,1141.0,0.0
3445,2529,502,3,1188.0,0.0,3564.0,3564.0,0.0
3433,976,296,7,2185.34,0.0,15297.38,15297.38,0.0
3011,2507,474,5,3638.88,357.78,18194.4,17836.62,1.97
1392,1969,471,8,615.8,0.0,4926.4,4926.4,0.0
1162,1460,218,2,2497.5,0.0,4995.0,4995.0,0.0
3284,2922,242,8,975.73,0.0,7805.84,7805.84,0.0
4533,826,487,2,1140.99,257.13,2281.98,2024.85,11.27
1312,357,319,5,3775.0,0.0,18875.0,18875.0,0.0
321,197,483,4,2656.31,0.0,10625.24,10625.24,0.0
779,312,435,2,235.67,0.0,471.34,471.34,0.0
2281,1748,108,2,12828.66,2978.33,25657.32,22678.99,11.61
1113,2053,208,4,3669.04,0.0,14676.16,14676.16,0.0
1120,2251,319,4,3774.97,541.42,15099.88,14558.46,3.59
195,2702,547,8,622.58,0.0,4980.64,4980.64,0.0
1282,1700,327,5,14660.89,3603.89,73304.45,69700.56,4.92
1745,2231,320,7,10504.52,0.0,73531.64,73531.64,0.0
1139,366,90,7,55867.0,0.0,391069.0,391069.0,0.0
2835,2917,144,3,13818.03,0.0,41454.09,41454.09,0.0
697,1858,51,5,68000.0,0.0,340000.0,340000.0,0.0
133,3577,402,1,5207.91,0.0,5207.91,5207.91,0.0
458,1157,424,8,1995.03,0.0,15960.24,15960.24,0.0
3479,3576,21,5,41665.57,8515.56,208327.85,199812.29,4.09
777,2037,83,3,56550.9,13515.18,169652.7,156137.52,7.97
4455,1356,90,2,55867.02,0.0,111734.04,111734.04,0.0
442,288,267,2,7520.58,1042.64,15041.16,13998.52,6.93
3709,924,417,1,351.91,43.35,351.91,308.56,12.32
1367,482,500,2,2257.03,0.0,4514.06,4514.06,0.0
2845,2579,547,3,622.58,111.5,1867.74,1756.24,5.97
1623,787,415,3,1413.02,347.45,4239.06,3891.61,8.2
597,268,233,1,1137.67,0.0,1137.67,1137.67,0.0
708,1263,113,3,24816.71,4735.3,74450.13,69714.83,6.36
2679,1263,596,2,15149.53,0.0,30299.06,30299.06,0.0
3903,2999,216,1,1494.0,0.0,1494.0,1494.0,0.0
878,2577,208,5,3669.04,0.0,18345.2,18345.2,0.0
3618,1486,121,7,12917.12,0.0,90419.84,90419.84,0.0
4383,800,231,1,2027.82,0.0,2027.82,2027.82,0.0
3408,558,241,4,432.19,94.42,1728.76,1634.34,5.46
4598,2135,103,3,17033.51,1261.18,51100.53,49839.35,2.47
1805,3553,451,5,2041.0,0.0,10205.0,10205.0,0.0
3407,586,324,7,4902.0,0.0,34314.0,34314.0,0.0
2910,726,321,4,2793.78,0.0,11175.12,11175.12,0.0
1617,2007,29,1,16972.54,2733.21,16972.54,14239.33,16.1
2953,166,434,5,2492.65,411.79,12463.25,12051.46,3.3
475,3084,529,1,2494.4,486.23,2494.4,2008.17,19.49
3494,3287,65,2,15736.34,0.0,31472.68,31472.68,0.0
312,1000,331,5,12535.65,0.0,62678.25,62678.25,0.0
1994,3427,468,3,368.0,0.0,1104.0,1104.0,0.0
416,1430,289,7,1020.85,77.42,7145.95,7068.53,1.08
1171,1565,170,3,20780.0,0.0,62340.0,62340.0,0.0
1069,1977,391,2,11122.21,2262.01,22244.42,19982.41,10.17
1475,232,93,2,43981.0,0.0,87962.0,87962.0,0.0
365,3306,296,6,2185.34,238.51,13112.04,12873.53,1.82
2556,962,203,4,8828.92,0.0,35315.68,35315.68,0.0
4238,970,236,6,3329.05,294.1,19974.3,19680.2,1.47
4002,1011,18,3,49907.28,0.0,149721.84,149721.84,0.0
3832,3190,436,1,195.0,0.0,195.0,195.0,0.0
2807,3133,531,2,2414.15,0.0,4828.3,4828.3,0.0
2759,2935,533,5,2017.0,0.0,10085.0,10085.0,0.0
2018,1909,516,5,1869.02,0.0,9345.1,9345.1,0.0
654,585,106,2,33800.82,0.0,67601.64,67601.64,0.0
1905,3021,521,8,7452.11,982.61,59616.88,58634.27,1.65
2091,3360,96,6,14490.0,0.0,86940.0,86940.0,0.0
4552,3182,184,8,14525.98,0.0,116207.84,116207.84,0.0
2295,2643,68,1,17497.71,0.0,17497.71,17497.71,0.0
1395,2511,260,5,644.34,71.03,3221.7,3150.67,2.2
1923,1927,119,4,5867.88,566.1,23471.52,22905.42,2.41
2205,1836,69,3,33168.84,0.0,99506.52,99506.52,0.0
1054,2389,552,7,6261.42,0.0,43829.94,43829.94,0.0
196,3429,547,1,622.58,0.0,622.58,622.58,0.0
2407,3086,292,8,4444.0,876.75,35552.0,34675.25,2.47
2330,3375,119,3,5867.88,984.86,17603.64,16618.78,5.59
3370,2521,254,5,1176.97,0.0,5884.85,5884.85,0.0
2191,3471,468,1,368.0,0.0,368.0,368.0,0.0
3239,1458,598,2,3275.0,0.0,6550.0,6550.0,0.0
539,775,187,4,15407.88,0.0,61631.52,61631.52,0.0
461,3099,411,5,25253.96,2084.0,126269.8,124185.8,1.65
1095,1353,319,1,3774.97,239.98,3774.97,3534.99,6.36
2943,2374,119,3,5867.88,0.0,17603.64,17603.64,0.0
231,1129,158,1,4265.11,0.0,4265.11,4265.11,0.0
4502,1472,209,5,5109.77,0.0,25548.85,25548.85,0.0
1508,754,272,8,4993.05,0.0,39944.4,39944.4,0.0
3335,2038,1,7,14452.98,0.0,101170.86,101170.86,0.0
2730,2533,209,1,5109.77,314.14,5109.77,4795.63,6.15
2553,2192,281,1,2873.68,213.05,2873.68,2660.63,7.41
2698,3106,245,3,3654.56,529.93,10963.68,10433.75,4.83
3703,1549,526,5,7636.0,0.0,38180.0,38180.0,0.0
4206,1450,604,1,5124.09,0.0,5124.09,5124.09,0.0
3566,2612,88,1,29304.68,6513.1,29304.68,22791.58,22.23
2024,3125,64,3,13895.81,2489.36,41687.43,39198.07,5.97
3255,2770,117,4,28856.54,0.0,115426.16,115426.16,0.0
3718,3479,215,5,1216.35,228.73,6081.75,5853.02,3.76
2431,2010,226,2,3996.67,0.0,7993.34,7993.34,0.0
1688,1433,290,8,3593.11,0.0,28744.88,28744.88,0.0
4442,3096,324,4,4902.47,1114.06,19609.88,18495.82,5.68
4471,597,233,1,1137.67,0.0,1137.67,1137.67,0.0
4005,2980,79,2,54722.42,0.0,109444.84,109444.84,0.0
925,552,19,7,52612.0,0.0,368284.0,368284.0,0.0
2748,3205,281,1,2873.68,0.0,2873.68,2873.68,0.0
2334,2534,349,7,8218.8,0.0,57531.6,57531.6,0.0
1929,3476,65,5,15736.34,0.0,78681.7,78681.7,0.0
3722,2078,90,6,55867.02,0.0,335202.12,335202.12,0.0
4322,438,65,8,15736.34,0.0,125890.72,125890.72,0.0
811,358,424,7,1995.03,0.0,13965.21,13965.21,0.0
4230,161,572,6,649.84,0.0,3899.04,3899.04,0.0
3487,2023,90,5,55867.02,0.0,279335.1,279335.1,0.0
1394,3063,144,8,13818.03,1513.9,110544.24,109030.34,1.37
4043,2393,162,2,32940.52,0.0,65881.04,65881.04,0.0
872,2856,27,4,26993.41,2434.53,107973.64,105539.11,2.25
2042,1418,482,6,1201.93,0.0,7211.58,7211.58,0.0
3452,3491,309,3,579.38,0.0,1738.14,1738.14,0.0
902,3155,404,7,6531.34,1149.57,45719.38,44569.81,2.51
3762,927,64,1,13895.81,2033.87,13895.81,11861.94,14.64
2973,2324,171,2,4674.34,0.0,9348.68,9348.68,0.0
1037,285,592,6,1729.0,0.0,10374.0,10374.0,0.0
294,2661,236,5,3329.05,0.0,16645.25,16645.25,0.0
1302,2384,35,1,22374.88,0.0,22374.88,22374.88,0.0
1814,1285,222,2,5707.81,1283.04,11415.62,10132.58,11.24
170,2338,153,7,35631.03,0.0,249417.21,249417.21,0.0
4425,1817,349,7,8218.8,0.0,57531.6,57531.6,0.0
611,2494,513,6,291.56,0.0,1749.36,1749.36,0.0
2451,3277,143,5,19160.64,1193.66,95803.2,94609.54,1.25
2083,2346,213,2,1117.04,0.0,2234.08,2234.08,0.0
2248,1250,209,8,5110.0,1116.68,40880.0,39763.32,2.73
4589,923,208,2,3669.04,0.0,7338.08,7338.08,0.0
2223,2960,72,1,19375.14,0.0,19375.14,19375.14,0.0
3642,2165,369,8,8683.55,0.0,69468.4,69468.4,0.0
1286,314,372,1,7389.1,1032.25,7389.1,6356.85,13.97
2053,665,309,1,579.38,0.0,579.38,579.38,0.0
3944,441,592,1,1728.59,0.0,1728.59,1728.59,0.0
4220,2763,402,2,5207.91,0.0,10415.82,10415.82,0.0
1143,956,22,5,14001.0,0.0,70005.0,70005.0,0.0
2148,202,330,2,7517.64,0.0,15035.28,15035.28,0.0
1196,2398,429,3,402.84,0.0,1208.52,1208.52,0.0
4493,1292,222,1,5707.81,0.0,5707.81,5707.81,0.0
2128,3298,425,2,1199.26,0.0,2398.52,2398.52,0.0
1741,492,150,5,4357.07,0.0,21785.35,21785.35,0.0
532,18,236,1,3329.05,0.0,3329.05,3329.05,0.0
1914,1066,518,1,884.39,0.0,884.39,884.39,0.0
157,577,400,6,2268.61,0.0,13611.66,13611.66,0.0
1663,2740,119,6,5868.0,0.0,35208.0,35208.0,0.0
2263,1836,217,5,2671.55,320.62,13357.75,13037.13,2.4
3163,3010,347,2,27599.29,0.0,55198.58,55198.58,0.0
4555,2241,324,4,4902.47,0.0,19609.88,19609.88,0.0
2011,1968,90,6,55867.02,0.0,335202.12,335202.12,0.0
563,2298,360,2,13154.0,0.0,26308.0,26308.0,0.0
3057,2821,147,1,8671.49,818.07,8671.49,7853.42,9.43
725,510,382,2,2447.27,0.0,4894.54,4894.54,0.0
2356,1952,566,3,7865.94,0.0,23597.82,23597.82,0.0
2307,1264,559,3,6281.0,757.68,18843.0,18085.32,4.02
1065,726,297,8,3306.83,234.47,26454.64,26220.17,0.89
2711,2575,112,7,10289.0,0.0,72023.0,72023.0,0.0
2086,1962,537,1,2027.0,0.0,2027.0,2027.0,0.0
3491,1907,437,5,2182.0,411.72,10910.0,10498.28,3.77
1204,491,328,4,13737.01,2456.2,54948.04,52491.84,4.47
3269,800,206,2,35845.9,2920.3,71691.8,68771.5,4.07
1189,1584,64,8,13895.81,1253.07,111166.48,109913.41,1.13
680,2466,118,4,24476.8,0.0,97907.2,97907.2,0.0
1954,748,537,5,2027.4,481.45,10137.0,9655.55,4.75
3708,1524,324,2,4902.47,0.0,9804.94,9804.94,0.0
2602,116,187,3,15407.88,2873.93,46223.64,43349.71,6.22
1062,1946,230,1,2364.0,583.13,2364.0,1780.87,24.67
3853,2899,490,8,702.0,0.0,5616.0,5616.0,0.0
361,1273,236,6,3329.05,788.53,19974.3,19185.77,3.95
1466,1739,190,7,17228.7,0.0,120600.9,120600.9,0.0
1908,1151,137,6,42000.0,0.0,252000.0,252000.0,0.0
3656,410,155,4,36068.0,0.0,144272.0,144272.0,0.0
517,1014,528,2,1560.8,216.17,3121.6,2905.43,6.92
4465,3327,55,6,49270.07,2711.15,295620.42,292909.27,0.92
2617,3476,382,7,2447.27,0.0,17130.89,17130.89,0.0
1251,2210,526,2,7635.84,0.0,15271.68,15271.68,0.0
2526,1659,39,6,18869.0,1931.29,113214.0,111282.71,1.71
1554,454,400,8,2268.61,156.4,18148.88,17992.48,0.86
4531,3180,163,5,34985.0,0.0,174925.0,174925.0,0.0
3067,249,5,7,26069.66,2787.3,182487.62,179700.32,1.53
1049,352,242,4,975.73,118.05,3902.92,3784.87,3.02
758,1472,324,6,4902.47,0.0,29414.82,29414.82,0.0
1187,2447,45,1,45333.45,0.0,45333.45,45333.45,0.0
2201,3138,568,5,7363.71,0.0,36818.55,36818.55,0.0
3545,92,607,4,9522.34,1682.18,38089.36,36407.18,4.42
3430,1116,37,3,16371.57,0.0,49114.71,49114.71,0.0
2668,3016,534,8,2916.16,604.76,23329.28,22724.52,2.59
4434,638,59,5,31949.0,3414.56,159745.0,156330.44,2.14
437,1908,29,4,16972.54,999.49,67890.16,66890.67,1.47
566,1460,407,4,19163.47,4424.35,76653.88,72229.53,5.77
305,1600,313,1,22302.8,1150.57,22302.8,21152.23,5.16
201,1993,508,6,165.0,0.0,990.0,990.0,0.0
1752,2263,526,5,7635.84,1294.09,38179.2,36885.11,3.39
2904,2,407,3,19163.47,4740.46,57490.41,52749.95,8.25
4095,234,369,1,8683.55,0.0,8683.55,8683.55,0.0
4585,2499,386,3,15529.88,0.0,46589.64,46589.64,0.0
290,1509,469,7,4056.55,0.0,28395.85,28395.85,0.0
4523,787,490,3,701.76,0.0,2105.28,2105.28,0.0
1943,1724,123,2,18644.97,3267.24,37289.94,34022.7,8.76
81,1148,499,3,938.22,0.0,2814.66,2814.66,0.0
1987,1197,568,3,7363.71,522.01,22091.13,21569.12,2.36
3787,2685,192,1,4268.11,491.47,4268.11,3776.64,11.51
2880,2007,437,6,2181.84,0.0,13091.04,13091.04,0.0
3713,271,563,4,11445.0,938.45,45780.0,44841.55,2.05
1170,764,487,6,1140.99,0.0,6845.94,6845.94,0.0
3327,2851,529,2,2494.4,0.0,4988.8,4988.8,0.0
3232,2350,121,5,12917.12,2653.82,64585.6,61931.78,4.11
1198,1425,360,3,13154.0,0.0,39462.0,39462.0,0.0
115,3301,294,6,755.89,0.0,4535.34,4535.34,0.0
3036,1311,13,3,22061.28,0.0,66183.84,66183.84,0.0
3155,890,354,7,8202.98,0.0,57420.86,57420.86,0.0
770,3196,483,6,2656.31,0.0,15937.86,15937.86,0.0
4474,1650,467,8,841.05,0.0,6728.4,6728.4,0.0
689,1955,529,3,2494.4,142.89,7483.2,7340.31,1.91
2051,1485,192,1,4268.11,321.46,4268.11,3946.65,7.53
1320,3267,217,4,2671.55,0.0,10686.2,10686.2,0.0
109,258,294,1,755.89,0.0,755.89,755.89,0.0
1823,3452,73,8,33688.65,0.0,269509.2,269509.2,0.0
2667,1286,44,7,32249.0,0.0,225743.0,225743.0,0.0
3066,2698,14,6,28475.9,0.0,170855.4,170855.4,0.0
2443,1578,391,1,11122.21,0.0,11122.21,11122.21,0.0
3499,2066,170,5,20780.0,3511.62,103900.0,100388.38,3.38
582,2453,294,1,755.89,0.0,755.89,755.89,0.0
957,2300,435,3,236.0,0.0,708.0,708.0,0.0
1517,3084,187,8,15407.88,0.0,123263.04,123263.04,0.0
1716,2670,299,5,1601.0,0.0,8005.0,8005.0,0.0
3160,771,390,5,11337.65,1757.76,56688.25,54930.49,3.1
1068,83,357,1,11859.71,1483.45,11859.71,10376.26,12.51
3018,192,222,5,5707.81,0.0,28539.05,28539.05,0.0
480,1555,405,1,26381.0,0.0,26381.0,26381.0,0.0
3869,3576,572,1,649.84,0.0,649.84,649.84,0.0
857,1424,223,5,563.7,0.0,2818.5,2818.5,0.0
691,1836,324,1,4902.47,1132.76,4902.47,3769.71,23.11
4443,162,418,2,2575.77,0.0,5151.54,5151.54,0.0
3714,1580,591,3,827.84,0.0,2483.52,2483.52,0.0
2828,235,426,6,554.04,0.0,3324.24,3324.24,0.0
3177,1716,499,3,938.22,159.76,2814.66,2654.9,5.68
2616,2771,280,1,5190.1,664.53,5190.1,4525.57,12.8
1672,3269,362,1,20003.0,2744.32,20003.0,17258.68,13.72
1736,309,331,1,12535.65,0.0,12535.65,12535.65,0.0
3008,2634,573,5,2616.22,314.09,13081.1,12767.01,2.4
1177,2999,448,2,1395.04,347.77,2790.08,2442.31,12.46
2176,1745,112,1,10289.22,0.0,10289.22,10289.22,0.0
230,2934,214,1,412.88,0.0,412.88,412.88,0.0
4243,598,300,4,1629.59,0.0,6518.36,6518.36,0.0
1108,557,90,2,55867.02,0.0,111734.04,111734.04,0.0
2821,2034,125,5,5757.78,383.13,28788.9,28405.77,1.33
2492,320,598,7,3274.73,0.0,22923.11,22923.11,0.0
609,3206,267,2,7520.58,0.0,15041.16,15041.16,0.0
2548,3012,165,7,8728.0,0.0,61096.0,61096.0,0.0
3632,2396,437,5,2181.84,0.0,10909.2,10909.2,0.0
2566,199,30,5,20336.55,0.0,101682.75,101682.75,0.0
3528,1581,354,4,8202.98,0.0,32811.92,32811.92,0.0
2506,2607,519,3,2234.16,211.51,6702.48,6490.97,3.16
120,3584,557,3,700.1,76.31,2100.3,2023.99,3.63
2934,148,13,8,22061.28,0.0,176490.24,176490.24,0.0
2517,58,347,5,27599.29,0.0,137996.45,137996.45,0.0
1446,286,26,4,53168.01,0.0,212672.04,212672.04,0.0
737,2243,20,2,48420.0,0.0,96840.0,96840.0,0.0
707,1625,552,1,6261.42,989.27,6261.42,5272.15,15.8
378,666,59,7,31948.64,0.0,223640.48,223640.48,0.0
3998,3574,371,3,23441.01,0.0,70323.03,70323.03,0.0
4386,447,429,5,403.0,0.0,2015.0,2015.0,0.0
1370,1702,90,6,55867.0,0.0,335202.0,335202.0,0.0
1287,2416,529,1,2494.4,422.59,2494.4,2071.81,16.94
4410,3296,531,3,2414.15,445.77,7242.45,6796.68,6.15
1597,2038,147,2,8671.49,667.14,17342.98,16675.84,3.85
76,1574,59,3,31948.64,0.0,95845.92,95845.92,0.0
4089,478,102,1,27579.79,3331.06,27579.79,24248.73,12.08
2060,2482,110,5,25540.08,0.0,127700.4,127700.4,0.0
4091,2634,526,2,7635.84,0.0,15271.68,15271.68,0.0
4381,1782,123,8,18644.97,0.0,149159.76,149159.76,0.0
851,70,482,7,1201.93,183.13,8413.51,8230.38,2.18
1674,880,265,1,759.78,0.0,759.78,759.78,0.0
2422,504,321,5,2793.78,0.0,13968.9,13968.9,0.0
4268,3417,596,3,15149.53,1288.08,45448.59,44160.51,2.83
2886,57,235,1,1119.56,143.74,1119.56,975.82,12.84
1653,415,236,1,3329.05,0.0,3329.05,3329.05,0.0
4415,3189,465,2,1414.0,0.0,2828.0,2828.0,0.0
3277,2226,147,8,8671.49,0.0,69371.92,69371.92,0.0
1004,1260,321,5,2794.0,0.0,13970.0,13970.0,0.0
3107,176,592,8,1728.59,0.0,13828.72,13828.72,0.0
1937,483,66,8,15232.59,0.0,121860.72,121860.72,0.0
1089,2376,604,7,5124.09,0.0,35868.63,35868.63,0.0
3180,2054,369,4,8684.0,644.89,34736.0,34091.11,1.86
2280,3435,485,2,3397.59,0.0,6795.18,6795.18,0.0
193,1954,604,4,5124.09,0.0,20496.36,20496.36,0.0
658,3178,79,2,54722.0,0.0,109444.0,109444.0,0.0
3579,3003,526,8,7635.84,407.19,61086.72,60679.53,0.67
1261,1,65,7,15736.34,1608.54,110154.38,108545.84,1.46
128,2874,30,3,20336.55,0.0,61009.65,61009.65,0.0
4497,916,14,4,28475.9,6077.78,113903.6,107825.82,5.34
579,1668,251,1,2586.41,211.1,2586.41,2375.31,8.16
3145,725,236,4,3329.0,0.0,13316.0,13316.0,0.0
3973,2185,324,6,4902.47,0.0,29414.82,29414.82,0.0
3609,2634,389,5,3131.91,213.96,15659.55,15445.59,1.37
2039,1411,321,3,2793.78,0.0,8381.34,8381.34,0.0
403,368,301,8,911.04,0.0,7288.32,7288.32,0.0
519,2972,603,8,1952.88,0.0,15623.04,15623.04,0.0
132,2712,98,7,39575.72,0.0,277030.04,277030.04,0.0
3633,2857,596,5,15149.53,3109.95,75747.65,72637.7,4.11
2810,1205,55,3,49270.07,0.0,147810.21,147810.21,0.0
483,3258,521,1,7452.0,0.0,7452.0,7452.0,0.0
865,2723,324,4,4902.47,720.72,19609.88,18889.16,3.68
84,976,329,1,2799.0,0.0,2799.0,2799.0,0.0
1980,1699,208,1,3669.04,0.0,3669.04,3669.04,0.0
2592,352,79,2,54722.42,6151.96,109444.84,103292.88,5.62
4137,261,497,1,2080.14,0.0,2080.14,2080.14,0.0
1447,3089,187,2,15407.88,0.0,30815.76,30815.76,0.0
2927,1649,295,5,2244.9,0.0,11224.5,11224.5,0.0
1841,2026,65,2,15736.34,0.0,31472.68,31472.68,0.0
4087,2486,404,3,6531.34,0.0,19594.02,19594.02,0.0
534,3323,295,8,2244.9,198.24,17959.2,17760.96,1.1
3063,1737,123,8,18644.97,3546.01,149159.76,145613.75,2.38
2765,3122,324,2,4902.47,927.57,9804.94,8877.37,9.46
3338,2412,37,3,16371.57,0.0,49114.71,49114.71,0.0
1006,1284,290,5,3593.11,0.0,17965.55,17965.55,0.0
935,2833,123,8,18645.0,0.0,149160.0,149160.0,0.0
4208,271,35,7,22374.88,0.0,156624.16,156624.16,0.0
1026,1727,330,7,7517.64,0.0,52623.48,52623.48,0.0
1592,1526,608,8,550.0,0.0,4400.0,4400.0,0.0
1327,3156,496,4,1891.0,0.0,7564.0,7564.0,0.0
3614,378,324,2,4902.47,0.0,9804.94,9804.94,0.0
1200,156,596,4,15150.0,0.0,60600.0,60600.0,0.0
4075,1807,547,2,622.58,0.0,1245.16,1245.16,0.0
1495,427,321,5,2794.0,0.0,13970.0,13970.0,0.0
3195,1755,277,8,7529.0,0.0,60232.0,60232.0,0.0
2418,3042,482,1,1201.93,225.26,1201.93,976.67,18.74
202,276,196,7,6746.66,0.0,47226.62,47226.62,0.0
4394,1758,135,7,8232.79,0.0,57629.53,57629.53,0.0
287,2995,552,5,6261.42,1393.49,31307.1,29913.61,4.45
2737,292,126,8,6207.95,1120.64,49663.6,48542.96,2.26
2608,2340,244,6,8672.97,0.0,52037.82,52037.82,0.0
970,2920,428,4,3924.13,0.0,15696.52,15696.52,0.0
815,859,219,1,404.0,95.84,404.0,308.16,23.72
338,3137,499,8,938.22,48.54,7505.76,7457.22,0.65
2497,1375,64,3,13895.81,0.0,41687.43,41687.43,0.0
1027,2369,542,1,7389.25,0.0,7389.25,7389.25,0.0
4570,1251,352,2,17190.0,0.0,34380.0,34380.0,0.0
4111,1174,315,6,11703.09,2755.21,70218.54,67463.33,3.92
3428,2344,402,6,5208.0,0.0,31248.0,31248.0,0.0
301,2260,309,5,579.38,109.06,2896.9,2787.84,3.76
798,2818,405,3,26380.91,3718.1,79142.73,75424.63,4.7
894,75,2,2,25250.01,0.0,50500.02,50500.02,0.0
2126,901,259,8,625.0,66.79,5000.0,4933.21,1.34
1742,2776,322,8,5883.98,0.0,47071.84,47071.84,0.0
2872,2477,274,3,5610.04,0.0,16830.12,16830.12,0.0
3076,2508,26,8,53168.01,0.0,425344.08,425344.08,0.0
1220,1284,412,4,23899.28,0.0,95597.12,95597.12,0.0
578,7,578,5,5427.05,998.57,27135.25,26136.68,3.68
2896,819,542,6,7389.0,0.0,44334.0,44334.0,0.0
3856,1179,343,8,19021.91,0.0,152175.28,152175.28,0.0
3272,1641,300,2,1629.59,0.0,3259.18,3259.18,0.0
167,413,323,5,2463.84,0.0,12319.2,12319.2,0.0
467,797,165,4,8728.22,0.0,34912.88,34912.88,0.0
2992,2884,424,5,1995.03,392.89,9975.15,9582.26,3.94
1294,2390,405,5,26380.91,0.0,131904.55,131904.55,0.0
4127,3156,464,7,225.0,0.0,1575.0,1575.0,0.0
2969,747,522,1,1520.34,152.66,1520.34,1367.68,10.04
1488,3022,209,2,5109.77,0.0,10219.54,10219.54,0.0
2996,2496,296,8,2185.34,434.87,17482.72,17047.85,2.49
1155,2366,266,3,2657.04,0.0,7971.12,7971.12,0.0
3065,1620,365,3,5591.0,0.0,16773.0,16773.0,0.0
2399,1199,548,3,1107.0,0.0,3321.0,3321.0,0.0
2381,3084,519,1,2234.16,0.0,2234.16,2234.16,0.0
1832,575,558,4,2486.26,418.87,9945.04,9526.17,4.21
1257,876,145,2,41579.07,5721.67,83158.14,77436.47,6.88
4138,879,477,1,185.9,0.0,185.9,185.9,0.0
2304,3375,147,4,8671.49,2002.73,34685.96,32683.23,5.77
1022,890,66,1,15232.59,0.0,15232.59,15232.59,0.0
3504,1407,27,5,26993.41,0.0,134967.05,134967.05,0.0
3704,1393,234,1,1042.83,0.0,1042.83,1042.83,0.0
47,1302,399,1,26570.51,6144.71,26570.51,20425.8,23.13
4461,2724,441,8,2502.58,423.8,20020.64,19596.84,2.12
2480,2955,402,6,5207.91,1168.2,31247.46,30079.26,3.74
1872,2411,604,7,5124.09,1054.79,35868.63,34813.84,2.94
4016,1093,106,1,33800.82,0.0,33800.82,33800.82,0.0
2459,2358,65,6,15736.34,3699.71,94418.04,90718.33,3.92
3803,631,253,6,4812.8,0.0,28876.8,28876.8,0.0
693,1450,442,7,803.35,0.0,5623.45,5623.45,0.0
1311,1649,158,2,4265.11,0.0,8530.22,8530.22,0.0
1815,2934,300,3,1630.0,0.0,4890.0,4890.0,0.0
256,2878,221,1,1736.69,286.67,1736.69,1450.02,16.51
1391,878,11,8,13708.49,0.0,109667.92,109667.92,0.0
1291,378,474,5,3638.88,0.0,18194.4,18194.4,0.0
3258,2304,568,1,7364.0,1116.57,7364.0,6247.43,15.16
1847,2096,236,6,3329.05,0.0,19974.3,19974.3,0.0
4507,693,4,4,59704.35,10500.6,238817.4,228316.8,4.4
1111,597,437,1,2181.84,0.0,2181.84,2181.84,0.0
2058,620,297,3,3307.0,0.0,9921.0,9921.0,0.0
897,1476,90,4,55867.02,0.0,223468.08,223468.08,0.0
4160,620,21,1,41665.57,0.0,41665.57,41665.57,0.0
2045,3101,102,6,27579.79,0.0,165478.74,165478.74,0.0
2921,3189,123,7,18644.97,0.0,130514.79,130514.79,0.0
3814,3584,236,3,3329.05,0.0,9987.15,9987.15,0.0
3981,3550,379,2,2571.64,0.0,5143.28,5143.28,0.0
1703,2759,77,6,17232.06,0.0,103392.36,103392.36,0.0
2007,3215,349,7,8218.8,0.0,57531.6,57531.6,0.0
1085,2737,18,1,49907.28,0.0,49907.28,49907.28,0.0
837,2970,355,5,14690.56,0.0,73452.8,73452.8,0.0
1266,1503,414,2,27836.07,5605.02,55672.14,50067.12,10.07
2684,2047,547,2,622.58,0.0,1245.16,1245.16,0.0
4096,3563,301,2,911.04,0.0,1822.08,1822.08,0.0
2450,899,35,2,22375.0,0.0,44750.0,44750.0,0.0
397,1039,119,5,5867.88,0.0,29339.4,29339.4,0.0
4188,552,287,3,1656.26,0.0,4968.78,4968.78,0.0
4468,2617,251,3,2586.41,0.0,7759.23,7759.23,0.0
2416,201,509,1,603.92,0.0,603.92,603.92,0.0
1714,1611,399,8,26570.51,4187.88,212564.08,208376.2,1.97
3078,3166,321,1,2793.78,0.0,2793.78,2793.78,0.0
3023,1480,604,6,5124.09,1088.74,30744.54,29655.8,3.54
1137,3552,54,6,65038.31,0.0,390229.86,390229.86,0.0
913,176,427,2,152.24,0.0,304.48,304.48,0.0
634,853,158,1,4265.11,0.0,4265.11,4265.11,0.0
2580,3067,29,5,16972.54,0.0,84862.7,84862.7,0.0
1890,3460,402,3,5207.91,0.0,15623.73,15623.73,0.0
610,1144,435,4,235.67,44.27,942.68,898.41,4.7
646,989,542,1,7389.25,1444.05,7389.25,5945.2,19.54
4307,202,574,7,11070.22,0.0,77491.54,77491.54,0.0
3855,3189,95,8,51105.77,0.0,408846.16,408846.16,0.0
2545,3443,315,3,11703.0,2905.14,35109.0,32203.86,8.27
1088,2000,234,6,1043.0,0.0,6258.0,6258.0,0.0
75,648,562,1,7816.25,431.03,7816.25,7385.22,5.51
1581,966,147,7,8671.49,0.0,60700.43,60700.43,0.0
417,2287,587,7,6062.64,1226.18,42438.48,41212.3,2.89
1733,261,296,7,2185.34,0.0,15297.38,15297.38,0.0
2779,1786,356,5,10557.55,0.0,52787.75,52787.75,0.0
46,2462,2,5,25250.01,0.0,126250.05,126250.05,0.0
3883,692,219,2,404.0,0.0,808.0,808.0,0.0
1533,3086,256,7,1021.8,0.0,7152.6,7152.6,0.0
2851,3309,90,5,55867.02,0.0,279335.1,279335.1,0.0
1278,1398,35,4,22375.0,0.0,89500.0,89500.0,0.0
25,1583,595,5,13669.45,2216.65,68347.25,66130.6,3.24
2184,3182,438,4,1451.81,213.4,5807.24,5593.84,3.67
1290,615,167,8,4609.55,1067.92,36876.4,35808.48,2.9
1790,1675,235,7,1119.56,178.41,7836.92,7658.51,2.28
3505,905,242,8,975.73,242.07,7805.84,7563.77,3.1
1468,3589,166,6,9127.91,0.0,54767.46,54767.46,0.0
1099,55,2,4,25250.0,5835.97,101000.0,95164.03,5.78
4110,2636,467,3,841.05,0.0,2523.15,2523.15,0.0
2809,2693,29,2,16973.0,0.0,33946.0,33946.0,0.0
2989,408,322,2,5883.98,1074.28,11767.96,10693.68,9.13
1376,2221,573,8,2616.22,0.0,20929.76,20929.76,0.0
4549,495,351,5,2168.74,0.0,10843.7,10843.7,0.0
3260,2659,233,5,1137.67,0.0,5688.35,5688.35,0.0
3317,3305,368,1,2004.61,0.0,2004.61,2004.61,0.0
2624,2907,318,4,2672.96,415.94,10691.84,10275.9,3.89
190,2580,301,1,911.04,178.82,911.04,732.22,19.63
1892,959,219,5,403.99,0.0,2019.95,2019.95,0.0
3300,1286,261,6,6917.86,0.0,41507.16,41507.16,0.0
499,3555,47,6,18423.86,0.0,110543.16,110543.16,0.0
2728,47,482,4,1201.93,0.0,4807.72,4807.72,0.0
2893,16,440,6,1344.29,119.95,8065.74,7945.79,1.49
573,164,309,8,579.38,0.0,4635.04,4635.04,0.0
529,1139,385,1,1800.0,0.0,1800.0,1800.0,0.0
830,503,224,4,3092.44,570.34,12369.76,11799.42,4.61
4084,3450,566,3,7865.94,0.0,23597.82,23597.82,0.0
1512,1068,148,4,9601.21,0.0,38404.84,38404.84,0.0
1128,610,545,2,11443.06,0.0,22886.12,22886.12,0.0
1732,297,359,3,16987.0,0.0,50961.0,50961.0,0.0
486,3070,516,3,1869.02,141.65,5607.06,5465.41,2.53
1463,2931,209,5,5110.0,0.0,25550.0,25550.0,0.0
111,742,604,1,5124.09,0.0,5124.09,5124.09,0.0
4028,2806,179,5,24894.74,0.0,124473.7,124473.7,0.0
3147,2580,333,3,7242.48,1125.95,21727.44,20601.49,5.18
1724,1599,502,2,1187.68,284.45,2375.36,2090.91,11.98
699,651,533,8,2016.78,104.27,16134.24,16029.97,0.65
1979,1260,399,2,26570.51,2340.48,53141.02,50800.54,4.4
909,550,508,1,164.68,0.0,164.68,164.68,0.0
1461,1738,342,1,7644.17,0.0,7644.17,7644.17,0.0
1494,880,519,6,2234.0,0.0,13404.0,13404.0,0.0
3605,2211,259,3,625.08,0.0,1875.24,1875.24,0.0
3481,527,58,3,65036.76,0.0,195110.28,195110.28,0.0
4333,850,592,4,1728.59,234.32,6914.36,6680.04,3.39
1822,940,79,6,54722.42,0.0,328334.52,328334.52,0.0
3647,256,324,6,4902.47,0.0,29414.82,29414.82,0.0
3355,3048,324,4,4902.47,0.0,19609.88,19609.88,0.0
1880,149,18,1,49907.28,12034.03,49907.28,37873.25,24.11
954,1021,335,6,18538.0,0.0,111228.0,111228.0,0.0
2604,2877,60,3,48462.73,0.0,145388.19,145388.19,0.0
4284,3452,329,4,2798.95,167.6,11195.8,11028.2,1.5
3576,1830,362,3,20003.0,4058.65,60009.0,55950.35,6.76
3127,2553,236,2,3329.05,0.0,6658.1,6658.1,0.0
1023,1745,596,4,15149.53,0.0,60598.12,60598.12,0.0
1645,2077,147,5,8671.49,0.0,43357.45,43357.45,0.0
1659,2499,566,7,7865.94,0.0,55061.58,55061.58,0.0
4308,1876,32,2,56222.67,0.0,112445.34,112445.34,0.0
3009,1222,324,7,4902.47,0.0,34317.29,34317.29,0.0
2254,3593,440,1,1344.29,138.2,1344.29,1206.09,10.28
4368,1828,165,1,8728.22,0.0,8728.22,8728.22,0.0
466,2467,490,3,702.0,0.0,2106.0,2106.0,0.0
3450,1767,324,4,4902.47,0.0,19609.88,19609.88,0.0
796,834,145,2,41579.07,7317.07,83158.14,75841.07,8.8
4556,238,562,7,7816.25,1864.61,54713.75,52849.14,3.41
2242,2803,454,4,332.74,0.0,1330.96,1330.96,0.0
1457,1748,594,7,1737.94,0.0,12165.58,12165.58,0.0
969,3341,437,7,2181.84,0.0,15272.88,15272.88,0.0
4041,1940,179,6,24894.74,4411.76,149368.44,144956.68,2.95
4286,1614,496,4,1891.04,0.0,7564.16,7564.16,0.0
2000,2643,563,5,11445.0,0.0,57225.0,57225.0,0.0
2179,3166,90,8,55867.0,0.0,446936.0,446936.0,0.0
2471,1333,145,4,41579.07,6269.81,166316.28,160046.47,3.77
3027,3166,198,2,14532.61,0.0,29065.22,29065.22,0.0
3564,2965,90,6,55867.0,0.0,335202.0,335202.0,0.0
399,916,266,4,2657.04,0.0,10628.16,10628.16,0.0
4063,534,586,2,17660.57,0.0,35321.14,35321.14,0.0
2544,1118,90,1,55867.02,2879.98,55867.02,52987.04,5.16
1675,3534,47,4,18423.86,0.0,73695.44,73695.44,0.0
1600,3246,372,6,7389.1,1827.16,44334.6,42507.44,4.12
623,828,584,2,14346.48,0.0,28692.96,28692.96,0.0
4362,1931,512,2,1287.31,0.0,2574.62,2574.62,0.0
1144,2016,544,8,13372.76,0.0,106982.08,106982.08,0.0
2661,3429,149,8,27409.46,0.0,219275.68,219275.68,0.0
150,464,429,6,402.84,0.0,2417.04,2417.04,0.0
1723,1570,599,8,1634.01,0.0,13072.08,13072.08,0.0
2020,3487,245,8,3654.56,0.0,29236.48,29236.48,0.0
2226,760,245,7,3654.56,0.0,25581.92,25581.92,0.0
3099,3285,187,7,15407.88,0.0,107855.16,107855.16,0.0
4239,2617,236,4,3329.05,0.0,13316.2,13316.2,0.0
422,3322,123,6,18644.97,2483.13,111869.82,109386.69,2.22
383,1351,366,2,5166.06,1187.73,10332.12,9144.39,11.5
3420,1257,122,8,4404.82,0.0,35238.56,35238.56,0.0
4483,2913,546,2,2516.0,245.07,5032.0,4786.93,4.87
51,3471,497,8,2080.14,0.0,16641.12,16641.12,0.0
49,1832,502,3,1187.68,0.0,3563.04,3563.04,0.0
1840,887,14,6,28475.9,0.0,170855.4,170855.4,0.0
3616,722,547,5,622.58,0.0,3112.9,3112.9,0.0
1265,2350,490,7,701.76,0.0,4912.32,4912.32,0.0
92,2112,558,5,2486.26,0.0,12431.3,12431.3,0.0
4299,3550,125,6,5757.78,1026.41,34546.68,33520.27,2.97
3275,2847,165,1,8728.0,1651.57,8728.0,7076.43,18.92
1483,351,87,6,22797.0,0.0,136782.0,136782.0,0.0
426,2937,324,1,4902.47,485.54,4902.47,4416.93,9.9
4073,1680,468,6,367.66,65.77,2205.96,2140.19,2.98
667,3294,112,8,10289.22,0.0,82313.76,82313.76,0.0
766,2854,343,7,19021.91,0.0,133153.37,133153.37,0.0
3200,1517,475,3,2554.85,0.0,7664.55,7664.55,0.0
4255,3261,118,4,24476.8,1729.47,97907.2,96177.73,1.77
1594,2113,275,4,2036.34,0.0,8145.36,8145.36,0.0
4485,84,424,3,1995.03,210.84,5985.09,5774.25,3.52
3130,1261,238,1,6129.02,0.0,6129.02,6129.02,0.0
274,2791,147,5,8671.49,0.0,43357.45,43357.45,0.0
2653,333,490,5,701.76,0.0,3508.8,3508.8,0.0
827,2281,494,6,2411.1,0.0,14466.6,14466.6,0.0
745,2923,35,4,22374.88,0.0,89499.52,89499.52,0.0
291,3018,441,1,2502.58,0.0,2502.58,2502.58,0.0
1493,869,171,2,4674.34,337.01,9348.68,9011.67,3.6
4505,1438,115,6,28828.44,0.0,172970.64,172970.64,0.0
1687,2530,324,1,4902.47,0.0,4902.47,4902.47,0.0
1939,3047,377,3,3602.74,0.0,10808.22,10808.22,0.0
1035,530,562,2,7816.25,690.68,15632.5,14941.82,4.42
2046,2401,452,2,3108.0,0.0,6216.0,6216.0,0.0
1631,3393,81,4,33449.39,6084.52,133797.56,127713.04,4.55
3045,3326,560,8,4585.0,0.0,36680.0,36680.0,0.0
2347,1964,360,3,13154.0,0.0,39462.0,39462.0,0.0
1747,1421,239,5,6240.0,0.0,31200.0,31200.0,0.0
77,232,519,8,2234.0,320.41,17872.0,17551.59,1.79
829,1837,392,3,16781.0,0.0,50343.0,50343.0,0.0
2249,3016,86,7,37053.65,0.0,259375.55,259375.55,0.0
1356,3346,159,4,3901.05,0.0,15604.2,15604.2,0.0
1891,312,533,3,2016.78,156.74,6050.34,5893.6,2.59
3668,2305,236,1,3329.05,0.0,3329.05,3329.05,0.0
2397,3236,291,4,439.93,59.96,1759.72,1699.76,3.41
200,1129,369,5,8683.55,0.0,43417.75,43417.75,0.0
1502,866,411,7,25253.96,0.0,176777.72,176777.72,0.0
3320,2418,96,5,14490.0,0.0,72450.0,72450.0,0.0
3489,840,324,1,4902.0,0.0,4902.0,4902.0,0.0
4250,3401,169,4,4684.61,0.0,18738.44,18738.44,0.0
3811,1248,424,3,1995.03,0.0,5985.09,5985.09,0.0
2801,28,113,4,24816.71,0.0,99266.84,99266.84,0.0
1876,1459,219,7,403.99,46.18,2827.93,2781.75,1.63
3422,3033,598,4,3275.0,0.0,13100.0,13100.0,0.0
3982,990,598,5,3275.0,0.0,16375.0,16375.0,0.0
862,2218,231,3,2027.82,0.0,6083.46,6083.46,0.0
1701,1588,158,3,4265.11,0.0,12795.33,12795.33,0.0
4130,2480,146,7,7276.84,0.0,50937.88,50937.88,0.0
4011,3212,404,2,6531.34,0.0,13062.68,13062.68,0.0
2115,2715,227,5,7709.07,0.0,38545.35,38545.35,0.0
584,74,435,4,235.67,38.13,942.68,904.55,4.04
3315,7,25,3,44064.36,10879.92,132193.08,121313.16,8.23
2853,860,535,5,2210.07,0.0,11050.35,11050.35,0.0
993,2145,263,8,5730.99,0.0,45847.92,45847.92,0.0
1028,733,453,5,1833.28,0.0,9166.4,9166.4,0.0
1904,2156,440,2,1344.29,0.0,2688.58,2688.58,0.0
1212,1522,478,1,401.93,62.75,401.93,339.18,15.61
372,2090,444,6,389.88,72.83,2339.28,2266.45,3.11
2573,2623,437,8,2181.84,0.0,17454.72,17454.72,0.0
677,3382,605,1,741.12,80.13,741.12,660.99,10.81
2789,1318,522,1,1520.34,347.17,1520.34,1173.17,22.84
3845,1319,453,4,1833.28,141.65,7333.12,7191.47,1.93
4454,1646,587,1,6062.64,0.0,6062.64,6062.64,0.0
1791,3273,584,2,14346.48,0.0,28692.96,28692.96,0.0
1573,2215,453,6,1833.28,198.71,10999.68,10800.97,1.81
1543,1365,324,8,4902.0,619.79,39216.0,38596.21,1.58
3640,98,309,1,579.38,0.0,579.38,579.38,0.0
1237,2399,260,4,644.34,0.0,2577.36,2577.36,0.0
2788,372,196,8,6746.66,1498.26,53973.28,52475.02,2.78
2251,3247,604,2,5124.0,0.0,10248.0,10248.0,0.0
1901,3574,208,7,3669.04,0.0,25683.28,25683.28,0.0
3486,138,451,3,2041.42,452.09,6124.26,5672.17,7.38
1195,2577,482,5,1201.93,236.17,6009.65,5773.48,3.93
3425,3371,601,2,2666.31,0.0,5332.62,5332.62,0.0
3175,1643,143,3,19160.64,0.0,57481.92,57481.92,0.0
2413,3263,238,1,6129.0,0.0,6129.0,6129.0,0.0
2067,2535,157,2,13768.16,0.0,27536.32,27536.32,0.0
874,1577,570,8,2235.17,557.66,17881.36,17323.7,3.12
914,1139,531,2,2414.15,258.66,4828.3,4569.64,5.36
4074,388,224,6,3092.44,0.0,18554.64,18554.64,0.0
4135,823,594,1,1737.94,314.25,1737.94,1423.69,18.08
4152,39,558,7,2486.0,282.22,17402.0,17119.78,1.62
2080,3371,544,4,13373.0,0.0,53492.0,53492.0,0.0
4476,1889,496,8,1891.0,0.0,15128.0,15128.0,0.0
688,2190,292,6,4444.0,0.0,26664.0,26664.0,0.0
3619,1733,333,1,7242.48,0.0,7242.48,7242.48,0.0
3410,1962,408,4,25253.16,0.0,101012.64,101012.64,0.0
2368,989,414,5,27836.0,3649.89,139180.0,135530.11,2.62
4522,3295,113,6,24816.71,0.0,148900.26,148900.26,0.0
4136,562,482,3,1201.93,0.0,3605.79,3605.79,0.0
2462,1738,467,7,841.05,171.32,5887.35,5716.03,2.91
4302,3145,123,1,18644.97,0.0,18644.97,18644.97,0.0
4070,1989,294,8,755.89,0.0,6047.12,6047.12,0.0
867,2652,123,3,18644.97,2767.15,55934.91,53167.76,4.95
4543,2186,425,7,1199.26,0.0,8394.82,8394.82,0.0
2727,3359,573,2,2616.22,0.0,5232.44,5232.44,0.0
252,2627,163,4,34985.4,0.0,139941.6,139941.6,0.0
495,1248,307,8,1429.76,0.0,11438.08,11438.08,0.0
989,2500,104,1,38907.41,0.0,38907.41,38907.41,0.0
3322,1587,328,1,13737.01,2485.02,13737.01,11251.99,18.09
2387,2234,187,6,15408.0,0.0,92448.0,92448.0,0.0
3863,1945,226,6,3996.67,0.0,23980.02,23980.02,0.0
2306,27,65,7,15736.34,0.0,110154.38,110154.38,0.0
2783,2270,208,4,3669.0,0.0,14676.0,14676.0,0.0
3093,611,84,4,16273.21,3586.73,65092.84,61506.11,5.51
2008,600,373,1,20620.17,2843.32,20620.17,17776.85,13.79
4289,1915,177,4,25698.47,0.0,102793.88,102793.88,0.0
2417,2905,208,4,3669.04,0.0,14676.16,14676.16,0.0
2108,3186,35,2,22375.0,0.0,44750.0,44750.0,0.0
3453,1908,517,1,2835.58,454.67,2835.58,2380.91,16.03
3715,10,139,2,22592.32,0.0,45184.64,45184.64,0.0
3186,2041,222,4,5707.81,0.0,22831.24,22831.24,0.0
2363,1056,180,1,29210.55,0.0,29210.55,29210.55,0.0
991,1363,497,7,2080.0,208.02,14560.0,14351.98,1.43
3892,3381,590,1,2112.02,0.0,2112.02,2112.02,0.0
591,392,547,7,622.58,0.0,4358.06,4358.06,0.0
3133,3079,343,8,19021.91,0.0,152175.28,152175.28,0.0
1843,2531,176,1,5436.0,0.0,5436.0,5436.0,0.0
1970,622,92,4,29022.84,0.0,116091.36,116091.36,0.0
4076,21,100,4,17834.0,1750.79,71336.0,69585.21,2.45
967,2663,277,5,7529.0,541.22,37645.0,37103.78,1.44
2928,191,45,2,45333.0,5763.63,90666.0,84902.37,6.36
89,72,519,4,2234.16,0.0,8936.64,8936.64,0.0
3843,1511,241,5,432.19,0.0,2160.95,2160.95,0.0
1538,1018,272,3,4993.05,1084.71,14979.15,13894.44,7.24
494,2066,595,6,13669.45,1292.27,82016.7,80724.43,1.58
1444,1672,307,2,1429.76,0.0,2859.52,2859.52,0.0
2683,764,236,1,3329.05,0.0,3329.05,3329.05,0.0
4085,955,89,4,23366.8,0.0,93467.2,93467.2,0.0
1566,2360,588,4,11407.11,2683.48,45628.44,42944.96,5.88
2935,2242,206,4,35845.9,0.0,143383.6,143383.6,0.0
316,2292,572,8,649.84,0.0,5198.72,5198.72,0.0
2139,3243,596,3,15149.53,0.0,45448.59,45448.59,0.0
3833,1007,185,3,11059.51,0.0,33178.53,33178.53,0.0
3321,2415,139,2,22592.32,3845.99,45184.64,41338.65,8.51
1150,794,165,4,8728.22,0.0,34912.88,34912.88,0.0
1652,3172,29,5,16973.0,0.0,84865.0,84865.0,0.0
3124,1273,302,6,2861.27,0.0,17167.62,17167.62,0.0
917,2630,44,3,32249.2,5336.86,96747.6,91410.74,5.52
4088,2470,90,8,55867.02,0.0,446936.16,446936.16,0.0
674,1576,144,4,13818.0,0.0,55272.0,55272.0,0.0
2825,834,380,4,25375.31,0.0,101501.24,101501.24,0.0
833,3308,467,7,841.0,0.0,5887.0,5887.0,0.0
3790,3241,215,1,1216.35,0.0,1216.35,1216.35,0.0
4263,2973,596,4,15149.53,2742.09,60598.12,57856.03,4.53
2006,1917,47,3,18424.0,0.0,55272.0,55272.0,0.0
946,829,289,3,1020.85,80.49,3062.55,2982.06,2.63
962,1421,199,2,24765.63,0.0,49531.26,49531.26,0.0
963,2403,321,5,2793.78,0.0,13968.9,13968.9,0.0
3560,3566,123,2,18644.97,0.0,37289.94,37289.94,0.0
126,2186,307,5,1429.76,0.0,7148.8,7148.8,0.0
2739,2552,5,5,26069.66,0.0,130348.3,130348.3,0.0
661,1189,391,3,11122.21,0.0,33366.63,33366.63,0.0
4445,402,242,2,975.73,0.0,1951.46,1951.46,0.0
2255,2649,402,1,5207.91,865.83,5207.91,4342.08,16.63
1535,2198,342,6,7644.17,0.0,45865.02,45865.02,0.0
462,3344,502,6,1187.68,0.0,7126.08,7126.08,0.0
732,3208,64,4,13895.81,0.0,55583.24,55583.24,0.0
3835,1481,382,8,2447.27,0.0,19578.16,19578.16,0.0
2563,1658,447,8,195.51,0.0,1564.08,1564.08,0.0
4025,252,433,5,2339.97,0.0,11699.85,11699.85,0.0
4390,1459,230,7,2364.0,0.0,16548.0,16548.0,0.0
468,2328,540,3,17228.6,0.0,51685.8,51685.8,0.0
1506,1357,236,5,3329.05,0.0,16645.25,16645.25,0.0
2622,1222,97,2,44347.38,0.0,88694.76,88694.76,0.0
2852,1340,27,4,26993.0,3092.94,107972.0,104879.06,2.86
3523,991,515,4,3368.72,827.11,13474.88,12647.77,6.14
1214,2631,311,8,742.92,0.0,5943.36,5943.36,0.0
1739,2105,218,1,2497.5,599.71,2497.5,1897.79,24.01
2819,1635,510,1,307.04,0.0,307.04,307.04,0.0
4156,3442,222,8,5708.0,0.0,45664.0,45664.0,0.0
1365,2239,526,7,7635.84,0.0,53450.88,53450.88,0.0
4567,815,368,1,2004.61,0.0,2004.61,2004.61,0.0
82,3543,236,5,3329.05,0.0,16645.25,16645.25,0.0
3438,1970,349,5,8218.8,730.28,41094.0,40363.72,1.78
250,2364,5,3,26069.66,0.0,78208.98,78208.98,0.0
3134,1568,547,4,622.58,0.0,2490.32,2490.32,0.0
4109,2931,242,2,975.73,130.73,1951.46,1820.73,6.7
1570,1707,165,3,8728.22,505.94,26184.66,25678.72,1.93
11,2878,515,1,3368.72,242.44,3368.72,3126.28,7.2
2733,2732,155,5,36068.08,0.0,180340.4,180340.4,0.0
3931,2572,505,7,1346.0,74.37,9422.0,9347.63,0.79
3831,689,17,3,15188.0,0.0,45564.0,45564.0,0.0
2466,160,357,5,11859.71,0.0,59298.55,59298.55,0.0
2341,316,327,1,14660.89,0.0,14660.89,14660.89,0.0
4259,2710,604,6,5124.0,0.0,30744.0,30744.0,0.0
151,2607,487,5,1140.99,0.0,5704.95,5704.95,0.0
1338,3266,437,3,2181.84,0.0,6545.52,6545.52,0.0
189,2456,547,3,622.58,55.56,1867.74,1812.18,2.97
1245,1308,238,1,6129.02,823.58,6129.02,5305.44,13.44
491,405,234,2,1042.83,0.0,2085.66,2085.66,0.0
3090,472,170,5,20780.0,0.0,103900.0,103900.0,0.0
3676,2064,450,6,296.55,56.45,1779.3,1722.85,3.17
1591,235,165,6,8728.22,0.0,52369.32,52369.32,0.0
4512,2750,437,1,2181.84,0.0,2181.84,2181.84,0.0
439,811,513,4,291.56,40.56,1166.24,1125.68,3.48
4221,3220,359,2,16986.9,1368.73,33973.8,32605.07,4.03
3052,1683,601,1,2666.31,0.0,2666.31,2666.31,0.0
3727,2510,144,2,13818.03,0.0,27636.06,27636.06,0.0
1972,564,98,4,39575.72,0.0,158302.88,158302.88,0.0
1604,1948,598,3,3274.73,0.0,9824.19,9824.19,0.0
2719,3441,315,7,11703.09,0.0,81921.63,81921.63,0.0
4232,2529,366,1,5166.0,0.0,5166.0,5166.0,0.0
101,2543,153,1,35631.0,0.0,35631.0,35631.0,0.0
4218,3421,104,1,38907.41,0.0,38907.41,38907.41,0.0
3346,1288,563,7,11445.0,0.0,80115.0,80115.0,0.0
4338,63,81,6,33449.39,0.0,200696.34,200696.34,0.0
4197,279,140,7,23235.91,0.0,162651.37,162651.37,0.0
1372,1220,94,8,58179.0,9556.0,465432.0,455876.0,2.05
1695,2534,219,8,403.99,59.1,3231.92,3172.82,1.83
2814,3595,309,7,579.38,59.86,4055.66,3995.8,1.48
266,543,158,5,4265.0,0.0,21325.0,21325.0,0.0
1853,2044,320,5,10504.52,752.6,52522.6,51770.0,1.43
2019,1486,83,6,56550.9,14059.14,339305.4,325246.26,4.14
3468,3011,245,1,3654.56,0.0,3654.56,3654.56,0.0
1772,807,531,5,2414.15,361.02,12070.75,11709.73,2.99
2671,1985,417,6,351.91,0.0,2111.46,2111.46,0.0
1531,3177,388,2,5732.64,0.0,11465.28,11465.28,0.0
2599,134,294,5,755.89,0.0,3779.45,3779.45,0.0
3179,3346,607,5,9522.34,0.0,47611.7,47611.7,0.0
4146,2751,446,2,3256.03,432.08,6512.06,6079.98,6.64
4536,1816,5,7,26069.66,0.0,182487.62,182487.62,0.0
3137,2133,11,1,13708.49,2417.58,13708.49,11290.91,17.64
715,415,280,2,5190.1,0.0,10380.2,10380.2,0.0
4414,1615,558,4,2486.26,586.75,9945.04,9358.29,5.9
1829,715,273,4,2849.98,0.0,11399.92,11399.92,0.0
2043,640,601,6,2666.31,0.0,15997.86,15997.86,0.0
2291,3357,156,5,36447.38,0.0,182236.9,182236.9,0.0
368,2141,481,6,3250.6,0.0,19503.6,19503.6,0.0
3850,2647,490,1,701.76,142.82,701.76,558.94,20.35
4600,245,494,1,2411.1,0.0,2411.1,2411.1,0.0
2214,1742,591,2,827.84,0.0,1655.68,1655.68,0.0
702,2010,462,6,558.61,0.0,3351.66,3351.66,0.0
4542,3177,129,4,24143.58,0.0,96574.32,96574.32,0.0
1560,2297,211,2,2399.0,0.0,4798.0,4798.0,0.0
1648,2520,277,1,7528.53,0.0,7528.53,7528.53,0.0
4404,1517,558,7,2486.26,271.09,17403.82,17132.73,1.56
3575,1865,490,1,701.76,0.0,701.76,701.76,0.0
1611,2322,7,3,27100.03,3595.09,81300.09,77705.0,4.42
473,678,162,6,32940.52,1826.23,197643.12,195816.89,0.92
178,2848,110,8,25540.08,0.0,204320.64,204320.64,0.0
2499,3252,245,6,3654.56,0.0,21927.36,21927.36,0.0
1087,3182,22,2,14001.33,0.0,28002.66,28002.66,0.0
662,2927,170,7,20780.0,0.0,145460.0,145460.0,0.0
4573,819,510,4,307.04,0.0,1228.16,1228.16,0.0
3129,2437,531,6,2414.0,0.0,14484.0,14484.0,0.0
2963,725,29,7,16972.54,1265.38,118807.78,117542.4,1.07
3178,888,13,4,22061.28,0.0,88245.12,88245.12,0.0
1532,1614,52,1,38900.0,6104.32,38900.0,32795.68,15.69
4563,1815,123,5,18644.97,0.0,93224.85,93224.85,0.0
3376,2727,570,3,2235.17,542.03,6705.51,6163.48,8.08
429,2149,512,3,1287.0,0.0,3861.0,3861.0,0.0
4014,3009,90,2,55867.02,0.0,111734.04,111734.04,0.0
4467,2313,121,2,12917.12,0.0,25834.24,25834.24,0.0
1314,692,48,1,31235.81,0.0,31235.81,31235.81,0.0
4405,2253,25,6,44064.0,0.0,264384.0,264384.0,0.0
2362,55,147,5,8671.0,0.0,43355.0,43355.0,0.0
2515,2096,570,8,2235.0,0.0,17880.0,17880.0,0.0
1858,1680,215,1,1216.35,74.0,1216.35,1142.35,6.08
705,1485,242,3,975.73,0.0,2927.19,2927.19,0.0
747,3500,573,4,2616.22,0.0,10464.88,10464.88,0.0
1174,1187,461,3,3021.0,0.0,9063.0,9063.0,0.0
492,3425,502,8,1187.68,260.01,9501.44,9241.43,2.74
4055,2345,546,4,2515.65,0.0,10062.6,10062.6,0.0
2855,2879,549,7,3539.57,645.15,24776.99,24131.84,2.6
3706,2543,459,7,1255.0,0.0,8785.0,8785.0,0.0
3212,3580,150,6,4357.07,0.0,26142.42,26142.42,0.0
2657,2679,529,3,2494.4,0.0,7483.2,7483.2,0.0
1984,574,223,8,563.7,0.0,4509.6,4509.6,0.0
2266,1473,294,1,755.89,115.14,755.89,640.75,15.23
2217,2240,123,3,18644.97,0.0,55934.91,55934.91,0.0
4287,916,402,7,5207.91,0.0,36455.37,36455.37,0.0
945,3128,230,6,2364.14,444.98,14184.84,13739.86,3.14
3356,2245,456,5,1042.89,172.65,5214.45,5041.8,3.31
3126,1267,354,4,8202.98,0.0,32811.92,32811.92,0.0
2372,2908,542,1,7389.25,778.96,7389.25,6610.29,10.54
3393,1000,343,3,19021.91,0.0,57065.73,57065.73,0.0
1471,453,437,3,2181.84,0.0,6545.52,6545.52,0.0
4278,1627,36,1,28216.45,0.0,28216.45,28216.45,0.0
1275,1845,20,8,48420.36,4638.73,387362.88,382724.15,1.2
4420,2611,291,2,439.93,0.0,879.86,879.86,0.0
1080,1835,54,7,65038.31,0.0,455268.17,455268.17,0.0
586,855,292,6,4443.62,256.75,26661.72,26404.97,0.96
3324,656,45,1,45333.45,0.0,45333.45,45333.45,0.0
4242,3392,423,8,251.0,0.0,2008.0,2008.0,0.0
887,1962,359,5,16986.9,0.0,84934.5,84934.5,0.0
3698,1729,38,1,32293.58,7779.86,32293.58,24513.72,24.09
505,1751,519,7,2234.0,438.3,15638.0,15199.7,2.8
1321,2119,341,6,4244.0,302.32,25464.0,25161.68,1.19
3771,504,309,3,579.38,119.38,1738.14,1618.76,6.87
3437,2640,5,5,26069.66,3420.01,130348.3,126928.29,2.62
813,2380,571,2,5252.42,0.0,10504.84,10504.84,0.0
479,2117,18,6,49907.28,0.0,299443.68,299443.68,0.0
424,3353,56,2,18375.86,1981.39,36751.72,34770.33,5.39
3354,646,277,8,7529.0,0.0,60232.0,60232.0,0.0
2703,749,186,7,28945.11,0.0,202615.77,202615.77,0.0
684,3072,307,1,1429.76,0.0,1429.76,1429.76,0.0
1842,777,338,5,2541.0,0.0,12705.0,12705.0,0.0
4193,965,231,1,2027.82,0.0,2027.82,2027.82,0.0
3544,779,575,4,1968.0,0.0,7872.0,7872.0,0.0
910,3258,435,1,235.67,0.0,235.67,235.67,0.0
3779,2724,294,7,755.89,0.0,5291.23,5291.23,0.0
3304,392,356,4,10557.55,0.0,42230.2,42230.2,0.0
1114,1083,595,1,13669.45,0.0,13669.45,13669.45,0.0
2193,1880,230,1,2364.14,121.8,2364.14,2242.34,5.15
3905,1009,133,7,21141.62,0.0,147991.34,147991.34,0.0
3555,1052,526,5,7635.84,0.0,38179.2,38179.2,0.0
2829,292,226,2,3996.67,550.99,7993.34,7442.35,6.89
3707,121,48,1,31235.81,1965.17,31235.81,29270.64,6.29
1665,1176,323,1,2463.84,0.0,2463.84,2463.84,0.0
4104,2286,462,7,558.61,0.0,3910.27,3910.27,0.0
3827,3108,357,3,11859.71,0.0,35579.13,35579.13,0.0
1227,2562,216,1,1493.81,0.0,1493.81,1493.81,0.0
3595,1120,43,1,13400.0,0.0,13400.0,13400.0,0.0
2645,445,134,2,3973.0,355.44,7946.0,7590.56,4.47
2199,2951,194,4,35912.42,2433.17,143649.68,141216.51,1.69
2735,2556,496,3,1891.04,0.0,5673.12,5673.12,0.0
2022,171,324,4,4902.47,0.0,19609.88,19609.88,0.0
980,1304,172,1,3632.94,0.0,3632.94,3632.94,0.0
4586,538,8,3,57479.0,0.0,172437.0,172437.0,0.0
1330,1669,113,7,24817.0,4055.08,173719.0,169663.92,2.33
2030,2299,324,1,4902.47,0.0,4902.47,4902.47,0.0
1883,1645,82,2,26390.0,3912.73,52780.0,48867.27,7.41
241,763,419,3,279.73,47.44,839.19,791.75,5.65
2150,1746,458,3,372.52,39.0,1117.56,1078.56,3.49
4134,1964,344,8,8738.0,1978.38,69904.0,67925.62,2.83
2839,2979,18,7,49907.28,0.0,349350.96,349350.96,0.0
2337,2931,485,4,3397.59,0.0,13590.36,13590.36,0.0
2041,3367,392,7,16781.48,0.0,117470.36,117470.36,0.0
3242,2336,2,2,25250.01,0.0,50500.02,50500.02,0.0
1783,3187,490,1,701.76,0.0,701.76,701.76,0.0
2454,2975,295,7,2245.0,0.0,15715.0,15715.0,0.0
642,3347,300,5,1630.0,159.97,8150.0,7990.03,1.96
1921,311,148,4,9601.21,0.0,38404.84,38404.84,0.0
3975,2233,80,4,13070.4,0.0,52281.6,52281.6,0.0
4358,283,598,1,3274.73,0.0,3274.73,3274.73,0.0
614,1925,11,6,13708.49,1178.94,82250.94,81072.0,1.43
4187,3009,529,8,2494.0,0.0,19952.0,19952.0,0.0
2976,169,71,1,15201.53,2215.95,15201.53,12985.58,14.58
86,3100,134,7,3972.84,0.0,27809.88,27809.88,0.0
2173,513,69,5,33168.84,0.0,165844.2,165844.2,0.0
3553,1724,19,5,52612.0,0.0,263060.0,263060.0,0.0
2031,1305,541,1,2040.51,0.0,2040.51,2040.51,0.0
4574,2268,113,7,24816.71,0.0,173716.97,173716.97,0.0
4279,871,495,5,775.96,0.0,3879.8,3879.8,0.0
3170,2824,445,6,717.0,0.0,4302.0,4302.0,0.0
55,95,313,6,22302.8,4472.77,133816.8,129344.03,3.34
3776,1976,501,2,480.82,0.0,961.64,961.64,0.0
3826,434,11,5,13708.49,0.0,68542.45,68542.45,0.0
2338,2211,247,8,3196.01,324.41,25568.08,25243.67,1.27
2085,1174,374,1,22016.61,0.0,22016.61,22016.61,0.0
2856,960,270,7,874.94,0.0,6124.58,6124.58,0.0
1029,3467,242,8,975.73,0.0,7805.84,7805.84,0.0
1236,1029,170,3,20780.0,0.0,62340.0,62340.0,0.0
278,12,208,5,3669.04,0.0,18345.2,18345.2,0.0
1217,2071,547,8,622.58,0.0,4980.64,4980.64,0.0
3448,2597,413,6,4440.77,347.5,26644.62,26297.12,1.3
2906,1284,547,3,622.58,0.0,1867.74,1867.74,0.0
4217,1102,566,1,7865.94,0.0,7865.94,7865.94,0.0
4559,3167,321,6,2793.78,0.0,16762.68,16762.68,0.0
3983,3127,359,1,16987.0,0.0,16987.0,16987.0,0.0
1563,267,226,2,3996.67,0.0,7993.34,7993.34,0.0
4492,15,500,3,2257.0,0.0,6771.0,6771.0,0.0
3271,1793,224,1,3092.44,0.0,3092.44,3092.44,0.0
3349,3201,5,2,26069.66,0.0,52139.32,52139.32,0.0
1156,626,145,2,41579.07,0.0,83158.14,83158.14,0.0
370,229,475,8,2554.85,0.0,20438.8,20438.8,0.0
3273,861,407,3,19163.47,3483.57,57490.41,54006.84,6.06
2555,377,59,6,31948.64,0.0,191691.84,191691.84,0.0
255,687,338,8,2541.0,0.0,20328.0,20328.0,0.0
3498,3029,170,4,20780.0,0.0,83120.0,83120.0,0.0
1396,1257,5,1,26069.66,0.0,26069.66,26069.66,0.0
3480,865,64,5,13895.81,2863.97,69479.05,66615.08,4.12
3413,3513,352,2,17190.19,0.0,34380.38,34380.38,0.0
4164,2237,195,7,5464.68,672.97,38252.76,37579.79,1.76
4169,324,425,5,1199.26,231.2,5996.3,5765.1,3.86
2897,865,494,1,2411.1,411.01,2411.1,2000.09,17.05
1926,1108,546,7,2515.65,397.95,17609.55,17211.6,2.26
2143,1746,607,8,9522.34,0.0,76178.72,76178.72,0.0
1766,358,321,1,2793.78,0.0,2793.78,2793.78,0.0
4433,263,148,1,9601.21,2217.55,9601.21,7383.66,23.1
1968,1553,309,2,579.0,0.0,1158.0,1158.0,0.0
600,1103,487,5,1140.99,0.0,5704.95,5704.95,0.0
3729,3142,203,2,8828.92,0.0,17657.84,17657.84,0.0
3989,1362,358,2,2475.35,0.0,4950.7,4950.7,0.0
617,956,309,6,579.38,0.0,3476.28,3476.28,0.0
3100,3395,45,5,45333.0,0.0,226665.0,226665.0,0.0
895,2745,271,7,7591.04,0.0,53137.28,53137.28,0.0
2917,760,340,7,11113.88,977.94,77797.16,76819.22,1.26
1669,1893,273,4,2849.98,0.0,11399.92,11399.92,0.0
616,380,468,8,367.66,0.0,2941.28,2941.28,0.0
2132,2000,291,7,440.0,0.0,3080.0,3080.0,0.0
3627,1527,260,5,644.34,42.94,3221.7,3178.76,1.33
533,1308,236,7,3329.05,0.0,23303.35,23303.35,0.0
137,3452,454,6,332.74,0.0,1996.44,1996.44,0.0
1331,1664,430,6,999.52,0.0,5997.12,5997.12,0.0
3542,1292,410,1,2824.3,0.0,2824.3,2824.3,0.0
2859,975,558,1,2486.26,252.3,2486.26,2233.96,10.15
2361,2872,391,3,11122.21,0.0,33366.63,33366.63,0.0
644,673,547,4,622.58,0.0,2490.32,2490.32,0.0
4265,1090,64,8,13895.81,2517.19,111166.48,108649.29,2.26
2944,3251,105,4,4935.31,0.0,19741.24,19741.24,0.0
3037,2407,143,3,19160.64,0.0,57481.92,57481.92,0.0
1556,1039,332,1,16589.24,0.0,16589.24,16589.24,0.0
3996,467,243,7,7122.31,0.0,49856.17,49856.17,0.0
3064,1281,90,4,55867.02,0.0,223468.08,223468.08,0.0
1378,197,608,7,550.0,0.0,3850.0,3850.0,0.0
68,2345,315,5,11703.09,2459.01,58515.45,56056.44,4.2
1785,949,145,8,41579.07,4168.02,332632.56,328464.54,1.25
2675,1733,501,6,481.0,65.0,2886.0,2821.0,2.25
1718,2991,68,2,17497.71,0.0,34995.42,34995.42,0.0
4495,1488,526,5,7635.84,0.0,38179.2,38179.2,0.0
2034,395,435,1,235.67,0.0,235.67,235.67,0.0
592,850,45,7,45333.0,0.0,317331.0,317331.0,0.0
2613,2690,604,3,5124.09,0.0,15372.27,15372.27,0.0
4222,2660,251,4,2586.41,0.0,10345.64,10345.64,0.0
3795,344,21,2,41665.57,0.0,83331.14,83331.14,0.0
2589,253,430,1,999.52,0.0,999.52,999.52,0.0
503,2032,301,5,911.04,131.94,4555.2,4423.26,2.9
452,1425,307,6,1429.76,191.06,8578.56,8387.5,2.23
1927,1997,437,4,2182.0,0.0,8728.0,8728.0,0.0
559,1266,434,3,2492.65,0.0,7477.95,7477.95,0.0
3206,539,53,7,16779.87,3872.68,117459.09,113586.41,3.3
2409,1156,169,8,4684.61,0.0,37476.88,37476.88,0.0
2546,2087,319,3,3774.97,751.46,11324.91,10573.45,6.64
1078,1647,475,5,2554.85,0.0,12774.25,12774.25,0.0
2380,3076,510,8,307.04,0.0,2456.32,2456.32,0.0
2343,1101,121,1,12917.12,0.0,12917.12,12917.12,0.0
4298,259,118,8,24476.8,0.0,195814.4,195814.4,0.0
681,2858,140,1,23235.91,0.0,23235.91,23235.91,0.0
348,1561,271,2,7591.04,0.0,15182.08,15182.08,0.0
2530,1580,22,6,14001.0,0.0,84006.0,84006.0,0.0
964,3380,575,8,1968.0,0.0,15744.0,15744.0,0.0
2883,3141,490,4,701.76,0.0,2807.04,2807.04,0.0
2651,3555,562,8,7816.25,1816.33,62530.0,60713.67,2.9
1590,2303,200,2,4786.57,0.0,9573.14,9573.14,0.0
1917,2140,386,5,15529.88,0.0,77649.4,77649.4,0.0
1415,3464,333,1,7242.0,0.0,7242.0,7242.0,0.0
1680,1510,554,4,10738.36,0.0,42953.44,42953.44,0.0
127,1691,344,1,8737.86,0.0,8737.86,8737.86,0.0
678,3532,425,4,1199.26,0.0,4797.04,4797.04,0.0
1523,1279,477,5,185.9,0.0,929.5,929.5,0.0
859,3164,37,8,16371.57,2925.51,130972.56,128047.05,2.23
2353,10,549,4,3539.57,737.14,14158.28,13421.14,5.21
2052,2033,606,8,1587.17,0.0,12697.36,12697.36,0.0
1192,551,439,5,407.43,0.0,2037.15,2037.15,0.0
4525,1775,404,5,6531.0,0.0,32655.0,32655.0,0.0
4554,2663,572,2,649.84,0.0,1299.68,1299.68,0.0
3766,2320,20,8,48420.36,10562.88,387362.88,376800.0,2.73
1491,142,197,4,37862.0,0.0,151448.0,151448.0,0.0
4229,2370,577,3,7085.73,0.0,21257.19,21257.19,0.0
93,4,546,3,2515.65,222.81,7546.95,7324.14,2.95
3901,2881,132,4,5345.95,0.0,21383.8,21383.8,0.0
3462,2913,163,1,34985.4,7745.77,34985.4,27239.63,22.14
2,1446,222,3,5707.81,0.0,17123.43,17123.43,0.0
4128,2644,90,4,55867.02,9826.55,223468.08,213641.53,4.4
1873,2410,285,2,1459.41,0.0,2918.82,2918.82,0.0
3889,782,409,7,13699.0,0.0,95893.0,95893.0,0.0
4283,1029,231,4,2028.0,0.0,8112.0,8112.0,0.0
3567,2871,222,3,5708.0,0.0,17124.0,17124.0,0.0
3434,1515,515,7,3368.72,0.0,23581.04,23581.04,0.0
2909,1050,236,6,3329.05,315.27,19974.3,19659.03,1.58
1726,2631,148,2,9601.21,0.0,19202.42,19202.42,0.0
2632,2042,596,5,15149.53,3179.27,75747.65,72568.38,4.2
757,1460,127,3,5053.47,0.0,15160.41,15160.41,0.0
308,2279,494,3,2411.1,0.0,7233.3,7233.3,0.0
3823,3022,380,1,25375.0,3114.16,25375.0,22260.84,12.27
2743,1093,236,6,3329.05,0.0,19974.3,19974.3,0.0
1059,653,236,3,3329.05,0.0,9987.15,9987.15,0.0
2120,578,319,3,3774.97,0.0,11324.91,11324.91,0.0
4106,2529,228,2,1374.56,0.0,2749.12,2749.12,0.0
1534,156,468,3,368.0,0.0,1104.0,1104.0,0.0
2980,2226,67,7,15835.57,0.0,110848.99,110848.99,0.0
3096,1352,324,1,4902.47,0.0,4902.47,4902.47,0.0
3716,1831,67,3,15836.0,0.0,47508.0,47508.0,0.0
3653,722,54,5,65038.31,0.0,325191.55,325191.55,0.0
1800,3304,558,6,2486.26,387.29,14917.56,14530.27,2.6
2619,2384,277,1,7528.53,0.0,7528.53,7528.53,0.0
1826,819,47,2,18423.86,0.0,36847.72,36847.72,0.0
1975,3070,149,1,27409.46,0.0,27409.46,27409.46,0.0
3337,1144,35,3,22374.88,4224.15,67124.64,62900.49,6.29
3756,1772,14,6,28475.9,4104.27,170855.4,166751.13,2.4
1799,768,584,7,14346.48,0.0,100425.36,100425.36,0.0
407,2107,18,7,49907.28,0.0,349350.96,349350.96,0.0
4432,356,545,1,11443.06,0.0,11443.06,11443.06,0.0
4057,3218,382,8,2447.27,438.86,19578.16,19139.3,2.24
4007,1339,90,5,55867.02,0.0,279335.1,279335.1,0.0
754,1575,247,4,3196.01,0.0,12784.04,12784.04,0.0
1349,2267,399,2,26570.51,2728.93,53141.02,50412.09,5.14
460,1658,520,3,3360.51,0.0,10081.53,10081.53,0.0
4499,677,435,6,235.67,0.0,1414.02,1414.02,0.0
4342,2637,270,6,874.94,0.0,5249.64,5249.64,0.0
1240,475,150,2,4357.07,636.18,8714.14,8077.96,7.3
1879,132,103,5,17033.51,0.0,85167.55,85167.55,0.0
3426,2287,64,3,13895.81,0.0,41687.43,41687.43,0.0
2837,687,65,5,15736.0,2270.85,78680.0,76409.15,2.89
2832,156,501,1,480.82,0.0,480.82,480.82,0.0
2152,1438,172,4,3632.94,0.0,14531.76,14531.76,0.0
2891,2670,429,1,402.84,34.24,402.84,368.6,8.5
1735,1149,501,4,480.82,94.82,1923.28,1828.46,4.93
227,3166,295,7,2244.9,282.65,15714.3,15431.65,1.8
1269,622,288,6,5296.45,0.0,31778.7,31778.7,0.0
916,2847,391,6,11122.21,0.0,66733.26,66733.26,0.0
1485,419,237,1,904.98,62.31,904.98,842.67,6.89
806,656,187,1,15407.88,0.0,15407.88,15407.88,0.0
1953,764,450,5,296.55,0.0,1482.75,1482.75,0.0
2050,800,120,5,36962.01,2810.37,184810.05,181999.68,1.52
3652,2676,41,4,49158.25,0.0,196633.0,196633.0,0.0
4411,3089,236,5,3329.05,0.0,16645.25,16645.25,0.0
3245,1767,230,2,2364.14,216.58,4728.28,4511.7,4.58
1149,2242,27,7,26993.41,0.0,188953.87,188953.87,0.0
1913,750,234,5,1043.0,0.0,5215.0,5215.0,0.0
1179,407,281,2,2873.68,0.0,5747.36,5747.36,0.0
3662,2213,196,1,6747.0,0.0,6747.0,6747.0,0.0
1454,2990,64,4,13895.81,769.97,55583.24,54813.27,1.39
2175,1855,313,8,22302.8,1809.67,178422.4,176612.73,1.01
2986,2887,292,1,4443.62,459.21,4443.62,3984.41,10.33
843,1162,432,1,237.0,43.96,237.0,193.04,18.55
22,2019,90,8,55867.02,0.0,446936.16,446936.16,0.0
1510,1853,558,1,2486.26,0.0,2486.26,2486.26,0.0
714,1136,495,8,775.96,130.0,6207.68,6077.68,2.09
3184,2131,123,3,18644.97,0.0,55934.91,55934.91,0.0
1109,1288,162,7,32941.0,3046.6,230587.0,227540.4,1.32
4396,326,2,2,25250.01,0.0,50500.02,50500.02,0.0
3348,825,21,1,41665.57,2676.88,41665.57,38988.69,6.42
3323,25,125,8,5757.78,0.0,46062.24,46062.24,0.0
3128,3290,313,2,22302.8,0.0,44605.6,44605.6,0.0
4384,1754,447,5,195.51,47.57,977.55,929.98,4.87
2395,1668,515,1,3368.72,0.0,3368.72,3368.72,0.0
1175,3476,568,2,7363.71,0.0,14727.42,14727.42,0.0
873,3162,210,4,1643.04,0.0,6572.16,6572.16,0.0
1602,187,65,1,15736.34,2321.12,15736.34,13415.22,14.75
3490,2007,556,6,858.14,108.06,5148.84,5040.78,2.1
1507,809,272,1,4993.05,621.44,4993.05,4371.61,12.45
2259,390,13,5,22061.28,0.0,110306.4,110306.4,0.0
645,2046,510,6,307.04,66.13,1842.24,1776.11,3.59
123,758,537,6,2027.4,327.07,12164.4,11837.33,2.69
1403,784,59,6,31949.0,0.0,191694.0,191694.0,0.0
3763,898,399,6,26570.51,4177.79,159423.06,155245.27,2.62
2141,829,564,1,16332.52,0.0,16332.52,16332.52,0.0
2298,3296,43,6,13400.48,0.0,80402.88,80402.88,0.0
977,9,367,1,2279.64,0.0,2279.64,2279.64,0.0
4245,74,239,4,6239.94,0.0,24959.76,24959.76,0.0
313,2095,64,7,13895.81,0.0,97270.67,97270.67,0.0
2055,1215,510,8,307.04,72.82,2456.32,2383.5,2.96
2687,2836,170,5,20780.0,1471.63,103900.0,102428.37,1.42
1274,1757,429,1,402.84,84.69,402.84,318.15,21.02
3079,3294,20,4,48420.0,3492.76,193680.0,190187.24,1.8
1966,956,90,7,55867.02,8999.69,391069.14,382069.45,2.3
755,1721,432,8,236.92,0.0,1895.36,1895.36,0.0
3871,312,415,1,1413.02,0.0,1413.02,1413.02,0.0
759,3345,309,5,579.0,0.0,2895.0,2895.0,0.0
1362,1933,117,5,28856.54,5795.29,144282.7,138487.41,4.02
4189,2299,583,2,4356.58,1078.15,8713.16,7635.01,12.37
1073,1003,83,1,56550.9,0.0,56550.9,56550.9,0.0
4435,2293,149,6,27409.46,0.0,164456.76,164456.76,0.0
1999,840,449,6,2103.0,0.0,12618.0,12618.0,0.0
1319,2389,221,6,1736.69,125.04,10420.14,10295.1,1.2
760,2633,20,1,48420.36,3890.0,48420.36,44530.36,8.03
881,1248,582,5,5334.0,0.0,26670.0,26670.0,0.0
182,437,485,1,3397.59,0.0,3397.59,3397.59,0.0
4021,3271,231,1,2027.82,0.0,2027.82,2027.82,0.0
1405,1643,64,2,13896.0,1735.94,27792.0,26056.06,6.25
73,523,357,5,11859.71,1546.55,59298.55,57752.0,2.61
926,3311,307,2,1429.76,0.0,2859.52,2859.52,0.0
1450,2597,212,2,485.05,0.0,970.1,970.1,0.0
3280,794,477,1,185.9,0.0,185.9,185.9,0.0
267,1708,145,1,41579.07,0.0,41579.07,41579.07,0.0
1664,1098,170,7,20780.0,0.0,145460.0,145460.0,0.0
1809,3119,211,4,2399.0,0.0,9596.0,9596.0,0.0
2288,3467,219,8,403.99,0.0,3231.92,3231.92,0.0
2180,456,163,8,34985.4,0.0,279883.2,279883.2,0.0
3660,68,320,5,10504.52,0.0,52522.6,52522.6,0.0
1586,257,90,4,55867.02,0.0,223468.08,223468.08,0.0
4514,723,526,8,7635.84,0.0,61086.72,61086.72,0.0
1552,3270,166,5,9127.91,0.0,45639.55,45639.55,0.0
2849,770,549,8,3539.57,0.0,28316.56,28316.56,0.0
728,797,599,1,1634.01,0.0,1634.01,1634.01,0.0
2887,2000,405,3,26380.91,0.0,79142.73,79142.73,0.0
2913,2065,228,2,1374.56,0.0,2749.12,2749.12,0.0
1579,941,265,8,760.0,0.0,6080.0,6080.0,0.0
1759,2693,171,7,4674.34,0.0,32720.38,32720.38,0.0
3700,922,566,7,7866.0,0.0,55062.0,55062.0,0.0
2504,81,434,2,2492.65,436.32,4985.3,4548.98,8.75
4374,912,437,6,2182.0,0.0,13092.0,13092.0,0.0
1649,3093,558,4,2486.0,0.0,9944.0,9944.0,0.0
1542,3370,449,1,2103.36,0.0,2103.36,2103.36,0.0
296,3344,175,8,6971.32,0.0,55770.56,55770.56,0.0
4051,1255,166,1,9128.0,0.0,9128.0,9128.0,0.0
1976,2667,314,1,15052.0,0.0,15052.0,15052.0,0.0
2379,2517,421,1,863.95,165.28,863.95,698.67,19.13
4139,976,153,2,35631.03,0.0,71262.06,71262.06,0.0
1270,694,138,5,7002.61,0.0,35013.05,35013.05,0.0
937,3363,405,6,26380.91,0.0,158285.46,158285.46,0.0
4099,213,370,8,8864.0,1315.09,70912.0,69596.91,1.85
2082,3251,379,8,2571.64,455.39,20573.12,20117.73,2.21
1761,3476,603,2,1952.88,0.0,3905.76,3905.76,0.0
3558,412,222,7,5707.81,0.0,39954.67,39954.67,0.0
4344,3322,164,4,13854.22,2940.62,55416.88,52476.26,5.31
4035,1782,566,6,7865.94,713.52,47195.64,46482.12,1.51
4352,2982,22,2,14001.33,0.0,28002.66,28002.66,0.0
700,59,276,6,468.04,0.0,2808.24,2808.24,0.0
1101,964,459,6,1255.48,0.0,7532.88,7532.88,0.0
1798,2323,510,1,307.04,0.0,307.04,307.04,0.0
2491,1354,91,1,16734.15,3444.7,16734.15,13289.45,20.58
3817,2632,494,3,2411.1,0.0,7233.3,7233.3,0.0
2488,1983,395,5,11208.0,0.0,56040.0,56040.0,0.0
1272,1644,171,6,4674.34,880.62,28046.04,27165.42,3.14
4343,1828,209,5,5109.77,0.0,25548.85,25548.85,0.0
1932,57,165,8,8728.22,0.0,69825.76,69825.76,0.0
2059,512,598,1,3275.0,0.0,3275.0,3275.0,0.0
1115,2934,461,1,3021.0,0.0,3021.0,3021.0,0.0
168,487,541,6,2040.51,457.65,12243.06,11785.41,3.74
2238,1142,577,5,7085.73,0.0,35428.65,35428.65,0.0
3820,2632,281,3,2874.0,0.0,8622.0,8622.0,0.0
4466,1696,330,3,7517.64,0.0,22552.92,22552.92,0.0
3336,290,454,3,332.74,0.0,998.22,998.22,0.0
487,1583,242,2,975.73,0.0,1951.46,1951.46,0.0
2606,2935,446,1,3256.03,0.0,3256.03,3256.03,0.0
2558,2193,278,5,1910.5,0.0,9552.5,9552.5,0.0
2187,2285,144,6,13818.03,0.0,82908.18,82908.18,0.0
249,1021,253,4,4812.8,0.0,19251.2,19251.2,0.0
272,1376,234,4,1042.83,0.0,4171.32,4171.32,0.0
3806,1078,237,3,904.98,0.0,2714.94,2714.94,0.0
1860,2955,598,2,3274.73,381.64,6549.46,6167.82,5.83
1666,2395,288,4,5296.45,576.6,21185.8,20609.2,2.72
3439,2212,236,5,3329.05,296.9,16645.25,16348.35,1.78
3500,2910,118,4,24476.8,1827.57,97907.2,96079.63,1.87
3650,2862,246,2,639.2,41.43,1278.4,1236.97,3.24
2365,351,90,8,55867.0,0.0,446936.0,446936.0,0.0
1458,3028,147,7,8671.49,0.0,60700.43,60700.43,0.0
17,862,5,7,26069.66,0.0,182487.62,182487.62,0.0
2823,1168,602,1,8429.83,0.0,8429.83,8429.83,0.0
3654,563,441,6,2502.58,387.62,15015.48,14627.86,2.58
1007,694,473,5,2345.93,0.0,11729.65,11729.65,0.0
3213,980,47,8,18423.86,0.0,147390.88,147390.88,0.0
3496,3523,243,4,7122.31,1556.94,28489.24,26932.3,5.47
4020,2033,573,6,2616.0,0.0,15696.0,15696.0,0.0
2335,3402,529,7,2494.4,434.4,17460.8,17026.4,2.49
1452,1886,305,1,1008.2,0.0,1008.2,1008.2,0.0
831,3460,405,3,26380.91,0.0,79142.73,79142.73,0.0
307,3158,218,6,2497.5,364.68,14985.0,14620.32,2.43
354,3291,534,3,2916.16,0.0,8748.48,8748.48,0.0
1571,767,128,5,29282.83,0.0,146414.15,146414.15,0.0
3043,1222,353,8,18839.36,0.0,150714.88,150714.88,0.0
547,2523,516,6,1869.0,418.66,11214.0,10795.34,3.73
1235,3368,222,8,5708.0,371.57,45664.0,45292.43,0.81
1715,1709,78,3,49994.0,0.0,149982.0,149982.0,0.0
2793,1289,123,1,18644.97,0.0,18644.97,18644.97,0.0
984,94,476,8,484.9,0.0,3879.2,3879.2,0.0
1676,359,549,8,3539.57,0.0,28316.56,28316.56,0.0
425,3571,296,7,2185.0,0.0,15295.0,15295.0,0.0
4015,1204,166,8,9127.91,1321.6,73023.28,71701.68,1.81
3201,774,123,4,18644.97,0.0,74579.88,74579.88,0.0
518,2210,241,1,432.19,74.58,432.19,357.61,17.26
41,3410,478,1,401.93,0.0,401.93,401.93,0.0
1849,3235,11,3,13708.49,0.0,41125.47,41125.47,0.0
724,176,477,7,185.9,36.45,1301.3,1264.85,2.8
812,285,531,2,2414.15,0.0,4828.3,4828.3,0.0
4558,2576,453,7,1833.28,0.0,12832.96,12832.96,0.0
3001,241,360,6,13154.0,2544.15,78924.0,76379.85,3.22
3946,1093,270,3,874.94,0.0,2624.82,2624.82,0.0
3048,860,145,3,41579.07,0.0,124737.21,124737.21,0.0
2329,429,307,5,1429.76,0.0,7148.8,7148.8,0.0
4203,2094,148,1,9601.0,0.0,9601.0,9601.0,0.0
2890,818,104,8,38907.41,2176.21,311259.28,309083.07,0.7
2550,873,207,3,4901.39,0.0,14704.17,14704.17,0.0
2658,313,158,1,4265.11,407.51,4265.11,3857.6,9.55
3675,2016,90,7,55867.02,0.0,391069.14,391069.14,0.0
4083,3268,238,4,6129.02,0.0,24516.08,24516.08,0.0
245,1484,409,7,13699.12,0.0,95893.84,95893.84,0.0
619,1587,123,4,18644.97,1245.64,74579.88,73334.24,1.67
4129,1156,355,7,14690.56,1081.95,102833.92,101751.97,1.05
949,2403,340,1,11113.88,2126.81,11113.88,8987.07,19.14
959,98,335,7,18537.78,0.0,129764.46,129764.46,0.0
2324,3464,219,6,404.0,37.56,2424.0,2386.44,1.55
3084,466,272,7,4993.05,0.0,34951.35,34951.35,0.0
1503,1673,295,2,2244.9,558.9,4489.8,3930.9,12.45
3591,317,145,7,41579.0,0.0,291053.0,291053.0,0.0
2121,2082,79,8,54722.42,0.0,437779.36,437779.36,0.0
2114,171,127,2,5053.47,0.0,10106.94,10106.94,0.0
2057,470,90,6,55867.02,8056.15,335202.12,327145.97,2.4
2310,3264,566,3,7865.94,0.0,23597.82,23597.82,0.0
746,1495,218,4,2497.5,199.93,9990.0,9790.07,2.0
3417,2221,20,4,48420.36,0.0,193681.44,193681.44,0.0
3021,2140,324,3,4902.0,894.2,14706.0,13811.8,6.08
1445,2338,461,5,3021.14,169.67,15105.7,14936.03,1.12
2997,316,55,2,49270.07,10288.1,98540.14,88252.04,10.44
522,784,143,3,19160.64,1431.36,57481.92,56050.56,2.49
1522,1964,428,1,3924.0,453.8,3924.0,3470.2,11.56
1916,2596,11,2,13708.0,2973.92,27416.0,24442.08,10.85
4336,143,529,7,2494.4,529.8,17460.8,16931.0,3.03
855,3382,382,6,2447.27,0.0,14683.62,14683.62,0.0
2509,792,360,1,13154.0,0.0,13154.0,13154.0,0.0
2732,1791,318,8,2672.96,0.0,21383.68,21383.68,0.0
2209,175,501,2,480.82,41.04,961.64,920.6,4.27
32,2683,547,6,622.58,0.0,3735.48,3735.48,0.0
453,2766,232,1,681.0,58.23,681.0,622.77,8.55
2761,2574,104,3,38907.0,0.0,116721.0,116721.0,0.0
3171,1989,309,1,579.38,0.0,579.38,579.38,0.0
2236,453,313,3,22302.8,1494.06,66908.4,65414.34,2.23
1167,433,508,2,164.68,0.0,329.36,329.36,0.0
436,1509,416,5,541.52,0.0,2707.6,2707.6,0.0
3746,475,236,6,3329.05,0.0,19974.3,19974.3,0.0
3940,3551,113,5,24816.71,0.0,124083.55,124083.55,0.0
778,2315,573,1,2616.22,478.19,2616.22,2138.03,18.28
4040,2443,254,3,1176.97,0.0,3530.91,3530.91,0.0
2812,255,184,7,14526.0,0.0,101682.0,101682.0,0.0
3309,2701,296,5,2185.34,0.0,10926.7,10926.7,0.0
804,1307,235,2,1119.56,0.0,2239.12,2239.12,0.0
2569,1750,208,4,3669.04,0.0,14676.16,14676.16,0.0
3305,3452,60,1,48462.73,0.0,48462.73,48462.73,0.0
671,3267,324,7,4902.47,0.0,34317.29,34317.29,0.0
2585,3272,435,3,235.67,12.33,707.01,694.68,1.74
1851,386,18,7,49907.28,0.0,349350.96,349350.96,0.0
4553,3212,104,1,38907.41,0.0,38907.41,38907.41,0.0
454,3477,482,7,1201.93,0.0,8413.51,8413.51,0.0
2079,3355,329,3,2798.95,0.0,8396.85,8396.85,0.0
2036,2627,295,4,2244.9,0.0,8979.6,8979.6,0.0
2537,1710,236,2,3329.05,0.0,6658.1,6658.1,0.0
3818,2042,280,4,5190.1,964.11,20760.4,19796.29,4.64
124,747,274,6,5610.04,0.0,33660.24,33660.24,0.0
4453,3380,524,3,750.0,0.0,2250.0,2250.0,0.0
3368,3187,507,2,572.23,56.57,1144.46,1087.89,4.94
3895,806,369,3,8683.55,0.0,26050.65,26050.65,0.0
242,1875,205,1,28895.45,1536.41,28895.45,27359.04,5.32
3051,3403,236,2,3329.05,0.0,6658.1,6658.1,0.0
1081,2631,187,5,15407.88,0.0,77039.4,77039.4,0.0
3123,2633,601,5,2666.31,410.54,13331.55,12921.01,3.08
2974,3540,572,2,650.0,0.0,1300.0,1300.0,0.0
2659,1403,36,2,28216.45,4221.06,56432.9,52211.84,7.48
4227,70,49,2,51081.62,0.0,102163.24,102163.24,0.0
1426,313,384,8,10968.12,0.0,87744.96,87744.96,0.0
4150,1358,342,6,7644.17,0.0,45865.02,45865.02,0.0
1300,1200,236,3,3329.05,0.0,9987.15,9987.15,0.0
668,457,294,4,755.89,0.0,3023.56,3023.56,0.0
94,245,461,5,3021.14,0.0,15105.7,15105.7,0.0
438,2680,309,7,579.0,0.0,4053.0,4053.0,0.0
3020,403,222,4,5707.81,1206.94,22831.24,21624.3,5.29
3610,3096,404,4,6531.34,0.0,26125.36,26125.36,0.0
4375,1227,90,1,55867.02,0.0,55867.02,55867.02,0.0
1432,1096,219,7,403.99,0.0,2827.93,2827.93,0.0
2977,513,123,7,18645.0,0.0,130515.0,130515.0,0.0
18,2874,105,2,4935.31,1083.47,9870.62,8787.15,10.98
4288,3200,423,1,250.67,0.0,250.67,250.67,0.0
40,3503,219,7,403.99,0.0,2827.93,2827.93,0.0
1919,3116,27,5,26993.41,0.0,134967.05,134967.05,0.0
1138,597,165,2,8728.22,0.0,17456.44,17456.44,0.0
3359,3071,64,5,13896.0,1972.62,69480.0,67507.38,2.84
410,1315,212,1,485.05,73.83,485.05,411.22,15.22
336,1076,43,3,13400.48,0.0,40201.44,40201.44,0.0
1353,1467,599,1,1634.01,0.0,1634.01,1634.01,0.0
1333,128,324,7,4902.47,0.0,34317.29,34317.29,0.0
3816,2406,453,4,1833.28,398.64,7333.12,6934.48,5.44
2705,2854,596,7,15150.0,0.0,106050.0,106050.0,0.0
2911,997,356,8,10557.55,1868.21,84460.4,82592.19,2.21
3006,1014,146,1,7276.84,623.69,7276.84,6653.15,8.57
2962,1022,519,1,2234.16,399.94,2234.16,1834.22,17.9
2772,490,290,6,3593.11,0.0,21558.66,21558.66,0.0
620,1512,510,2,307.04,0.0,614.08,614.08,0.0
1856,3095,27,8,26993.41,3336.8,215947.28,212610.48,1.55
3032,1298,4,3,59704.35,0.0,179113.05,179113.05,0.0
627,2216,444,7,389.88,0.0,2729.16,2729.16,0.0
2197,1528,340,5,11113.88,0.0,55569.4,55569.4,0.0
2151,1511,324,7,4902.47,0.0,34317.29,34317.29,0.0
2720,2082,329,4,2798.95,0.0,11195.8,11195.8,0.0
1852,560,147,4,8671.49,0.0,34685.96,34685.96,0.0
2881,2375,123,3,18644.97,0.0,55934.91,55934.91,0.0
1297,2239,355,6,14690.56,1102.55,88143.36,87040.81,1.25
1867,579,242,1,975.73,58.63,975.73,917.1,6.01
1618,2915,388,5,5732.64,0.0,28663.2,28663.2,0.0
3492,2085,209,5,5109.77,0.0,25548.85,25548.85,0.0
13,3597,41,6,49158.25,4599.63,294949.5,290349.87,1.56
1722,3141,150,6,4357.07,0.0,26142.42,26142.42,0.0
3987,3128,155,4,36068.08,0.0,144272.32,144272.32,0.0
4173,778,236,2,3329.05,808.31,6658.1,5849.79,12.14
960,1466,551,2,10480.07,2353.52,20960.14,18606.62,11.23
1900,873,147,3,8671.49,0.0,26014.47,26014.47,0.0
3809,850,123,1,18644.97,0.0,18644.97,18644.97,0.0
1684,562,88,4,29305.0,0.0,117220.0,117220.0,0.0
2389,3180,344,1,8737.86,0.0,8737.86,8737.86,0.0
2694,2494,591,3,827.84,203.56,2483.52,2279.96,8.2
2075,1793,144,2,13818.03,0.0,27636.06,27636.06,0.0
2763,908,153,3,35631.03,0.0,106893.09,106893.09,0.0
3617,1948,40,7,33096.61,0.0,231676.27,231676.27,0.0
1756,2347,331,1,12535.65,0.0,12535.65,12535.65,0.0
1148,2715,535,4,2210.07,0.0,8840.28,8840.28,0.0
1915,3123,147,8,8671.49,0.0,69371.92,69371.92,0.0
2716,2442,604,3,5124.09,0.0,15372.27,15372.27,0.0
4325,1798,445,3,716.79,164.96,2150.37,1985.41,7.67
85,3480,190,8,17228.7,942.58,137829.6,136887.02,0.68
4424,1773,98,8,39575.72,0.0,316605.76,316605.76,0.0
4566,1078,202,1,9188.59,1759.23,9188.59,7429.36,19.15
2344,714,196,8,6746.66,0.0,53973.28,53973.28,0.0
4294,3391,5,7,26069.66,3944.71,182487.62,178542.91,2.16
3959,2968,130,3,12493.91,0.0,37481.73,37481.73,0.0
1963,782,347,2,27599.29,4193.55,55198.58,51005.03,7.6
298,1676,446,1,3256.03,604.68,3256.03,2651.35,18.57
484,279,324,8,4902.47,0.0,39219.76,39219.76,0.0
1945,665,14,6,28475.9,0.0,170855.4,170855.4,0.0
2342,857,184,8,14525.98,2067.06,116207.84,114140.78,1.78
2554,1541,64,4,13895.81,0.0,55583.24,55583.24,0.0
2479,606,484,1,491.44,0.0,491.44,491.44,0.0
1429,2427,592,7,1729.0,0.0,12103.0,12103.0,0.0
1530,2928,571,1,5252.42,536.72,5252.42,4715.7,10.22
607,2489,440,8,1344.0,119.05,10752.0,10632.95,1.11
2458,1570,90,2,55867.02,0.0,111734.04,111734.04,0.0
2234,1892,217,3,2671.55,519.47,8014.65,7495.18,6.48
4234,2408,147,1,8671.0,1939.7,8671.0,6731.3,22.37
3739,3208,360,5,13154.0,2542.85,65770.0,63227.15,3.87
1662,3309,45,6,45333.45,0.0,272000.7,272000.7,0.0
3808,2597,27,3,26993.41,0.0,80980.23,80980.23,0.0
3326,1668,324,5,4902.47,466.66,24512.35,24045.69,1.9
1638,2916,577,1,7086.0,0.0,7086.0,7086.0,0.0
3956,226,236,8,3329.0,0.0,26632.0,26632.0,0.0
220,3074,90,1,55867.02,0.0,55867.02,55867.02,0.0
4172,2059,253,1,4813.0,0.0,4813.0,4813.0,0.0
1307,2915,319,8,3774.97,311.8,30199.76,29887.96,1.03
2271,562,123,2,18644.97,0.0,37289.94,37289.94,0.0
950,2853,123,4,18644.97,0.0,74579.88,74579.88,0.0
840,2372,450,6,296.55,0.0,1779.3,1779.3,0.0
3106,3426,418,3,2575.77,0.0,7727.31,7727.31,0.0
1094,603,294,2,755.89,174.27,1511.78,1337.51,11.53
2551,1590,64,1,13895.81,0.0,13895.81,13895.81,0.0
3328,2304,399,1,26570.51,0.0,26570.51,26570.51,0.0
96,3502,160,2,26414.66,0.0,52829.32,52829.32,0.0
3737,2919,262,1,596.2,58.28,596.2,537.92,9.78
3964,1293,248,3,1659.37,245.89,4978.11,4732.22,4.94
2654,1629,215,7,1216.35,175.99,8514.45,8338.46,2.07
451,2145,54,1,65038.0,0.0,65038.0,65038.0,0.0
2961,220,208,1,3669.04,0.0,3669.04,3669.04,0.0
3207,1112,34,6,63820.31,7072.86,382921.86,375849.0,1.85
3943,3163,222,7,5707.81,0.0,39954.67,39954.67,0.0
3367,872,123,8,18645.0,3679.74,149160.0,145480.26,2.47
1515,391,177,7,25698.47,0.0,179889.29,179889.29,0.0
3663,2097,298,1,747.43,42.32,747.43,705.11,5.66
1159,1556,222,3,5708.0,698.85,17124.0,16425.15,4.08
1593,1739,242,1,976.0,0.0,976.0,976.0,0.0
3404,2170,90,6,55867.02,10652.0,335202.12,324550.12,3.18
3308,120,424,5,1995.0,0.0,9975.0,9975.0,0.0
1116,357,251,7,2586.41,451.33,18104.87,17653.54,2.49
3188,1122,224,7,3092.0,177.7,21644.0,21466.3,0.82
1610,1617,593,4,2171.89,0.0,8687.56,8687.56,0.0
3891,1953,598,4,3274.73,0.0,13098.92,13098.92,0.0
3963,2958,296,7,2185.34,0.0,15297.38,15297.38,0.0
819,2402,411,1,25253.96,0.0,25253.96,25253.96,0.0
199,2077,295,3,2244.9,0.0,6734.7,6734.7,0.0
1660,1482,11,5,13708.49,0.0,68542.45,68542.45,0.0
2575,1465,381,8,3809.89,295.9,30479.12,30183.22,0.97
91,1402,20,3,48420.36,0.0,145261.08,145261.08,0.0
2756,1200,517,7,2835.58,0.0,19849.06,19849.06,0.0
4017,2922,525,1,9670.0,602.59,9670.0,9067.41,6.23
568,401,313,8,22302.8,0.0,178422.4,178422.4,0.0
569,3318,217,1,2671.55,359.75,2671.55,2311.8,13.47
1813,204,557,2,700.1,173.33,1400.2,1226.87,12.38
3878,2630,526,1,7635.84,796.17,7635.84,6839.67,10.43
1104,1369,324,1,4902.47,945.83,4902.47,3956.64,19.29
2725,3234,121,7,12917.12,2890.91,90419.84,87528.93,3.2
1259,3140,81,3,33449.39,3514.15,100348.17,96834.02,3.5
1234,2903,240,3,6081.11,0.0,18243.33,18243.33,0.0
2699,2935,210,5,1643.04,0.0,8215.2,8215.2,0.0
1253,2155,74,1,44780.52,0.0,44780.52,44780.52,0.0
4304,2461,526,5,7636.0,592.5,38180.0,37587.5,1.55
3836,2595,362,5,20003.47,0.0,100017.35,100017.35,0.0
2002,967,557,7,700.1,0.0,4900.7,4900.7,0.0
2095,3049,529,6,2494.0,403.55,14964.0,14560.45,2.7
4316,920,179,8,24894.74,0.0,199157.92,199157.92,0.0
2455,3082,125,5,5757.78,0.0,28788.9,28788.9,0.0
624,411,148,7,9601.21,0.0,67208.47,67208.47,0.0
3782,1547,435,8,236.0,0.0,1888.0,1888.0,0.0
3385,1123,186,1,28945.11,0.0,28945.11,28945.11,0.0
1952,199,317,3,4957.78,968.02,14873.34,13905.32,6.51
4580,1741,521,1,7452.11,0.0,7452.11,7452.11,0.0
802,3063,324,1,4902.47,1126.31,4902.47,3776.16,22.97
2178,1450,274,4,5610.04,1107.6,22440.16,21332.56,4.94
4401,1729,604,1,5124.09,0.0,5124.09,5124.09,0.0
490,3243,435,6,235.67,36.24,1414.02,1377.78,2.56
3414,1580,572,7,649.84,0.0,4548.88,4548.88,0.0
3257,2104,349,8,8218.8,0.0,65750.4,65750.4,0.0
1012,3132,84,4,16273.21,0.0,65092.84,65092.84,0.0
4261,1160,245,8,3654.56,0.0,29236.48,29236.48,0.0
3781,2896,219,5,404.0,52.23,2020.0,1967.77,2.59
2538,2446,534,3,2916.16,271.77,8748.48,8476.71,3.11
2448,369,108,8,12829.0,0.0,102632.0,102632.0,0.0
1654,641,198,6,14532.61,0.0,87195.66,87195.66,0.0
1977,2417,462,1,558.61,38.2,558.61,520.41,6.84
214,2736,136,1,20224.0,0.0,20224.0,20224.0,0.0
2672,1356,360,4,13154.0,0.0,52616.0,52616.0,0.0
1865,2032,195,8,5465.0,1014.5,43720.0,42705.5,2.32
2873,1236,598,7,3274.73,0.0,22923.11,22923.11,0.0
1499,373,105,3,4935.31,0.0,14805.93,14805.93,0.0
1404,1598,404,3,6531.34,0.0,19594.02,19594.02,0.0
2284,2264,437,3,2181.84,0.0,6545.52,6545.52,0.0
21,2257,570,4,2235.17,494.39,8940.68,8446.29,5.53
4161,3123,324,2,4902.47,0.0,9804.94,9804.94,0.0
1869,793,27,7,26993.0,0.0,188951.0,188951.0,0.0
4496,407,482,5,1201.93,108.99,6009.65,5900.66,1.81
3451,1415,573,2,2616.0,0.0,5232.0,5232.0,0.0
2898,3210,21,1,41665.57,3862.95,41665.57,37802.62,9.27
2192,712,90,7,55867.02,3530.85,391069.14,387538.29,0.9
1256,3223,526,5,7636.0,1150.29,38180.0,37029.71,3.01
3628,1880,413,4,4440.77,0.0,17763.08,17763.08,0.0
108,2038,90,1,55867.02,10601.94,55867.02,45265.08,18.98
45,876,323,4,2463.84,0.0,9855.36,9855.36,0.0
1627,2060,88,3,29304.68,0.0,87914.04,87914.04,0.0
251,1418,245,2,3655.0,0.0,7310.0,7310.0,0.0
3655,2453,505,5,1346.46,0.0,6732.3,6732.3,0.0
1909,2904,496,4,1891.0,229.55,7564.0,7334.45,3.03
3118,3255,47,8,18423.86,2751.22,147390.88,144639.66,1.87
2061,19,165,7,8728.22,0.0,61097.54,61097.54,0.0
418,3583,90,8,55867.02,10753.34,446936.16,436182.82,2.41
4380,1556,333,1,7242.48,0.0,7242.48,7242.48,0.0
1135,220,170,7,20780.0,0.0,145460.0,145460.0,0.0
2650,2346,398,6,2143.84,213.72,12863.04,12649.32,1.66
3056,2696,172,3,3632.94,315.6,10898.82,10583.22,2.9
488,3145,123,8,18644.97,3960.97,149159.76,145198.79,2.66
2113,1602,242,1,975.73,0.0,975.73,975.73,0.0
852,3497,33,2,45533.09,0.0,91066.18,91066.18,0.0
4413,1125,111,2,7068.08,0.0,14136.16,14136.16,0.0
1877,2612,216,3,1493.81,0.0,4481.43,4481.43,0.0
257,1657,242,2,976.0,0.0,1952.0,1952.0,0.0
701,457,490,1,702.0,143.78,702.0,558.22,20.48
3634,2588,560,4,4585.0,0.0,18340.0,18340.0,0.0
3683,620,241,4,432.19,0.0,1728.76,1728.76,0.0
2960,2580,83,5,56550.9,5207.81,282754.5,277546.69,1.84
3945,2652,437,6,2181.84,0.0,13091.04,13091.04,0.0
3211,359,510,8,307.04,0.0,2456.32,2456.32,0.0
