id_pago,id_pedido,metodo,monto,fecha_pago,estado_pago,diferencia_pago,conciliado
2751,2751,tarjeta_credito,44603.61,2024-10-17,aprobado,-0.44,True
2304,2304,efectivo,377595.15,2026-08-31,APROBADO,1.93,True
2282,2282,tarjeta_debito,402.15,2025-11-18,aprobado,402.15,False
1588,1588,transferencia,12796.57,2026-06-03,APROBADO,1.24,True
79,79,tarjeta_credito,111872.07,2025-05-15,pendiente,2.25,True
1401,1401,efectivo,133799.83,2024-03-04,APROBADO,0.2,True
955,955,tarjeta_debito,199102.12,2025-12-29,aprobado,-1.31,True
2652,2652,tarjeta_debito,84738.18,2025-12-15,APROBADO,-0.41,True
1778,1778,tarjeta_debito,0.0,2026-08-17,pendiente,0.0,True
1130,1130,transferencia,2.92,2025-11-21,rechazado,2.92,True
23,23,tarjeta_credito,14690.65,2024-12-10,APROBADO,14690.65,False
734,734,efectivo,52030.0,2024-02-02,aprobado,1.06,True
1845,1845,tarjeta_debito,536585.14,2025-08-02,aprobado,153860.99,False
731,731,transferencia,0.0,2026-05-18,aprobado,0.0,True
2884,2884,oxxo,20490.53,2025-03-16,rechazado,-3.21,True
44,44,transferencia,0.26,2025-08-25,aprobado,0.26,True
1322,1322,tarjeta_debito,17101.76,2025-05-07,APROBADO,1.88,True
428,428,efectivo,2.69,2024-05-21,aprobado,2.69,True
2137,2137,tarjeta_debito,0.0,2026-07-26,aprobado,0.0,True
741,741,oxxo,2.75,2025-09-10,APROBADO,2.75,True
2352,2352,transferencia,49074.87,2026-09-03,aprobado,-2.97,True
3352,3352,mpago,77503.73,2025-02-21,rechazado,1.01,True
3547,3547,mpago,0.0,2025-06-10,aprobado,0.0,True
2989,2989,oxxo,0.0,2024-08-26,APROBADO,0.0,True
2398,2398,oxxo,42201.07,2025-12-12,aprobado,-0.17,True
2321,2321,oxxo,0.0,2026-05-17,APROBADO,0.0,True
2393,2393,transferencia,65881.81,2025-10-16,pendiente,0.77,True
1720,1720,tarjeta_credito,3118.83,2026-05-06,rechazado,-0.21,True
1969,1969,transferencia,4928.16,2025-07-09,pendiente,1.76,True
3114,3114,mpago,287723.68,2024-10-07,aprobado,0.37,True
2665,2665,tarjeta_debito,28289.93,2024-10-03,pendiente,26452.62,False
3309,3309,oxxo,551334.47,2024-04-17,aprobado,-1.33,True
676,676,tarjeta_debito,3.0,2025-02-04,pendiente,3.0,True
83,83,tarjeta_debito,110364.02,2025-12-04,aprobado,-0.24,True
3424,3424,mpago,0.0,2026-08-03,aprobado,0.0,True
889,889,tarjeta_debito,1.95,2026-02-08,pendiente,1.95,True
1420,1420,efectivo,0.0,2025-02-26,aprobado,0.0,True
892,892,efectivo,0.0,2026-06-03,APROBADO,0.0,True
3263,3263,tarjeta_credito,498220.85,2025-06-05,APROBADO,301939.37,False
3571,3571,transferencia,15295.66,2025-02-05,aprobado,0.66,True
358,358,mpago,20772.02,2024-04-15,pendiente,2.79,True
2469,2469,mpago,0.13,2024-02-22,pendiente,0.13,True
3526,3526,tarjeta_credito,0.0,2026-04-30,aprobado,0.0,True
2844,2844,transferencia,200673.95,2025-12-11,aprobado,-2.79,True
1777,1777,tarjeta_credito,2292.06,2024-12-26,APROBADO,0.33,True
3094,3094,tarjeta_debito,145049.4,2024-09-08,aprobado,-1.08,True
9,9,oxxo,2279.32,2024-08-11,pendiente,-0.32,True
70,70,efectivo,110391.74,2025-03-05,aprobado,-1.88,True
292,292,tarjeta_debito,55986.57,2025-12-14,APROBADO,1.26,True
3561,3561,mpago,30408.0,2025-05-29,APROBADO,-1.4,True
421,421,oxxo,0.61,2026-03-14,rechazado,0.61,True
50,50,tarjeta_debito,113763.0,2025-04-27,pendiente,-1.1,True
1263,1263,tarjeta_credito,100014.0,2025-06-23,APROBADO,0.11,True
2272,2272,tarjeta_credito,33177.0,2026-05-28,aprobado,-1.48,True
3258,3258,efectivo,25347.0,2025-11-11,aprobado,17659.33,False
2349,2349,oxxo,390047.0,2025-12-09,APROBADO,-1.2,True
401,401,transferencia,178422.82,2025-01-31,rechazado,0.42,True
64,64,tarjeta_credito,126247.18,2025-06-14,APROBADO,-2.82,True
2500,2500,transferencia,39978.77,2024-01-12,aprobado,-4.76,True
3124,3124,efectivo,291051.0,2026-06-14,aprobado,-2.49,True
2971,2971,tarjeta_debito,0.0,2024-12-29,aprobado,0.0,True
2776,2776,mpago,66096.08,2026-01-31,aprobado,2.33,True
1651,1651,transferencia,160029.48,2025-11-15,pendiente,1.72,True
2210,2210,mpago,15628.23,2025-07-06,rechazado,-1.06,True
1228,1228,mpago,0.0,2026-08-26,rechazado,0.0,True
194,194,oxxo,15244.02,2025-06-26,APROBADO,-1.98,True
3490,3490,tarjeta_credito,0.0,2026-03-28,rechazado,0.0,True
2895,2895,tarjeta_credito,1.0,2024-05-26,APROBADO,1.0,True
2700,2700,efectivo,85922.32,2026-01-22,aprobado,84649.1,False
1569,1569,mpago,0.0,2025-09-21,aprobado,0.0,True
2811,2811,efectivo,0.0,2025-03-22,pendiente,0.0,True
2634,2634,transferencia,55647.41,2026-06-04,aprobado,-1.27,True
3410,3410,transferencia,403.0,2026-02-26,rechazado,1.07,True
1334,1334,oxxo,264826.0,2024-08-08,aprobado,-1.61,True
1106,1106,oxxo,0.0,2024-04-18,APROBADO,0.0,True
3307,3307,tarjeta_credito,2.51,2025-12-01,APROBADO,2.51,True
2795,2795,tarjeta_credito,28633.0,2026-05-25,aprobado,-0.84,True
2369,2369,tarjeta_credito,7387.35,2025-02-06,APROBADO,-1.9,True
839,839,mpago,2.04,2025-09-29,aprobado,2.04,True
810,810,mpago,2.76,2026-04-19,rechazado,2.76,True
158,158,tarjeta_credito,2.0,2026-02-17,pendiente,2.0,True
74,74,tarjeta_credito,598763.32,2024-09-19,APROBADO,1.88,True
1053,1053,transferencia,17046.31,2025-03-31,aprobado,-1.67,True
1292,1292,efectivo,33666.71,2024-07-27,pendiente,1.04,True
375,375,tarjeta_debito,0.0,2024-06-08,aprobado,0.0,True
3141,3141,transferencia,220078.52,2024-06-15,rechazado,-1.59,True
1994,1994,oxxo,29105.34,2026-05-05,aprobado,26394.95,False
2785,2785,efectivo,-0.0,2025-10-05,pendiente,-0.0,True
3422,3422,efectivo,6124.0,2026-07-04,APROBADO,-1.0,True
402,402,tarjeta_debito,13162.01,2024-06-21,APROBADO,2.74,True
1562,1562,transferencia,0.56,2026-02-25,pendiente,0.56,True
560,560,efectivo,36578.62,2026-05-18,pendiente,1.62,True
1773,1773,tarjeta_credito,316606.0,2024-11-03,pendiente,0.24,True
1377,1377,oxxo,4042.24,2025-08-02,aprobado,2.86,True
1384,1384,transferencia,2.67,2026-03-07,APROBADO,2.67,True
3323,3323,tarjeta_credito,414593.48,2025-08-19,rechazado,0.49,True
930,930,transferencia,80100.94,2025-11-13,rechazado,2.54,True
828,828,tarjeta_debito,28695.4,2026-04-23,aprobado,2.44,True
173,173,tarjeta_debito,36744.18,2025-10-23,aprobado,36744.18,False
441,441,efectivo,24525.26,2026-07-22,pendiente,2.5,True
1058,1058,tarjeta_debito,0.0,2024-08-17,rechazado,0.0,True
395,395,tarjeta_debito,9096.99,2024-09-13,rechazado,8861.32,False
888,888,tarjeta_credito,103775.0,2024-05-23,aprobado,0.0,True
822,822,transferencia,0.94,2024-12-26,pendiente,0.94,True
1568,1568,transferencia,61978.04,2024-12-20,aprobado,0.94,True
3348,3348,efectivo,44154.55,2025-11-05,rechazado,-2.08,True
1708,1708,mpago,41578.0,2024-05-16,rechazado,-1.07,True
3396,3396,tarjeta_credito,1096.0,2024-05-22,aprobado,-1.8,True
1513,1513,tarjeta_debito,5616.52,2025-08-22,aprobado,0.52,True
243,243,efectivo,0.0,2026-03-04,APROBADO,0.0,True
919,919,oxxo,1.02,2024-07-09,aprobado,1.02,True
1606,1606,mpago,0.54,2026-03-03,pendiente,0.54,True
1262,1262,oxxo,0.0,2024-04-17,aprobado,0.0,True
821,821,tarjeta_credito,93920.0,2025-06-15,aprobado,-0.35,True
3173,3173,tarjeta_credito,1.9,2026-05-11,aprobado,1.9,True
1076,1076,transferencia,40439.45,2025-12-01,APROBADO,238.01,False
2407,2407,mpago,119734.48,2025-03-06,aprobado,2798.26,False
3229,3229,tarjeta_debito,0.0,2025-09-26,rechazado,0.0,True
3295,3295,mpago,186456.47,2025-06-25,pendiente,13262.09,False
2319,2319,transferencia,201296.49,2024-01-26,aprobado,2.93,True
774,774,mpago,121787.0,2024-11-24,aprobado,-1.9,True
3233,3233,tarjeta_debito,3128.18,2024-04-06,pendiente,3.18,True
271,271,oxxo,201464.88,2026-08-19,APROBADO,-0.83,True
2953,2953,efectivo,532061.76,2025-12-18,APROBADO,-2.14,True
2472,2472,tarjeta_debito,2.17,2024-12-20,aprobado,2.17,True
848,848,mpago,1.0,2025-08-18,aprobado,1.0,True
1996,1996,efectivo,5336.27,2024-02-29,pendiente,-2.85,True
783,783,tarjeta_credito,622.18,2026-02-20,rechazado,622.18,False
3140,3140,tarjeta_debito,96834.98,2026-04-01,aprobado,0.96,True
1564,1564,transferencia,11059.5,2025-07-30,aprobado,-0.01,True
1888,1888,mpago,200412.0,2025-03-14,aprobado,-1.59,True
2559,2559,efectivo,69372.18,2025-10-09,aprobado,0.26,True
2131,2131,transferencia,55935.14,2026-06-20,APROBADO,0.23,True
2134,2134,transferencia,13334.0,2025-08-27,rechazado,2.45,True
1609,1609,transferencia,24377.68,2026-05-07,pendiente,23259.68,False
2522,2522,tarjeta_debito,191128.75,2025-11-08,APROBADO,-1.9,True
27,27,efectivo,151804.33,2026-09-25,aprobado,26397.36,False
3591,3591,efectivo,24701.51,2024-12-24,rechazado,-1.46,True
3421,3421,tarjeta_debito,38910.06,2024-09-21,pendiente,2.65,True
739,739,tarjeta_credito,1.65,2025-04-02,APROBADO,1.65,True
1903,1903,tarjeta_debito,76808.95,2024-03-03,pendiente,-0.73,True
2950,2950,efectivo,0.0,2025-12-07,rechazado,0.0,True
3214,3214,transferencia,1.97,2024-02-25,pendiente,1.97,True
443,443,transferencia,0.15,2026-04-30,APROBADO,0.15,True
1346,1346,tarjeta_debito,24964.0,2024-08-29,APROBADO,-1.25,True
3585,3585,tarjeta_credito,0.0,2025-09-22,aprobado,0.0,True
3259,3259,oxxo,0.92,2024-01-06,rechazado,0.92,True
1436,1436,tarjeta_debito,47615.77,2026-07-29,aprobado,0.99,True
2104,2104,tarjeta_credito,65751.49,2026-01-19,APROBADO,1.09,True
911,911,mpago,0.7,2025-11-01,pendiente,0.7,True
903,903,transferencia,0.0,2026-02-06,rechazado,0.0,True
3267,3267,mpago,49343.34,2026-04-05,APROBADO,2.37,True
1582,1582,tarjeta_credito,0.0,2025-06-29,pendiente,0.0,True
342,342,oxxo,191934.0,2024-10-29,rechazado,-0.4,True
3517,3517,oxxo,90203.05,2026-05-04,rechazado,-2.29,True
3351,3351,oxxo,0.24,2024-01-14,rechazado,0.24,True
1749,1749,tarjeta_debito,19955.0,2024-04-30,pendiente,-0.35,True
3236,3236,mpago,37328.0,2025-02-16,aprobado,-2.79,True
975,975,oxxo,56104.75,2025-05-22,aprobado,-1.88,True
1721,1721,tarjeta_debito,16979.54,2024-11-22,aprobado,1.92,True
1424,1424,mpago,53518.41,2024-02-24,aprobado,2.55,True
3418,3418,oxxo,162374.73,2026-05-03,APROBADO,1.02,True
2177,2177,tarjeta_credito,18417.69,2024-12-25,aprobado,1.93,True
254,254,oxxo,0.0,2026-09-04,APROBADO,0.0,True
3552,3552,mpago,408505.3,2025-08-29,APROBADO,2.64,True
2017,2017,transferencia,0.0,2025-02-02,rechazado,0.0,True
1838,1838,efectivo,0.15,2025-11-14,pendiente,0.15,True
3208,3208,transferencia,126443.7,2025-08-14,rechazado,-2.53,True
814,814,tarjeta_credito,44760.23,2025-01-04,pendiente,1.67,True
1382,1382,tarjeta_credito,847.5,2026-09-10,rechazado,0.04,True
636,636,tarjeta_debito,2.86,2025-11-10,APROBADO,2.86,True
1848,1848,oxxo,29066.13,2024-08-11,aprobado,2.61,True
585,585,transferencia,97018.58,2026-08-29,aprobado,2.12,True
936,936,tarjeta_credito,11787.64,2024-05-24,rechazado,0.58,True
3235,3235,tarjeta_debito,41125.24,2025-09-04,aprobado,-0.23,True
2729,2729,oxxo,1.0,2024-02-13,aprobado,1.0,True
310,310,mpago,67552.1,2024-03-21,aprobado,67552.1,False
450,450,mpago,1650.02,2024-11-30,aprobado,-1.5,True
1833,1833,oxxo,0.0,2026-09-23,APROBADO,0.0,True
377,377,mpago,295615.46,2025-06-30,APROBADO,103923.62,False
3580,3580,transferencia,27980.08,2024-10-14,aprobado,1837.66,False
1433,1433,tarjeta_credito,28747.6,2026-02-23,rechazado,2.72,True
1757,1757,oxxo,19300.0,2025-02-03,rechazado,-1.91,True
1922,1922,efectivo,74665.25,2024-05-26,APROBADO,44551.13,False
1844,1844,tarjeta_debito,24319.52,2024-10-05,aprobado,-1.18,True
1146,1146,tarjeta_credito,383061.09,2024-04-25,rechazado,2.38,True
1748,1748,oxxo,49970.49,2026-03-17,aprobado,0.04,True
1950,1950,tarjeta_credito,9127.51,2026-03-03,aprobado,-0.4,True
3401,3401,oxxo,18739.29,2024-12-15,pendiente,0.85,True
1332,1332,efectivo,26568.25,2024-01-23,rechazado,26568.25,False
3423,3423,tarjeta_credito,1.36,2024-08-19,APROBADO,1.36,True
3145,3145,transferencia,163842.86,2026-09-01,pendiente,-0.9,True
2248,2248,tarjeta_credito,31478.79,2024-04-22,aprobado,31478.79,False
146,146,tarjeta_debito,157829.15,2024-07-30,rechazado,-2.16,True
1967,1967,transferencia,50598.92,2025-06-10,aprobado,50598.92,False
2406,2406,transferencia,6932.0,2025-03-27,APROBADO,-2.48,True
1347,1347,tarjeta_credito,1.6,2025-04-11,aprobado,1.6,True
880,880,tarjeta_debito,83991.97,2025-01-02,rechazado,2.43,True
1172,1172,efectivo,253299.0,2025-09-28,pendiente,1.4,True
720,720,transferencia,26071.35,2025-08-30,rechazado,1.69,True
928,928,oxxo,28654.97,2024-08-03,rechazado,0.02,True
2562,2562,tarjeta_credito,10497.56,2025-08-19,APROBADO,9003.75,False
723,723,transferencia,191983.16,2026-03-04,aprobado,-2.19,True
156,156,transferencia,108914.61,2025-08-17,aprobado,-4.21,True
3375,3375,oxxo,61339.0,2025-01-11,aprobado,0.72,True
2032,2032,tarjeta_debito,411142.0,2026-01-08,pendiente,-1.3,True
2906,2906,mpago,1.0,2026-06-24,aprobado,1.0,True
941,941,tarjeta_debito,6078.79,2026-06-12,pendiente,-1.21,True
2949,2949,oxxo,92052.85,2024-04-24,pendiente,0.23,True
3519,3519,tarjeta_credito,478.55,2024-02-07,pendiente,-2.27,True
408,408,tarjeta_credito,16932.85,2025-09-09,APROBADO,-0.77,True
1032,1032,oxxo,6061.86,2026-09-14,aprobado,-2.93,True
3074,3074,oxxo,60538.73,2024-01-23,aprobado,-2.34,True
2228,2228,oxxo,181665.0,2025-04-17,aprobado,2551.95,False
3166,3166,oxxo,649856.75,2024-06-22,aprobado,2.1,True
2673,2673,transferencia,86687.7,2025-01-07,aprobado,1.35,True
588,588,oxxo,109491.35,2026-04-14,APROBADO,0.87,True
2630,2630,tarjeta_debito,232502.0,2025-04-07,aprobado,-0.25,True
1989,1989,mpago,6624.49,2024-09-11,aprobado,-2.01,True
3389,3389,tarjeta_debito,3117.05,2025-07-30,APROBADO,-1.99,True
1912,1912,transferencia,0.39,2024-03-08,aprobado,0.39,True
222,222,efectivo,0.0,2026-04-03,aprobado,0.0,True
2077,2077,efectivo,54469.06,2025-07-14,rechazado,1.91,True
824,824,oxxo,2.82,2026-05-10,aprobado,2.82,True
767,767,efectivo,146413.62,2025-10-04,rechazado,-0.53,True
2066,2066,tarjeta_credito,189798.0,2026-04-08,APROBADO,-0.16,True
2263,2263,mpago,56999.39,2025-07-13,pendiente,-1.48,True
830,830,efectivo,1.17,2024-11-21,rechazado,1.17,True
3586,3586,tarjeta_credito,0.0,2026-09-29,rechazado,0.0,True
235,235,efectivo,55695.66,2025-05-22,pendiente,2.1,True
2444,2444,mpago,5464.36,2025-09-17,APROBADO,-1.88,True
174,174,efectivo,1.81,2026-01-27,aprobado,1.81,True
1459,1459,transferencia,19328.95,2025-02-14,aprobado,-0.8,True
655,655,tarjeta_credito,208749.59,2025-06-10,rechazado,17881.58,False
2598,2598,tarjeta_credito,0.0,2024-09-05,APROBADO,0.0,True
2689,2689,tarjeta_debito,0.0,2025-01-24,APROBADO,0.0,True
2620,2620,tarjeta_credito,178.0,2026-04-20,APROBADO,-3.0,True
1449,1449,tarjeta_credito,209304.11,2025-01-19,pendiente,1.95,True
1834,1834,tarjeta_debito,3023.46,2025-12-09,pendiente,-0.1,True
2331,2331,mpago,223468.95,2024-12-05,aprobado,0.87,True
511,511,oxxo,1.92,2025-06-15,rechazado,1.92,True
3426,3426,oxxo,41777.89,2025-03-19,pendiente,1.6,True
2447,2447,mpago,119500.26,2025-11-06,APROBADO,-2.6,True
215,215,efectivo,0.66,2026-03-31,aprobado,0.66,True
2390,2390,efectivo,131901.94,2025-12-12,APROBADO,-2.61,True
2471,2471,mpago,83159.57,2025-09-05,APROBADO,1.43,True
1020,1020,oxxo,25784.0,2024-06-11,aprobado,-1.98,True
3091,3091,transferencia,137073.03,2026-07-07,aprobado,-2.59,True
2557,2557,efectivo,23305.78,2025-02-20,APROBADO,2.43,True
3098,3098,tarjeta_debito,20228.81,2026-09-17,rechazado,1.71,True
587,587,tarjeta_debito,2.26,2024-01-02,aprobado,2.26,True
2543,2543,mpago,119102.57,2025-10-10,APROBADO,2.35,True
1284,1284,mpago,124160.17,2025-01-04,aprobado,2.4,True
3311,3311,transferencia,2859.86,2026-03-05,rechazado,0.34,True
3050,3050,tarjeta_debito,47693.49,2025-02-11,APROBADO,0.37,True
1796,1796,transferencia,111346.02,2024-11-15,APROBADO,1.74,True
1547,1547,efectivo,217717.74,2025-10-18,rechazado,-3.68,True
1066,1066,efectivo,885.09,2026-06-05,pendiente,0.7,True
2608,2608,tarjeta_credito,440918.52,2026-07-03,rechazado,0.35,True
3112,3112,efectivo,0.31,2025-10-25,pendiente,0.31,True
1636,1636,tarjeta_debito,0.37,2025-05-21,aprobado,0.37,True
29,29,oxxo,7214.18,2024-02-13,APROBADO,2.6,True
2740,2740,efectivo,35442.68,2024-12-24,APROBADO,-0.99,True
2309,2309,oxxo,0.0,2024-12-20,APROBADO,0.0,True
1296,1296,efectivo,16202.13,2024-08-16,rechazado,-1.96,True
2727,2727,tarjeta_debito,6162.45,2025-11-10,rechazado,-1.03,True
2817,2817,transferencia,15467.65,2026-09-22,APROBADO,15467.65,False
1747,1747,tarjeta_debito,0.0,2024-09-06,APROBADO,0.0,True
1561,1561,transferencia,15182.52,2025-11-12,rechazado,0.44,True
1091,1091,tarjeta_debito,0.0,2024-10-11,aprobado,0.0,True
1005,1005,mpago,7151.0,2025-09-02,aprobado,-1.6,True
1601,1601,efectivo,1.0,2024-05-19,APROBADO,1.0,True
1434,1434,transferencia,55612.0,2026-01-28,aprobado,0.95,True
2375,2375,tarjeta_debito,98069.71,2026-03-16,rechazado,-0.96,True
2484,2484,mpago,0.0,2024-12-12,rechazado,0.0,True
1670,1670,efectivo,30643.36,2026-05-29,aprobado,-1.74,True
1285,1285,tarjeta_debito,10132.28,2024-12-21,aprobado,-0.3,True
3525,3525,mpago,2.85,2026-06-01,rechazado,2.85,True
841,841,transferencia,0.0,2024-08-28,pendiente,0.0,True
2358,2358,tarjeta_debito,90720.91,2026-05-28,aprobado,2.58,True
324,324,transferencia,16090.0,2026-06-27,pendiente,0.75,True
615,615,mpago,43119.3,2025-01-11,aprobado,0.47,True
1615,1615,mpago,9359.52,2024-05-26,rechazado,1.23,True
2383,2383,tarjeta_credito,1.73,2024-09-14,APROBADO,1.73,True
683,683,transferencia,7034.74,2026-08-15,rechazado,0.65,True
3071,3071,mpago,67508.65,2026-06-25,pendiente,1.27,True
2984,2984,efectivo,0.0,2024-12-16,rechazado,0.0,True
1354,1354,tarjeta_credito,62960.59,2024-01-29,aprobado,48055.18,False
1205,1205,efectivo,147810.0,2024-01-23,aprobado,-0.21,True
3458,3458,transferencia,35329.06,2024-09-26,aprobado,1.52,True
449,449,efectivo,146979.18,2024-03-21,pendiente,2.54,True
2103,2103,transferencia,0.9,2024-02-19,rechazado,0.9,True
1837,1837,efectivo,59945.54,2024-12-30,aprobado,1.54,True
1737,1737,tarjeta_credito,281561.0,2024-10-04,APROBADO,0.94,True
332,332,oxxo,0.13,2024-02-13,aprobado,0.13,True
1587,1587,tarjeta_credito,103230.62,2026-05-15,aprobado,-0.58,True
1208,1208,tarjeta_credito,0.0,2026-04-12,aprobado,0.0,True
122,122,transferencia,9211.4,2024-08-06,aprobado,-1.63,True
899,899,tarjeta_debito,44751.19,2025-12-08,rechazado,1.19,True
1673,1673,mpago,3930.19,2026-04-17,pendiente,-0.71,True
1763,1763,efectivo,0.0,2024-01-04,aprobado,0.0,True
3106,3106,efectivo,10431.24,2024-09-28,rechazado,-2.51,True
1086,1086,tarjeta_debito,1.03,2025-01-26,aprobado,1.03,True
105,105,mpago,3.0,2024-08-24,aprobado,3.0,True
2048,2048,efectivo,1.06,2026-09-18,aprobado,1.06,True
7,7,mpago,147449.13,2026-08-04,aprobado,-0.71,True
1260,1260,mpago,64767.0,2025-10-07,aprobado,-3.54,True
1423,1423,efectivo,1.41,2025-07-04,pendiente,1.41,True
121,121,tarjeta_debito,96003.34,2025-12-23,rechazado,-0.56,True
501,501,mpago,78814.31,2026-01-26,pendiente,-0.16,True
309,309,mpago,24603.62,2024-09-09,aprobado,0.44,True
2941,2941,mpago,12255.23,2024-09-25,aprobado,-2.81,True
1704,1704,oxxo,8516.19,2025-11-02,pendiente,1.74,True
2920,2920,tarjeta_credito,15697.57,2024-12-11,rechazado,1.05,True
2670,2670,tarjeta_debito,235702.74,2025-09-09,rechazado,3861.06,False
817,817,efectivo,1075.71,2024-10-24,aprobado,-1.95,True
371,371,efectivo,106811.34,2024-11-30,aprobado,-0.92,True
978,978,oxxo,21101.48,2025-12-23,pendiente,1.8,True
3315,3315,mpago,0.0,2025-11-06,aprobado,0.0,True
1344,1344,mpago,400.23,2026-01-30,aprobado,-2.97,True
1079,1079,mpago,188166.73,2025-11-15,APROBADO,0.47,True
1620,1620,tarjeta_credito,137983.0,2026-03-13,pendiente,3.73,True
2430,2430,oxxo,0.0,2025-09-07,rechazado,0.0,True
457,457,oxxo,20927.2,2025-01-27,APROBADO,2.44,True
3449,3449,tarjeta_debito,0.31,2024-05-31,aprobado,0.31,True
162,162,tarjeta_debito,66157.47,2026-06-20,pendiente,0.76,True
2695,2695,mpago,5136.82,2026-02-14,aprobado,-1.34,True
2692,2692,transferencia,15980.5,2024-03-13,aprobado,1.18,True
1018,1018,oxxo,59613.53,2024-01-03,aprobado,-0.29,True
2200,2200,mpago,81551.55,2025-12-05,APROBADO,0.2,True
1414,1414,transferencia,17658.0,2026-04-04,rechazado,-2.57,True
362,362,oxxo,90791.01,2026-01-04,aprobado,-0.86,True
52,52,mpago,66894.0,2026-03-10,aprobado,1.16,True
850,850,tarjeta_credito,461469.13,2025-04-05,aprobado,2.12,True
2038,2038,transferencia,163113.77,2026-07-09,rechazado,1.99,True
3343,3343,tarjeta_debito,0.0,2026-06-15,APROBADO,0.0,True
3013,3013,tarjeta_credito,392822.61,2026-04-20,APROBADO,-1.2,True
3380,3380,tarjeta_debito,22990.11,2026-03-12,rechazado,3.06,True
3495,3495,oxxo,0.0,2024-04-27,APROBADO,0.0,True
123,123,transferencia,15329.0,2024-10-02,aprobado,-0.1,True
771,771,tarjeta_debito,54932.66,2025-11-10,aprobado,2.17,True
3061,3061,efectivo,0.0,2025-12-14,APROBADO,0.0,True
982,982,tarjeta_debito,14532.22,2025-11-11,aprobado,0.46,True
3088,3088,tarjeta_credito,6746.0,2025-02-27,aprobado,-1.0,True
2778,2778,tarjeta_debito,4879.72,2024-08-08,APROBADO,1.07,True
3230,3230,transferencia,1.0,2024-07-17,rechazado,1.0,True
979,979,tarjeta_credito,20434.81,2025-10-10,pendiente,-2.18,True
2270,2270,oxxo,47267.53,2026-03-29,aprobado,23363.53,False
3540,3540,tarjeta_credito,1297.38,2024-03-02,aprobado,-2.62,True
1807,1807,tarjeta_debito,1247.67,2025-10-16,APROBADO,2.51,True
2354,2354,transferencia,28217.71,2024-10-19,rechazado,28217.71,False
2957,2957,oxxo,6569.43,2024-09-26,rechazado,-2.73,True
1995,1995,transferencia,1.14,2026-09-28,pendiente,1.14,True
553,553,oxxo,111774.08,2026-05-08,rechazado,111774.08,False
1093,1093,mpago,74822.0,2025-03-30,APROBADO,18422.06,False
2088,2088,efectivo,19555.12,2026-09-19,rechazado,-1.34,True
2442,2442,tarjeta_credito,15374.67,2024-07-07,aprobado,2.4,True
2101,2101,oxxo,165098.0,2024-11-18,rechazado,1614.96,False
3226,3226,mpago,87959.0,2026-01-04,APROBADO,-2.78,True
2111,2111,efectivo,0.0,2024-10-27,aprobado,0.0,True
520,520,tarjeta_debito,173716.37,2026-07-26,aprobado,-0.6,True
2994,2994,efectivo,67692.0,2024-03-08,aprobado,0.88,True
605,605,efectivo,132611.0,2024-08-31,rechazado,2.63,True
2872,2872,efectivo,56723.53,2026-03-04,aprobado,1.89,True
1152,1152,oxxo,0.41,2025-01-21,APROBADO,0.41,True
2548,2548,oxxo,111733.0,2024-11-19,pendiente,-1.04,True
1956,1956,efectivo,2.0,2024-12-25,rechazado,2.0,True
2854,2854,efectivo,363552.02,2024-07-28,rechazado,-2.29,True
3428,3428,transferencia,344540.78,2024-12-24,rechazado,935.42,False
471,471,transferencia,1968.62,2026-08-09,aprobado,0.62,True
2322,2322,oxxo,137855.29,2026-02-07,rechazado,1.27,True
2966,2966,efectivo,165597.1,2026-08-02,APROBADO,0.52,True
2268,2268,transferencia,173718.39,2025-09-20,APROBADO,1.42,True
1505,1505,oxxo,0.0,2026-03-29,aprobado,0.0,True
3572,3572,tarjeta_credito,20622.83,2025-12-04,APROBADO,2.83,True
876,876,tarjeta_debito,131663.93,2026-03-16,rechazado,1.2,True
2308,2308,tarjeta_credito,0.0,2026-08-16,aprobado,0.0,True
3408,3408,oxxo,1.26,2025-12-14,aprobado,1.26,True
472,472,oxxo,103902.13,2025-09-27,pendiente,2.13,True
2883,2883,transferencia,0.0,2025-10-09,APROBADO,0.0,True
2591,2591,mpago,0.33,2026-05-31,aprobado,0.33,True
915,915,oxxo,402.28,2026-04-29,aprobado,-1.72,True
489,489,efectivo,62333.14,2026-02-28,aprobado,0.79,True
1180,1180,transferencia,17055.05,2025-05-22,aprobado,-2.36,True
3482,3482,tarjeta_credito,4014.0,2026-05-18,rechazado,-0.25,True
3387,3387,efectivo,4413.93,2024-02-15,pendiente,4413.93,False
1127,1127,mpago,0.54,2026-05-21,aprobado,0.54,True
3314,3314,tarjeta_credito,0.69,2026-04-30,rechazado,0.69,True
3212,3212,tarjeta_debito,51969.66,2024-03-05,APROBADO,-0.43,True
2773,2773,tarjeta_debito,0.0,2024-02-08,APROBADO,0.0,True
1692,1692,mpago,529018.0,2026-01-20,aprobado,0.04,True
1960,1960,tarjeta_credito,0.95,2026-01-15,pendiente,0.95,True
765,765,tarjeta_debito,1890.07,2024-01-10,aprobado,2.9,True
2106,2106,oxxo,0.49,2026-09-28,pendiente,0.49,True
890,890,transferencia,239072.0,2024-10-08,pendiente,0.98,True
635,635,oxxo,0.0,2026-03-26,pendiente,0.0,True
1802,1802,transferencia,0.0,2024-04-08,APROBADO,0.0,True
3135,3135,tarjeta_debito,17603.02,2025-06-21,aprobado,-2.4,True
2741,2741,efectivo,7530.15,2024-04-09,APROBADO,1.62,True
95,95,tarjeta_credito,129344.03,2025-09-28,APROBADO,0.0,True
2706,2706,transferencia,0.85,2025-11-12,aprobado,0.85,True
2364,2364,mpago,92575.64,2025-08-31,APROBADO,-1.74,True
812,812,transferencia,1.0,2024-04-13,rechazado,1.0,True
1546,1546,oxxo,1247.99,2025-10-12,APROBADO,2.83,True
3576,3576,tarjeta_debito,209805.46,2025-03-22,aprobado,-1.77,True
2005,2005,mpago,2614.13,2025-12-21,aprobado,-2.09,True
1788,1788,transferencia,55347.21,2026-09-09,aprobado,-2.56,True
2167,2167,oxxo,0.0,2026-05-28,APROBADO,0.0,True
972,972,oxxo,159172.07,2025-12-27,APROBADO,2.33,True
997,997,oxxo,82592.44,2025-09-29,aprobado,0.25,True
3549,3549,tarjeta_credito,3.0,2025-07-12,APROBADO,3.0,True
1121,1121,efectivo,1021.87,2026-06-30,aprobado,0.64,True
1941,1941,tarjeta_debito,86963.26,2026-07-15,rechazado,-1.99,True
2495,2495,oxxo,1.95,2026-08-23,aprobado,1.95,True
297,297,transferencia,107953.0,2024-09-03,pendiente,0.71,True
31,31,mpago,1.61,2025-01-07,aprobado,1.61,True
706,706,efectivo,165025.22,2026-11-03,APROBADO,153865.22,False
1915,1915,efectivo,201083.65,2026-08-27,pendiente,-2.93,True
188,188,oxxo,124335.0,2025-06-01,APROBADO,1.3,True
1477,1477,tarjeta_debito,21410.53,2026-04-24,pendiente,-2.42,True
2437,2437,mpago,21358.53,2025-12-04,pendiente,1.73,True
807,807,efectivo,11711.44,2024-12-21,aprobado,1.71,True
2049,2049,mpago,0.0,2024-06-02,APROBADO,0.0,True
3333,3333,efectivo,2.45,2024-07-05,rechazado,2.45,True
1553,1553,tarjeta_debito,1159.94,2024-05-27,aprobado,1.94,True
2578,2578,efectivo,78445.67,2025-05-22,aprobado,-1.96,True
524,524,tarjeta_credito,11325.56,2026-02-28,pendiente,0.56,True
2164,2164,mpago,0.0,2026-01-27,aprobado,0.0,True
415,415,efectivo,162301.04,2024-11-12,APROBADO,13273.74,False
340,340,oxxo,16624.14,2025-03-13,pendiente,-2.88,True
3361,3361,transferencia,13105.4,2025-10-26,aprobado,-1.87,True
3513,3513,tarjeta_credito,221812.04,2024-12-13,aprobado,110621.98,False
3443,3443,tarjeta_debito,134127.97,2026-04-01,APROBADO,2.71,True
1619,1619,oxxo,0.0,2026-04-15,aprobado,0.0,True
2172,2172,tarjeta_debito,1.32,2026-08-17,rechazado,1.32,True
404,404,oxxo,53968.86,2025-12-02,aprobado,1.99,True
39,39,tarjeta_credito,17121.66,2025-07-22,APROBADO,1.88,True
1871,1871,mpago,10163.44,2025-03-14,APROBADO,-1.64,True
608,608,efectivo,0.0,2024-10-12,aprobado,0.0,True
718,718,efectivo,18422.0,2024-07-20,APROBADO,-1.86,True
2021,2021,transferencia,21241.78,2025-07-10,aprobado,0.95,True
2642,2642,tarjeta_debito,14157.26,2026-07-17,APROBADO,2.26,True
1279,1279,tarjeta_credito,1356.34,2024-03-05,aprobado,426.84,False
1881,1881,oxxo,1593.34,2024-03-21,pendiente,1593.34,False
3384,3384,tarjeta_credito,5133.0,2024-09-09,aprobado,0.94,True
1758,1758,efectivo,57629.68,2025-05-15,rechazado,0.15,True
1599,1599,oxxo,3054.61,2024-01-30,aprobado,2.06,True
2594,2594,transferencia,476701.0,2024-03-09,aprobado,-0.76,True
1786,1786,transferencia,52786.26,2025-11-25,APROBADO,-1.49,True
1145,1145,efectivo,331.63,2025-05-24,rechazado,-1.95,True
2930,2930,tarjeta_debito,49102.0,2025-12-09,aprobado,6535.0,False
764,764,mpago,11659.44,2025-07-27,APROBADO,1.7,True
2378,2378,tarjeta_credito,18226.98,2025-02-08,aprobado,3.33,True
3467,3467,oxxo,84836.61,2026-09-29,APROBADO,-1.11,True
672,672,mpago,2.22,2025-02-02,aprobado,2.22,True
2374,2374,transferencia,17604.81,2026-08-23,pendiente,1.17,True
1626,1626,efectivo,4377.81,2026-07-08,rechazado,-0.42,True
3037,3037,transferencia,8738.06,2026-07-15,aprobado,0.2,True
1386,1386,tarjeta_credito,4365.62,2024-10-22,APROBADO,1.94,True
3487,3487,oxxo,29235.52,2024-06-07,aprobado,-0.96,True
2502,2502,efectivo,0.0,2025-08-14,aprobado,0.0,True
1295,1295,mpago,33098.33,2024-05-23,APROBADO,33098.33,False
794,794,tarjeta_debito,35101.2,2025-09-09,APROBADO,2.42,True
1990,1990,efectivo,2.17,2026-02-28,aprobado,2.17,True
795,795,tarjeta_credito,1.3,2024-04-17,aprobado,1.3,True
3320,3320,transferencia,3536.8,2024-11-26,aprobado,3536.8,False
100,100,tarjeta_credito,15725.79,2024-06-17,pendiente,-2.37,True
419,419,transferencia,842.79,2025-08-17,pendiente,0.12,True
2253,2253,tarjeta_credito,264386.45,2025-12-25,aprobado,2.45,True
322,322,tarjeta_debito,2.63,2024-03-28,APROBADO,2.63,True
2940,2940,transferencia,0.0,2024-08-12,APROBADO,0.0,True
3340,3340,tarjeta_credito,75852.77,2025-11-08,APROBADO,2.08,True
2798,2798,tarjeta_debito,176063.75,2026-05-19,aprobado,0.15,True
1857,1857,tarjeta_credito,1.86,2024-05-20,aprobado,1.86,True
2572,2572,tarjeta_credito,9349.08,2025-08-15,rechazado,1.45,True
2576,2576,tarjeta_debito,212528.57,2026-03-08,aprobado,-2.26,True
2625,2625,oxxo,249534.21,2026-07-25,aprobado,-2.19,True
3168,3168,efectivo,1.39,2025-05-30,aprobado,1.39,True
2542,2542,oxxo,0.78,2026-06-23,aprobado,0.78,True
735,735,efectivo,105232.55,2024-09-25,aprobado,0.55,True
527,527,transferencia,195111.82,2024-01-18,aprobado,1.54,True
3480,3480,mpago,430992.9,2024-04-03,aprobado,2446.89,False
1870,1870,oxxo,0.0,2025-12-02,aprobado,0.0,True
2416,2416,tarjeta_debito,2069.7,2026-04-04,rechazado,-2.11,True
761,761,tarjeta_credito,3955.0,2025-08-18,APROBADO,-2.84,True
2355,2355,oxxo,9621.59,2026-08-05,aprobado,-0.33,True
2946,2946,tarjeta_credito,0.0,2025-06-14,aprobado,0.0,True
2277,2277,efectivo,2.59,2026-07-29,pendiente,2.59,True
973,973,efectivo,220464.1,2026-05-20,pendiente,-0.86,True
601,601,tarjeta_credito,790.6,2025-03-27,pendiente,1.24,True
2420,2420,tarjeta_credito,81021.31,2026-02-20,APROBADO,1.04,True
3251,3251,efectivo,39856.24,2025-06-12,aprobado,-2.73,True
996,996,transferencia,0.0,2025-09-18,APROBADO,0.0,True
2909,2909,mpago,95660.0,2026-05-29,aprobado,-2.12,True
2026,2026,tarjeta_debito,35840.1,2025-01-25,rechazado,-1.73,True
514,514,mpago,782.73,2025-08-30,aprobado,2.97,True
638,638,transferencia,156328.77,2024-06-21,APROBADO,-1.67,True
2493,2493,efectivo,17840.7,2024-02-16,APROBADO,-0.4,True
2181,2181,tarjeta_debito,2627.86,2024-04-04,aprobado,1.07,True
1944,1944,tarjeta_credito,187042.75,2026-07-27,aprobado,187042.75,False
3105,3105,tarjeta_credito,5252.74,2026-04-23,aprobado,-3.11,True
2691,2691,mpago,38682.62,2024-01-27,rechazado,1.98,True
2489,2489,tarjeta_credito,10637.4,2024-05-26,rechazado,4.45,True
634,634,mpago,36376.07,2025-01-10,aprobado,1.69,True
430,430,oxxo,2.81,2025-07-26,APROBADO,2.81,True
2149,2149,mpago,3860.0,2024-04-07,pendiente,-1.0,True
1203,1203,efectivo,0.0,2026-03-07,pendiente,0.0,True
1476,1476,mpago,225723.32,2025-08-05,rechazado,2255.24,False
918,918,tarjeta_debito,23377.72,2026-01-14,rechazado,0.45,True
1886,1886,tarjeta_debito,12320.58,2024-12-28,aprobado,1.9,True
1526,1526,transferencia,4401.47,2025-06-14,APROBADO,1.47,True
673,673,oxxo,182831.44,2024-03-06,aprobado,0.72,True
551,551,transferencia,27618.44,2025-09-29,pendiente,-0.63,True
1816,1816,oxxo,187517.09,2026-08-12,aprobado,1.01,True
1417,1417,oxxo,1.23,2024-07-29,APROBADO,1.23,True
155,155,efectivo,1106.0,2026-07-11,aprobado,1106.0,False
1411,1411,oxxo,8381.64,2025-05-13,pendiente,0.3,True
3558,3558,oxxo,0.0,2025-06-20,pendiente,0.0,True
2622,2622,efectivo,0.0,2025-06-01,aprobado,0.0,True
2130,2130,tarjeta_credito,0.0,2026-01-27,APROBADO,0.0,True
3011,3011,mpago,3657.47,2024-05-06,aprobado,2.91,True
543,543,tarjeta_debito,21326.6,2024-01-31,APROBADO,1.6,True
319,319,tarjeta_credito,0.0,2024-11-10,rechazado,0.0,True
749,749,tarjeta_credito,304350.13,2024-07-24,pendiente,-0.94,True
2208,2208,tarjeta_credito,12919.55,2025-09-14,aprobado,-2.59,True
303,303,tarjeta_credito,39350.25,2025-10-20,pendiente,-2.99,True
748,748,tarjeta_credito,9657.86,2026-04-30,rechazado,2.31,True
643,643,oxxo,86985.0,2025-12-17,APROBADO,1.53,True
2064,2064,transferencia,1721.0,2024-09-30,rechazado,-1.85,True
160,160,mpago,59301.13,2025-10-09,aprobado,2.58,True
3365,3365,efectivo,0.0,2024-11-18,APROBADO,0.0,True
3167,3167,tarjeta_debito,16763.0,2024-04-22,aprobado,0.32,True
3268,3268,mpago,57390.66,2025-01-13,pendiente,-0.62,True
1142,1142,tarjeta_debito,35427.44,2025-08-08,aprobado,-1.21,True
932,932,efectivo,78399.55,2026-06-09,aprobado,0.21,True
139,139,efectivo,0.0,2024-05-19,aprobado,0.0,True
335,335,mpago,1.83,2025-09-02,pendiente,1.83,True
412,412,tarjeta_debito,39952.0,2024-02-08,APROBADO,-2.67,True
288,288,transferencia,16141.64,2024-11-17,aprobado,2143.12,False
2526,2526,mpago,2.5,2024-06-16,aprobado,2.5,True
2207,2207,oxxo,0.0,2025-01-31,aprobado,0.0,True
1801,1801,tarjeta_credito,1372.0,2024-05-08,aprobado,-2.43,True
2204,2204,mpago,9768.04,2025-02-09,pendiente,-2.24,True
595,595,efectivo,955.66,2026-08-27,pendiente,1.02,True
2219,2219,mpago,75750.04,2025-02-20,aprobado,0.04,True
2215,2215,tarjeta_debito,10803.6,2026-02-28,aprobado,2.63,True
800,800,oxxo,252799.58,2026-07-07,aprobado,0.58,True
273,273,mpago,0.33,2025-12-14,rechazado,0.33,True
2936,2936,tarjeta_credito,49371.0,2025-02-19,APROBADO,-3.0,True
1949,1949,transferencia,175699.58,2026-08-25,pendiente,2.6,True
411,411,transferencia,67208.49,2024-05-14,APROBADO,0.02,True
244,244,transferencia,0.0,2025-09-28,aprobado,0.0,True
350,350,tarjeta_debito,63188.0,2025-06-18,rechazado,44873.02,False
2165,2165,tarjeta_debito,69465.79,2026-05-17,APROBADO,-2.61,True
1983,1983,tarjeta_credito,186556.0,2024-05-19,pendiente,1.21,True
3374,3374,tarjeta_debito,1.94,2026-06-10,aprobado,1.94,True
710,710,oxxo,144389.47,2025-10-29,pendiente,-0.77,True
2973,2973,tarjeta_debito,57853.97,2025-10-05,aprobado,-2.06,True
2565,2565,oxxo,2589.29,2026-07-21,rechazado,2.88,True
3203,3203,oxxo,1973.01,2025-08-09,pendiente,0.01,True
2418,2418,tarjeta_credito,136236.32,2025-10-26,aprobado,-0.3,True
1329,1329,oxxo,1.74,2025-05-01,aprobado,1.74,True
463,463,oxxo,15408.0,2025-03-05,pendiente,0.0,True
2947,2947,oxxo,11942.28,2026-01-27,APROBADO,-2.68,True
3012,3012,efectivo,76755.66,2024-10-18,rechazado,0.11,True
1681,1681,tarjeta_credito,61357.56,2026-06-07,pendiente,0.94,True
3096,3096,transferencia,101243.13,2026-05-13,APROBADO,50510.24,False
2714,2714,mpago,67133.0,2025-12-09,aprobado,-1.0,True
1462,1462,tarjeta_credito,0.0,2024-01-12,pendiente,0.0,True
2299,2299,mpago,19731.65,2025-06-23,aprobado,-0.32,True
3079,3079,efectivo,543246.8,2025-09-04,pendiente,2.38,True
1324,1324,tarjeta_credito,0.0,2025-05-18,aprobado,0.0,True
692,692,transferencia,32046.1,2024-11-18,pendiente,2.29,True
2628,2628,transferencia,1.25,2026-08-26,aprobado,1.25,True
3066,3066,tarjeta_credito,0.0,2024-06-25,pendiente,0.0,True
1438,1438,tarjeta_debito,187502.52,2025-12-04,pendiente,0.12,True
3272,3272,tarjeta_debito,696.82,2025-07-12,pendiente,2.14,True
2356,2356,oxxo,0.0,2025-02-22,rechazado,0.0,True
775,775,transferencia,61632.23,2024-07-20,rechazado,0.71,True
951,951,tarjeta_credito,2.47,2026-01-31,pendiente,2.47,True
3442,3442,tarjeta_credito,45661.0,2024-12-13,pendiente,-3.0,True
1416,1416,mpago,123121.0,2026-09-10,aprobado,0.54,True
3089,3089,tarjeta_debito,47458.33,2024-07-08,aprobado,-2.68,True
2655,2655,tarjeta_credito,26848.01,2025-11-02,aprobado,0.17,True
3398,3398,tarjeta_credito,2.21,2026-06-02,pendiente,2.21,True
2316,2316,efectivo,26458.86,2025-09-11,aprobado,-1.03,True
1425,1425,mpago,49454.88,2025-07-24,APROBADO,1605.38,False
2934,2934,oxxo,246148.89,2026-01-27,rechazado,-2.28,True
2644,2644,tarjeta_credito,213641.44,2025-05-01,aprobado,-0.09,True
2370,2370,mpago,143452.0,2025-08-21,rechazado,59722.67,False
221,221,oxxo,276396.63,2026-06-19,aprobado,5.83,False
1412,1412,oxxo,0.0,2026-02-08,pendiente,0.0,True
2169,2169,mpago,239752.07,2026-11-03,rechazado,2.24,True
1055,1055,transferencia,0.0,2026-09-28,APROBADO,0.0,True
968,968,tarjeta_debito,215823.96,2024-12-25,aprobado,1.07,True
3199,3199,mpago,1.7,2024-10-24,aprobado,1.7,True
1123,1123,tarjeta_debito,28942.9,2026-09-03,aprobado,-2.21,True
2391,2391,tarjeta_credito,215408.36,2025-07-23,APROBADO,215408.36,False
2305,2305,transferencia,3327.02,2025-12-17,APROBADO,-2.03,True
1584,1584,efectivo,109915.72,2025-09-01,aprobado,2.31,True
1698,1698,tarjeta_debito,1975.32,2026-03-07,aprobado,2.54,True
1784,1784,transferencia,124063.98,2025-01-26,aprobado,-2.11,True
3289,3289,oxxo,3743.0,2026-06-03,APROBADO,-1.32,True
1907,1907,tarjeta_credito,29098.48,2024-10-30,rechazado,0.92,True
3119,3119,mpago,18046.38,2024-01-29,aprobado,2.38,True
581,581,tarjeta_credito,0.0,2025-01-24,aprobado,0.0,True
1341,1341,oxxo,32512.69,2025-03-21,rechazado,32512.69,False
1751,1751,tarjeta_debito,28500.7,2025-07-20,pendiente,2546.68,False
2129,2129,mpago,0.0,2025-08-26,rechazado,0.0,True
2147,2147,tarjeta_debito,0.0,2024-06-23,rechazado,0.0,True
253,253,efectivo,29850.48,2025-07-01,APROBADO,2.39,True
3462,3462,oxxo,0.52,2024-08-02,pendiente,0.52,True
730,730,transferencia,0.0,2026-07-10,APROBADO,0.0,True
1084,1084,tarjeta_credito,0.0,2025-09-12,pendiente,0.0,True
1743,1743,mpago,1.97,2026-01-02,aprobado,1.97,True
2265,2265,oxxo,2.4,2025-03-31,aprobado,2.4,True
653,653,tarjeta_debito,11443.7,2024-01-15,aprobado,-2.86,True
2110,2110,oxxo,2.06,2025-05-03,aprobado,2.06,True
1335,1335,transferencia,249994.43,2024-10-31,rechazado,1.01,True
3412,3412,mpago,17143.36,2025-05-14,aprobado,0.33,True
2047,2047,transferencia,35452.83,2025-01-14,pendiente,-3.97,True
1011,1011,efectivo,149720.27,2026-08-07,rechazado,-1.57,True
1770,1770,efectivo,114239.02,2024-01-13,rechazado,13550.14,False
2726,2726,tarjeta_debito,0.15,2024-09-07,APROBADO,0.15,True
1771,1771,tarjeta_debito,376.79,2024-12-08,rechazado,-2.52,True
1451,1451,transferencia,7634.0,2026-06-28,aprobado,-1.84,True
3081,3081,tarjeta_credito,104956.45,2024-12-16,aprobado,0.25,True
351,351,tarjeta_debito,673082.35,2025-01-27,rechazado,-1.92,True
1122,1122,tarjeta_debito,26740.02,2025-04-23,pendiente,4.31,True
2771,2771,mpago,7837.26,2026-04-11,pendiente,3311.69,False
2283,2283,tarjeta_credito,53982.89,2025-10-30,aprobado,26996.25,False
129,129,tarjeta_debito,68924.27,2025-05-11,APROBADO,-0.65,True
561,561,transferencia,1.69,2025-02-09,rechazado,1.69,True
1961,1961,oxxo,27379.5,2024-09-25,pendiente,1.15,True
1521,1521,tarjeta_debito,46917.32,2026-05-14,rechazado,17680.84,False
577,577,transferencia,220284.39,2026-02-17,aprobado,741.01,False
205,205,efectivo,1.74,2024-09-08,APROBADO,1.74,True
3488,3488,mpago,221281.99,2025-10-24,rechazado,-0.28,True
234,234,transferencia,28927.6,2026-09-14,aprobado,-1.43,True
2637,2637,mpago,5252.58,2024-02-23,aprobado,2.94,True
2633,2633,tarjeta_debito,73756.0,2025-08-01,aprobado,-2.44,True
2534,2534,efectivo,60705.0,2025-08-30,rechazado,0.58,True
2660,2660,mpago,10347.54,2025-11-02,aprobado,1.9,True
2496,2496,tarjeta_debito,17050.42,2025-06-15,pendiente,2.57,True
976,976,tarjeta_credito,89359.0,2025-11-29,pendiente,0.56,True
1633,1633,tarjeta_credito,15408.75,2024-12-18,APROBADO,0.87,True
3589,3589,efectivo,54766.43,2026-02-04,aprobado,-1.03,True
117,117,mpago,0.0,2025-10-05,pendiente,0.0,True
801,801,oxxo,4019.31,2025-03-30,aprobado,2.56,True
733,733,tarjeta_debito,9165.69,2025-12-25,aprobado,-0.71,True
695,695,oxxo,0.0,2026-03-03,pendiente,0.0,True
2225,2225,tarjeta_credito,18055.66,2024-08-06,rechazado,-1.71,True
1013,1013,efectivo,28541.83,2026-04-03,pendiente,2.78,True
2970,2970,tarjeta_credito,89662.86,2026-06-02,aprobado,-1.85,True
2295,2295,transferencia,11460.15,2025-10-16,aprobado,-1.83,True
987,987,transferencia,73021.63,2026-01-17,pendiente,-1.65,True
385,385,oxxo,0.0,2024-06-21,aprobado,0.0,True
1092,1092,tarjeta_debito,0.0,2024-12-20,pendiente,0.0,True
2580,2580,efectivo,310141.7,2026-06-15,APROBADO,3540.32,False
2015,2015,tarjeta_credito,2.25,2026-06-26,aprobado,2.25,True
1481,1481,efectivo,22179.42,2024-12-27,aprobado,1.9,True
260,260,mpago,97202.55,2024-06-18,rechazado,44065.27,False
2656,2656,transferencia,29610.77,2024-12-02,APROBADO,0.77,True
59,59,tarjeta_debito,167262.13,2026-02-05,rechazado,-2.87,True
1806,1806,efectivo,57964.2,2026-04-24,rechazado,0.61,True
703,703,tarjeta_credito,96934.55,2024-04-07,aprobado,3.97,True
793,793,efectivo,188953.87,2024-10-17,rechazado,2.87,True
1273,1273,oxxo,36352.43,2025-04-21,aprobado,-0.96,True
2648,2648,tarjeta_debito,214295.0,2026-09-18,pendiente,1730.92,False
789,789,oxxo,146836.85,2026-09-24,pendiente,-2.38,True
2297,2297,oxxo,206930.19,2025-08-24,aprobado,0.29,True
535,535,efectivo,57022.23,2026-04-12,aprobado,7388.81,False
1017,1017,oxxo,0.0,2024-03-22,rechazado,0.0,True
1283,1283,mpago,4309.32,2025-02-16,rechazado,4309.32,False
1393,1393,oxxo,11825.74,2025-03-06,pendiente,-2.63,True
657,657,tarjeta_credito,0.0,2024-08-27,aprobado,0.0,True
306,306,efectivo,4979.03,2024-11-28,pendiente,-1.61,True
1825,1825,oxxo,2.05,2025-02-12,aprobado,2.05,True
2235,2235,tarjeta_debito,185991.84,2024-03-21,pendiente,-1.73,True
318,318,mpago,2.0,2026-01-09,aprobado,2.0,True
2070,2070,efectivo,0.0,2026-03-26,APROBADO,0.0,True
2781,2781,tarjeta_debito,3398.24,2026-06-05,rechazado,0.65,True
669,669,mpago,2.03,2025-08-17,rechazado,2.03,True
1982,1982,efectivo,2942.0,2024-03-28,rechazado,-1.06,True
3130,3130,efectivo,96491.6,2026-09-08,rechazado,-1.48,True
2708,2708,tarjeta_debito,222.35,2024-11-12,aprobado,222.35,False
512,512,transferencia,472311.47,2025-08-27,aprobado,-2.63,True
1264,1264,oxxo,96532.87,2025-03-01,rechazado,-0.11,True
2396,2396,oxxo,81549.84,2024-12-11,pendiente,-1.64,True
663,663,oxxo,49992.14,2026-06-11,pendiente,-1.53,True
3381,3381,mpago,2111.0,2026-01-17,APROBADO,-1.02,True
1097,1097,tarjeta_debito,3475.0,2025-03-16,APROBADO,-0.88,True
1437,1437,transferencia,0.0,2025-12-24,aprobado,0.0,True
2752,2752,transferencia,0.0,2024-05-24,pendiente,0.0,True
1603,1603,efectivo,44492.0,2025-01-10,rechazado,3.16,True
685,685,tarjeta_credito,0.0,2025-10-10,aprobado,0.0,True
523,523,efectivo,66424.44,2025-12-29,aprobado,8672.44,False
2186,2186,efectivo,15541.71,2025-10-03,rechazado,-1.91,True
2494,2494,efectivo,4032.24,2025-02-13,rechazado,2.92,True
1428,1428,efectivo,1.48,2024-07-10,pendiente,1.48,True
16,16,transferencia,34575.22,2026-07-08,rechazado,-2.97,True
2486,2486,efectivo,19594.77,2025-07-09,pendiente,0.75,True
2421,2421,efectivo,21410.51,2024-09-14,aprobado,-2.29,True
3481,3481,tarjeta_credito,0.0,2026-01-09,pendiente,0.0,True
2223,2223,efectivo,1.36,2024-05-24,aprobado,1.36,True
3198,3198,efectivo,2.78,2024-01-17,pendiente,2.78,True
2054,2054,oxxo,34090.24,2026-04-24,rechazado,-0.87,True
1181,1181,oxxo,0.28,2024-10-19,rechazado,0.28,True
596,596,transferencia,1.35,2025-09-08,aprobado,1.35,True
3086,3086,tarjeta_credito,269385.38,2024-10-26,APROBADO,-1.57,True
2728,2728,efectivo,229280.86,2026-01-13,aprobado,-1.87,True
12,12,tarjeta_credito,71784.22,2024-08-22,aprobado,-3.16,True
2027,2027,oxxo,29209.16,2024-08-13,aprobado,29209.16,False
103,103,transferencia,5598.67,2025-05-19,aprobado,0.87,True
154,154,oxxo,0.0,2025-05-09,rechazado,0.0,True
1117,1117,efectivo,55346.07,2025-08-01,rechazado,0.17,True
1267,1267,tarjeta_credito,128617.44,2026-02-05,aprobado,2.32,True
2602,2602,oxxo,1938.7,2024-11-30,pendiente,-0.9,True
1707,1707,oxxo,25677.57,2024-06-12,pendiente,-1.15,True
2878,2878,oxxo,15435.01,2026-03-01,pendiente,-1.29,True
3223,3223,mpago,37028.1,2026-01-18,rechazado,-1.61,True
698,698,mpago,0.0,2026-01-24,aprobado,0.0,True
331,331,tarjeta_credito,0.33,2025-05-12,aprobado,0.33,True
2123,2123,tarjeta_debito,0.0,2024-07-29,aprobado,0.0,True
2243,2243,mpago,178231.0,2024-02-01,aprobado,2.85,True
1467,1467,efectivo,15527.1,2026-08-30,aprobado,11445.82,False
20,20,mpago,5670.0,2026-03-29,aprobado,-3.0,True
2571,2571,transferencia,42280.73,2025-11-23,pendiente,42280.73,False
3501,3501,tarjeta_credito,406850.92,2026-01-15,rechazado,13705.78,False
2612,2612,oxxo,27270.47,2024-07-31,APROBADO,-2.54,True
3225,3225,tarjeta_credito,52101.71,2024-12-06,aprobado,0.41,True
2330,2330,oxxo,126794.8,2024-06-27,APROBADO,126794.8,False
2392,2392,efectivo,34859.47,2025-11-03,aprobado,0.28,True
187,187,efectivo,13412.72,2025-02-01,rechazado,-2.5,True
2196,2196,efectivo,89160.0,2025-03-14,pendiente,-0.37,True
664,664,transferencia,54411.53,2024-07-17,aprobado,-0.76,True
3470,3470,oxxo,23441.95,2025-12-05,aprobado,0.94,True
590,590,mpago,0.0,2024-04-20,pendiente,0.0,True
66,66,transferencia,7239.43,2026-09-16,aprobado,0.24,True
2507,2507,tarjeta_credito,17834.48,2026-03-26,aprobado,-2.14,True
1490,1490,tarjeta_credito,0.0,2025-10-19,aprobado,0.0,True
1190,1190,tarjeta_credito,0.0,2025-06-20,rechazado,0.0,True
2450,2450,transferencia,2.58,2025-03-15,APROBADO,2.58,True
114,114,oxxo,34005.92,2025-09-17,rechazado,0.91,True
1728,1728,mpago,62470.63,2026-11-08,aprobado,-0.99,True
2848,2848,oxxo,204322.78,2025-07-14,aprobado,2.14,True
536,536,oxxo,33759.03,2024-08-05,APROBADO,1.06,True
792,792,tarjeta_credito,35528.35,2025-12-06,aprobado,0.07,True
392,392,tarjeta_debito,46587.82,2024-11-05,APROBADO,-0.44,True
3359,3359,tarjeta_credito,94210.97,2025-10-04,pendiente,0.85,True
1435,1435,efectivo,65174.95,2025-04-04,pendiente,1103.77,False
459,459,transferencia,214109.65,2025-03-04,pendiente,0.79,True
3101,3101,tarjeta_debito,284387.94,2026-08-17,rechazado,0.9,True
3209,3209,efectivo,9335.0,2026-04-16,aprobado,-2.54,True
379,379,tarjeta_debito,79482.74,2024-03-31,aprobado,1.19,True
2159,2159,oxxo,63050.45,2026-08-22,rechazado,-1.16,True
1369,1369,tarjeta_debito,3957.28,2025-11-25,aprobado,0.64,True
3262,3262,tarjeta_credito,7802.0,2026-06-01,rechazado,-0.1,True
1211,1211,tarjeta_credito,202001.56,2026-03-22,pendiente,1.48,True
3440,3440,efectivo,251706.49,2025-09-01,aprobado,1.67,True
171,171,transferencia,135656.65,2024-10-02,aprobado,4.4,True
1978,1978,tarjeta_credito,28478.66,2026-04-07,aprobado,2.76,True
1797,1797,efectivo,0.0,2026-07-02,aprobado,0.0,True
1827,1827,mpago,0.0,2025-09-05,aprobado,0.0,True
1911,1911,efectivo,6631.52,2025-04-14,APROBADO,1.13,True
558,558,tarjeta_credito,161237.01,2026-02-15,APROBADO,2.22,True
1895,1895,oxxo,1.18,2026-09-17,aprobado,1.18,True
289,289,efectivo,42350.0,2025-01-29,pendiente,1.6,True
1309,1309,tarjeta_debito,66683.67,2026-03-09,rechazado,3.38,True
445,445,mpago,226858.0,2024-12-03,aprobado,-0.65,True
726,726,efectivo,37862.34,2024-06-25,APROBADO,467.05,False
506,506,tarjeta_debito,5823.52,2024-01-25,aprobado,0.55,True
1360,1360,transferencia,2.92,2026-05-19,rechazado,2.92,True
1140,1140,mpago,1.87,2026-05-31,APROBADO,1.87,True
1683,1683,transferencia,2664.41,2024-11-04,pendiente,-1.9,True
1469,1469,transferencia,17620.81,2024-10-19,aprobado,0.26,True
2300,2300,tarjeta_debito,709.0,2026-02-19,APROBADO,1.0,True
57,57,mpago,131528.61,2026-09-18,aprobado,-0.97,True
2641,2641,mpago,0.42,2026-01-02,APROBADO,0.42,True
1641,1641,efectivo,3257.23,2026-04-02,aprobado,-1.95,True
1186,1186,oxxo,0.0,2026-02-28,aprobado,0.0,True
2280,2280,oxxo,1.02,2026-03-11,aprobado,1.02,True
3129,3129,oxxo,0.88,2024-11-07,pendiente,0.88,True
2206,2206,tarjeta_credito,0.26,2026-04-30,APROBADO,0.26,True
2583,2583,tarjeta_credito,97880.89,2025-09-03,aprobado,-3.38,True
2969,2969,efectivo,0.0,2025-11-10,pendiente,0.0,True
1940,1940,efectivo,144959.0,2024-08-02,pendiente,2.32,True
3083,3083,tarjeta_credito,1.08,2025-08-07,rechazado,1.08,True
3243,3243,oxxo,46824.37,2025-03-08,APROBADO,-2.0,True
237,237,tarjeta_debito,0.0,2025-04-21,aprobado,0.0,True
1575,1575,mpago,15455.73,2024-08-22,APROBADO,-1.31,True
119,119,mpago,84039.0,2026-05-17,aprobado,2.84,True
3413,3413,mpago,470.27,2025-10-03,APROBADO,2.27,True
2621,2621,mpago,117613.99,2024-04-03,rechazado,-1.97,True
3151,3151,efectivo,5925.77,2024-11-29,APROBADO,-1.99,True
3478,3478,tarjeta_debito,233459.21,2025-09-24,pendiente,1.89,True
1207,1207,transferencia,24692.51,2024-11-25,pendiente,-2.09,True
3417,3417,oxxo,44159.47,2025-05-11,rechazado,-1.04,True
1218,1218,efectivo,294590.0,2026-07-31,aprobado,0.29,True
2094,2094,mpago,9600.22,2024-10-09,rechazado,-0.78,True
80,80,efectivo,1.78,2025-09-12,APROBADO,1.78,True
376,376,transferencia,65682.0,2025-10-02,rechazado,-2.39,True
2536,2536,tarjeta_debito,3.0,2026-07-09,pendiente,3.0,True
1731,1731,tarjeta_debito,4421.46,2024-10-09,APROBADO,1.32,True
3460,3460,oxxo,97859.8,2026-09-29,pendiente,0.9,True
687,687,efectivo,106541.87,2025-12-29,aprobado,0.72,True
3234,3234,efectivo,87529.64,2025-03-08,pendiente,0.71,True
3556,3556,oxxo,1.14,2025-01-07,pendiente,1.14,True
1390,1390,mpago,38114.19,2025-10-11,rechazado,1.25,True
940,940,tarjeta_debito,382697.76,2026-09-28,APROBADO,0.57,True
3508,3508,efectivo,1.23,2024-02-04,aprobado,1.23,True
2166,2166,oxxo,0.75,2025-01-03,rechazado,0.75,True
3465,3465,oxxo,2.09,2026-02-19,aprobado,2.09,True
1694,1694,efectivo,1101.03,2024-06-23,pendiente,1101.03,False
598,598,oxxo,32977.66,2024-05-26,APROBADO,26459.3,False
1637,1637,efectivo,2.11,2024-02-07,pendiente,2.11,True
446,446,transferencia,1.53,2024-08-29,pendiente,1.53,True
1768,1768,oxxo,0.0,2025-07-16,aprobado,0.0,True
1820,1820,tarjeta_debito,286929.91,2025-04-04,rechazado,-2.01,True
1536,1536,tarjeta_credito,7310.02,2025-05-24,pendiente,0.02,True
2315,2315,tarjeta_debito,9223.24,2026-05-24,rechazado,-0.52,True
622,622,transferencia,400172.66,2025-02-22,aprobado,2.4,True
1549,1549,tarjeta_debito,70117.0,2025-02-21,rechazado,-3.48,True
1963,1963,tarjeta_credito,86213.1,2026-09-18,aprobado,-0.87,True
1974,1974,tarjeta_debito,1372.79,2026-07-14,APROBADO,-1.77,True
3596,3596,tarjeta_debito,63405.74,2025-06-29,rechazado,-2.64,True
1119,1119,tarjeta_credito,0.0,2025-11-30,pendiente,0.0,True
2239,2239,efectivo,161822.19,2025-04-30,pendiente,0.02,True
1031,1031,tarjeta_debito,0.71,2026-05-15,aprobado,0.71,True
2779,2779,efectivo,2243.12,2026-05-26,rechazado,2243.12,False
834,834,efectivo,214082.35,2026-04-16,APROBADO,-1.19,True
3342,3342,tarjeta_debito,19957.13,2025-07-27,aprobado,5.13,False
1398,1398,efectivo,148278.85,2024-04-28,aprobado,1.07,True
1083,1083,tarjeta_debito,13668.7,2024-12-31,aprobado,-0.75,True
3014,3014,mpago,13982.0,2026-03-10,aprobado,2.99,True
574,574,tarjeta_debito,8681.66,2026-04-27,aprobado,0.06,True
2685,2685,transferencia,25710.11,2026-08-09,pendiente,-2.77,True
1616,1616,tarjeta_credito,16002.23,2026-09-10,APROBADO,-1.52,True
738,738,tarjeta_debito,0.0,2025-06-19,rechazado,0.0,True
1430,1430,efectivo,23865.39,2024-06-26,APROBADO,2.46,True
1222,1222,tarjeta_debito,294657.79,2026-02-25,rechazado,2.86,True
860,860,oxxo,260784.62,2026-03-15,rechazado,0.35,True
1374,1374,transferencia,6008.01,2024-07-05,pendiente,-1.64,True
2443,2443,transferencia,3529.6,2025-03-09,aprobado,-1.31,True
409,409,efectivo,69826.64,2025-03-31,aprobado,2.64,True
1699,1699,oxxo,3666.54,2025-09-06,APROBADO,-2.5,True
3579,3579,efectivo,0.0,2025-11-15,APROBADO,0.0,True
1780,1780,mpago,0.0,2025-06-11,aprobado,0.0,True
2553,2553,tarjeta_debito,7522.34,2026-07-22,pendiente,0.24,True
414,414,oxxo,0.0,2024-12-21,aprobado,0.0,True
805,805,efectivo,0.0,2026-06-05,APROBADO,0.0,True
618,618,mpago,2.42,2026-08-07,pendiente,2.42,True
405,405,efectivo,2085.0,2026-04-27,APROBADO,-0.66,True
1178,1178,mpago,0.0,2025-11-22,pendiente,0.0,True
2786,2786,transferencia,17215.0,2025-09-01,aprobado,1.22,True
847,847,transferencia,0.15,2024-12-09,pendiente,0.15,True
3282,3282,tarjeta_debito,21094.45,2024-09-23,aprobado,-0.95,True
2452,2452,tarjeta_credito,1.45,2026-08-08,pendiente,1.45,True
3093,3093,tarjeta_debito,9945.38,2025-08-04,aprobado,1.38,True
3459,3459,mpago,136897.18,2025-11-22,rechazado,1.74,True
118,118,efectivo,38497.25,2025-02-19,aprobado,2.36,True
2803,2803,mpago,1328.86,2025-06-20,rechazado,-2.1,True
135,135,tarjeta_debito,2330.38,2024-09-25,aprobado,-0.62,True
554,554,tarjeta_credito,0.82,2026-05-12,rechazado,0.82,True
2185,2185,transferencia,29416.8,2025-08-14,rechazado,1.98,True
956,956,transferencia,455961.03,2025-08-11,rechazado,2.87,True
1889,1889,oxxo,27844.0,2024-09-23,rechazado,2.82,True
356,356,tarjeta_debito,58598.0,2026-04-24,aprobado,8667.94,False
2073,2073,tarjeta_credito,0.0,2026-03-24,aprobado,0.0,True
2819,2819,transferencia,0.52,2024-02-21,APROBADO,0.52,True
2432,2432,tarjeta_credito,188633.97,2025-01-09,APROBADO,2673.66,False
1141,1141,oxxo,0.0,2025-01-27,rechazado,0.0,True
1607,1607,transferencia,2.58,2025-03-17,APROBADO,2.58,True
3577,3577,mpago,5207.86,2025-11-15,rechazado,-0.05,True
3237,3237,mpago,2223.33,2025-07-15,aprobado,-0.03,True
2040,2040,oxxo,9139.0,2024-02-25,rechazado,2.95,True
2506,2506,efectivo,231268.5,2026-06-15,aprobado,-0.4,True
3281,3281,oxxo,26580.0,2026-03-21,APROBADO,-0.96,True
1407,1407,transferencia,134964.77,2025-08-28,APROBADO,-2.28,True
2539,2539,efectivo,3845.19,2025-04-22,aprobado,-2.49,True
1480,1480,tarjeta_debito,97107.0,2025-03-03,APROBADO,1.62,True
60,60,oxxo,16764.11,2026-05-09,aprobado,1.43,True
3194,3194,efectivo,0.0,2024-02-07,APROBADO,0.0,True
363,363,transferencia,18813.0,2026-08-09,pendiente,18813.0,False
1647,1647,mpago,39345.39,2024-01-02,APROBADO,26571.14,False
216,216,mpago,0.0,2025-10-15,aprobado,0.0,True
1408,1408,oxxo,24321.16,2025-06-20,APROBADO,0.17,True
845,845,transferencia,2.5,2025-10-12,APROBADO,2.5,True
1067,1067,oxxo,402361.04,2024-04-22,rechazado,402361.04,False
3099,3099,transferencia,124184.46,2026-03-29,aprobado,-1.34,True
1625,1625,mpago,201759.95,2024-07-12,pendiente,1.79,True
226,226,tarjeta_credito,289413.41,2025-03-26,rechazado,2.92,True
2939,2939,tarjeta_credito,2752.23,2024-04-29,aprobado,-2.97,True
3438,3438,tarjeta_credito,0.0,2026-08-12,aprobado,0.0,True
1252,1252,tarjeta_debito,52918.0,2025-06-23,pendiente,-1.78,True
1936,1936,tarjeta_debito,11215.54,2026-01-24,pendiente,1.42,True
3392,3392,tarjeta_credito,40816.63,2024-07-12,APROBADO,-4.29,True
2870,2870,efectivo,0.0,2025-12-31,aprobado,0.0,True
629,629,tarjeta_credito,7447.94,2026-06-16,APROBADO,-1.21,True
931,931,oxxo,0.0,2025-07-22,rechazado,0.0,True
2901,2901,tarjeta_credito,10699.75,2026-07-08,aprobado,-1.96,True
71,71,transferencia,0.0,2026-02-23,pendiente,0.0,True
1075,1075,mpago,19019.23,2024-12-10,APROBADO,19019.23,False
1110,1110,efectivo,0.24,2026-05-22,APROBADO,0.24,True
224,224,efectivo,47430.81,2026-06-04,APROBADO,-1.76,True
3232,3232,mpago,44036.07,2025-07-18,aprobado,2.83,True
2679,2679,tarjeta_credito,49004.22,2025-03-23,aprobado,0.22,True
912,912,tarjeta_debito,72380.64,2024-01-19,aprobado,0.66,True
3196,3196,transferencia,49422.19,2026-03-06,aprobado,1.83,True
1241,1241,mpago,10807.97,2026-01-22,aprobado,-0.25,True
516,516,tarjeta_credito,3.0,2024-10-14,APROBADO,3.0,True
3015,3015,mpago,203416.27,2026-02-07,aprobado,-1.66,True
1898,1898,transferencia,133813.97,2026-03-25,aprobado,-4.03,True
1896,1896,mpago,4346.87,2025-11-28,rechazado,2.91,True
2800,2800,efectivo,37585.27,2024-07-06,aprobado,-4.73,True
2623,2623,tarjeta_debito,17452.3,2024-11-28,aprobado,-2.42,True
1836,1836,mpago,177020.59,2025-02-03,aprobado,-0.33,True
1215,1215,transferencia,2381.13,2024-05-08,aprobado,-2.37,True
3557,3557,mpago,38082.16,2025-06-02,pendiente,1.28,True
1474,1474,efectivo,0.26,2026-08-22,aprobado,0.26,True
2512,2512,oxxo,0.63,2024-06-08,aprobado,0.63,True
3337,3337,oxxo,0.96,2024-10-19,rechazado,0.96,True
1719,1719,tarjeta_debito,65578.58,2025-06-20,rechazado,-1.62,True
35,35,oxxo,446238.74,2026-05-31,aprobado,0.97,True
3161,3161,efectivo,8743.0,2025-03-15,aprobado,8743.0,False
2293,2293,efectivo,164454.37,2025-05-10,aprobado,-2.39,True
1640,1640,oxxo,0.0,2026-05-18,aprobado,0.0,True
3600,3600,tarjeta_debito,4014.73,2024-07-18,APROBADO,-2.02,True
1864,1864,mpago,0.17,2025-02-07,aprobado,0.17,True
1258,1258,oxxo,1.66,2025-04-11,pendiente,1.66,True
531,531,oxxo,0.0,2026-05-24,aprobado,0.0,True
853,853,oxxo,4267.03,2026-06-29,aprobado,1.92,True
2560,2560,mpago,2.0,2026-09-23,pendiente,2.0,True
3178,3178,efectivo,109443.75,2026-07-28,pendiente,-0.25,True
666,666,efectivo,223643.02,2025-02-28,aprobado,2.54,True
2168,2168,transferencia,2.47,2024-09-08,aprobado,2.47,True
1409,1409,transferencia,0.0,2025-06-10,pendiente,0.0,True
148,148,transferencia,183881.62,2026-06-26,rechazado,2.13,True
651,651,mpago,16032.0,2026-09-08,APROBADO,2.03,True
550,550,oxxo,167.35,2025-08-26,pendiente,2.67,True
204,204,transferencia,1636.69,2024-09-03,pendiente,2.39,True
1991,1991,tarjeta_debito,126329.0,2024-01-17,aprobado,-1.8,True
567,567,tarjeta_credito,129273.0,2025-01-12,aprobado,2.05,True
3407,3407,tarjeta_debito,92794.57,2025-08-03,APROBADO,-2.32,True
349,349,oxxo,1652.0,2024-05-15,aprobado,0.48,True
3182,3182,mpago,304012.0,2024-06-05,aprobado,152187.71,False
1744,1744,transferencia,0.0,2025-07-15,aprobado,0.0,True
2528,2528,tarjeta_credito,0.0,2026-01-10,rechazado,0.0,True
3457,3457,transferencia,94344.79,2024-12-27,APROBADO,-0.97,True
1061,1061,tarjeta_credito,15553.76,2026-04-13,APROBADO,-4.24,True
496,496,transferencia,6079.7,2025-02-21,aprobado,-0.3,True
2958,2958,mpago,109639.97,2025-04-10,rechazado,-2.06,True
2788,2788,tarjeta_debito,0.0,2026-07-10,aprobado,0.0,True
510,510,tarjeta_credito,4893.0,2026-07-13,aprobado,-1.54,True
1705,1705,tarjeta_credito,1.85,2024-02-12,pendiente,1.85,True
2333,2333,efectivo,19160.78,2024-09-24,aprobado,0.14,True
2666,2666,efectivo,0.0,2025-12-20,APROBADO,0.0,True
2746,2746,tarjeta_credito,0.0,2025-05-30,APROBADO,0.0,True
641,641,tarjeta_credito,98613.14,2025-08-15,rechazado,1.86,True
3550,3550,mpago,124475.02,2024-07-22,pendiente,-2.76,True
261,261,tarjeta_credito,20856.0,2026-04-18,APROBADO,2.2,True
2382,2382,oxxo,1405.83,2025-10-28,pendiente,2.31,True
604,604,tarjeta_credito,938.0,2024-03-20,APROBADO,0.0,True
515,515,tarjeta_debito,0.0,2026-01-01,rechazado,0.0,True
1244,1244,mpago,320013.0,2024-03-21,APROBADO,29414.2,False
1661,1661,mpago,76344.92,2026-03-04,pendiente,-2.0,True
169,169,mpago,16062.0,2025-08-15,rechazado,-1.13,True
186,186,tarjeta_credito,0.0,2026-07-01,pendiente,0.0,True
3156,3156,mpago,9135.98,2025-12-06,aprobado,-3.02,True
742,742,oxxo,106262.8,2025-12-21,aprobado,-0.08,True
1657,1657,transferencia,1949.0,2024-10-31,APROBADO,-3.0,True
3593,3593,oxxo,32032.1,2025-07-13,aprobado,-2.83,True
427,427,tarjeta_debito,32743.84,2026-07-24,APROBADO,-3.92,True
3157,3157,transferencia,102961.0,2025-09-13,rechazado,1.03,True
1862,1862,mpago,5170.0,2024-08-31,rechazado,1.21,True
2348,2348,tarjeta_credito,1.41,2025-07-23,aprobado,1.41,True
1957,1957,tarjeta_debito,24510.54,2025-08-01,rechazado,-1.81,True
665,665,transferencia,179721.34,2024-04-06,rechazado,-0.49,True
2747,2747,transferencia,0.0,2025-02-22,aprobado,0.0,True
2194,2194,tarjeta_credito,138716.85,2024-10-12,aprobado,0.95,True
2601,2601,mpago,2.01,2024-01-29,pendiente,2.01,True
2241,2241,tarjeta_credito,264124.46,2026-08-21,aprobado,-1.4,True
3138,3138,tarjeta_debito,36819.45,2026-05-31,aprobado,0.9,True
26,26,mpago,36947.32,2024-08-21,aprobado,1.82,True
1090,1090,oxxo,146728.83,2024-10-23,pendiente,38079.54,False
341,341,mpago,53506.43,2026-01-23,APROBADO,2.04,True
2827,2827,tarjeta_credito,2.0,2024-11-10,rechazado,2.0,True
2942,2942,transferencia,11157.82,2025-03-10,aprobado,-2.18,True
53,53,transferencia,49232.0,2025-09-11,aprobado,-1.11,True
498,498,efectivo,2.44,2024-09-27,APROBADO,2.44,True
1472,1472,mpago,59866.26,2024-06-01,APROBADO,0.12,True
929,929,tarjeta_debito,366743.0,2025-08-31,rechazado,-3.06,True
1878,1878,tarjeta_credito,208558.15,2024-11-27,pendiente,0.87,True
1348,1348,tarjeta_credito,4535.81,2025-09-09,aprobado,0.47,True
1316,1316,tarjeta_credito,0.0,2026-09-16,rechazado,0.0,True
2759,2759,mpago,103392.49,2026-01-28,aprobado,0.13,True
1464,1464,oxxo,0.0,2025-06-20,APROBADO,0.0,True
1730,1730,tarjeta_credito,0.0,2026-03-18,APROBADO,0.0,True
3369,3369,tarjeta_credito,2402.09,2026-08-02,aprobado,-1.77,True
763,763,transferencia,792.86,2024-03-20,pendiente,1.11,True
1072,1072,oxxo,0.11,2025-01-30,pendiente,0.11,True
2481,2481,transferencia,5969.54,2024-06-18,aprobado,-2.94,True
3521,3521,oxxo,16296.48,2024-08-20,APROBADO,0.79,True
406,406,oxxo,269672.27,2026-09-20,APROBADO,0.7,True
61,61,tarjeta_credito,2458.63,2025-01-16,APROBADO,1.43,True
161,161,tarjeta_debito,3900.7,2024-08-15,APROBADO,1.66,True
521,521,transferencia,2.78,2025-12-22,aprobado,2.78,True
3213,3213,tarjeta_debito,2.42,2024-03-21,APROBADO,2.42,True
1355,1355,transferencia,12473.0,2024-05-12,aprobado,3.0,True
3122,3122,oxxo,8879.46,2025-02-14,pendiente,2.09,True
3451,3451,efectivo,220320.04,2026-01-17,aprobado,-1.76,True
1098,1098,oxxo,145460.49,2024-08-21,aprobado,0.49,True
283,283,transferencia,3275.0,2026-08-19,aprobado,0.27,True
300,300,efectivo,3755.2,2024-11-11,aprobado,480.47,False
1238,1238,tarjeta_credito,19053.0,2026-06-24,rechazado,2.15,True
2264,2264,efectivo,422971.67,2025-02-22,APROBADO,-0.74,True
447,447,tarjeta_credito,202107.36,2026-02-04,APROBADO,-3.66,True
1008,1008,oxxo,14905.62,2025-07-16,rechazado,1.4,True
3339,3339,oxxo,99264.87,2025-03-18,aprobado,-3.13,True
3287,3287,oxxo,31470.0,2025-04-03,aprobado,-2.68,True
203,203,oxxo,0.0,2025-11-09,aprobado,0.0,True
6,6,mpago,11310.61,2025-05-25,APROBADO,0.13,True
2792,2792,efectivo,94301.77,2026-08-24,rechazado,5801.57,False
3500,3500,transferencia,10463.68,2026-05-11,rechazado,-1.2,True
19,19,tarjeta_credito,64716.4,2025-04-20,rechazado,3618.86,False
2260,2260,transferencia,2785.0,2024-06-12,rechazado,-2.84,True
2133,2133,mpago,78695.34,2024-05-14,aprobado,4377.31,False
1948,1948,tarjeta_credito,294909.0,2026-03-21,aprobado,-0.92,True
3131,3131,transferencia,15147.54,2025-04-16,APROBADO,-1.99,True
2972,2972,tarjeta_credito,15620.79,2025-07-06,pendiente,-2.25,True
2122,2122,mpago,20338.56,2024-09-07,aprobado,2.01,True
168,168,transferencia,0.82,2024-08-15,pendiente,0.82,True
2508,2508,oxxo,425341.63,2025-05-21,APROBADO,-2.45,True
1281,1281,tarjeta_credito,223466.72,2024-09-17,rechazado,-1.36,True
2072,2072,oxxo,48161.19,2024-09-04,rechazado,1.62,True
1920,1920,mpago,17701.52,2024-06-30,aprobado,6530.72,False
1381,1381,tarjeta_debito,23838.41,2026-05-29,aprobado,0.41,True
2171,2171,efectivo,19096.69,2025-11-03,aprobado,0.61,True
3569,3569,tarjeta_credito,0.0,2026-08-12,pendiente,0.0,True
1173,1173,tarjeta_credito,0.0,2026-03-30,rechazado,0.0,True
3594,3594,tarjeta_debito,0.0,2025-07-06,rechazado,0.0,True
2240,2240,oxxo,55934.97,2026-06-12,pendiente,0.06,True
2250,2250,oxxo,20606.13,2024-08-28,APROBADO,-0.03,True
1183,1183,tarjeta_credito,16645.81,2025-02-05,pendiente,0.56,True
2459,2459,oxxo,9349.41,2024-10-22,aprobado,0.73,True
753,753,tarjeta_credito,60360.03,2025-10-04,aprobado,-1.02,True
3433,3433,oxxo,15032.33,2025-03-24,pendiente,-2.95,True
3169,3169,oxxo,467844.71,2026-06-16,aprobado,-0.61,True
1366,1366,transferencia,183159.55,2026-02-09,aprobado,-0.98,True
1298,1298,oxxo,179115.28,2026-01-31,aprobado,2.23,True
818,818,mpago,309081.78,2025-12-20,pendiente,-1.29,True
1529,1529,mpago,9239.0,2025-06-24,aprobado,-2.47,True
2624,2624,mpago,42590.69,2025-07-17,aprobado,2.67,True
2663,2663,oxxo,38398.38,2025-12-07,aprobado,-5.08,False
2524,2524,tarjeta_debito,2.34,2024-09-29,aprobado,2.34,True
1893,1893,tarjeta_credito,11398.52,2025-10-11,rechazado,-1.4,True
3009,3009,tarjeta_debito,133700.73,2024-12-14,aprobado,2014.69,False
268,268,tarjeta_credito,1136.02,2025-08-13,aprobado,-1.65,True
1308,1308,efectivo,30576.72,2025-11-27,aprobado,-0.07,True
28,28,tarjeta_debito,102223.0,2026-06-09,aprobado,-2.46,True
2033,2033,tarjeta_debito,129924.71,2026-07-28,pendiente,1.42,True
2320,2320,tarjeta_credito,376797.57,2026-09-08,aprobado,-2.43,True
2815,2815,transferencia,0.0,2024-01-23,aprobado,0.0,True
1696,1696,efectivo,22554.24,2024-11-23,aprobado,1.32,True
2303,2303,tarjeta_debito,64293.08,2025-11-16,APROBADO,2.27,True
228,228,oxxo,1.0,2026-02-05,pendiente,1.0,True
223,223,oxxo,3925.0,2025-04-09,APROBADO,0.87,True
3132,3132,tarjeta_credito,65091.0,2026-01-16,aprobado,-1.84,True
1746,1746,tarjeta_debito,77257.57,2024-05-13,rechazado,0.29,True
3448,3448,oxxo,391565.11,2025-04-03,APROBADO,2.81,True
952,952,oxxo,0.0,2026-09-12,rechazado,0.0,True
72,72,tarjeta_credito,47115.0,2025-09-25,aprobado,-0.84,True
2519,2519,efectivo,0.0,2026-01-10,aprobado,0.0,True
2647,2647,tarjeta_debito,559.49,2024-08-16,rechazado,0.55,True
773,773,efectivo,0.0,2026-03-21,aprobado,0.0,True
3285,3285,transferencia,111486.0,2025-06-23,aprobado,-2.1,True
572,572,tarjeta_debito,1.0,2024-06-04,rechazado,1.0,True
3518,3518,transferencia,0.65,2025-01-02,APROBADO,0.65,True
2289,2289,tarjeta_debito,0.0,2026-01-30,pendiente,0.0,True
163,163,efectivo,0.0,2024-11-22,APROBADO,0.0,True
1339,1339,tarjeta_credito,314281.11,2024-01-21,aprobado,0.62,True
1887,1887,tarjeta_credito,203998.65,2024-07-16,rechazado,-1.35,True
2945,2945,mpago,383552.96,2024-10-31,rechazado,365589.16,False
141,141,oxxo,17425.0,2025-12-04,aprobado,-1.32,True
1686,1686,mpago,6128.87,2024-07-13,aprobado,0.73,True
2213,2213,tarjeta_debito,8465.41,2025-10-06,APROBADO,0.43,True
382,382,tarjeta_credito,7717.0,2026-02-10,aprobado,2.08,True
1565,1565,efectivo,62342.66,2026-09-17,rechazado,2.66,True
1925,1925,oxxo,98843.75,2025-10-31,APROBADO,-2.32,True
1363,1363,efectivo,14355.0,2025-08-19,rechazado,3.02,True
2956,2956,tarjeta_credito,4501.69,2026-01-28,aprobado,-1.83,True
628,628,tarjeta_credito,20304.23,2024-09-21,APROBADO,-2.78,True
3087,3087,tarjeta_credito,0.0,2025-05-26,rechazado,0.0,True
30,30,tarjeta_debito,0.0,2025-09-10,aprobado,0.0,True
1357,1357,tarjeta_debito,16648.0,2026-06-04,APROBADO,2.75,True
2597,2597,efectivo,108249.41,2024-09-01,aprobado,1.96,True
2981,2981,transferencia,0.0,2024-11-20,aprobado,0.0,True
3539,3539,transferencia,2.0,2024-05-16,APROBADO,2.0,True
497,497,transferencia,809.92,2026-01-12,pendiente,1.94,True
3104,3104,tarjeta_debito,2.87,2026-09-26,aprobado,2.87,True
920,920,oxxo,199158.2,2026-08-26,rechazado,0.28,True
953,953,tarjeta_credito,120499.69,2025-10-07,aprobado,-1.88,True
2631,2631,oxxo,107779.69,2025-12-23,APROBADO,2.87,True
1125,1125,mpago,30164.23,2026-02-11,aprobado,2.83,True
1964,1964,oxxo,110858.93,2025-12-27,aprobado,1.11,True
98,98,transferencia,184335.36,2024-09-14,aprobado,-2.92,True
907,907,mpago,10663.92,2026-04-03,pendiente,-1.32,True
3155,3155,efectivo,44567.04,2024-09-14,pendiente,-2.77,True
1226,1226,tarjeta_debito,93108.55,2025-09-09,pendiente,-2.36,True
825,825,oxxo,261348.69,2024-09-27,APROBADO,-1.97,True
3474,3474,tarjeta_debito,4244.94,2026-06-21,aprobado,1.4,True
34,34,mpago,26919.34,2026-09-09,aprobado,0.47,True
3113,3113,tarjeta_credito,22681.92,2025-04-13,APROBADO,-2.72,True
315,315,oxxo,2494.19,2024-01-23,rechazado,-0.21,True
1364,1364,efectivo,0.0,2025-12-10,rechazado,0.0,True
1500,1500,efectivo,0.0,2024-12-25,aprobado,0.0,True
2183,2183,oxxo,0.0,2025-12-15,APROBADO,0.0,True
2737,2737,mpago,524150.74,2025-11-10,aprobado,2.89,True
1576,1576,transferencia,55272.39,2024-07-03,rechazado,0.39,True
782,782,transferencia,178551.77,2026-05-20,APROBADO,-0.14,True
2044,2044,transferencia,51771.97,2026-04-09,APROBADO,1.97,True
992,992,oxxo,0.0,2026-01-03,pendiente,0.0,True
3063,3063,oxxo,164277.42,2026-03-01,rechazado,1.65,True
1019,1019,tarjeta_debito,2083.74,2025-11-19,rechazado,2.46,True
3045,3045,transferencia,134522.11,2024-12-22,aprobado,2760.03,False
1336,1336,oxxo,197270.0,2025-01-29,aprobado,-2.63,True
2384,2384,tarjeta_debito,114737.79,2024-05-03,aprobado,2.05,True
63,63,oxxo,205282.0,2026-07-19,APROBADO,0.38,True
299,299,transferencia,90118.51,2026-05-20,APROBADO,2843.33,False
314,314,tarjeta_debito,8707.0,2025-07-06,rechazado,-0.52,True
885,885,tarjeta_credito,0.0,2026-09-11,aprobado,0.0,True
435,435,transferencia,0.0,2026-01-06,pendiente,0.0,True
3338,3338,tarjeta_debito,73696.12,2026-09-24,aprobado,0.68,True
2482,2482,efectivo,151480.91,2024-03-31,rechazado,-2.62,True
304,304,tarjeta_debito,0.48,2024-12-21,aprobado,0.48,True
886,886,efectivo,1.0,2025-06-17,aprobado,1.0,True
1107,1107,mpago,165364.97,2025-11-26,aprobado,1.2,True
113,113,efectivo,102794.06,2025-09-20,aprobado,2.35,True
48,48,oxxo,0.0,2026-03-06,rechazado,0.0,True
1132,1132,tarjeta_credito,121193.38,2025-10-22,pendiente,-2.86,True
632,632,mpago,3781.09,2026-02-16,pendiente,1.64,True
1161,1161,tarjeta_debito,28806.54,2026-04-10,aprobado,2.91,True
1793,1793,mpago,106351.12,2026-06-23,aprobado,75622.62,False
2523,2523,oxxo,10794.19,2025-11-19,aprobado,-1.15,True
1595,1595,tarjeta_credito,4478.99,2024-12-11,aprobado,0.75,True
1210,1210,tarjeta_debito,2.19,2025-10-04,APROBADO,2.19,True
2635,2635,efectivo,0.18,2026-06-23,aprobado,0.18,True
1070,1070,mpago,24257.0,2025-01-12,APROBADO,0.77,True
2991,2991,oxxo,34998.28,2024-09-20,rechazado,2.86,True
2532,2532,tarjeta_debito,225586.43,2025-06-21,aprobado,208941.18,False
1524,1524,tarjeta_debito,13227.19,2024-03-15,aprobado,2.37,True
3306,3306,tarjeta_debito,201194.65,2024-07-10,aprobado,-1.86,True
3193,3193,mpago,7847.35,2026-07-18,rechazado,-0.91,True
179,179,transferencia,0.0,2026-09-06,rechazado,0.0,True
1441,1441,oxxo,2.62,2026-05-12,aprobado,2.62,True
2056,2056,efectivo,391070.11,2026-09-08,rechazado,0.97,True
2345,2345,mpago,66118.85,2026-03-17,aprobado,-0.19,True
3399,3399,transferencia,0.0,2026-02-15,rechazado,0.0,True
2456,2456,tarjeta_credito,2796.63,2025-08-17,rechazado,1.57,True
2952,2952,mpago,3653.14,2026-04-11,aprobado,-1.42,True
1427,1427,efectivo,56749.11,2026-03-02,APROBADO,-2.93,True
474,474,tarjeta_credito,0.0,2026-09-24,aprobado,0.0,True
366,366,efectivo,500810.13,2024-09-27,rechazado,-2.95,True
302,302,mpago,0.45,2025-02-03,aprobado,0.45,True
2218,2218,mpago,6081.0,2024-08-27,aprobado,-2.46,True
1318,1318,efectivo,32268.0,2024-01-12,rechazado,0.88,True
3542,3542,transferencia,1.53,2026-04-30,rechazado,1.53,True
528,528,tarjeta_debito,10739.42,2025-06-26,pendiente,1.06,True
2301,2301,oxxo,35209.19,2026-08-03,pendiente,1.91,True
420,420,tarjeta_debito,504681.0,2026-07-07,APROBADO,1.56,True
2189,2189,efectivo,26307.28,2025-11-05,APROBADO,-0.72,True
613,613,tarjeta_credito,16588.79,2026-05-08,rechazado,-0.45,True
3363,3363,tarjeta_credito,237442.24,2026-07-06,pendiente,-0.71,True
181,181,oxxo,103101.26,2026-10-07,rechazado,103101.26,False
3030,3030,efectivo,15894.68,2025-05-09,APROBADO,-1.89,True
2593,2593,tarjeta_debito,0.0,2026-04-04,aprobado,0.0,True
147,147,transferencia,0.0,2025-02-01,APROBADO,0.0,True
2768,2768,tarjeta_debito,1.43,2025-06-01,aprobado,1.43,True
130,130,tarjeta_debito,56529.0,2026-07-10,aprobado,-1.27,True
2485,2485,mpago,160.0,2026-06-15,rechazado,-1.37,True
2810,2810,oxxo,0.0,2024-02-27,rechazado,0.0,True
99,99,tarjeta_credito,0.0,2024-10-18,aprobado,0.0,True
3313,3313,efectivo,18030.0,2024-12-01,APROBADO,-0.39,True
727,727,tarjeta_credito,0.0,2024-02-22,pendiente,0.0,True
2464,2464,tarjeta_debito,24934.03,2025-10-01,rechazado,2.98,True
1859,1859,tarjeta_debito,88072.65,2024-09-11,APROBADO,-0.19,True
1373,1373,efectivo,1.0,2026-07-19,aprobado,1.0,True
3362,3362,tarjeta_credito,0.0,2026-04-02,pendiente,0.0,True
2856,2856,mpago,105537.49,2026-02-24,aprobado,-1.62,True
3049,3049,tarjeta_credito,23249.62,2026-05-09,pendiente,1.17,True
3355,3355,oxxo,8399.11,2025-05-21,aprobado,2.26,True
1971,1971,tarjeta_debito,3310.0,2025-11-17,rechazado,3310.0,False
2339,2339,efectivo,2.0,2025-07-22,APROBADO,2.0,True
1697,1697,transferencia,146246.42,2024-12-31,aprobado,146246.42,False
2892,2892,mpago,167598.36,2026-06-24,aprobado,-2.7,True
2203,2203,efectivo,22923.89,2026-08-13,aprobado,-2.51,True
751,751,transferencia,0.0,2026-04-10,APROBADO,0.0,True
1422,1422,mpago,0.0,2025-12-14,aprobado,0.0,True
323,323,transferencia,1257.98,2026-04-23,aprobado,1257.98,False
2403,2403,tarjeta_debito,30587.21,2025-09-01,aprobado,2.22,True
1938,1938,tarjeta_credito,0.0,2025-06-23,aprobado,0.0,True
1762,1762,mpago,15475.3,2024-05-03,rechazado,-0.16,True
2510,2510,tarjeta_debito,27637.87,2026-05-16,rechazado,1.81,True
2604,2604,tarjeta_debito,16273.71,2026-05-16,aprobado,16273.71,False
2313,2313,transferencia,25833.44,2026-06-15,aprobado,-0.8,True
2498,2498,mpago,2.52,2026-05-15,aprobado,2.52,True
184,184,oxxo,0.0,2025-09-18,rechazado,0.0,True
1710,1710,tarjeta_credito,6660.61,2026-09-14,rechazado,2.51,True
879,879,tarjeta_credito,185.23,2026-05-14,pendiente,-0.67,True
670,670,tarjeta_credito,23596.2,2024-04-19,aprobado,-1.62,True
2018,2018,tarjeta_credito,0.0,2024-11-27,aprobado,0.0,True
2680,2680,tarjeta_debito,4053.0,2026-07-18,pendiente,0.0,True
2745,2745,efectivo,53136.06,2026-07-12,APROBADO,-1.22,True
3505,3505,transferencia,0.0,2025-08-20,aprobado,0.0,True
2861,2861,oxxo,1.03,2024-10-28,APROBADO,1.03,True
1328,1328,oxxo,2.09,2024-04-17,pendiente,2.09,True
2083,2083,tarjeta_credito,30113.77,2025-03-13,aprobado,-2.23,True
2707,2707,oxxo,57914.63,2024-02-09,pendiente,-2.2,True
211,211,oxxo,30375.63,2026-10-05,rechazado,-0.37,True
1902,1902,tarjeta_credito,0.0,2025-04-26,aprobado,0.0,True
3200,3200,transferencia,250.23,2024-09-02,APROBADO,-0.44,True
1738,1738,oxxo,13359.34,2024-08-10,aprobado,-0.86,True
2292,2292,tarjeta_credito,5195.76,2024-12-20,pendiente,-2.96,True
3095,3095,oxxo,324341.49,2024-09-26,rechazado,1.83,True
1442,1442,mpago,2.13,2026-06-21,rechazado,2.13,True
943,943,efectivo,128330.18,2026-08-11,APROBADO,2.69,True
740,740,tarjeta_debito,3.0,2025-01-27,rechazado,3.0,True
2784,2784,oxxo,23077.2,2024-11-07,aprobado,1.84,True
990,990,efectivo,154232.0,2024-09-05,pendiente,137857.0,False
3559,3559,transferencia,183.34,2026-08-15,aprobado,183.34,False
3008,3008,tarjeta_credito,0.42,2025-04-23,pendiente,0.42,True
213,213,tarjeta_credito,83012.29,2024-12-02,APROBADO,-5.36,False
1729,1729,efectivo,249487.18,2025-02-23,aprobado,215405.75,False
3269,3269,efectivo,102878.56,2025-11-01,rechazado,2.63,True
1998,1998,mpago,0.0,2026-06-15,rechazado,0.0,True
1689,1689,tarjeta_credito,1398.85,2025-12-08,pendiente,-1.35,True
390,390,oxxo,136057.0,2024-06-27,pendiente,-2.21,True
2859,2859,oxxo,64596.07,2025-08-26,pendiente,1.26,True
2733,2733,efectivo,0.0,2024-04-06,APROBADO,0.0,True
175,175,tarjeta_credito,11926.0,2024-05-14,aprobado,-1.72,True
3076,3076,tarjeta_credito,2455.38,2025-07-02,aprobado,-0.94,True
1163,1163,tarjeta_debito,1.93,2025-03-31,pendiente,1.93,True
1782,1782,oxxo,210969.43,2025-11-14,rechazado,-1.55,True
1792,1792,transferencia,2.64,2024-02-29,aprobado,2.64,True
2948,2948,tarjeta_debito,28700.13,2024-03-17,aprobado,-0.03,True
3197,3197,oxxo,56021.13,2024-05-14,aprobado,-2.87,True
1313,1313,transferencia,4881.37,2024-12-07,aprobado,2.72,True
1358,1358,tarjeta_debito,45865.79,2025-07-25,APROBADO,0.77,True
1656,1656,oxxo,2805.45,2025-10-15,aprobado,-1.59,True
2230,2230,transferencia,205677.08,2025-10-17,aprobado,2.04,True
1727,1727,tarjeta_debito,52621.26,2024-09-10,aprobado,-2.22,True
1230,1230,oxxo,73900.12,2024-12-09,rechazado,-1.88,True
2914,2914,oxxo,4926.0,2025-10-09,aprobado,-3.12,True
88,88,mpago,17957.0,2024-11-12,aprobado,-2.2,True
2937,2937,mpago,4418.16,2024-12-11,aprobado,1.23,True
3073,3073,efectivo,153283.0,2026-01-03,aprobado,-2.12,True
2915,2915,mpago,472332.2,2025-03-26,aprobado,246180.04,False
744,744,oxxo,2.23,2024-12-18,APROBADO,2.23,True
1375,1375,mpago,41688.33,2025-05-15,APROBADO,0.9,True
2267,2267,transferencia,69701.33,2026-09-04,rechazado,-1.48,True
1015,1015,tarjeta_debito,2.7,2026-05-11,aprobado,2.7,True
938,938,mpago,127405.0,2025-12-04,pendiente,-2.3,True
2735,2735,tarjeta_credito,1.48,2026-08-25,aprobado,1.48,True
2595,2595,tarjeta_debito,278468.0,2026-02-20,APROBADO,-3.12,True
2035,2035,mpago,0.0,2026-04-09,APROBADO,0.0,True
3378,3378,efectivo,40807.0,2026-02-25,aprobado,1.3,True
2247,2247,efectivo,0.52,2025-12-05,pendiente,0.52,True
530,530,transferencia,14944.04,2024-04-03,aprobado,2.22,True
1197,1197,mpago,38690.91,2026-04-06,aprobado,-2.21,True
38,38,transferencia,0.49,2025-10-22,aprobado,0.49,True
2718,2718,efectivo,1233.71,2025-03-18,pendiente,0.23,True
3039,3039,efectivo,532755.16,2026-02-23,aprobado,2.91,True
2614,2614,tarjeta_credito,193194.0,2026-08-24,aprobado,-1.03,True
2144,2144,efectivo,0.0,2024-12-08,aprobado,0.0,True
2736,2736,tarjeta_credito,20224.0,2024-06-17,rechazado,0.0,True
836,836,transferencia,1561.52,2025-07-19,rechazado,-2.56,True
311,311,oxxo,38406.61,2026-09-11,aprobado,1.77,True
2195,2195,transferencia,68134.72,2026-09-21,pendiente,0.26,True
2964,2964,tarjeta_credito,144788.79,2026-07-14,aprobado,2.44,True
3430,3430,tarjeta_debito,2.96,2025-03-11,aprobado,2.96,True
3463,3463,efectivo,29321.0,2025-02-22,APROBADO,-0.78,True
1541,1541,efectivo,302110.0,2025-06-27,aprobado,-0.86,True
690,690,efectivo,0.73,2024-12-25,aprobado,0.73,True
2473,2473,oxxo,2.86,2026-09-09,pendiente,2.86,True
974,974,mpago,2.86,2024-07-12,aprobado,2.86,True
3477,3477,mpago,194408.0,2025-12-14,aprobado,-2.51,True
2715,2715,tarjeta_credito,47386.22,2026-04-11,rechazado,0.59,True
2683,2683,mpago,3735.46,2026-04-30,APROBADO,-0.02,True
24,24,tarjeta_debito,10564.65,2026-03-22,aprobado,10564.65,False
1628,1628,tarjeta_debito,0.0,2024-06-09,aprobado,0.0,True
2112,2112,tarjeta_credito,188989.52,2025-11-14,aprobado,2.06,True
965,965,efectivo,53678.73,2026-01-05,rechazado,550.38,False
2697,2697,tarjeta_credito,0.0,2024-02-24,aprobado,0.0,True
1555,1555,efectivo,46031.47,2025-10-28,aprobado,0.85,True
1052,1052,tarjeta_credito,268806.59,2025-05-26,pendiente,-0.13,True
3425,3425,oxxo,14842.09,2025-07-07,rechazado,-0.14,True
3033,3033,efectivo,13098.22,2026-04-26,APROBADO,-1.78,True
2161,2161,transferencia,177407.04,2024-07-09,APROBADO,167602.1,False
540,540,tarjeta_credito,0.0,2026-07-16,rechazado,0.0,True
1750,1750,efectivo,142080.64,2024-07-24,rechazado,-2.98,True
396,396,mpago,181274.4,2026-05-23,aprobado,181274.4,False
942,942,tarjeta_debito,21845.0,2026-07-19,aprobado,21845.0,False
961,961,oxxo,15636.0,2026-09-19,APROBADO,0.38,True
3455,3455,mpago,0.0,2025-06-23,aprobado,0.0,True
832,832,mpago,2449.85,2024-09-07,pendiente,2.58,True
1835,1835,transferencia,477876.98,2026-01-30,pendiente,1.25,True
2401,2401,transferencia,131005.65,2026-02-11,aprobado,-0.37,True
2774,2774,tarjeta_credito,1.26,2026-08-11,rechazado,1.26,True
78,78,efectivo,0.0,2025-10-21,aprobado,0.0,True
1315,1315,efectivo,411.42,2026-02-16,pendiente,0.2,True
1578,1578,transferencia,51366.11,2025-02-15,aprobado,1.51,True
1103,1103,efectivo,86510.52,2025-07-03,rechazado,0.28,True
1254,1254,efectivo,0.35,2026-04-13,APROBADO,0.35,True
750,750,efectivo,5213.89,2025-02-05,aprobado,-1.11,True
2449,2449,mpago,4487.78,2025-04-04,rechazado,-2.02,True
3247,3247,oxxo,10246.88,2024-07-30,rechazado,-1.12,True
2902,2902,transferencia,195238.0,2026-06-12,APROBADO,1.82,True
2599,2599,tarjeta_debito,0.0,2024-04-16,aprobado,0.0,True
2527,2527,oxxo,2.97,2024-11-05,aprobado,2.97,True
3069,3069,mpago,67343.7,2025-03-26,aprobado,0.0,True
1025,1025,efectivo,531574.38,2025-12-26,pendiente,-2.71,True
3588,3588,transferencia,0.0,2024-12-15,aprobado,0.0,True
191,191,tarjeta_credito,184088.35,2025-08-18,pendiente,-1.69,True
649,649,mpago,27408.8,2024-12-05,APROBADO,27408.8,False
1667,1667,mpago,0.0,2026-07-24,APROBADO,0.0,True
1988,1988,efectivo,26215.81,2026-07-11,pendiente,2.23,True
1165,1165,oxxo,1.08,2024-03-20,APROBADO,1.08,True
112,112,tarjeta_debito,2.08,2024-01-29,aprobado,2.08,True
1537,1537,mpago,17061.26,2025-12-15,rechazado,-0.01,True
2719,2719,transferencia,0.0,2025-02-26,pendiente,0.0,True
1504,1504,oxxo,16899.67,2026-05-27,aprobado,0.62,True
3489,3489,oxxo,1.97,2025-11-24,rechazado,1.97,True
809,809,mpago,45892.0,2024-10-11,APROBADO,0.39,True
2100,2100,transferencia,0.0,2024-04-16,aprobado,0.0,True
545,545,mpago,6045.22,2026-02-13,aprobado,2.94,True
1191,1191,transferencia,27282.39,2026-05-17,rechazado,-0.49,True
2674,2674,transferencia,161964.65,2025-06-10,aprobado,-0.33,True
1497,1497,tarjeta_credito,0.0,2026-08-28,aprobado,0.0,True
3126,3126,transferencia,2.46,2025-11-15,rechazado,2.46,True
3082,3082,mpago,40230.13,2025-12-18,aprobado,-1.83,True
1421,1421,tarjeta_debito,83990.0,2024-12-02,pendiente,-0.4,True
3165,3165,mpago,4866.99,2026-03-29,rechazado,1.59,True
2840,2840,tarjeta_credito,323456.63,2025-11-01,aprobado,5865.77,False
1168,1168,tarjeta_debito,10569.98,2024-08-29,aprobado,1.15,True
8,8,transferencia,2.0,2025-07-16,aprobado,2.0,True
621,621,oxxo,0.0,2025-12-22,APROBADO,0.0,True
2190,2190,efectivo,26662.43,2025-04-14,APROBADO,-1.57,True
3483,3483,oxxo,1109.72,2026-08-29,aprobado,-0.61,True
1176,1176,oxxo,2466.03,2025-04-27,rechazado,2.19,True
1473,1473,mpago,2820.83,2026-10-07,aprobado,1.46,True
136,136,tarjeta_credito,0.0,2024-01-29,aprobado,0.0,True
1608,1608,mpago,24775.0,2026-05-19,APROBADO,-1.99,True
185,185,transferencia,156420.78,2024-10-29,aprobado,2.82,True
3590,3590,efectivo,39686.47,2026-08-20,APROBADO,-1.39,True
1255,1255,transferencia,108721.25,2024-10-22,aprobado,-2.41,True
1440,1440,tarjeta_debito,2.07,2024-11-06,aprobado,2.07,True
562,562,efectivo,158112.77,2025-08-14,aprobado,-2.96,True
998,998,tarjeta_debito,2.0,2025-07-14,rechazado,2.0,True
2010,2010,transferencia,144693.7,2024-07-30,aprobado,49270.26,False
994,994,tarjeta_debito,1.02,2024-09-27,rechazado,1.02,True
1202,1202,oxxo,70398.59,2026-03-30,rechazado,1.17,True
1691,1691,mpago,33278.85,2025-06-16,rechazado,0.68,True
3023,3023,tarjeta_debito,1.87,2025-08-31,APROBADO,1.87,True
134,134,oxxo,27753.31,2024-01-05,aprobado,0.67,True
3437,3437,transferencia,23937.5,2024-04-11,aprobado,3863.95,False
2287,2287,tarjeta_debito,86500.0,2025-09-14,APROBADO,1450.99,False
3524,3524,transferencia,15288.93,2025-02-18,APROBADO,1.03,True
381,381,transferencia,1.0,2025-02-16,APROBADO,1.0,True
2410,2410,mpago,2919.0,2025-08-28,pendiente,0.18,True
360,360,transferencia,3.0,2024-10-21,pendiente,3.0,True
2739,2739,oxxo,386094.33,2024-05-12,aprobado,0.28,True
1981,1981,oxxo,2.0,2026-03-22,APROBADO,2.0,True
2742,2742,efectivo,25027.13,2026-09-04,aprobado,2.73,True
2626,2626,transferencia,146362.17,2025-01-25,APROBADO,95775.11,False
983,983,mpago,12902.79,2026-06-05,APROBADO,4073.87,False
3186,3186,mpago,50138.1,2026-03-20,aprobado,2.26,True
3108,3108,oxxo,35581.0,2025-08-12,APROBADO,1.87,True
3254,3254,tarjeta_debito,14479.84,2024-06-24,pendiente,1.23,True
2467,2467,efectivo,2103.16,2026-04-24,rechazado,-2.84,True
3228,3228,oxxo,0.0,2024-10-19,pendiente,0.0,True
675,675,tarjeta_debito,6915.35,2024-07-16,APROBADO,-1.45,True
3403,3403,tarjeta_debito,101004.82,2025-08-29,rechazado,2.07,True
647,647,tarjeta_debito,2.24,2024-09-25,rechazado,2.24,True
3202,3202,tarjeta_debito,0.0,2024-07-28,aprobado,0.0,True
716,716,oxxo,1.36,2025-01-30,pendiente,1.36,True
939,939,transferencia,42166.83,2024-02-23,APROBADO,-0.85,True
2229,2229,efectivo,0.0,2024-12-09,aprobado,0.0,True
2445,2445,tarjeta_credito,11344.39,2026-09-05,rechazado,2.07,True
2252,2252,oxxo,1.57,2026-02-22,rechazado,1.57,True
3509,3509,tarjeta_debito,0.0,2024-12-24,rechazado,0.0,True
1112,1112,mpago,546591.31,2025-09-11,APROBADO,165934.59,False
603,603,oxxo,80419.0,2026-01-10,aprobado,-1.01,True
2086,2086,transferencia,4855.49,2025-06-22,aprobado,2.22,True
218,218,transferencia,3364.0,2024-10-16,aprobado,-2.45,True
3541,3541,transferencia,59821.79,2024-06-19,rechazado,-1.31,True
2091,2091,transferencia,2.0,2026-08-24,aprobado,2.0,True
906,906,oxxo,163657.73,2024-08-22,pendiente,0.3,True
295,295,tarjeta_credito,804.81,2026-04-27,aprobado,1.46,True
1460,1460,tarjeta_debito,92382.86,2026-08-29,aprobado,-2.08,True
448,448,oxxo,10403.0,2026-08-01,aprobado,578.81,False
2286,2286,oxxo,3913.22,2025-03-11,APROBADO,2.95,True
542,542,mpago,0.0,2025-08-14,pendiente,0.0,True
236,236,tarjeta_debito,2.47,2024-09-18,rechazado,2.47,True
90,90,tarjeta_credito,2.0,2024-09-16,aprobado,2.0,True
219,219,efectivo,16245.55,2025-03-20,rechazado,11114.63,False
3510,3510,tarjeta_debito,0.0,2025-12-05,rechazado,0.0,True
2711,2711,oxxo,1.54,2025-05-23,pendiente,1.54,True
1875,1875,tarjeta_debito,35116.0,2025-08-10,aprobado,-2.33,True
3110,3110,tarjeta_credito,0.0,2024-03-17,pendiente,0.0,True
1677,1677,efectivo,125903.48,2026-06-27,APROBADO,125903.48,False
2170,2170,oxxo,324859.4,2026-03-12,aprobado,309.28,False
1776,1776,efectivo,49260.0,2025-01-05,pendiente,2.87,True
694,694,oxxo,46740.96,2025-12-22,aprobado,-1.74,True
816,816,tarjeta_debito,0.0,2025-03-02,aprobado,0.0,True
2835,2835,transferencia,107333.43,2024-02-28,rechazado,-1.73,True
2109,2109,transferencia,2.92,2024-12-22,APROBADO,2.92,True
1229,1229,tarjeta_debito,14965.53,2026-02-27,pendiente,-0.87,True
3432,3432,oxxo,33778.0,2025-01-19,APROBADO,33778.0,False
3206,3206,mpago,22635.31,2025-02-14,APROBADO,-2.41,True
3184,3184,oxxo,133284.0,2026-01-04,aprobado,-1.5,True
1702,1702,oxxo,488322.29,2026-09-05,pendiente,153120.29,False
1209,1209,tarjeta_debito,2.05,2026-02-24,aprobado,2.05,True
3238,3238,transferencia,118164.5,2024-03-15,aprobado,705.41,False
2638,2638,tarjeta_debito,267804.0,2026-01-04,APROBADO,78682.22,False
652,652,tarjeta_debito,2.76,2024-07-01,APROBADO,2.76,True
2025,2025,tarjeta_credito,0.0,2026-07-12,rechazado,0.0,True
1003,1003,transferencia,789355.49,2026-04-15,APROBADO,129171.51,False
1930,1930,mpago,0.0,2025-11-26,pendiente,0.0,True
325,325,efectivo,26485.8,2026-09-17,APROBADO,-2.01,True
1781,1781,efectivo,0.0,2026-09-25,pendiente,0.0,True
3035,3035,tarjeta_credito,376327.52,2025-05-30,aprobado,-0.07,True
330,330,oxxo,0.0,2025-07-21,APROBADO,0.0,True
1014,1014,mpago,25294.45,2025-06-29,rechazado,1.36,True
2605,2605,efectivo,0.0,2024-06-04,pendiente,0.0,True
648,648,tarjeta_debito,235145.05,2025-02-02,aprobado,4291.75,False
116,116,efectivo,79191.3,2025-07-06,rechazado,-0.87,True
922,922,transferencia,55061.0,2024-07-29,rechazado,-1.0,True
1794,1794,efectivo,192228.0,2025-07-27,rechazado,-0.43,True
2275,2275,oxxo,2.0,2025-11-21,APROBADO,2.0,True
538,538,tarjeta_debito,251616.0,2024-01-21,rechazado,1.15,True
2148,2148,tarjeta_debito,282971.27,2026-06-16,APROBADO,2.82,True
1577,1577,mpago,17325.0,2025-06-01,aprobado,1.3,True
258,258,transferencia,755.27,2025-03-01,pendiente,-0.62,True
1102,1102,tarjeta_debito,370226.12,2024-12-12,rechazado,1.23,True
142,142,efectivo,245098.37,2026-01-20,aprobado,1.62,True
660,660,mpago,0.0,2024-03-26,rechazado,0.0,True
927,927,tarjeta_credito,11861.52,2026-07-19,aprobado,-0.42,True
209,209,transferencia,92686.61,2025-08-29,APROBADO,-2.29,True
2460,2460,efectivo,9363.61,2025-04-11,APROBADO,-1.19,True
2492,2492,mpago,25376.0,2026-01-18,rechazado,0.69,True
2138,2138,efectivo,0.0,2025-06-18,aprobado,0.0,True
1658,1658,tarjeta_credito,235114.79,2024-09-17,aprobado,1.1,True
2475,2475,mpago,25109.67,2024-10-02,pendiente,24818.11,False
2690,2690,mpago,15374.51,2026-03-20,aprobado,2.24,True
2434,2434,tarjeta_debito,5251.17,2024-05-21,rechazado,1.53,True
1550,1550,efectivo,1.0,2024-02-25,pendiente,1.0,True
2098,2098,mpago,1.54,2025-08-20,aprobado,1.54,True
2841,2841,tarjeta_credito,2313.45,2025-11-11,aprobado,2313.45,False
1,1,tarjeta_debito,264663.98,2025-01-28,aprobado,-2.86,True
823,823,mpago,215621.2,2024-12-29,aprobado,2.41,True
1985,1985,transferencia,5359.88,2024-04-01,aprobado,-1.58,True
2853,2853,oxxo,74579.16,2025-10-22,APROBADO,-0.72,True
923,923,tarjeta_credito,7337.9,2025-03-20,aprobado,-0.18,True
3498,3498,efectivo,245486.72,2025-07-18,aprobado,-0.49,True
2965,2965,mpago,335202.13,2024-06-09,pendiente,0.13,True
1352,1352,transferencia,4903.57,2026-01-15,aprobado,1.1,True
612,612,tarjeta_debito,0.0,2025-08-04,pendiente,0.0,True
2933,2933,oxxo,0.0,2025-10-05,aprobado,0.0,True
1306,1306,tarjeta_debito,639.45,2026-09-15,APROBADO,639.45,False
1299,1299,mpago,0.0,2025-06-29,APROBADO,0.0,True
2463,2463,efectivo,1.38,2025-06-11,pendiente,1.38,True
2176,2176,tarjeta_debito,41243.21,2025-12-31,APROBADO,2.87,True
2439,2439,mpago,1.0,2026-07-18,aprobado,1.0,True
320,320,tarjeta_credito,22925.64,2025-04-04,aprobado,2.53,True
2359,2359,transferencia,0.0,2024-05-25,aprobado,0.0,True
999,999,oxxo,99268.39,2025-05-13,aprobado,0.39,True
67,67,tarjeta_credito,0.0,2026-06-03,aprobado,0.0,True
2097,2097,tarjeta_debito,6813.18,2025-09-01,pendiente,-0.95,True
1624,1624,transferencia,20180.45,2026-04-24,rechazado,-1.11,True
1184,1184,oxxo,0.43,2026-09-22,APROBADO,0.43,True
1303,1303,mpago,9893.7,2025-01-29,aprobado,-2.97,True
2684,2684,tarjeta_debito,0.0,2025-11-16,aprobado,0.0,True
456,456,efectivo,454592.86,2025-10-08,pendiente,2.65,True
329,329,tarjeta_debito,408122.19,2024-07-22,aprobado,-3.17,True
3046,3046,tarjeta_debito,229179.39,2025-05-26,aprobado,1.1,True
1010,1010,oxxo,5044.09,2025-01-24,APROBADO,-2.21,True
110,110,mpago,765.44,2025-06-06,aprobado,-0.12,True
2568,2568,mpago,0.0,2024-08-07,rechazado,0.0,True
1918,1918,efectivo,2.79,2025-09-18,pendiente,2.79,True
176,176,tarjeta_debito,15397.87,2026-08-18,aprobado,-0.18,True
3390,3390,tarjeta_debito,184636.42,2025-10-23,aprobado,184636.42,False
1787,1787,transferencia,4544.11,2026-03-12,rechazado,0.33,True
3522,3522,efectivo,156439.94,2024-10-28,rechazado,2.63,True
2125,2125,efectivo,0.0,2026-05-01,aprobado,0.0,True
177,177,transferencia,0.0,2025-03-11,rechazado,0.0,True
2116,2116,tarjeta_credito,2106.0,2024-01-28,aprobado,0.72,True
145,145,tarjeta_credito,0.0,2026-02-04,rechazado,0.0,True
1559,1559,mpago,0.18,2025-02-08,pendiente,0.18,True
3452,3452,transferencia,337838.0,2026-05-06,APROBADO,1.67,True
1946,1946,tarjeta_credito,1783.95,2025-12-25,pendiente,3.08,True
893,893,oxxo,2.37,2026-09-08,APROBADO,2.37,True
1760,1760,efectivo,1472.0,2025-09-07,aprobado,-1.0,True
2231,2231,efectivo,73532.0,2026-02-11,APROBADO,0.36,True
1997,1997,tarjeta_credito,188325.45,2026-09-12,APROBADO,1.85,True
481,481,transferencia,0.0,2024-12-16,pendiente,0.0,True
3205,3205,mpago,17831.96,2026-01-15,aprobado,2.38,True
640,640,mpago,183601.0,2024-08-09,pendiente,2.08,True
2657,2657,tarjeta_debito,0.0,2025-03-26,APROBADO,0.0,True
3038,3038,oxxo,100890.39,2026-02-19,aprobado,-0.98,True
232,232,tarjeta_credito,105515.63,2025-07-18,aprobado,2.04,True
2332,2332,oxxo,8221.84,2025-08-28,aprobado,2.64,True
3319,3319,transferencia,1.0,2025-06-11,aprobado,1.0,True
1931,1931,transferencia,7966.25,2024-07-27,aprobado,0.47,True
2087,2087,tarjeta_debito,62677.73,2024-12-20,pendiente,-0.2,True
1301,1301,tarjeta_debito,0.0,2024-04-15,APROBADO,0.0,True
2775,2775,transferencia,0.28,2024-09-24,pendiente,0.28,True
2875,2875,mpago,7722.0,2025-02-01,APROBADO,2.82,True
2245,2245,tarjeta_credito,13556.0,2025-02-21,aprobado,-1.74,True
3555,3555,tarjeta_debito,171258.51,2025-09-02,rechazado,1.68,True
1021,1021,tarjeta_credito,130477.19,2025-03-18,aprobado,-2.01,True
394,394,mpago,0.0,2025-03-31,APROBADO,0.0,True
2724,2724,efectivo,24890.16,2024-11-10,rechazado,2.09,True
549,549,tarjeta_credito,0.0,2026-07-23,APROBADO,0.0,True
2926,2926,tarjeta_credito,2386.01,2024-10-30,aprobado,1.57,True
2501,2501,mpago,4060.18,2025-05-23,rechazado,0.84,True
3283,3283,mpago,105966.69,2025-04-22,aprobado,-1.17,True
265,265,mpago,10695.0,2024-10-12,rechazado,3.16,True
2797,2797,tarjeta_credito,0.0,2025-07-23,rechazado,0.0,True
1221,1221,transferencia,2.0,2025-10-19,APROBADO,2.0,True
1389,1389,oxxo,0.0,2024-12-15,APROBADO,0.0,True
1585,1585,tarjeta_debito,4830.0,2025-08-31,aprobado,1.7,True
1928,1928,mpago,0.98,2026-01-12,APROBADO,0.98,True
2975,2975,mpago,42614.0,2025-02-25,aprobado,1.72,True
1350,1350,transferencia,0.0,2026-05-11,rechazado,0.0,True
3322,3322,tarjeta_debito,175413.71,2024-09-30,aprobado,-2.91,True
2408,2408,mpago,60856.0,2025-05-11,rechazado,2.08,True
2944,2944,transferencia,0.07,2026-07-04,aprobado,0.07,True
1567,1567,tarjeta_debito,77097.64,2024-04-05,aprobado,2.23,True
164,164,mpago,5317.95,2025-02-07,aprobado,1.91,True
2996,2996,oxxo,2.87,2025-11-14,aprobado,2.87,True
1016,1016,transferencia,23302.85,2024-10-19,aprobado,-0.5,True
1242,1242,efectivo,271620.03,2024-07-03,pendiente,2.77,True
1646,1646,transferencia,6060.03,2024-01-01,APROBADO,-2.61,True
212,212,oxxo,23407.27,2025-05-27,APROBADO,1.27,True
1276,1276,transferencia,43355.36,2024-10-24,rechazado,-2.09,True
948,948,tarjeta_debito,1.12,2025-09-24,aprobado,1.12,True
788,788,efectivo,32985.52,2025-03-13,aprobado,0.68,True
947,947,oxxo,40835.36,2026-03-26,aprobado,2.75,True
2244,2244,efectivo,269929.95,2024-07-15,pendiente,4413.82,False
36,36,tarjeta_credito,2.91,2026-05-03,aprobado,2.91,True
3059,3059,transferencia,1.0,2024-05-06,pendiente,1.0,True
3255,3255,efectivo,145615.47,2025-06-17,rechazado,975.81,False
1216,1216,transferencia,2.34,2026-05-29,pendiente,2.34,True
3310,3310,transferencia,1.13,2024-11-21,APROBADO,1.13,True
507,507,efectivo,67674.88,2026-04-02,APROBADO,941.62,False
3330,3330,tarjeta_debito,25697.73,2025-02-22,APROBADO,5124.61,False
2074,2074,efectivo,1.98,2024-03-14,rechazado,1.98,True
2014,2014,transferencia,2.87,2026-01-20,APROBADO,2.87,True
270,270,tarjeta_debito,49635.71,2026-03-28,aprobado,2.29,True
1817,1817,oxxo,57533.99,2024-07-17,aprobado,2.39,True
3341,3341,efectivo,15273.03,2026-03-31,aprobado,0.15,True
3298,3298,tarjeta_credito,24871.62,2025-08-09,rechazado,1.47,True
1233,1233,transferencia,0.0,2025-11-09,rechazado,0.0,True
1343,1343,transferencia,1492.67,2025-11-06,APROBADO,0.44,True
2360,2360,transferencia,42943.0,2024-01-08,aprobado,-1.96,True
2411,2411,transferencia,37585.39,2025-08-20,rechazado,0.55,True
564,564,tarjeta_credito,158304.3,2026-05-09,rechazado,1.42,True
971,971,oxxo,17455.33,2024-09-12,aprobado,-1.11,True
2587,2587,tarjeta_debito,27062.2,2025-06-25,APROBADO,1.87,True
870,870,transferencia,4900.77,2025-03-16,pendiente,4900.77,False
2805,2805,transferencia,10288.74,2026-03-04,pendiente,-0.48,True
1188,1188,tarjeta_debito,423.72,2025-02-02,rechazado,0.08,True
2777,2777,tarjeta_debito,73497.51,2025-11-16,aprobado,73497.51,False
344,344,transferencia,214781.69,2025-11-13,APROBADO,0.31,True
2609,2609,tarjeta_debito,1041.1,2026-04-14,pendiente,1041.1,False
1774,1774,tarjeta_debito,63993.51,2026-09-10,pendiente,1653.51,False
2278,2278,tarjeta_debito,0.0,2025-02-17,aprobado,0.0,True
433,433,efectivo,330.78,2025-08-22,APROBADO,1.42,True
3271,3271,transferencia,2028.13,2024-03-01,aprobado,0.31,True
1962,1962,tarjeta_debito,196645.2,2024-01-27,pendiente,8671.06,False
393,393,oxxo,1.61,2025-10-07,rechazado,1.61,True
413,413,mpago,12317.75,2024-11-01,aprobado,-1.45,True
2610,2610,tarjeta_debito,6554.0,2026-05-10,rechazado,-2.02,True
2824,2824,tarjeta_debito,4298.2,2025-03-01,rechazado,-3.8,True
1511,1511,oxxo,81209.14,2024-05-24,aprobado,1.7,True
3222,3222,efectivo,989.53,2024-12-25,aprobado,1.45,True
3537,3537,tarjeta_credito,57040.85,2025-08-04,rechazado,22651.76,False
2084,2084,efectivo,7969.72,2025-11-09,aprobado,-1.28,True
3158,3158,tarjeta_credito,30268.73,2025-04-27,aprobado,2.22,True
686,686,transferencia,2.26,2026-08-25,rechazado,2.26,True
334,334,oxxo,0.0,2024-07-14,aprobado,0.0,True
854,854,mpago,0.0,2024-02-10,APROBADO,0.0,True
2573,2573,transferencia,15077.46,2025-12-29,aprobado,-0.54,True
2982,2982,oxxo,28002.16,2025-07-23,pendiente,-0.5,True
2102,2102,efectivo,0.63,2026-07-01,pendiente,0.63,True
3054,3054,tarjeta_credito,0.0,2025-10-03,rechazado,0.0,True
3144,3144,tarjeta_debito,2.0,2025-07-23,APROBADO,2.0,True
386,386,efectivo,388077.31,2024-01-16,rechazado,13710.92,False
2582,2582,transferencia,0.0,2026-03-24,pendiente,0.0,True
2105,2105,mpago,61662.29,2026-08-13,aprobado,-1.56,True
1304,1304,tarjeta_credito,34408.0,2026-09-15,aprobado,30775.06,False
838,838,mpago,1.51,2026-02-17,APROBADO,1.51,True
3528,3528,mpago,2.92,2025-10-29,aprobado,2.92,True
2422,2422,mpago,12875.93,2024-09-24,rechazado,-2.92,True
2163,2163,tarjeta_debito,0.0,2024-04-01,APROBADO,0.0,True
2547,2547,tarjeta_credito,18426.3,2024-11-30,aprobado,2.44,True
2851,2851,transferencia,44618.6,2026-07-18,aprobado,31232.95,False
719,719,efectivo,0.0,2026-04-25,aprobado,0.0,True
3496,3496,transferencia,0.73,2026-02-05,rechazado,0.73,True
238,238,tarjeta_debito,52851.17,2026-02-17,APROBADO,2.03,True
2529,2529,transferencia,11475.89,2026-07-02,pendiente,-3.23,True
263,263,tarjeta_credito,13586.4,2025-07-21,aprobado,0.91,True
2723,2723,efectivo,36521.64,2024-11-08,aprobado,-2.19,True
2820,2820,efectivo,398917.0,2024-11-20,aprobado,391068.34,False
1605,1605,mpago,23662.32,2024-04-11,aprobado,-0.45,True
1947,1947,transferencia,13070.88,2024-12-01,pendiente,-1.57,True
1248,1248,oxxo,44097.72,2026-04-06,rechazado,4.55,True
140,140,transferencia,16900.59,2026-04-01,pendiente,16900.59,False
1884,1884,mpago,1.57,2025-11-08,pendiente,1.57,True
2607,2607,tarjeta_debito,20341.6,2025-06-04,aprobado,8145.68,False
985,985,efectivo,2.9,2025-09-14,APROBADO,2.9,True
639,639,efectivo,4366.22,2025-01-18,pendiente,-1.77,True
3097,3097,tarjeta_debito,193693.29,2024-09-15,APROBADO,-0.31,True
1775,1775,tarjeta_debito,175992.14,2024-11-30,pendiente,2.81,True
2346,2346,tarjeta_debito,19289.43,2024-05-01,aprobado,1.21,True
2596,2596,tarjeta_debito,29368.94,2025-11-14,APROBADO,-0.82,True
2311,2311,tarjeta_debito,32748.06,2024-12-24,aprobado,0.97,True
908,908,tarjeta_credito,132145.24,2024-09-13,aprobado,25252.15,False
3301,3301,tarjeta_credito,71671.88,2025-06-19,aprobado,2.54,True
1158,1158,tarjeta_credito,50916.0,2026-07-17,pendiente,-1.62,True
1133,1133,tarjeta_credito,0.0,2025-02-02,pendiente,0.0,True
871,871,tarjeta_debito,3878.26,2025-11-04,aprobado,-1.54,True
3139,3139,efectivo,14905.29,2024-06-24,APROBADO,1.07,True
575,575,tarjeta_debito,9524.84,2024-08-08,rechazado,-1.33,True
1043,1043,tarjeta_debito,0.0,2024-11-15,aprobado,0.0,True
1525,1525,tarjeta_credito,2.0,2024-11-12,rechazado,2.0,True
2037,2037,tarjeta_credito,156504.59,2026-02-09,APROBADO,-0.59,True
2258,2258,mpago,364990.0,2024-06-02,pendiente,5018.15,False
1199,1199,tarjeta_credito,12004.0,2026-08-20,pendiente,8683.0,False
1596,1596,mpago,42540.13,2025-02-27,aprobado,41578.49,False
1385,1385,oxxo,9791.52,2025-01-18,rechazado,1.34,True
3245,3245,tarjeta_debito,0.0,2024-07-16,pendiente,0.0,True
2174,2174,tarjeta_credito,14413.11,2024-04-17,pendiente,2.15,True
1036,1036,transferencia,0.0,2024-10-16,aprobado,0.0,True
2791,2791,transferencia,122500.66,2024-08-12,aprobado,0.48,True
2834,2834,tarjeta_debito,0.03,2026-06-06,APROBADO,0.03,True
259,259,oxxo,211008.14,2026-01-30,pendiente,1.28,True
104,104,tarjeta_debito,34735.0,2025-01-16,aprobado,-0.87,True
2863,2863,transferencia,1.52,2026-02-18,aprobado,1.52,True
2825,2825,transferencia,475.0,2025-03-06,pendiente,1.16,True
56,56,mpago,1.0,2025-04-16,APROBADO,1.0,True
1545,1545,tarjeta_credito,335199.16,2026-01-13,APROBADO,-2.96,True
826,826,mpago,2021.96,2026-07-30,rechazado,-2.89,True
1622,1622,transferencia,68568.49,2024-11-19,aprobado,-1.15,True
1548,1548,oxxo,20173.57,2025-03-02,aprobado,-0.51,True
1345,1345,tarjeta_debito,133900.0,2025-01-30,APROBADO,-1.33,True
42,42,efectivo,0.0,2025-01-25,aprobado,0.0,True
2919,2919,tarjeta_credito,433930.28,2026-01-17,aprobado,-0.24,True
1700,1700,efectivo,145028.15,2025-01-19,APROBADO,-2.21,True
432,432,efectivo,76618.93,2026-05-12,aprobado,-1.31,True
58,58,oxxo,141359.86,2026-09-18,rechazado,3363.41,False
3019,3019,tarjeta_credito,283063.06,2026-05-06,aprobado,-4.5,True
2271,2271,efectivo,2.4,2024-01-21,aprobado,2.4,True
333,333,efectivo,37828.34,2026-03-08,aprobado,2.25,True
14,14,efectivo,0.0,2024-07-05,rechazado,0.0,True
2490,2490,efectivo,2.0,2025-08-07,APROBADO,2.0,True
2839,2839,mpago,114037.69,2024-04-26,pendiente,3.8,True
2579,2579,oxxo,1756.92,2024-04-28,aprobado,0.68,True
2153,2153,tarjeta_debito,44337.24,2026-03-16,pendiente,2.64,True
1193,1193,efectivo,14553.06,2024-11-11,rechazado,-0.62,True
1755,1755,transferencia,60229.0,2025-07-01,pendiente,-3.0,True
875,875,oxxo,1.83,2025-03-17,APROBADO,1.83,True
3373,3373,transferencia,12204.21,2024-07-15,rechazado,1.09,True
2233,2233,transferencia,52279.0,2025-06-12,pendiente,-2.6,True
4,4,tarjeta_credito,33395.69,2025-05-17,aprobado,1.89,True
602,602,tarjeta_debito,0.0,2025-05-05,aprobado,0.0,True
2224,2224,mpago,2666.01,2024-08-06,aprobado,-0.3,True
1812,1812,transferencia,56934.0,2026-02-24,pendiente,27319.24,False
434,434,oxxo,68542.2,2026-01-31,pendiente,-0.25,True
1096,1096,oxxo,7194.0,2024-03-06,rechazado,2.07,True
1134,1134,efectivo,92508.67,2024-03-31,pendiente,-1.15,True
380,380,tarjeta_credito,2939.98,2025-02-07,rechazado,-1.3,True
883,883,tarjeta_debito,26383.01,2024-07-31,aprobado,2.1,True
3022,3022,tarjeta_debito,32480.47,2025-07-24,pendiente,0.09,True
1868,1868,transferencia,2.75,2024-01-30,aprobado,2.75,True
3450,3450,transferencia,105306.68,2025-09-12,rechazado,-1.02,True
1613,1613,efectivo,771.8,2026-01-27,aprobado,771.8,False
3568,3568,mpago,49814.0,2025-12-16,aprobado,-0.2,True
2145,2145,oxxo,110883.72,2026-06-30,pendiente,-2.2,True
69,69,oxxo,0.7,2024-02-07,aprobado,0.7,True
387,387,efectivo,1.0,2025-07-17,aprobado,1.0,True
373,373,efectivo,14803.57,2026-05-23,aprobado,-2.36,True
159,159,tarjeta_debito,0.0,2025-05-09,APROBADO,0.0,True
2107,2107,tarjeta_debito,349352.96,2026-07-28,rechazado,2.0,True
2618,2618,oxxo,106630.19,2025-08-12,pendiente,-0.81,True
3598,3598,tarjeta_credito,0.6,2025-09-28,APROBADO,0.6,True
2024,2024,transferencia,3509.17,2026-02-04,aprobado,-0.83,True
2586,2586,transferencia,1243.0,2024-12-03,aprobado,1243.0,False
1419,1419,oxxo,1.22,2025-10-17,pendiente,1.22,True
1162,1162,tarjeta_credito,15668.0,2026-08-09,aprobado,-3.39,True
1379,1379,mpago,72064.27,2026-01-30,aprobado,-0.6,True
1154,1154,tarjeta_credito,3517.18,2026-04-03,APROBADO,-2.82,True
633,633,oxxo,1.79,2025-12-19,aprobado,1.79,True
1312,1312,tarjeta_debito,10668.67,2025-05-07,aprobado,1.92,True
1831,1831,efectivo,47506.08,2024-08-15,pendiente,-1.92,True
1063,1063,tarjeta_credito,3326.33,2024-07-29,aprobado,3326.33,False
3318,3318,transferencia,157885.12,2026-03-31,APROBADO,-2.71,True
1789,1789,tarjeta_credito,9639.0,2024-06-17,aprobado,2.68,True
321,321,transferencia,1232.51,2026-04-01,aprobado,-1.07,True
866,866,efectivo,176780.4,2024-06-29,aprobado,2.68,True
3216,3216,efectivo,38593.42,2026-01-20,APROBADO,-2.57,True
3017,3017,transferencia,13101.94,2024-07-25,aprobado,-1.9,True
1288,1288,mpago,307653.02,2024-06-18,aprobado,-2.38,True
779,779,tarjeta_debito,15783.0,2026-01-24,APROBADO,0.67,True
233,233,tarjeta_credito,0.0,2026-09-27,APROBADO,0.0,True
1120,1120,tarjeta_credito,13400.46,2024-11-11,aprobado,0.46,True
195,195,tarjeta_credito,1.98,2025-11-21,aprobado,1.98,True
3599,3599,oxxo,224890.26,2026-02-23,rechazado,-0.42,True
1139,1139,tarjeta_credito,6371.16,2026-07-13,pendiente,1.52,True
3219,3219,mpago,204681.43,2025-09-04,APROBADO,2.09,True
787,787,tarjeta_credito,5994.59,2025-11-01,rechazado,-2.3,True
3472,3472,tarjeta_credito,0.0,2024-04-02,APROBADO,0.0,True
1516,1516,tarjeta_credito,72088.43,2024-09-09,aprobado,-1.33,True
133,133,efectivo,2.71,2026-05-08,pendiente,2.71,True
1250,1250,mpago,155058.69,2025-09-09,aprobado,1.97,True
552,552,mpago,384552.0,2024-08-23,aprobado,-4.94,True
3274,3274,tarjeta_credito,7807.51,2024-10-10,aprobado,-0.49,True
3028,3028,mpago,60698.31,2025-12-19,rechazado,-2.12,True
2480,2480,oxxo,72283.43,2026-06-23,pendiente,1.87,True
1668,1668,transferencia,178949.17,2026-03-20,APROBADO,-0.31,True
2160,2160,tarjeta_debito,2210.53,2025-09-04,rechazado,0.46,True
777,777,transferencia,391843.0,2026-03-05,aprobado,2147.55,False
276,276,efectivo,47224.63,2026-03-01,rechazado,-1.99,True
442,442,oxxo,154060.72,2025-03-28,APROBADO,-2.17,True
1367,1367,tarjeta_credito,0.0,2024-08-26,pendiente,0.0,True
797,797,oxxo,36544.93,2025-03-04,aprobado,-1.96,True
1623,1623,tarjeta_credito,296.59,2025-07-02,aprobado,0.04,True
1400,1400,tarjeta_credito,0.0,2024-04-14,APROBADO,0.0,True
1185,1185,mpago,2721.6,2024-07-15,aprobado,2.0,True
597,597,transferencia,20777.22,2024-11-22,pendiente,1.27,True
708,708,oxxo,31408.21,2025-08-25,aprobado,0.11,True
631,631,transferencia,55793.08,2025-12-22,pendiente,3861.82,False
2071,2071,tarjeta_credito,4981.41,2026-06-28,aprobado,0.77,True
2646,2646,tarjeta_debito,65525.57,2024-03-15,pendiente,939.97,False
878,878,mpago,358909.02,2024-06-30,pendiente,-1.79,True
1539,1539,efectivo,23733.0,2024-11-15,aprobado,5676.76,False
2636,2636,oxxo,2520.63,2026-06-02,aprobado,-2.52,True
2402,2402,tarjeta_debito,25255.49,2025-11-13,aprobado,1.53,True
2814,2814,oxxo,3753.19,2024-07-07,aprobado,2.71,True
3279,3279,mpago,0.0,2026-09-23,aprobado,0.0,True
3062,3062,transferencia,0.0,2025-07-05,rechazado,0.0,True
1805,1805,mpago,0.82,2025-08-07,aprobado,0.82,True
1795,1795,transferencia,0.0,2025-05-02,aprobado,0.0,True
3065,3065,tarjeta_credito,118991.19,2026-01-18,aprobado,118991.19,False
3475,3475,transferencia,95880.76,2024-10-09,pendiente,0.41,True
2089,2089,efectivo,0.0,2024-06-05,APROBADO,0.0,True
1617,1617,efectivo,154691.87,2026-09-02,rechazado,2.17,True
905,905,tarjeta_debito,96773.84,2025-07-12,rechazado,-1.13,True
475,475,mpago,45511.56,2025-08-01,aprobado,-1.5,True
2787,2787,transferencia,100805.79,2025-07-21,pendiente,2.13,True
2921,2921,mpago,39188.78,2025-04-25,APROBADO,0.74,True
2318,2318,oxxo,2.1,2025-05-10,pendiente,2.1,True
312,312,tarjeta_debito,7777.56,2026-03-10,APROBADO,-0.4,True
1047,1047,mpago,108095.19,2026-07-16,pendiente,-1.28,True
416,416,tarjeta_credito,10945.64,2024-04-10,APROBADO,2847.44,False
1431,1431,efectivo,2.02,2024-05-13,rechazado,2.02,True
1171,1171,tarjeta_credito,0.0,2024-07-13,rechazado,0.0,True
1069,1069,efectivo,1.64,2026-08-20,APROBADO,1.64,True
3227,3227,tarjeta_credito,0.0,2025-01-19,pendiente,0.0,True
1475,1475,tarjeta_debito,8353.88,2025-11-09,APROBADO,2762.53,False
365,365,tarjeta_credito,0.8,2025-02-15,APROBADO,0.8,True
2653,2653,mpago,86497.35,2026-01-05,aprobado,84509.28,False
1863,1863,tarjeta_credito,3912.1,2026-06-03,rechazado,-1.78,True
2899,2899,oxxo,5612.0,2025-01-29,APROBADO,-4.0,True
2577,2577,tarjeta_credito,155224.0,2024-09-24,rechazado,-2.93,True
3502,3502,transferencia,61358.16,2026-01-28,aprobado,-1.38,True
2992,2992,efectivo,0.0,2025-02-21,aprobado,0.0,True
1828,1828,efectivo,76514.17,2025-11-24,pendiente,0.42,True
3176,3176,efectivo,4268.64,2024-06-14,aprobado,0.53,True
898,898,efectivo,155246.53,2025-09-18,aprobado,1.26,True
1905,1905,transferencia,2.34,2024-03-13,rechazado,2.34,True
3067,3067,tarjeta_debito,123577.37,2025-07-07,APROBADO,-2.27,True
863,863,oxxo,181116.0,2026-04-28,APROBADO,-2.29,True
3090,3090,mpago,82627.13,2026-05-17,aprobado,0.95,True
391,391,efectivo,179886.64,2026-04-09,pendiente,-2.65,True
1395,1395,efectivo,53452.67,2025-10-18,aprobado,0.67,True
1923,1923,efectivo,14410.15,2026-07-05,pendiente,-0.81,True
2069,2069,tarjeta_debito,3328.0,2026-08-24,rechazado,3328.0,False
1054,1054,tarjeta_credito,502970.97,2026-06-03,aprobado,-1.39,True
359,359,mpago,30774.76,2025-04-25,pendiente,1.88,True
282,282,efectivo,0.0,2026-04-25,aprobado,0.0,True
3563,3563,oxxo,96481.0,2026-08-08,aprobado,1.82,True
143,143,oxxo,16931.84,2025-07-16,aprobado,0.84,True
2146,2146,tarjeta_debito,3.0,2024-08-10,pendiente,3.0,True
461,461,tarjeta_credito,33329.0,2025-04-19,aprobado,7983.34,False
2990,2990,tarjeta_debito,54815.66,2024-09-11,aprobado,2.39,True
1095,1095,oxxo,19590.0,2025-05-31,pendiente,-3.0,True
2328,2328,mpago,51687.08,2024-04-27,rechazado,1.28,True
231,231,oxxo,49220.39,2025-07-05,aprobado,2.51,True
1508,1508,oxxo,27678.2,2025-06-11,aprobado,1.88,True
717,717,efectivo,0.0,2025-07-20,aprobado,0.0,True
682,682,tarjeta_debito,24512.0,2026-08-11,pendiente,-0.35,True
2862,2862,oxxo,11871.97,2026-05-19,aprobado,-0.24,True
2257,2257,tarjeta_credito,8444.32,2025-09-05,aprobado,-1.97,True
571,571,tarjeta_credito,26894.72,2026-05-01,rechazado,-1.56,True
500,500,mpago,281097.35,2026-03-23,rechazado,-1.58,True
2433,2433,transferencia,120715.42,2025-02-20,rechazado,1.78,True
2386,2386,mpago,0.0,2024-07-25,aprobado,0.0,True
2830,2830,mpago,0.0,2024-09-02,pendiente,0.0,True
3266,3266,oxxo,11498.39,2026-02-10,rechazado,2.17,True
2677,2677,tarjeta_credito,0.0,2025-07-17,APROBADO,0.0,True
2662,2662,tarjeta_debito,155010.7,2025-11-25,APROBADO,0.98,True
2154,2154,efectivo,1.9,2025-06-26,APROBADO,1.9,True
246,246,tarjeta_credito,5748.9,2025-09-16,APROBADO,1.33,True
1351,1351,efectivo,9143.88,2024-07-19,APROBADO,-0.51,True
2668,2668,tarjeta_credito,3909.67,2026-02-21,rechazado,-3.33,True
3078,3078,oxxo,0.0,2024-09-22,rechazado,0.0,True
2816,2816,tarjeta_credito,2.0,2025-10-10,aprobado,2.0,True
286,286,mpago,216594.03,2025-03-17,pendiente,-2.14,True
1929,1929,tarjeta_credito,0.0,2024-12-22,rechazado,0.0,True
594,594,efectivo,175435.82,2024-07-02,rechazado,1.96,True
493,493,transferencia,0.0,2024-12-16,aprobado,0.0,True
339,339,transferencia,0.0,2025-05-20,aprobado,0.0,True
1580,1580,efectivo,91042.0,2026-02-03,aprobado,3.6,True
1118,1118,efectivo,68133.95,2025-09-23,APROBADO,-2.62,True
2951,2951,transferencia,149330.0,2025-01-05,aprobado,700.69,False
762,762,tarjeta_debito,56550.0,2025-05-02,aprobado,-0.9,True
811,811,efectivo,1126.33,2025-05-31,pendiente,0.65,True
2889,2889,transferencia,2658.63,2024-05-05,pendiente,2658.63,False
2590,2590,tarjeta_credito,43037.07,2024-07-29,pendiente,-2.37,True
2314,2314,transferencia,844.63,2026-08-19,APROBADO,1.26,True
1394,1394,tarjeta_credito,36485.0,2025-10-29,pendiente,-1.24,True
3453,3453,transferencia,65041.78,2026-03-25,aprobado,-2.08,True
2688,2688,efectivo,0.0,2026-03-31,rechazado,0.0,True
872,872,tarjeta_credito,182357.41,2025-12-31,aprobado,-2.85,True
2312,2312,transferencia,576.43,2025-10-18,aprobado,0.51,True
3345,3345,transferencia,45853.0,2024-07-12,APROBADO,0.75,True
2327,2327,tarjeta_debito,0.0,2026-07-29,rechazado,0.0,True
2042,2042,tarjeta_debito,92364.2,2026-03-24,aprobado,-0.47,True
513,513,mpago,405713.05,2026-02-28,APROBADO,-1.75,True
2885,2885,mpago,53986.01,2025-09-05,rechazado,-0.81,True
1037,1037,tarjeta_credito,61359.82,2024-11-24,aprobado,-2.76,True
294,294,tarjeta_credito,8527.76,2025-01-29,APROBADO,2.0,True
1302,1302,oxxo,132869.33,2025-01-16,pendiente,-1.81,True
1814,1814,tarjeta_debito,2830.76,2024-06-21,aprobado,1.55,True
170,170,efectivo,0.0,2026-01-28,aprobado,0.0,True
3215,3215,oxxo,260770.75,2026-03-16,pendiente,131977.09,False
611,611,tarjeta_debito,61503.49,2024-08-25,aprobado,-2.62,True
2874,2874,mpago,69797.87,2026-03-08,aprobado,1.07,True
197,197,tarjeta_credito,70342.48,2025-11-05,pendiente,55867.24,False
3174,3174,transferencia,0.0,2025-07-16,aprobado,0.0,True
3416,3416,tarjeta_debito,26829.0,2025-07-09,pendiente,-1.67,True
3299,3299,oxxo,603.16,2026-02-09,rechazado,603.16,False
1286,1286,efectivo,271239.54,2025-08-05,pendiente,-0.68,True
2769,2769,mpago,109211.53,2024-05-25,pendiente,1.53,True
2879,2879,oxxo,51420.33,2026-01-04,rechazado,-1.53,True
3529,3529,transferencia,21781.21,2026-05-15,aprobado,-1.69,True
1196,1196,tarjeta_debito,0.0,2026-08-20,aprobado,0.0,True
2822,2822,tarjeta_credito,18193.88,2024-07-23,APROBADO,2.52,True
1741,1741,oxxo,7453.41,2024-12-07,APROBADO,1.3,True
1914,1914,oxxo,0.0,2024-08-23,APROBADO,0.0,True
1663,1663,tarjeta_credito,0.0,2024-06-30,pendiente,0.0,True
2093,2093,tarjeta_debito,1404.85,2026-07-21,rechazado,1.33,True
3506,3506,oxxo,59566.58,2026-09-16,aprobado,18378.58,False
2279,2279,tarjeta_credito,44073.66,2025-01-07,pendiente,2.94,True
563,563,mpago,16511.37,2024-07-07,APROBADO,-1.85,True
2847,2847,tarjeta_debito,80448.12,2025-09-16,aprobado,-2.25,True
1065,1065,efectivo,73020.0,2026-09-07,aprobado,-2.34,True
2211,2211,oxxo,30815.28,2025-03-01,rechazado,-2.27,True
1204,1204,efectivo,308233.64,2025-12-18,rechazado,-0.98,True
3290,3290,tarjeta_credito,44605.0,2024-04-07,rechazado,-0.6,True
2818,2818,transferencia,75424.92,2025-02-28,APROBADO,0.29,True
2544,2544,oxxo,26854.05,2024-11-04,rechazado,0.45,True
1062,1062,tarjeta_credito,14293.27,2025-01-25,aprobado,1.97,True
361,361,oxxo,0.0,2026-05-09,aprobado,0.0,True
2119,2119,efectivo,226194.06,2024-09-12,APROBADO,1.2,True
1466,1466,efectivo,178232.98,2026-03-02,APROBADO,-0.32,True
1908,1908,mpago,159798.52,2024-04-16,aprobado,79183.89,False
2429,2429,mpago,0.0,2026-08-22,rechazado,0.0,True
1861,1861,transferencia,1739.91,2024-01-27,rechazado,1.77,True
517,517,oxxo,0.17,2025-10-29,aprobado,0.17,True
326,326,transferencia,50502.49,2025-09-19,rechazado,2.47,True
2978,2978,tarjeta_credito,176259.93,2026-08-27,pendiente,2.49,True
820,820,efectivo,170330.33,2025-12-25,aprobado,-0.95,True
1554,1554,tarjeta_credito,49906.73,2024-11-25,APROBADO,0.37,True
2520,2520,mpago,41846.8,2026-03-16,aprobado,0.98,True
1049,1049,tarjeta_debito,1.88,2026-03-04,rechazado,1.88,True
758,758,mpago,103171.31,2025-06-30,aprobado,0.52,True
1187,1187,oxxo,10198.0,2025-05-24,APROBADO,1135.0,False
2140,2140,efectivo,91460.9,2025-01-11,pendiente,-0.3,True
2188,2188,efectivo,13569.75,2024-07-12,APROBADO,-0.69,True
2326,2326,oxxo,1.92,2025-07-03,aprobado,1.92,True
437,437,tarjeta_debito,3397.2,2025-12-09,aprobado,-0.39,True
201,201,tarjeta_debito,4293.54,2024-04-17,APROBADO,-1.96,True
1752,1752,oxxo,3328.88,2026-08-15,APROBADO,-0.17,True
3327,3327,mpago,292906.69,2025-05-04,aprobado,-2.58,True
1951,1951,oxxo,172434.56,2024-06-14,aprobado,-1.81,True
290,290,oxxo,17970.7,2026-07-24,rechazado,-0.06,True
1943,1943,transferencia,1.79,2025-07-05,pendiente,1.79,True
81,81,mpago,4546.04,2026-08-13,aprobado,-2.94,True
1987,1987,transferencia,8537.74,2025-12-28,aprobado,6197.77,False
659,659,mpago,70198.0,2025-03-09,pendiente,1.16,True
2581,2581,tarjeta_credito,17134.84,2025-01-15,APROBADO,1.72,True
1170,1170,oxxo,95250.86,2026-08-22,aprobado,-5.14,False
2261,2261,mpago,1.74,2026-04-15,aprobado,1.74,True
2205,2205,tarjeta_credito,0.0,2026-03-14,APROBADO,0.0,True
3302,3302,tarjeta_credito,0.0,2024-10-20,aprobado,0.0,True
2561,2561,oxxo,2.28,2024-12-24,rechazado,2.28,True
3531,3531,transferencia,0.89,2025-12-19,pendiente,0.89,True
2142,2142,tarjeta_credito,128154.0,2024-12-28,pendiente,1.64,True
2836,2836,transferencia,155890.64,2026-06-18,aprobado,1.65,True
3346,3346,efectivo,71653.59,2025-06-09,APROBADO,-0.02,True
281,281,transferencia,0.0,2024-01-13,APROBADO,0.0,True
770,770,tarjeta_debito,28316.39,2025-01-04,aprobado,-0.17,True
3250,3250,tarjeta_credito,4397.48,2025-08-11,aprobado,-1.78,True
689,689,mpago,45566.9,2025-08-11,APROBADO,2.9,True
2051,2051,mpago,225734.46,2026-01-25,pendiente,2.86,True
1320,1320,transferencia,1.08,2025-11-23,APROBADO,1.08,True
109,109,tarjeta_debito,2.0,2026-05-15,aprobado,2.0,True
1823,1823,oxxo,0.0,2025-10-20,pendiente,0.0,True
582,582,tarjeta_debito,0.0,2025-07-25,aprobado,0.0,True
957,957,mpago,111030.31,2025-08-10,aprobado,0.12,True
1517,1517,mpago,24797.0,2025-05-19,pendiente,-0.28,True
1716,1716,tarjeta_credito,51923.55,2024-04-02,aprobado,49268.65,False
1068,1068,tarjeta_debito,38402.98,2025-11-09,aprobado,-1.86,True
1520,1520,oxxo,110124.66,2025-09-13,pendiente,67414.56,False
3335,3335,oxxo,136779.86,2024-05-07,aprobado,-0.64,True
857,857,tarjeta_credito,114139.8,2025-10-15,APROBADO,-0.98,True
691,691,oxxo,3377.0,2025-12-19,rechazado,549.07,False
2829,2829,mpago,385398.19,2025-08-12,rechazado,0.31,True
2470,2470,efectivo,446935.19,2026-06-05,pendiente,-0.97,True
2415,2415,efectivo,70894.0,2026-12-03,aprobado,-1.65,True
1672,1672,tarjeta_debito,27400.73,2026-09-28,rechazado,2.33,True
1736,1736,mpago,0.0,2024-10-22,aprobado,0.0,True
1177,1177,tarjeta_debito,61006.73,2026-05-28,pendiente,15460.73,False
482,482,mpago,4511.27,2026-03-20,APROBADO,-2.79,True
230,230,oxxo,26990.48,2025-05-14,pendiente,-2.93,True
2908,2908,transferencia,105876.0,2025-04-01,aprobado,-1.13,True
1108,1108,tarjeta_credito,17210.52,2025-07-20,aprobado,-1.08,True
609,609,transferencia,457539.3,2024-06-29,rechazado,-2.52,True
2412,2412,tarjeta_debito,49117.0,2026-07-29,pendiente,2.29,True
2545,2545,efectivo,2186.0,2025-06-20,pendiente,0.66,True
120,120,oxxo,27122.5,2024-12-17,aprobado,-1.87,True
1479,1479,transferencia,2.89,2026-02-23,pendiente,2.89,True
772,772,oxxo,1.16,2024-09-04,rechazado,1.16,True
1446,1446,tarjeta_debito,17123.0,2026-02-12,aprobado,-0.43,True
2959,2959,oxxo,33437.0,2025-01-16,aprobado,-2.2,True
707,707,efectivo,2.0,2025-11-06,aprobado,2.0,True
378,378,efectivo,32091.0,2024-09-04,pendiente,0.44,True
2603,2603,mpago,167603.45,2026-07-03,aprobado,2.39,True
1370,1370,transferencia,1.83,2025-08-14,aprobado,1.83,True
3142,3142,mpago,126930.54,2026-06-02,pendiente,-1.87,True
1597,1597,transferencia,0.0,2024-05-22,pendiente,0.0,True
2858,2858,tarjeta_debito,100205.76,2025-03-06,APROBADO,-4.15,True
2713,2713,oxxo,0.39,2026-06-22,aprobado,0.39,True
2060,2060,mpago,87911.96,2026-01-07,APROBADO,-2.08,True
3103,3103,tarjeta_debito,1142.22,2025-11-04,APROBADO,1.23,True
851,851,tarjeta_credito,1.9,2025-02-17,pendiente,1.9,True
1674,1674,mpago,34484.04,2024-12-21,aprobado,-2.28,True
1924,1924,tarjeta_debito,9919.18,2026-03-04,aprobado,1489.35,False
2943,2943,mpago,29351.64,2025-09-14,pendiente,-0.68,True
1653,1653,efectivo,29430.75,2026-03-23,aprobado,-1.25,True
3153,3153,efectivo,0.0,2024-12-22,APROBADO,0.0,True
1004,1004,oxxo,82967.81,2025-09-22,aprobado,82967.81,False
712,712,tarjeta_debito,387540.5,2026-07-08,aprobado,2.21,True
1089,1089,efectivo,43577.0,2024-12-01,pendiente,-0.94,True
3317,3317,tarjeta_debito,14489.0,2024-07-13,pendiente,-1.38,True
1808,1808,transferencia,2.37,2026-07-13,rechazado,2.37,True
658,658,tarjeta_credito,108311.8,2026-08-25,rechazado,2.6,True
1044,1044,mpago,244743.18,2026-02-03,APROBADO,3.39,True
2376,2376,oxxo,56923.0,2026-03-16,aprobado,-0.69,True
1323,1323,mpago,9853.0,2024-03-10,aprobado,-2.36,True
3473,3473,transferencia,0.0,2025-11-22,aprobado,0.0,True
1261,1261,mpago,8144.94,2026-07-03,aprobado,0.19,True
128,128,tarjeta_credito,373956.26,2025-08-08,pendiente,-2.65,True
579,579,mpago,915.68,2024-11-18,aprobado,-1.42,True
1330,1330,transferencia,0.0,2026-02-02,pendiente,0.0,True
2394,2394,tarjeta_credito,1.85,2024-12-04,rechazado,1.85,True
293,293,transferencia,0.0,2025-02-09,aprobado,0.0,True
2039,2039,tarjeta_credito,208356.89,2024-08-20,APROBADO,-3.3,True
403,403,efectivo,203180.0,2025-07-24,pendiente,-1.76,True
519,519,oxxo,84450.0,2025-06-09,aprobado,27384.27,False
132,132,tarjeta_credito,85948.98,2025-01-04,aprobado,-0.28,True
2451,2451,oxxo,0.0,2026-06-28,APROBADO,0.0,True
483,483,efectivo,121862.86,2025-02-25,aprobado,2.14,True
865,865,mpago,73148.21,2025-12-09,aprobado,-2.3,True
84,84,tarjeta_credito,5773.81,2025-04-14,pendiente,-0.44,True
1639,1639,tarjeta_debito,275216.23,2025-08-10,rechazado,2.08,True
2821,2821,efectivo,92480.36,2024-02-09,aprobado,-1.35,True
2712,2712,transferencia,277029.95,2026-05-06,APROBADO,-0.09,True
534,534,tarjeta_debito,86566.22,2025-05-01,APROBADO,49250.05,False
2212,2212,tarjeta_debito,60540.85,2026-03-09,rechazado,-0.79,True
1006,1006,mpago,0.0,2026-07-09,aprobado,0.0,True
935,935,mpago,48692.91,2025-12-27,APROBADO,-1.03,True
1026,1026,tarjeta_debito,29422.21,2024-06-20,pendiente,2.31,True
1592,1592,tarjeta_credito,11284.0,2024-10-19,aprobado,11284.0,False
2399,2399,efectivo,20037.0,2026-02-10,aprobado,1281.53,False
1200,1200,tarjeta_credito,29839.05,2024-01-12,aprobado,2.84,True
2704,2704,oxxo,4932.78,2024-06-20,rechazado,-2.46,True
1495,1495,tarjeta_credito,9788.28,2024-04-09,aprobado,-1.79,True
202,202,efectivo,301172.72,2026-06-12,aprobado,-4.26,True
1371,1371,tarjeta_debito,2.13,2025-07-08,APROBADO,2.13,True
287,287,efectivo,0.0,2026-07-03,rechazado,0.0,True
815,815,mpago,41083.56,2025-08-08,aprobado,-2.3,True
2334,2334,tarjeta_credito,1.75,2026-05-20,APROBADO,1.75,True
338,338,tarjeta_debito,45836.08,2024-06-28,APROBADO,-2.66,True
1027,1027,tarjeta_credito,0.0,2025-12-26,aprobado,0.0,True
3276,3276,mpago,0.0,2024-12-10,pendiente,0.0,True
3578,3578,oxxo,1.12,2026-02-26,pendiente,1.12,True
3420,3420,mpago,67742.0,2025-11-20,rechazado,0.24,True
2867,2867,efectivo,432344.36,2026-03-01,APROBADO,-0.95,True
798,798,transferencia,0.0,2026-02-05,APROBADO,0.0,True
1717,1717,transferencia,16760.77,2025-04-06,pendiente,-1.91,True
894,894,efectivo,1044.16,2024-07-31,APROBADO,1.33,True
2126,2126,mpago,2.67,2024-05-24,pendiente,2.67,True
1742,1742,tarjeta_debito,17063.95,2026-06-12,aprobado,0.39,True
1220,1220,oxxo,846104.11,2024-05-02,pendiente,-1.75,True
3057,3057,tarjeta_credito,125997.87,2024-05-05,aprobado,-2.13,True
2564,2564,tarjeta_debito,28632.25,2025-06-14,APROBADO,-0.55,True
167,167,efectivo,0.0,2026-07-16,APROBADO,0.0,True
467,467,tarjeta_debito,60995.13,2026-05-01,APROBADO,-2.43,True
1294,1294,transferencia,36662.84,2026-01-23,pendiente,30775.49,False
2755,2755,mpago,0.1,2025-06-28,pendiente,0.1,True
1488,1488,transferencia,38178.82,2024-04-06,aprobado,-0.38,True
1155,1155,oxxo,2.12,2026-02-22,APROBADO,2.12,True
3514,3514,transferencia,32193.47,2025-08-06,aprobado,-1.21,True
2574,2574,tarjeta_debito,116724.09,2026-08-03,aprobado,3.09,True
2767,2767,transferencia,61577.59,2024-12-07,pendiente,-2.53,True
1022,1022,tarjeta_credito,1835.0,2026-06-12,APROBADO,0.78,True
2323,2323,tarjeta_debito,155935.55,2026-02-20,pendiente,-1.13,True
47,47,tarjeta_credito,22877.0,2025-05-11,aprobado,18069.28,False
3231,3231,tarjeta_debito,12153.55,2024-04-10,aprobado,7864.27,False
1872,1872,tarjeta_debito,3805.57,2024-10-11,pendiente,1.81,True
144,144,transferencia,21927.9,2026-01-31,aprobado,0.54,True
3270,3270,mpago,56922.56,2025-02-12,APROBADO,-0.36,True
1311,1311,mpago,165478.0,2024-08-20,rechazado,-1.15,True
1815,1815,transferencia,126790.33,2026-07-08,aprobado,13591.18,False
3077,3077,oxxo,17400.91,2024-12-27,pendiente,1.38,True
2461,2461,tarjeta_debito,67145.0,2025-05-24,pendiente,0.5,True
1391,1391,mpago,17517.02,2026-09-26,aprobado,-1.92,True
1847,1847,tarjeta_credito,15099.47,2026-02-21,APROBADO,-0.41,True
3291,3291,oxxo,8745.84,2024-06-30,aprobado,-2.64,True
1111,1111,efectivo,5057.15,2025-03-05,rechazado,2.39,True
897,897,transferencia,3424.0,2026-03-25,rechazado,3424.0,False
2802,2802,tarjeta_credito,0.65,2026-04-12,aprobado,0.65,True
3102,3102,oxxo,0.34,2026-01-04,aprobado,0.34,True
2535,2535,mpago,103286.72,2024-07-01,pendiente,0.37,True
1703,1703,tarjeta_debito,6993.03,2025-10-02,APROBADO,2.43,True
2007,2007,transferencia,32368.32,2025-07-24,rechazado,-2.83,True
1085,1085,mpago,161068.47,2025-09-06,APROBADO,129037.43,False
837,837,tarjeta_credito,1.95,2026-09-20,APROBADO,1.95,True
1266,1266,transferencia,41215.87,2024-06-18,APROBADO,-0.03,True
3242,3242,transferencia,2337.56,2025-11-29,pendiente,0.0,True
2846,2846,tarjeta_credito,0.0,2024-10-05,pendiente,0.0,True
1714,1714,efectivo,51573.0,2026-05-19,rechazado,-1.27,True
844,844,tarjeta_credito,2.03,2025-02-04,APROBADO,2.03,True
1779,1779,efectivo,1.17,2025-10-19,aprobado,1.17,True
1137,1137,tarjeta_credito,1.4,2024-10-26,aprobado,1.4,True
913,913,efectivo,101499.79,2025-08-16,aprobado,-0.21,True
525,525,oxxo,24893.28,2025-01-11,aprobado,-1.46,True
1890,1890,tarjeta_debito,16644.0,2024-04-15,APROBADO,-1.25,True
3434,3434,mpago,36819.03,2025-11-08,aprobado,0.48,True
1572,1572,tarjeta_debito,6381.0,2025-08-24,APROBADO,1.6,True
610,610,efectivo,22884.0,2024-11-22,aprobado,-2.12,True
3479,3479,mpago,6991.0,2024-08-07,rechazado,-2.53,True
3000,3000,efectivo,6277.07,2026-08-27,APROBADO,0.49,True
3536,3536,oxxo,1.0,2024-09-24,APROBADO,1.0,True
1136,1136,mpago,6076.84,2024-11-25,pendiente,-0.84,True
1088,1088,efectivo,0.0,2024-09-04,aprobado,0.0,True
75,75,oxxo,50501.66,2026-07-21,aprobado,1.64,True
1581,1581,efectivo,34971.11,2026-01-08,pendiente,1.69,True
417,417,tarjeta_debito,0.73,2026-08-28,pendiente,0.73,True
3026,3026,efectivo,2.11,2026-05-30,pendiente,2.11,True
790,790,tarjeta_debito,41615.68,2026-09-23,pendiente,0.96,True
1733,1733,efectivo,49193.28,2025-07-10,aprobado,-2.44,True
2453,2453,tarjeta_debito,173022.42,2025-03-08,rechazado,-1.62,True
1533,1533,transferencia,0.0,2024-08-30,pendiente,0.0,True
1278,1278,transferencia,0.56,2024-01-08,pendiente,0.56,True
25,25,tarjeta_debito,46060.13,2025-06-30,aprobado,-2.11,True
2184,2184,efectivo,474720.46,2025-02-17,pendiente,-2.38,True
2766,2766,efectivo,624.48,2026-04-09,APROBADO,1.71,True
1790,1790,tarjeta_debito,7930.0,2026-02-18,rechazado,-1.1,True
3218,3218,tarjeta_credito,27370.22,2025-05-11,APROBADO,858.97,False
3530,3530,tarjeta_debito,0.0,2025-12-17,APROBADO,0.0,True
3187,3187,oxxo,282117.9,2025-11-05,APROBADO,243038.25,False
1099,1099,mpago,127246.31,2024-03-18,aprobado,-2.58,True
2731,2731,oxxo,15977.11,2024-01-01,pendiente,-2.89,True
3484,3484,tarjeta_debito,12917.0,2026-06-17,aprobado,-0.12,True
1376,1376,oxxo,69816.0,2025-06-10,pendiente,-2.23,True
986,986,transferencia,0.0,2024-02-11,APROBADO,0.0,True
3356,3356,tarjeta_debito,0.0,2025-10-03,aprobado,0.0,True
190,190,mpago,15050.56,2024-11-26,aprobado,-1.51,True
1892,1892,mpago,15122.37,2025-04-20,APROBADO,-0.17,True
1455,1455,oxxo,3539.38,2026-03-22,aprobado,3539.38,False
1514,1514,transferencia,87903.58,2025-08-19,pendiente,1.1,True
573,573,transferencia,8668.53,2025-08-18,rechazado,8668.53,False
529,529,mpago,4300.74,2026-09-01,aprobado,0.0,True
2710,2710,tarjeta_debito,94655.96,2024-07-10,aprobado,1.69,True
1512,1512,efectivo,613.41,2025-09-27,aprobado,-0.67,True
1128,1128,tarjeta_credito,35209.38,2025-04-10,aprobado,2.1,True
2967,2967,mpago,2946.28,2026-05-01,aprobado,-2.36,True
1732,1732,tarjeta_credito,2.97,2026-08-02,aprobado,2.97,True
2924,2924,transferencia,50228.0,2026-02-26,APROBADO,-3.3,True
2567,2567,mpago,209583.7,2025-08-04,pendiente,35320.52,False
2860,2860,efectivo,2.39,2025-12-05,aprobado,2.39,True
1489,1489,mpago,0.0,2024-12-10,rechazado,0.0,True
111,111,oxxo,2.8,2025-05-22,aprobado,2.8,True
2678,2678,oxxo,2354.0,2024-10-06,pendiente,1.71,True
2894,2894,tarjeta_credito,6659.3,2024-04-03,rechazado,1.2,True
1979,1979,mpago,122294.59,2025-08-30,APROBADO,4.59,True
3520,3520,transferencia,38295.36,2025-01-22,APROBADO,2.8,True
3332,3332,tarjeta_credito,4676.7,2024-02-01,APROBADO,4676.7,False
1461,1461,tarjeta_debito,0.27,2024-04-30,aprobado,0.27,True
1494,1494,tarjeta_debito,11837.93,2024-06-07,APROBADO,-1.12,True
2023,2023,efectivo,280582.6,2026-04-05,APROBADO,2.34,True
3189,3189,oxxo,542187.05,2024-09-21,rechazado,-1.9,True
1822,1822,tarjeta_debito,472560.56,2025-06-26,pendiente,-3.8,True
2425,2425,transferencia,20018.3,2024-09-09,aprobado,-2.34,True
1880,1880,tarjeta_credito,20002.75,2024-05-15,aprobado,-2.67,True
3497,3497,tarjeta_debito,91066.82,2025-03-28,aprobado,0.64,True
3366,3366,oxxo,14392.63,2025-08-01,pendiente,2.07,True
2373,2373,tarjeta_debito,3918.54,2026-07-07,APROBADO,2.63,True
1023,1023,mpago,0.0,2024-04-23,APROBADO,0.0,True
3241,3241,tarjeta_credito,1214.97,2025-12-02,aprobado,-1.38,True
1659,1659,oxxo,127925.72,2025-09-08,aprobado,-2.24,True
2541,2541,tarjeta_credito,0.8,2025-12-14,pendiente,0.8,True
2254,2254,oxxo,153130.58,2025-03-01,aprobado,-1.17,True
466,466,tarjeta_credito,35389.01,2025-01-29,aprobado,-2.27,True
796,796,tarjeta_credito,33594.1,2026-06-05,pendiente,-0.15,True
2242,2242,oxxo,334004.82,2024-11-21,aprobado,0.6,True
969,969,efectivo,7186.0,2024-12-15,rechazado,0.0,True
2686,2686,mpago,0.0,2024-12-13,APROBADO,0.0,True
2000,2000,tarjeta_debito,88476.68,2025-08-21,pendiente,-4.05,True
2179,2179,oxxo,118366.0,2024-08-11,pendiente,2.81,True
399,399,transferencia,6192.69,2025-07-30,aprobado,-2.68,True
2698,2698,efectivo,178965.64,2025-12-15,aprobado,0.64,True
2782,2782,tarjeta_credito,20438.58,2026-09-12,aprobado,-0.22,True
623,623,tarjeta_credito,707.12,2025-02-23,aprobado,0.11,True
1821,1821,efectivo,164456.52,2026-03-19,APROBADO,-0.24,True
3185,3185,efectivo,0.0,2026-03-02,aprobado,0.0,True
150,150,mpago,6063.49,2024-06-10,rechazado,0.85,True
2516,2516,mpago,0.0,2026-08-15,aprobado,0.0,True
1723,1723,efectivo,1.9,2024-12-10,APROBADO,1.9,True
2020,2020,tarjeta_credito,393559.0,2026-05-17,aprobado,0.31,True
2226,2226,mpago,217132.3,2024-12-24,aprobado,-0.69,True
3566,3566,tarjeta_credito,42138.08,2025-09-11,pendiente,-0.26,True
2900,2900,tarjeta_debito,0.0,2026-06-23,rechazado,0.0,True
422,422,oxxo,17342.02,2024-05-10,rechazado,14894.75,False
3060,3060,mpago,11048.75,2026-05-01,aprobado,3.17,True
2828,2828,mpago,18646.47,2025-01-12,aprobado,1.5,True
3368,3368,efectivo,82037.54,2025-01-09,rechazado,0.95,True
2400,2400,mpago,10146.85,2026-03-08,aprobado,10146.85,False
1265,1265,tarjeta_debito,45910.86,2025-06-05,aprobado,21842.07,False
92,92,oxxo,36408.96,2026-07-15,aprobado,1.78,True
3024,3024,efectivo,1.68,2026-09-18,rechazado,1.68,True
1483,1483,tarjeta_credito,23761.86,2024-05-09,pendiente,0.91,True
426,426,tarjeta_debito,0.0,2026-06-12,APROBADO,0.0,True
2702,2702,tarjeta_debito,266099.0,2026-04-07,pendiente,64594.92,False
667,667,tarjeta_credito,0.0,2025-03-04,pendiente,0.0,True
766,766,mpago,15034.24,2025-01-17,aprobado,-1.04,True
347,347,mpago,83948.23,2025-08-28,aprobado,-1.32,True
3044,3044,efectivo,23469.2,2026-03-26,APROBADO,-2.98,True
2927,2927,efectivo,260123.51,2024-07-07,aprobado,2.28,True
1594,1594,efectivo,0.0,2024-11-01,APROBADO,0.0,True
274,274,tarjeta_debito,1.66,2025-09-21,rechazado,1.66,True
827,827,efectivo,0.0,2024-10-30,APROBADO,0.0,True
745,745,efectivo,0.0,2024-04-10,aprobado,0.0,True
291,291,tarjeta_credito,0.0,2026-07-29,rechazado,0.0,True
1754,1754,oxxo,932.03,2024-11-27,pendiente,2.05,True
1493,1493,oxxo,457104.99,2025-12-06,aprobado,0.25,True
1939,1939,transferencia,95684.37,2025-10-16,aprobado,-2.07,True
1035,1035,mpago,225733.56,2025-08-22,rechazado,1.96,True
2046,2046,transferencia,25917.64,2026-06-21,aprobado,-2.05,True
1631,1631,oxxo,604769.74,2024-09-04,aprobado,104043.62,False
2347,2347,tarjeta_debito,36472.14,2025-11-28,aprobado,-0.75,True
769,769,efectivo,704.33,2026-12-01,rechazado,704.33,False
3397,3397,transferencia,220085.53,2024-09-18,aprobado,-3.32,True
829,829,transferencia,19313.56,2025-06-25,APROBADO,-1.02,True
2249,2249,transferencia,8349.03,2025-04-02,aprobado,1.9,True
1356,1356,oxxo,338368.34,2024-09-10,APROBADO,12057.84,False
3195,3195,mpago,15862.91,2024-08-17,APROBADO,1634.47,False
2438,2438,mpago,1.84,2025-02-19,pendiente,1.84,True
200,200,transferencia,107976.63,2025-10-03,APROBADO,2.99,True
1502,1502,mpago,0.0,2026-04-03,aprobado,0.0,True
2917,2917,transferencia,41687.05,2025-11-28,APROBADO,-3.04,True
1876,1876,tarjeta_debito,123585.8,2026-02-19,rechazado,0.47,True
2649,2649,transferencia,68584.69,2026-04-03,APROBADO,-1.12,True
862,862,efectivo,479615.4,2024-04-08,rechazado,467.11,False
1701,1701,transferencia,141636.32,2026-05-06,rechazado,618.32,False
2667,2667,mpago,57621.0,2025-06-26,aprobado,-0.26,True
2115,2115,efectivo,8479.17,2025-04-24,rechazado,3146.55,False
584,584,tarjeta_credito,79559.9,2025-04-05,aprobado,2757.97,False
993,993,transferencia,0.0,2025-08-06,aprobado,0.0,True
1028,1028,mpago,15626.0,2024-09-27,aprobado,2.27,True
1904,1904,tarjeta_credito,17021.0,2025-06-09,APROBADO,2.85,True
1212,1212,tarjeta_debito,105230.32,2026-01-17,pendiente,-1.68,True
372,372,oxxo,317095.78,2024-12-11,aprobado,246347.96,False
677,677,tarjeta_credito,91119.54,2026-03-05,pendiente,2.47,True
3217,3217,mpago,13060.82,2026-01-21,rechazado,-1.86,True
1791,1791,transferencia,32350.3,2024-02-11,APROBADO,10966.62,False
1573,1573,transferencia,0.86,2025-11-29,APROBADO,0.86,True
1543,1543,oxxo,0.0,2025-04-10,aprobado,0.0,True
1237,1237,efectivo,2.07,2024-09-24,pendiente,2.07,True
3150,3150,transferencia,18453.2,2025-06-26,aprobado,-2.84,True
2251,2251,transferencia,20663.87,2024-04-20,rechazado,-0.4,True
1901,1901,mpago,2.98,2024-05-15,APROBADO,2.98,True
3584,3584,tarjeta_credito,179615.08,2024-06-28,pendiente,2.88,True
606,606,oxxo,8297.31,2024-08-22,APROBADO,0.03,True
2999,2999,transferencia,3935.0,2025-08-06,APROBADO,-1.31,True
2067,2067,tarjeta_credito,0.0,2024-03-29,pendiente,0.0,True
874,874,efectivo,0.0,2025-11-09,aprobado,0.0,True
914,914,tarjeta_credito,0.59,2025-01-29,pendiente,0.59,True
2703,2703,efectivo,1886.0,2026-09-25,APROBADO,0.85,True
2916,2916,mpago,7084.0,2025-10-28,aprobado,-2.0,True
2790,2790,tarjeta_credito,4587.16,2026-01-16,rechazado,2.16,True
2080,2080,efectivo,0.0,2026-05-07,aprobado,0.0,True
3252,3252,mpago,66479.77,2025-08-21,pendiente,3.0,True
688,688,tarjeta_debito,73904.0,2026-01-01,APROBADO,-0.63,True
2617,2617,tarjeta_credito,21072.87,2025-01-04,rechazado,-2.56,True
2368,2368,transferencia,69082.98,2026-08-17,APROBADO,3.08,True
509,509,tarjeta_debito,6617.63,2024-12-26,APROBADO,6617.63,False
2764,2764,tarjeta_debito,0.0,2025-04-30,pendiente,0.0,True
2556,2556,efectivo,7349.0,2024-11-29,aprobado,1675.88,False
2931,2931,transferencia,40958.77,2025-09-10,rechazado,-2.32,True
2462,2462,mpago,126250.4,2025-06-03,APROBADO,0.35,True
2988,2988,oxxo,0.0,2024-02-27,pendiente,0.0,True
867,867,mpago,0.0,2026-02-08,rechazado,0.0,True
3347,3347,tarjeta_credito,7987.76,2025-08-22,aprobado,-2.27,True
3574,3574,tarjeta_credito,96003.57,2024-01-01,pendiente,-2.74,True
252,252,oxxo,67633.94,2025-11-22,APROBADO,-0.91,True
495,495,transferencia,45505.26,2026-09-23,APROBADO,3633.92,False
1678,1678,transferencia,10459.24,2025-03-21,rechazado,1.24,True
2813,2813,efectivo,53893.95,2024-07-14,pendiente,402.91,False
2387,2387,oxxo,91403.32,2026-02-20,aprobado,-0.61,True
736,736,efectivo,1726.06,2024-08-27,aprobado,-2.53,True
2570,2570,transferencia,0.0,2024-05-29,aprobado,0.0,True
2306,2306,tarjeta_credito,0.0,2024-06-18,pendiente,0.0,True
3535,3535,efectivo,66005.59,2024-02-24,APROBADO,-1.75,True
2008,2008,transferencia,388785.0,2025-10-18,aprobado,-2.37,True
2505,2505,transferencia,344108.88,2025-07-15,pendiente,2.88,True
2417,2417,transferencia,518.8,2025-05-07,pendiente,-1.61,True
2514,2514,tarjeta_debito,9511.65,2026-04-03,aprobado,9511.65,False
2363,2363,efectivo,0.0,2024-07-09,APROBADO,0.0,True
991,991,tarjeta_debito,179363.77,2026-06-17,aprobado,-1.43,True
2749,2749,oxxo,24479.01,2026-02-21,aprobado,24479.01,False
591,591,efectivo,6224.03,2026-09-11,aprobado,-0.7,True
275,275,tarjeta_debito,2.39,2025-09-11,aprobado,2.39,True
1843,1843,tarjeta_credito,0.0,2025-12-18,pendiente,0.0,True
1970,1970,transferencia,40366.31,2025-10-03,rechazado,2.59,True
3357,3357,efectivo,217268.3,2024-08-05,APROBADO,2.39,True
2799,2799,tarjeta_credito,5665.85,2025-08-28,aprobado,4901.03,False
2845,2845,transferencia,21382.35,2025-11-20,rechazado,-1.45,True
1538,1538,mpago,2.28,2025-07-11,rechazado,2.28,True
494,494,mpago,0.0,2025-06-22,aprobado,0.0,True
1444,1444,tarjeta_credito,226204.11,2026-03-11,pendiente,0.51,True
1566,1566,tarjeta_debito,1.08,2026-06-14,APROBADO,1.08,True
316,316,tarjeta_credito,155315.52,2025-10-10,rechazado,52402.59,False
2789,2789,efectivo,75058.11,2024-02-20,rechazado,15411.64,False
2753,2753,tarjeta_debito,0.0,2025-12-21,rechazado,0.0,True
2139,2139,oxxo,65608.56,2024-04-07,pendiente,-1.94,True
3485,3485,tarjeta_debito,2.53,2025-10-15,rechazado,2.53,True
369,369,transferencia,102631.92,2025-01-29,APROBADO,-0.08,True
1150,1150,mpago,2.53,2026-02-27,APROBADO,2.53,True
1652,1652,mpago,0.0,2025-04-06,aprobado,0.0,True
917,917,tarjeta_credito,106677.61,2026-02-13,APROBADO,-1.93,True
2521,2521,tarjeta_credito,225118.69,2025-12-16,pendiente,219233.84,False
674,674,oxxo,11221.69,2024-04-27,APROBADO,1.61,True
833,833,efectivo,4685.49,2025-07-18,pendiente,4685.49,False
2006,2006,efectivo,15052.13,2024-04-17,aprobado,0.06,True
2806,2806,oxxo,124476.21,2025-12-13,rechazado,2.51,True
962,962,tarjeta_debito,38629.57,2024-08-20,rechazado,3313.89,False
963,963,mpago,80228.18,2025-10-25,aprobado,1.92,True
126,126,tarjeta_debito,9062.52,2025-01-28,aprobado,-0.9,True
1850,1850,transferencia,1192.0,2025-11-19,aprobado,1.33,True
1535,1535,tarjeta_credito,2.96,2026-05-06,rechazado,2.96,True
462,462,oxxo,18560.05,2024-11-08,APROBADO,2.36,True
934,934,mpago,2142.92,2025-11-21,aprobado,-2.27,True
732,732,tarjeta_debito,1.79,2024-10-29,aprobado,1.79,True
2676,2676,oxxo,216239.65,2025-01-24,rechazado,2.66,True
3143,3143,tarjeta_credito,0.0,2024-08-17,pendiente,0.0,True
1506,1506,tarjeta_credito,26111.46,2025-12-15,APROBADO,-1.8,True
3454,3454,efectivo,2.38,2025-03-30,aprobado,2.38,True
343,343,oxxo,294213.97,2024-05-07,aprobado,-1.22,True
1214,1214,mpago,0.0,2025-08-01,pendiente,0.0,True
1739,1739,mpago,121574.71,2025-11-20,rechazado,-2.19,True
1365,1365,mpago,41026.0,2025-12-24,rechazado,5.79,False
82,82,transferencia,2.91,2026-09-02,aprobado,2.91,True
250,250,oxxo,2.29,2025-05-23,rechazado,2.29,True
2730,2730,oxxo,55289.0,2025-07-26,aprobado,0.8,True
1570,1570,efectivo,124808.73,2026-05-24,aprobado,2.61,True
11,11,oxxo,0.0,2026-03-31,APROBADO,0.0,True
2616,2616,transferencia,1.33,2025-08-27,pendiente,1.33,True
3468,3468,tarjeta_debito,15050.0,2025-02-15,APROBADO,3.03,True
2549,2549,transferencia,33699.31,2025-11-30,aprobado,0.18,True
2466,2466,transferencia,97908.0,2024-06-10,rechazado,0.8,True
2341,2341,oxxo,0.0,2025-08-08,aprobado,0.0,True
2932,2932,transferencia,197082.9,2025-09-01,APROBADO,197082.9,False
151,151,efectivo,5635.92,2024-10-28,aprobado,3.92,True
1338,1338,efectivo,0.0,2025-02-27,aprobado,0.0,True
189,189,mpago,45331.95,2024-01-16,rechazado,-1.05,True
1245,1245,efectivo,172339.51,2024-08-12,pendiente,-1.62,True
1033,1033,tarjeta_debito,293997.0,2026-05-12,aprobado,-3.0,True
2013,2013,tarjeta_credito,437789.0,2025-10-08,rechazado,0.27,True
2478,2478,oxxo,15644.89,2026-02-13,APROBADO,-1.3,True
1591,1591,efectivo,38538.91,2026-05-16,rechazado,27363.79,False
3296,3296,tarjeta_credito,139629.02,2024-06-10,rechazado,2.3,True
439,439,efectivo,0.0,2024-07-29,APROBADO,0.0,True
1965,1965,mpago,28103.09,2025-10-29,APROBADO,-0.26,True
1972,1972,efectivo,0.0,2025-12-19,aprobado,0.0,True
1604,1604,efectivo,1442.14,2025-02-23,pendiente,1.46,True
101,101,mpago,88140.92,2026-02-22,aprobado,-2.44,True
2664,2664,tarjeta_debito,0.0,2026-01-22,APROBADO,0.0,True
2155,2155,mpago,82929.0,2024-12-22,aprobado,20621.01,False
3041,3041,oxxo,1.02,2024-09-19,pendiente,1.02,True
2857,2857,mpago,171178.87,2024-03-16,APROBADO,1.03,True
3137,3137,efectivo,7456.0,2025-04-13,aprobado,-1.22,True
1695,1695,oxxo,3771.13,2024-06-21,rechazado,-1.15,True
266,266,transferencia,0.0,2024-11-02,aprobado,0.0,True
1009,1009,oxxo,186761.0,2026-05-26,aprobado,-3.07,True
1853,1853,tarjeta_debito,4666.76,2025-08-09,aprobado,-0.94,True
2019,2019,tarjeta_debito,447490.0,2026-06-08,rechazado,553.84,False
1772,1772,mpago,170078.15,2026-06-29,pendiente,3327.02,False
1531,1531,transferencia,0.04,2026-06-01,aprobado,0.04,True
3305,3305,efectivo,6738.74,2024-06-08,aprobado,1806.94,False
3336,3336,oxxo,1186.84,2025-09-20,APROBADO,2.24,True
3409,3409,tarjeta_credito,0.0,2024-06-08,pendiente,0.0,True
715,715,oxxo,110879.29,2025-04-09,rechazado,-2.88,True
3152,3152,efectivo,1.25,2024-03-28,APROBADO,1.25,True
1829,1829,tarjeta_credito,19054.09,2024-03-02,aprobado,0.79,True
2043,2043,oxxo,0.07,2024-07-21,rechazado,0.07,True
2291,2291,transferencia,0.0,2024-06-24,aprobado,0.0,True
368,368,efectivo,9567.65,2025-03-25,aprobado,-0.31,True
166,166,efectivo,40717.06,2025-03-30,rechazado,2.94,True
1629,1629,efectivo,14357.96,2026-07-06,rechazado,-2.97,True
3564,3564,transferencia,0.0,2025-10-18,rechazado,0.0,True
2214,2214,tarjeta_debito,27522.88,2025-09-21,aprobado,-1.79,True
702,702,transferencia,0.0,2026-05-10,APROBADO,0.0,True
1560,1560,efectivo,27201.66,2025-05-31,aprobado,-2.14,True
1648,1648,oxxo,2987.29,2024-04-27,aprobado,-0.33,True
3133,3133,efectivo,4828.6,2025-02-19,aprobado,0.3,True
1611,1611,tarjeta_debito,291750.64,2024-03-04,APROBADO,-0.42,True
473,473,efectivo,39259.0,2026-04-12,aprobado,28478.7,False
178,178,mpago,65574.13,2026-07-27,aprobado,1.28,True
2499,2499,efectivo,101651.4,2026-02-07,aprobado,0.18,True
3393,3393,tarjeta_debito,127714.61,2026-05-14,aprobado,1.57,True
662,662,efectivo,3996.5,2025-07-09,aprobado,-0.17,True
1532,1532,transferencia,0.63,2024-07-28,rechazado,0.63,True
3052,3052,transferencia,36938.1,2025-03-28,APROBADO,-3.95,True
3261,3261,efectivo,105208.0,2026-07-25,rechazado,2.15,True
2669,2669,mpago,132301.83,2026-06-26,aprobado,2.49,True
3240,3240,mpago,0.0,2025-05-01,rechazado,0.0,True
2362,2362,tarjeta_debito,8169.5,2026-06-24,rechazado,-2.55,True
2515,2515,oxxo,1.63,2025-04-19,rechazado,1.63,True
1858,1858,tarjeta_credito,501318.75,2025-09-17,aprobado,-1.72,True
705,705,efectivo,0.0,2025-10-05,rechazado,0.0,True
747,747,tarjeta_credito,167006.83,2026-06-13,aprobado,131978.91,False
1293,1293,tarjeta_debito,4731.03,2025-10-31,aprobado,-1.19,True
1544,1544,transferencia,3488.52,2024-07-12,pendiente,-3.18,True
1174,1174,efectivo,131603.54,2025-06-24,rechazado,-0.96,True
492,492,efectivo,21785.32,2025-06-15,rechazado,-0.03,True
2693,2693,transferencia,88268.97,2024-09-23,pendiente,-3.51,True
364,364,tarjeta_credito,435426.83,2026-07-04,aprobado,237459.55,False
1160,1160,tarjeta_credito,29238.0,2026-08-02,APROBADO,1.52,True
1984,1984,tarjeta_credito,1.0,2024-10-09,APROBADO,1.0,True
2266,2266,efectivo,9971.5,2026-02-26,aprobado,0.9,True
1478,1478,tarjeta_debito,1432.23,2026-05-17,rechazado,-1.77,True
2217,2217,mpago,0.43,2025-12-23,aprobado,0.43,True
2968,2968,oxxo,38618.1,2025-03-31,aprobado,-2.28,True
3534,3534,efectivo,115830.25,2024-11-03,aprobado,-0.77,True
945,945,tarjeta_debito,8744.36,2026-06-14,pendiente,2.91,True
2372,2372,efectivo,18215.31,2024-08-27,APROBADO,-1.99,True
62,62,efectivo,0.0,2026-09-24,APROBADO,0.0,True
1471,1471,tarjeta_debito,91848.43,2024-02-14,aprobado,0.61,True
1383,1383,tarjeta_credito,0.72,2024-12-05,APROBADO,0.72,True
2954,2954,oxxo,64822.5,2025-10-07,aprobado,1.3,True
1275,1275,tarjeta_credito,0.0,2024-09-10,aprobado,0.0,True
1080,1080,tarjeta_debito,133378.7,2025-07-13,pendiente,1.14,True
586,586,mpago,76478.44,2025-02-24,aprobado,1.15,True
2905,2905,efectivo,15227.86,2026-08-20,aprobado,551.7,False
2428,2428,efectivo,2.0,2025-04-04,aprobado,2.0,True
2135,2135,tarjeta_credito,49841.74,2026-02-11,rechazado,2.39,True
505,505,tarjeta_debito,0.0,2024-08-09,APROBADO,0.0,True
2935,2935,transferencia,200424.07,2024-04-26,pendiente,72523.08,False
813,813,tarjeta_credito,974.95,2025-12-20,pendiente,-1.57,True
479,479,tarjeta_debito,12101.85,2026-07-14,pendiente,-1.03,True
424,424,tarjeta_debito,0.85,2025-04-13,aprobado,0.85,True
1842,1842,oxxo,4481.12,2025-05-09,pendiente,-0.31,True
2852,2852,transferencia,0.72,2026-08-02,rechazado,0.72,True
910,910,mpago,100930.57,2026-01-04,APROBADO,1.96,True
1114,1114,efectivo,0.0,2024-12-31,pendiente,0.0,True
2193,2193,oxxo,9553.1,2025-07-29,rechazado,0.6,True
1540,1540,tarjeta_debito,0.0,2026-02-04,pendiente,0.0,True
3190,3190,efectivo,193.38,2024-04-08,APROBADO,-1.62,True
1665,1665,mpago,46896.68,2026-03-06,APROBADO,-0.82,True
2722,2722,efectivo,6659.01,2024-11-04,APROBADO,0.91,True
1227,1227,tarjeta_credito,55868.08,2025-10-06,aprobado,1.06,True
2645,2645,efectivo,0.56,2024-04-21,aprobado,0.56,True
2199,2199,transferencia,0.0,2025-03-01,aprobado,0.0,True
2022,2022,transferencia,4423.66,2024-10-03,rechazado,-0.24,True
980,980,transferencia,189080.91,2025-06-12,rechazado,2.6,True
1883,1883,oxxo,2.0,2026-04-04,APROBADO,2.0,True
241,241,efectivo,171487.7,2024-11-13,aprobado,-1.7,True
2750,2750,tarjeta_debito,2181.29,2024-04-02,APROBADO,-0.55,True
2041,2041,tarjeta_debito,22829.44,2025-08-18,APROBADO,-1.8,True
1783,1783,transferencia,0.0,2026-02-02,rechazado,0.0,True
2454,2454,tarjeta_debito,3666.74,2026-09-02,rechazado,-2.3,True
3515,3515,tarjeta_debito,116091.6,2024-06-26,rechazado,0.24,True
1921,1921,transferencia,3.0,2024-09-14,pendiente,3.0,True
5,5,tarjeta_credito,1.65,2024-06-02,rechazado,1.65,True
3121,3121,tarjeta_credito,28403.57,2026-02-07,aprobado,2.98,True
86,86,transferencia,504.59,2024-10-19,aprobado,-2.9,True
2173,2173,efectivo,387217.0,2024-12-21,APROBADO,0.02,True
2031,2031,tarjeta_debito,2.0,2026-07-28,aprobado,2.0,True
2770,2770,efectivo,122033.32,2024-09-17,rechazado,-1.39,True
374,374,tarjeta_debito,0.0,2025-09-04,rechazado,0.0,True
2955,2955,tarjeta_debito,238460.0,2026-10-07,aprobado,2166.64,False
55,55,mpago,170136.86,2024-06-06,aprobado,1.37,True
2477,2477,tarjeta_debito,16828.0,2026-08-24,aprobado,-2.12,True
2338,2338,mpago,268661.09,2024-08-11,aprobado,-4.15,True
2085,2085,mpago,156062.22,2024-12-28,aprobado,-1.42,True
1029,1029,transferencia,83477.92,2026-09-05,aprobado,1.8,True
278,278,transferencia,2.83,2025-11-04,pendiente,2.83,True
1217,1217,transferencia,0.0,2024-12-29,APROBADO,0.0,True
3406,3406,mpago,79816.46,2026-04-25,APROBADO,2.65,True
3371,3371,mpago,58824.49,2024-10-15,aprobado,-0.13,True
1563,1563,transferencia,145223.21,2025-12-01,APROBADO,2.53,True
3148,3148,mpago,47610.51,2026-09-06,aprobado,-2.04,True
370,370,tarjeta_debito,0.38,2025-07-07,aprobado,0.38,True
2555,2555,efectivo,249417.25,2026-08-12,aprobado,0.04,True
255,255,transferencia,212149.1,2026-08-30,rechazado,0.17,True
2404,2404,tarjeta_debito,2.77,2025-03-31,aprobado,2.77,True
1100,1100,tarjeta_credito,0.0,2025-11-23,APROBADO,0.0,True
3383,3383,efectivo,1.5,2024-10-02,rechazado,1.5,True
1926,1926,transferencia,2.0,2026-07-20,rechazado,2.0,True
2143,2143,efectivo,7109.53,2024-03-20,aprobado,-0.04,True
1766,1766,oxxo,0.0,2025-12-20,APROBADO,0.0,True
2976,2976,oxxo,17597.39,2025-07-03,APROBADO,-2.22,True
1968,1968,tarjeta_credito,343662.37,2026-04-26,rechazado,3308.25,False
600,600,mpago,20290.29,2024-11-01,rechazado,2513.44,False
3277,3277,oxxo,94612.25,2026-02-02,rechazado,2.71,True
617,617,transferencia,7133.03,2025-03-20,aprobado,0.36,True
895,895,efectivo,1.55,2025-03-26,rechazado,1.55,True
1669,1669,tarjeta_debito,309865.63,2026-04-13,aprobado,-3.38,True
616,616,efectivo,0.0,2025-05-03,aprobado,0.0,True
2132,2132,oxxo,449780.03,2025-04-18,aprobado,-1.33,True
533,533,mpago,36060.95,2024-04-09,APROBADO,0.48,True
137,137,tarjeta_debito,0.0,2024-05-02,aprobado,0.0,True
1331,1331,mpago,0.56,2025-08-07,aprobado,0.56,True
861,861,oxxo,54006.43,2024-07-14,pendiente,-0.41,True
2361,2361,tarjeta_credito,0.0,2024-11-12,rechazado,0.0,True
644,644,transferencia,38061.51,2025-02-17,aprobado,2.76,True
152,152,efectivo,10001.8,2024-07-14,APROBADO,1.31,True
15,15,efectivo,144672.0,2025-04-27,APROBADO,2.05,True
1556,1556,efectivo,23665.4,2025-06-14,APROBADO,-2.23,True
2237,2237,tarjeta_debito,260815.0,2024-01-14,aprobado,1.57,True
2096,2096,mpago,37854.0,2025-06-01,APROBADO,-0.3,True
3025,3025,efectivo,49286.32,2025-04-08,APROBADO,-1.4,True
337,337,transferencia,118460.62,2024-12-23,aprobado,-2.99,True
3304,3304,tarjeta_credito,14531.4,2026-05-03,pendiente,1.13,True
1378,1378,tarjeta_credito,0.0,2024-07-21,aprobado,0.0,True
68,68,mpago,52522.16,2024-12-03,aprobado,-0.44,True
1785,1785,transferencia,5347.0,2024-11-24,APROBADO,-5.0,True
2675,2675,efectivo,9186.26,2024-03-13,pendiente,9186.26,False
752,752,mpago,89293.53,2024-12-28,rechazado,89293.53,False
1718,1718,tarjeta_credito,1609.66,2025-09-24,aprobado,1609.66,False
504,504,efectivo,30368.0,2024-08-15,aprobado,2.34,True
981,981,tarjeta_credito,21384.76,2024-03-12,aprobado,0.96,True
2034,2034,tarjeta_credito,28408.0,2024-03-11,rechazado,2.23,True
592,592,oxxo,531004.55,2024-05-05,aprobado,2.36,True
1614,1614,tarjeta_credito,116940.22,2025-03-01,aprobado,-0.76,True
1855,1855,efectivo,269534.01,2026-09-19,aprobado,-0.84,True
2613,2613,oxxo,3655.32,2025-09-11,aprobado,0.76,True
1709,1709,mpago,149982.33,2026-06-18,aprobado,0.33,True
1249,1249,tarjeta_credito,0.0,2025-02-21,aprobado,0.0,True
1406,1406,efectivo,111735.92,2025-11-03,pendiente,1.88,True
1057,1057,tarjeta_debito,2.93,2024-09-17,aprobado,2.93,True
2589,2589,mpago,0.3,2026-06-14,aprobado,0.3,True
3264,3264,oxxo,26206.87,2025-04-17,pendiente,3.84,True
1598,1598,efectivo,72492.89,2025-07-04,aprobado,0.75,True
3075,3075,tarjeta_debito,4357.76,2026-01-05,aprobado,2.33,True
3512,3512,mpago,28431.0,2026-03-29,APROBADO,-0.12,True
503,503,efectivo,148148.75,2024-01-30,APROBADO,1.42,True
452,452,transferencia,0.5,2026-08-02,aprobado,0.5,True
1927,1927,tarjeta_credito,22905.23,2026-04-08,APROBADO,-0.19,True
559,559,tarjeta_credito,22762.0,2025-12-21,APROBADO,-0.59,True
285,285,transferencia,243216.56,2026-09-17,pendiente,223464.26,False
2409,2409,mpago,226184.61,2025-10-07,rechazado,-1.2,True
2546,2546,oxxo,52643.97,2024-07-29,aprobado,-0.09,True
3136,3136,transferencia,0.0,2026-06-29,aprobado,0.0,True
2380,2380,mpago,10505.61,2026-04-25,APROBADO,0.77,True
1000,1000,oxxo,287086.28,2025-07-16,APROBADO,2.67,True
1290,1290,efectivo,118075.0,2026-03-04,aprobado,1.56,True
681,681,tarjeta_debito,14149.68,2024-03-03,aprobado,14149.68,False
1484,1484,tarjeta_credito,95891.0,2025-07-18,aprobado,-2.84,True
2053,2053,mpago,14673.77,2024-09-06,rechazado,-2.39,True
348,348,tarjeta_credito,2.45,2026-02-06,APROBADO,2.45,True
3435,3435,oxxo,12647.64,2024-12-27,aprobado,-1.92,True
49,49,transferencia,3497.15,2025-06-19,aprobado,0.64,True
2530,2530,efectivo,4903.27,2024-08-07,pendiente,0.8,True
964,964,tarjeta_debito,52112.16,2024-04-07,rechazado,1.8,True
2513,2513,tarjeta_debito,0.45,2024-02-04,APROBADO,0.45,True
2588,2588,transferencia,18338.0,2025-12-11,APROBADO,-2.0,True
2651,2651,tarjeta_debito,32127.55,2025-12-18,rechazado,-1.04,True
1590,1590,tarjeta_credito,13896.19,2025-09-07,pendiente,0.38,True
1917,1917,oxxo,419624.24,2025-02-24,APROBADO,-2.88,True
1129,1129,mpago,74676.91,2025-08-16,aprobado,26994.05,False
1675,1675,tarjeta_debito,7659.01,2024-04-12,aprobado,0.5,True
1415,1415,mpago,40021.73,2024-12-30,pendiente,2.31,True
1804,1804,tarjeta_credito,1.79,2025-05-04,pendiente,1.79,True
1680,1680,tarjeta_credito,3279.85,2024-09-27,pendiente,-2.69,True
1124,1124,tarjeta_debito,0.0,2026-02-26,aprobado,0.0,True
127,127,oxxo,30477.15,2025-04-29,aprobado,-1.97,True
678,678,tarjeta_debito,219600.54,2024-11-14,pendiente,0.52,True
1523,1523,tarjeta_debito,59705.0,2026-01-02,aprobado,59705.0,False
1635,1635,tarjeta_credito,304.05,2025-01-20,aprobado,-2.99,True
2696,2696,tarjeta_credito,258398.61,2024-03-09,APROBADO,0.66,True
859,859,tarjeta_credito,70693.68,2024-02-29,rechazado,-0.25,True
1277,1277,tarjeta_debito,16035.33,2025-11-10,aprobado,-2.43,True
2476,2476,tarjeta_credito,0.25,2024-08-06,aprobado,0.25,True
2353,2353,transferencia,0.0,2024-07-08,pendiente,0.0,True
2068,2068,oxxo,19594.6,2025-11-28,rechazado,1.95,True
3582,3582,mpago,2413.98,2026-04-30,APROBADO,-0.17,True
557,557,tarjeta_debito,111731.41,2025-10-27,rechazado,-2.63,True
388,388,tarjeta_debito,18553.83,2025-07-14,aprobado,-0.81,True
1192,1192,oxxo,15282.0,2026-01-23,APROBADO,-2.0,True
2457,2457,tarjeta_debito,1.49,2026-02-19,APROBADO,1.49,True
3316,3316,tarjeta_credito,0.71,2026-05-04,aprobado,0.71,True
2517,2517,mpago,1586.24,2026-02-06,pendiente,0.42,True
946,946,mpago,4266.0,2024-02-02,rechazado,0.89,True
1410,1410,mpago,1.0,2025-04-02,pendiente,1.0,True
785,785,transferencia,0.0,2024-06-28,pendiente,0.0,True
3388,3388,tarjeta_credito,132123.31,2025-05-22,pendiente,-2.9,True
989,989,efectivo,307496.24,2025-03-29,rechazado,-1.76,True
3107,3107,efectivo,2.63,2025-07-01,aprobado,2.63,True
2877,2877,mpago,189779.0,2024-08-06,APROBADO,0.59,True
2888,2888,transferencia,6256.93,2025-10-13,APROBADO,2.02,True
3004,3004,transferencia,4534.31,2026-02-23,rechazado,-1.03,True
1954,1954,mpago,20495.97,2025-05-31,APROBADO,-0.39,True
1854,1854,mpago,0.0,2026-02-22,rechazado,0.0,True
1361,1361,tarjeta_credito,0.0,2026-09-29,APROBADO,0.0,True
3273,3273,tarjeta_debito,121445.64,2024-11-04,aprobado,-1.14,True
2,2,tarjeta_debito,52750.0,2025-11-16,rechazado,0.05,True
2009,2009,efectivo,314516.29,2025-09-25,pendiente,301115.81,False
478,478,transferencia,35330.28,2026-09-05,APROBADO,-2.47,True
2904,2904,mpago,14722.08,2025-10-10,aprobado,-1.47,True
2468,2468,mpago,0.0,2025-08-26,APROBADO,0.0,True
3260,3260,oxxo,0.0,2025-10-20,APROBADO,0.0,True
1873,1873,tarjeta_debito,131084.48,2026-08-13,aprobado,-2.31,True
2435,2435,tarjeta_debito,0.0,2024-06-20,aprobado,0.0,True
1064,1064,transferencia,3762.44,2026-02-02,aprobado,-0.76,True
3461,3461,tarjeta_debito,44687.69,2026-03-08,rechazado,44687.69,False
3405,3405,efectivo,1.0,2024-11-14,rechazado,1.0,True
1973,1973,efectivo,2.0,2025-05-23,pendiente,2.0,True
1726,1726,mpago,194803.0,2026-09-13,rechazado,-2.6,True
3523,3523,efectivo,26933.75,2025-04-08,pendiente,1.45,True
2632,2632,mpago,193353.43,2024-04-04,aprobado,167142.65,False
3532,3532,oxxo,4795.4,2026-06-06,aprobado,-1.64,True
757,757,mpago,149979.01,2026-03-31,rechazado,-2.0,True
2405,2405,transferencia,0.0,2026-02-18,aprobado,0.0,True
89,89,oxxo,61159.55,2026-08-23,aprobado,2.79,True
725,725,mpago,156349.59,2024-03-05,APROBADO,-0.69,True
1958,1958,mpago,2.0,2024-10-27,aprobado,2.0,True
2743,2743,mpago,1.96,2024-06-24,aprobado,1.96,True
1059,1059,tarjeta_credito,0.0,2024-08-10,pendiente,0.0,True
3125,3125,transferencia,296408.12,2024-11-20,rechazado,0.93,True
780,780,tarjeta_credito,92539.0,2026-06-25,rechazado,1.8,True
10,10,transferencia,114901.03,2024-05-19,aprobado,-0.8,True
1966,1966,transferencia,130080.0,2026-06-04,APROBADO,-2.22,True
709,709,tarjeta_debito,31632.0,2026-09-06,pendiente,-1.95,True
1534,1534,tarjeta_credito,1453.99,2026-02-20,APROBADO,-0.71,True
2910,2910,efectivo,158607.43,2024-04-23,aprobado,2.7,True
583,583,transferencia,13877.0,2024-11-22,rechazado,13262.92,False
1463,1463,efectivo,13905.64,2024-12-07,pendiente,2.12,True
1800,1800,tarjeta_debito,232799.39,2026-02-08,aprobado,-2.33,True
2640,2640,tarjeta_credito,182798.0,2024-05-10,pendiente,55869.71,False
2619,2619,efectivo,2576.1,2026-04-18,APROBADO,2576.1,False
1056,1056,tarjeta_debito,31645.0,2024-02-13,pendiente,1.75,True
3402,3402,tarjeta_debito,45305.76,2026-04-29,rechazado,-2.19,True
1826,1826,efectivo,2.25,2024-06-29,aprobado,2.25,True
1470,1470,transferencia,0.0,2025-11-22,rechazado,0.0,True
1975,1975,tarjeta_debito,0.0,2026-04-25,pendiente,0.0,True
1413,1413,efectivo,9804.91,2025-07-18,aprobado,-0.03,True
642,642,efectivo,20032.09,2026-03-01,aprobado,-2.1,True
1799,1799,oxxo,1.94,2025-11-11,pendiente,1.94,True
407,407,mpago,13384.81,2024-02-21,aprobado,-1.07,True
3175,3175,tarjeta_debito,0.0,2025-10-27,APROBADO,0.0,True
944,944,tarjeta_debito,0.0,2026-09-22,pendiente,0.0,True
2995,2995,transferencia,29914.46,2026-07-21,pendiente,0.85,True
3128,3128,oxxo,208101.87,2026-07-28,APROBADO,-1.67,True
754,754,mpago,39943.25,2025-02-19,APROBADO,-1.15,True
1349,1349,tarjeta_debito,0.0,2024-07-08,pendiente,0.0,True
3031,3031,oxxo,27374.71,2026-06-13,aprobado,-1.71,True
460,460,efectivo,35871.34,2025-09-02,pendiente,35871.34,False
768,768,tarjeta_debito,100424.63,2026-05-08,rechazado,-0.73,True
3456,3456,oxxo,211166.88,2024-01-24,aprobado,211166.88,False
3047,3047,tarjeta_credito,10805.58,2024-08-25,APROBADO,-2.64,True
2262,2262,efectivo,0.0,2025-07-26,aprobado,0.0,True
1240,1240,tarjeta_credito,564647.14,2025-08-28,aprobado,7645.71,False
1879,1879,transferencia,110591.42,2025-04-30,aprobado,19377.32,False
2907,2907,efectivo,37163.11,2025-04-17,aprobado,-0.52,True
699,699,tarjeta_debito,0.21,2026-06-23,rechazado,0.21,True
2832,2832,transferencia,1.29,2024-02-01,rechazado,1.29,True
2152,2152,tarjeta_debito,4354.96,2025-06-20,aprobado,-1.62,True
2891,2891,tarjeta_credito,55432.73,2025-01-11,aprobado,-0.18,True
1342,1342,transferencia,147009.2,2025-02-16,aprobado,2.32,True
995,995,tarjeta_debito,0.0,2025-09-05,aprobado,0.0,True
933,933,oxxo,47208.0,2026-04-07,rechazado,-1.02,True
227,227,mpago,734.27,2024-03-02,APROBADO,1.88,True
1830,1830,oxxo,55954.42,2024-10-11,pendiente,4.07,True
916,916,transferencia,313057.93,2024-10-23,rechazado,2.34,True
1231,1231,efectivo,0.0,2025-05-24,aprobado,0.0,True
1485,1485,tarjeta_debito,181137.35,2025-10-13,APROBADO,0.33,True
2012,2012,transferencia,0.32,2026-07-07,aprobado,0.32,True
1468,1468,transferencia,0.86,2024-12-02,APROBADO,0.86,True
806,806,tarjeta_credito,26051.57,2025-11-15,APROBADO,0.92,True
180,180,mpago,210449.08,2024-02-27,APROBADO,1.08,True
3471,3471,mpago,17008.3,2026-06-30,rechazado,-0.82,True
1953,1953,tarjeta_debito,13101.5,2025-03-22,pendiente,2.58,True
2050,2050,tarjeta_debito,0.0,2024-07-31,rechazado,0.0,True
3147,3147,mpago,1426.47,2026-07-15,aprobado,1.97,True
1492,1492,transferencia,1.57,2025-01-22,aprobado,1.57,True
2762,2762,oxxo,1.51,2024-09-14,rechazado,1.51,True
1149,1149,efectivo,42277.41,2026-03-07,APROBADO,0.51,True
1913,1913,mpago,2.16,2024-06-05,pendiente,2.16,True
3058,3058,tarjeta_debito,0.0,2024-10-27,pendiente,0.0,True
1153,1153,mpago,0.0,2026-08-25,aprobado,0.0,True
1179,1179,mpago,179154.62,2026-04-04,aprobado,3.48,True
2465,2465,oxxo,1623.55,2025-05-27,rechazado,1623.55,False
1236,1236,tarjeta_debito,22923.55,2025-01-23,aprobado,0.44,True
1454,1454,tarjeta_debito,0.0,2025-12-26,pendiente,0.0,True
2175,2175,tarjeta_credito,0.0,2026-08-05,pendiente,0.0,True
1528,1528,tarjeta_debito,66772.94,2026-07-17,rechazado,-0.03,True
784,784,transferencia,285219.79,2025-10-16,aprobado,-1.65,True
3042,3042,tarjeta_credito,979.01,2024-07-11,aprobado,2.34,True
22,22,efectivo,0.0,2026-04-02,aprobado,0.0,True
1510,1510,transferencia,42955.04,2026-01-18,aprobado,1.6,True
1321,1321,tarjeta_credito,0.91,2026-05-08,rechazado,0.91,True
3007,3007,oxxo,0.95,2025-12-08,aprobado,0.95,True
714,714,tarjeta_debito,129197.02,2025-04-04,aprobado,68687.7,False
729,729,tarjeta_credito,0.0,2025-12-06,rechazado,0.0,True
1109,1109,transferencia,1.79,2024-02-23,APROBADO,1.79,True
1992,1992,efectivo,0.36,2024-09-01,aprobado,0.36,True
3253,3253,tarjeta_credito,6968.58,2026-07-22,aprobado,-2.74,True
2016,2016,tarjeta_debito,960261.85,2025-02-28,APROBADO,452405.69,False
1271,1271,mpago,0.0,2025-05-23,aprobado,0.0,True
1725,1725,efectivo,300446.16,2024-07-06,APROBADO,-0.55,True
3400,3400,mpago,95801.57,2025-09-27,aprobado,-3.43,True
2395,2395,oxxo,125842.65,2025-10-02,aprobado,1.45,True
2831,2831,tarjeta_credito,2.02,2024-10-18,rechazado,2.02,True
327,327,tarjeta_debito,58862.44,2025-06-30,aprobado,2.23,True
1175,1175,tarjeta_credito,6353.09,2024-02-08,APROBADO,3.0,True
873,873,oxxo,53943.34,2025-01-06,pendiente,0.54,True
2518,2518,oxxo,579532.8,2025-10-04,APROBADO,2.62,True
2639,2639,mpago,0.0,2025-04-27,rechazado,0.0,True
1724,1724,mpago,297078.24,2024-01-15,aprobado,-4.46,True
1602,1602,tarjeta_debito,34963.71,2025-10-19,APROBADO,-1.56,True
1764,1764,efectivo,201999.0,2026-08-03,rechazado,-1.08,True
2540,2540,tarjeta_debito,2223.36,2026-06-29,rechazado,0.0,True
737,737,tarjeta_debito,14850.17,2024-10-10,aprobado,-1.93,True
3464,3464,transferencia,57244.5,2025-05-14,aprobado,1.22,True
1507,1507,mpago,250922.0,2024-09-14,APROBADO,0.7,True
3303,3303,efectivo,1.0,2025-09-13,aprobado,1.0,True
645,645,tarjeta_debito,0.0,2024-05-26,pendiente,0.0,True
3429,3429,tarjeta_credito,242018.76,2025-10-07,rechazado,4263.62,False
1232,1232,mpago,0.61,2025-05-13,rechazado,0.61,True
2440,2440,mpago,0.76,2024-03-17,rechazado,0.76,True
1403,1403,efectivo,71866.98,2025-04-25,aprobado,-0.62,True
1818,1818,mpago,2113.76,2025-04-26,aprobado,2.3,True
3334,3334,efectivo,2.76,2026-07-22,APROBADO,2.76,True
3551,3551,transferencia,124084.04,2026-09-07,aprobado,0.49,True
2298,2298,mpago,27472.0,2026-05-30,aprobado,0.82,True
656,656,oxxo,73012.04,2025-06-15,aprobado,3542.49,False
3177,3177,efectivo,163792.28,2026-04-22,aprobado,-1.86,True
1767,1767,transferencia,73393.75,2025-12-27,aprobado,49272.17,False
1251,1251,efectivo,35578.27,2025-07-04,pendiente,-0.99,True
3349,3349,oxxo,7263.79,2024-08-20,aprobado,-2.09,True
149,149,oxxo,37874.08,2025-02-04,APROBADO,0.83,True
313,313,oxxo,194704.04,2025-02-14,rechazado,103101.48,False
1498,1498,efectivo,0.0,2024-01-21,pendiente,0.0,True
2855,2855,transferencia,190703.35,2024-01-22,rechazado,2.38,True
2055,2055,transferencia,88454.17,2026-08-04,APROBADO,0.07,True
2687,2687,transferencia,0.0,2026-05-09,APROBADO,0.0,True
1274,1274,efectivo,0.94,2024-06-25,APROBADO,0.94,True
3583,3583,oxxo,436183.24,2026-09-09,aprobado,0.42,True
896,896,tarjeta_credito,209628.71,2025-06-22,aprobado,-0.08,True
3595,3595,efectivo,3997.41,2025-11-08,aprobado,1.61,True
3544,3544,efectivo,8168.26,2024-05-24,rechazado,-1.79,True
759,759,tarjeta_debito,29825.0,2024-03-07,aprobado,-0.76,True
869,869,transferencia,205834.89,2026-03-24,aprobado,1.86,True
251,251,oxxo,0.79,2024-11-16,APROBADO,0.79,True
355,355,tarjeta_credito,184635.9,2025-07-16,aprobado,184635.9,False
1642,1642,transferencia,1728.4,2024-07-31,rechazado,-0.19,True
1840,1840,oxxo,31945.86,2026-05-05,aprobado,-2.78,True
2413,2413,efectivo,1807.38,2026-05-02,APROBADO,1.45,True
1362,1362,oxxo,4949.66,2026-08-10,pendiente,-1.04,True
3344,3344,tarjeta_credito,62897.41,2025-08-28,aprobado,0.77,True
539,539,transferencia,139967.47,2026-04-17,APROBADO,0.06,True
93,93,mpago,22039.32,2025-10-13,aprobado,1.4,True
3181,3181,tarjeta_debito,13105.24,2026-01-15,aprobado,1.27,True
2357,2357,transferencia,172137.93,2025-12-29,pendiente,1.53,True
3546,3546,oxxo,0.0,2025-02-15,rechazado,0.0,True
580,580,oxxo,0.0,2026-03-09,rechazado,0.0,True
1999,1999,oxxo,0.0,2026-01-31,aprobado,0.0,True
2221,2221,tarjeta_debito,214613.89,2024-04-10,pendiente,2.69,True
2929,2929,mpago,0.0,2025-07-23,aprobado,0.0,True
262,262,oxxo,0.0,2024-07-29,aprobado,0.0,True
1319,1319,tarjeta_credito,7189.96,2025-10-16,APROBADO,-1.51,True
760,760,transferencia,102401.26,2026-02-01,aprobado,0.12,True
1937,1937,mpago,1.24,2024-12-27,rechazado,1.24,True
182,182,oxxo,0.0,2026-02-03,rechazado,0.0,True
1753,1753,oxxo,0.0,2024-09-25,APROBADO,0.0,True
1405,1405,oxxo,14024.22,2024-02-16,aprobado,1.2,True
73,73,tarjeta_debito,0.0,2026-09-07,aprobado,0.0,True
926,926,efectivo,0.0,2024-12-25,aprobado,0.0,True
2986,2986,tarjeta_debito,66355.33,2026-04-07,APROBADO,-1.63,True
2246,2246,mpago,876.08,2026-03-14,rechazado,876.08,False
1450,1450,transferencia,32080.42,2024-03-23,aprobado,0.32,True
267,267,mpago,36042.23,2024-02-21,aprobado,-1.31,True
1664,1664,efectivo,32014.24,2024-01-21,rechazado,-0.72,True
901,901,tarjeta_credito,27331.6,2025-10-29,aprobado,153.97,False
2809,2809,oxxo,6556.15,2026-04-16,aprobado,-1.64,True
1809,1809,tarjeta_debito,642769.55,2024-03-24,aprobado,-1.43,True
2288,2288,oxxo,104110.0,2024-09-13,aprobado,-3.33,True
3353,3353,mpago,34770.59,2024-11-15,pendiente,0.26,True
1586,1586,transferencia,0.01,2026-06-06,aprobado,0.01,True
3503,3503,mpago,2828.84,2025-04-28,aprobado,0.91,True
2849,2849,efectivo,15851.58,2026-01-01,rechazado,0.75,True
728,728,transferencia,10082.54,2024-08-23,pendiente,-2.87,True
2887,2887,tarjeta_debito,4349.0,2026-03-28,aprobado,0.6,True
1579,1579,mpago,2.9,2025-06-09,aprobado,2.9,True
3360,3360,oxxo,86939.33,2024-05-22,rechazado,-0.67,True
884,884,mpago,40302.02,2026-05-28,aprobado,-2.44,True
1759,1759,tarjeta_debito,189275.65,2026-09-09,aprobado,-1.67,True
1387,1387,efectivo,158199.45,2026-03-10,APROBADO,0.6,True
2504,2504,efectivo,309608.34,2024-11-26,pendiente,2.51,True
3284,3284,tarjeta_debito,22520.26,2026-05-07,pendiente,-1.97,True
3092,3092,mpago,0.0,2025-03-24,rechazado,0.0,True
1649,1649,efectivo,34463.0,2025-02-02,APROBADO,0.87,True
3029,3029,transferencia,585506.0,2024-12-06,rechazado,-1.33,True
3376,3376,efectivo,0.0,2025-01-12,APROBADO,0.0,True
1933,1933,transferencia,151219.0,2025-09-23,APROBADO,-0.89,True
1157,1157,mpago,15958.51,2024-05-15,pendiente,-1.73,True
1542,1542,oxxo,0.0,2025-08-06,aprobado,0.0,True
578,578,tarjeta_debito,11326.59,2024-11-26,pendiente,1.68,True
1509,1509,tarjeta_debito,31101.48,2025-05-05,aprobado,-1.97,True
2497,2497,efectivo,722.16,2026-09-19,pendiente,722.16,False
2865,2865,tarjeta_debito,4023.57,2026-07-24,rechazado,-2.03,True
296,296,oxxo,13470.0,2025-02-24,aprobado,0.6,True
3010,3010,tarjeta_debito,113434.0,2024-04-08,aprobado,45154.32,False
2531,2531,tarjeta_debito,5434.0,2025-10-02,pendiente,-2.0,True
1976,1976,efectivo,960.46,2026-07-29,rechazado,-1.18,True
2379,2379,efectivo,0.0,2026-09-07,APROBADO,0.0,True
43,43,transferencia,1.0,2024-12-01,aprobado,1.0,True
722,722,oxxo,609195.86,2026-09-21,APROBADO,-0.25,True
1906,1906,oxxo,46119.7,2024-04-06,APROBADO,-1.2,True
1270,1270,tarjeta_credito,98172.04,2024-08-08,aprobado,90354.51,False
937,937,tarjeta_credito,165197.28,2024-09-12,aprobado,155445.48,False
3,3,tarjeta_debito,2.7,2025-05-29,pendiente,2.7,True
2082,2082,efectivo,672440.89,2025-06-02,rechazado,-2.35,True
1761,1761,mpago,0.74,2025-03-20,rechazado,0.74,True
1650,1650,tarjeta_credito,6726.97,2025-09-26,APROBADO,-1.43,True
248,248,oxxo,10038.18,2025-06-15,rechazado,-0.99,True
256,256,efectivo,29414.78,2025-09-05,aprobado,-0.04,True
2285,2285,tarjeta_credito,82909.2,2024-09-11,APROBADO,1.02,True
2913,2913,oxxo,32026.83,2024-08-17,aprobado,0.27,True
1486,1486,tarjeta_credito,415663.19,2026-06-13,pendiente,-2.91,True
1101,1101,oxxo,12917.55,2024-07-20,aprobado,0.43,True
3300,3300,tarjeta_credito,0.0,2026-01-08,APROBADO,0.0,True
1866,1866,tarjeta_debito,0.81,2025-08-29,aprobado,0.81,True
2600,2600,tarjeta_debito,153863.61,2025-04-18,aprobado,153863.61,False
2488,2488,tarjeta_debito,13967.67,2024-03-27,pendiente,2.46,True
1993,1993,transferencia,985.13,2025-05-12,pendiente,-4.87,True
1272,1272,mpago,5845.29,2025-09-18,aprobado,0.42,True
247,247,tarjeta_debito,93934.0,2025-10-03,pendiente,-0.48,True
1932,1932,tarjeta_credito,0.0,2026-04-17,rechazado,0.0,True
2059,2059,tarjeta_debito,4811.46,2025-04-21,pendiente,-1.54,True
2681,2681,efectivo,2.54,2025-07-05,rechazado,2.54,True
1399,1399,oxxo,0.0,2025-08-29,aprobado,0.0,True
2833,2833,efectivo,149158.64,2025-10-21,APROBADO,-1.36,True
1115,1115,oxxo,0.47,2026-07-11,APROBADO,0.47,True
835,835,mpago,1.57,2025-12-25,aprobado,1.57,True
2238,2238,tarjeta_debito,0.0,2026-01-31,rechazado,0.0,True
646,646,tarjeta_debito,60226.35,2025-07-20,aprobado,-5.65,False
3239,3239,efectivo,1766.53,2024-09-27,rechazado,-1.37,True
2045,2045,mpago,69376.54,2025-05-03,pendiente,61485.42,False
3441,3441,tarjeta_debito,81920.09,2026-03-04,rechazado,-1.54,True
464,464,transferencia,137384.5,2026-05-24,rechazado,2.46,True
455,455,transferencia,0.0,2024-11-11,pendiente,0.0,True
2903,2903,tarjeta_credito,353445.0,2025-04-21,aprobado,-0.45,True
1846,1846,transferencia,7804.23,2024-07-05,rechazado,-1.61,True
2377,2377,efectivo,13175.52,2024-06-19,pendiente,-5.16,False
487,487,transferencia,66072.4,2025-04-02,aprobado,-0.65,True
2216,2216,oxxo,167652.47,2024-05-28,aprobado,29693.53,False
2606,2606,mpago,0.0,2024-08-21,aprobado,0.0,True
3249,3249,mpago,2523.22,2026-09-05,aprobado,0.22,True
2998,2998,efectivo,2413.3,2026-09-06,aprobado,-0.7,True
2187,2187,tarjeta_credito,60464.42,2025-07-01,aprobado,0.66,True
249,249,tarjeta_debito,179699.49,2026-10-05,pendiente,-0.83,True
1666,1666,oxxo,5184.32,2026-02-20,APROBADO,-1.37,True
626,626,transferencia,213860.46,2024-03-03,aprobado,31481.54,False
2365,2365,transferencia,45698.0,2026-03-10,pendiente,-0.37,True
1458,1458,efectivo,11538.9,2024-09-04,APROBADO,0.9,True
17,17,transferencia,132190.74,2024-06-21,aprobado,-2.34,True
1041,1041,efectivo,0.68,2026-01-27,APROBADO,0.68,True
1519,1519,mpago,2.92,2026-07-27,APROBADO,2.92,True
3201,3201,oxxo,52137.44,2025-06-22,APROBADO,-1.88,True
1558,1558,mpago,19195.15,2025-05-11,APROBADO,1.55,True
2823,2823,tarjeta_credito,233910.5,2026-10-04,pendiente,2.81,True
2893,2893,oxxo,2.12,2026-08-25,aprobado,2.12,True
2385,2385,oxxo,15150.7,2025-05-27,pendiente,0.7,True
1007,1007,transferencia,33180.74,2026-03-18,pendiente,2.21,True
3172,3172,tarjeta_debito,84860.15,2024-04-29,aprobado,-4.85,True
1078,1078,transferencia,24668.0,2026-08-24,rechazado,14523.7,False
1372,1372,tarjeta_credito,11115.05,2025-01-27,pendiente,11115.05,False
1042,1042,oxxo,55934.0,2024-12-30,aprobado,-0.91,True
1040,1040,efectivo,93435.0,2025-12-17,APROBADO,-1.05,True
1105,1105,efectivo,155413.0,2025-05-31,APROBADO,1.05,True
1452,1452,transferencia,0.0,2025-12-26,pendiente,0.0,True
3116,3116,mpago,159909.52,2025-12-23,pendiente,-2.03,True
1839,1839,mpago,0.0,2025-10-21,aprobado,0.0,True
3179,3179,tarjeta_debito,109188.05,2024-03-23,APROBADO,2.44,True
491,491,efectivo,52494.62,2026-03-13,aprobado,2.78,True
831,831,oxxo,2.0,2026-02-06,aprobado,2.0,True
1156,1156,oxxo,151384.87,2025-06-13,aprobado,-0.81,True
743,743,tarjeta_credito,0.0,2026-09-20,APROBADO,0.0,True
354,354,tarjeta_credito,0.0,2025-06-09,aprobado,0.0,True
1571,1571,mpago,36295.45,2026-01-16,pendiente,12273.84,False
3043,3043,transferencia,22784.26,2026-09-10,aprobado,3.25,True
970,970,tarjeta_credito,19682.54,2025-07-10,pendiente,2.34,True
2446,2446,efectivo,79365.33,2025-02-06,aprobado,-1.23,True
1715,1715,tarjeta_credito,22978.53,2024-03-23,pendiente,0.39,True
3354,3354,tarjeta_debito,1.65,2024-05-02,rechazado,1.65,True
3439,3439,tarjeta_credito,0.0,2025-03-31,aprobado,0.0,True
2259,2259,mpago,15431.0,2026-08-18,aprobado,-0.18,True
984,984,mpago,2.69,2024-06-19,pendiente,2.69,True
1676,1676,tarjeta_credito,2651.43,2025-08-23,rechazado,0.08,True
1655,1655,mpago,7477.0,2024-08-08,aprobado,0.92,True
425,425,tarjeta_credito,21236.73,2026-06-08,aprobado,-0.69,True
1126,1126,efectivo,0.0,2026-05-27,rechazado,0.0,True
2993,2993,oxxo,0.0,2026-08-08,pendiente,0.0,True
2302,2302,tarjeta_credito,0.0,2026-03-02,APROBADO,0.0,True
2255,2255,mpago,52255.09,2026-09-29,aprobado,-1.85,True
967,967,mpago,4902.5,2026-03-21,aprobado,1.8,True
3516,3516,transferencia,47766.97,2024-05-03,pendiente,31459.9,False
2850,2850,transferencia,12112.18,2025-06-02,aprobado,-3.77,True
41,41,tarjeta_credito,1966.43,2025-10-09,APROBADO,-2.43,True
1849,1849,oxxo,257207.28,2024-10-28,aprobado,-1.84,True
711,711,tarjeta_credito,59548.73,2024-10-03,pendiente,59548.73,False
724,724,mpago,9158.14,2024-04-30,aprobado,-2.16,True
791,791,efectivo,2069.0,2024-01-31,APROBADO,-0.03,True
1769,1769,tarjeta_debito,1787.44,2024-09-17,pendiente,-1.16,True
544,544,tarjeta_debito,0.0,2024-02-08,aprobado,0.0,True
3370,3370,tarjeta_debito,12870.05,2026-03-26,pendiente,-1.03,True
1144,1144,mpago,65292.0,2025-05-03,pendiente,-0.71,True
3492,3492,mpago,0.0,2026-01-11,rechazado,0.0,True
3415,3415,efectivo,4285.03,2024-12-18,pendiente,0.94,True
3036,3036,tarjeta_credito,59609.58,2024-09-11,aprobado,-2.0,True
1289,1289,efectivo,20247.87,2025-05-27,APROBADO,-2.24,True
3001,3001,efectivo,0.48,2025-12-21,pendiente,0.48,True
3048,3048,transferencia,21951.25,2026-08-04,pendiente,2.09,True
1891,1891,mpago,1104.77,2024-06-03,rechazado,0.18,True
398,398,oxxo,4804.56,2025-08-22,rechazado,-0.5,True
1038,1038,efectivo,30560.0,2026-06-23,aprobado,0.54,True
1819,1819,oxxo,4682.31,2026-09-29,APROBADO,-2.3,True
1551,1551,mpago,50464.0,2025-08-11,pendiente,-2.31,True
2281,2281,transferencia,70890.11,2026-04-02,rechazado,-0.52,True
2329,2329,mpago,2.35,2024-11-18,pendiente,2.35,True
107,107,efectivo,64447.0,2026-02-02,aprobado,0.38,True
2890,2890,mpago,3738.0,2026-01-29,aprobado,2.52,True
924,924,tarjeta_debito,310.15,2025-12-19,aprobado,1.59,True
3224,3224,tarjeta_debito,0.0,2025-12-07,APROBADO,0.0,True
245,245,tarjeta_debito,24666.87,2024-05-25,aprobado,0.07,True
3210,3210,oxxo,38506.0,2025-11-26,APROBADO,1.62,True
1305,1305,tarjeta_credito,15114.0,2025-08-23,pendiente,2.28,True
3068,3068,efectivo,3.0,2024-12-09,aprobado,3.0,True
619,619,tarjeta_debito,38437.71,2024-04-01,rechazado,-0.95,True
33,33,transferencia,2.0,2026-02-22,aprobado,2.0,True
1359,1359,efectivo,35316.72,2024-06-12,aprobado,0.33,True
3164,3164,efectivo,128047.36,2025-11-20,pendiente,0.31,True
949,949,transferencia,339405.79,2025-09-09,aprobado,2093.14,False
959,959,tarjeta_debito,52978.0,2026-05-01,aprobado,-2.95,True
2324,2324,efectivo,27071.82,2024-12-12,aprobado,13668.34,False
3084,3084,mpago,147480.08,2025-11-26,APROBADO,2.51,True
429,429,transferencia,7148.0,2024-06-30,aprobado,-0.8,True
3146,3146,tarjeta_debito,7708.96,2025-08-05,APROBADO,-1.57,True
2078,2078,transferencia,338007.59,2024-09-01,aprobado,-1.57,True
2136,2136,tarjeta_credito,3669.0,2024-01-20,aprobado,2.44,True
1552,1552,tarjeta_debito,1.0,2024-12-24,APROBADO,1.0,True
808,808,transferencia,2.7,2026-02-26,aprobado,2.7,True
2366,2366,efectivo,7968.83,2026-03-09,pendiente,-2.29,True
704,704,efectivo,0.7,2026-02-25,pendiente,0.7,True
1503,1503,tarjeta_credito,85147.0,2024-11-12,pendiente,0.23,True
1910,1910,tarjeta_debito,0.0,2024-12-27,APROBADO,0.0,True
367,367,transferencia,0.32,2026-03-29,aprobado,0.32,True
2121,2121,oxxo,68761.48,2024-06-13,aprobado,0.72,True
3292,3292,efectivo,50149.74,2026-03-14,APROBADO,1200.21,False
1050,1050,oxxo,19656.06,2026-06-04,pendiente,-2.97,True
842,842,tarjeta_debito,0.01,2025-01-11,rechazado,0.01,True
2057,2057,mpago,92320.48,2024-04-16,rechazado,92320.48,False
2310,2310,efectivo,32075.0,2026-07-04,pendiente,2.19,True
1465,1465,efectivo,31389.95,2025-09-11,aprobado,0.74,True
2117,2117,efectivo,299444.77,2025-04-05,aprobado,1.09,True
13,13,efectivo,0.0,2025-10-17,aprobado,0.0,True
746,746,oxxo,0.0,2026-03-06,APROBADO,0.0,True
1645,1645,efectivo,387809.0,2026-07-01,aprobado,-0.79,True
2350,2350,transferencia,66843.03,2025-02-27,aprobado,-1.07,True
3021,3021,efectivo,58637.0,2025-03-19,pendiente,2.73,True
1445,1445,transferencia,5464.66,2024-02-26,pendiente,-0.34,True
599,599,transferencia,2.12,2026-06-12,APROBADO,2.12,True
522,522,oxxo,1.9,2025-11-13,aprobado,1.9,True
3394,3394,mpago,49641.73,2025-04-04,aprobado,1.27,True
1522,1522,efectivo,49345.36,2024-11-25,pendiente,0.64,True
1916,1916,oxxo,2.39,2026-08-03,APROBADO,2.39,True
240,240,mpago,4931.0,2025-11-25,pendiente,3.32,True
3382,3382,mpago,16759.0,2026-07-02,aprobado,0.58,True
2509,2509,tarjeta_credito,101688.06,2025-05-24,aprobado,-2.28,True
2732,2732,tarjeta_credito,180342.07,2025-04-22,APROBADO,1.67,True
2441,2441,oxxo,0.0,2026-06-24,aprobado,0.0,True
2209,2209,oxxo,12440.93,2024-12-07,rechazado,-2.28,True
32,32,tarjeta_credito,26086.79,2025-02-25,aprobado,-1.77,True
3220,3220,tarjeta_credito,140855.04,2025-11-19,pendiente,-1.74,True
453,453,efectivo,111224.27,2024-08-24,rechazado,-0.68,True
2611,2611,efectivo,43517.0,2026-05-23,pendiente,-2.71,True
2761,2761,tarjeta_debito,9167.0,2026-01-15,aprobado,2.0,True
3171,3171,tarjeta_debito,1.9,2025-08-25,pendiente,1.9,True
2236,2236,tarjeta_debito,77937.0,2026-09-22,rechazado,-2.13,True
3072,3072,tarjeta_debito,31075.0,2025-01-26,aprobado,-2.25,True
891,891,tarjeta_debito,0.0,2024-07-20,rechazado,0.0,True
778,778,tarjeta_credito,32247.59,2024-11-05,rechazado,26397.8,False
637,637,transferencia,1.45,2026-06-05,aprobado,1.45,True
2812,2812,tarjeta_credito,101835.68,2025-06-16,APROBADO,0.44,True
1368,1368,tarjeta_debito,0.47,2024-08-25,pendiente,0.47,True
804,804,transferencia,71870.84,2025-01-14,aprobado,0.27,True
3329,3329,efectivo,2710.52,2026-09-01,aprobado,2.92,True
2569,2569,efectivo,0.09,2026-07-15,APROBADO,0.09,True
2880,2880,tarjeta_debito,1.75,2026-07-29,rechazado,1.75,True
671,671,efectivo,153279.7,2025-07-25,APROBADO,153279.7,False
3246,3246,tarjeta_debito,42505.07,2025-08-18,rechazado,-2.37,True
3297,3297,oxxo,50956.12,2026-02-03,aprobado,-2.82,True
1851,1851,oxxo,26994.48,2024-04-18,rechazado,1.53,True
3364,3364,transferencia,2.0,2024-04-23,aprobado,2.0,True
2156,2156,efectivo,160070.88,2026-03-12,aprobado,157382.3,False
454,454,mpago,17991.27,2024-07-12,rechazado,-1.21,True
1189,1189,transferencia,119512.39,2026-03-28,rechazado,2.26,True
2079,2079,oxxo,13105.0,2024-04-19,aprobado,1.03,True
3476,3476,transferencia,124544.0,2024-01-06,rechazado,0.97,True
2537,2537,efectivo,4431.2,2024-04-23,pendiente,-0.8,True
124,124,tarjeta_credito,44062.77,2026-04-22,APROBADO,-1.59,True
756,756,tarjeta_debito,0.0,2024-08-27,rechazado,0.0,True
2585,2585,oxxo,11398.26,2025-05-09,aprobado,0.06,True
357,357,oxxo,224036.52,2024-02-03,pendiente,34648.33,False
1798,1798,tarjeta_credito,24546.22,2025-02-11,rechazado,3.54,True
3554,3554,mpago,40761.96,2026-04-04,aprobado,0.45,True
242,242,transferencia,2585.15,2026-05-14,APROBADO,2585.15,False
3162,3162,efectivo,206991.78,2026-02-06,aprobado,188956.62,False
2381,2381,oxxo,281112.18,2024-10-08,pendiente,-1.17,True
2780,2780,tarjeta_debito,-0.0,2026-08-23,APROBADO,-0.0,True
2801,2801,transferencia,69692.19,2026-06-17,aprobado,0.23,True
2938,2938,oxxo,23449.62,2026-05-14,rechazado,-0.77,True
3051,3051,tarjeta_debito,20746.38,2025-11-09,rechazado,1.41,True
1081,1081,tarjeta_credito,0.67,2026-02-25,aprobado,0.67,True
3016,3016,tarjeta_credito,650267.6,2024-08-23,aprobado,-2.91,True
1882,1882,tarjeta_debito,2.0,2024-11-25,aprobado,2.0,True
3123,3123,efectivo,116623.22,2026-05-26,APROBADO,-1.08,True
3491,3491,mpago,756723.0,2024-10-23,aprobado,-0.72,True
131,131,oxxo,105362.17,2025-10-20,pendiente,-2.32,True
1426,1426,oxxo,0.0,2025-04-11,aprobado,0.0,True
54,54,transferencia,19434.0,2025-11-16,aprobado,1.63,True
1300,1300,tarjeta_debito,0.62,2025-09-25,pendiente,0.62,True
3163,3163,transferencia,48114.5,2025-05-05,rechazado,1.13,True
1448,1448,efectivo,3994.0,2025-06-18,pendiente,2.39,True
668,668,transferencia,530816.71,2024-04-14,aprobado,-4.54,True
546,546,tarjeta_debito,20089.31,2025-08-07,APROBADO,-1.76,True
94,94,oxxo,173785.92,2026-09-08,aprobado,0.64,True
438,438,oxxo,125891.0,2026-04-19,pendiente,0.28,True
3020,3020,efectivo,0.0,2025-04-24,rechazado,0.0,True
3411,3411,oxxo,0.0,2025-01-12,aprobado,0.0,True
2744,2744,mpago,0.0,2026-08-01,aprobado,0.0,True
2256,2256,oxxo,1.06,2026-07-04,pendiente,1.06,True
1574,1574,tarjeta_debito,104653.4,2024-10-16,aprobado,8807.48,False
279,279,transferencia,316213.51,2024-08-09,pendiente,-1.15,True
3533,3533,oxxo,0.25,2024-03-12,APROBADO,0.25,True
1432,1432,oxxo,2.59,2026-01-13,APROBADO,2.59,True
480,480,efectivo,14656.28,2026-02-20,APROBADO,-1.24,True
18,18,transferencia,365785.64,2024-01-25,APROBADO,-2.57,True
192,192,tarjeta_debito,28541.0,2024-05-06,pendiente,1.95,True
548,548,transferencia,102351.65,2024-09-18,rechazado,-2.6,True
2757,2757,oxxo,0.0,2025-03-06,aprobado,0.0,True
40,40,transferencia,0.01,2026-07-21,aprobado,0.01,True
1935,1935,transferencia,22447.3,2025-01-18,pendiente,-1.09,True
3278,3278,tarjeta_debito,21858.75,2026-08-13,aprobado,0.03,True
3527,3527,efectivo,2.12,2024-09-08,rechazado,2.12,True
1919,1919,tarjeta_credito,34942.45,2025-08-31,rechazado,1.95,True
1138,1138,efectivo,169264.39,2026-06-11,APROBADO,2.83,True
410,410,mpago,170232.0,2024-11-21,rechazado,2.69,True
336,336,oxxo,0.0,2026-09-21,pendiente,0.0,True
2227,2227,mpago,0.0,2026-04-05,APROBADO,0.0,True
1353,1353,tarjeta_credito,327807.0,2024-04-05,APROBADO,36742.27,False
1501,1501,transferencia,0.89,2026-09-22,APROBADO,0.89,True
1333,1333,efectivo,186678.76,2026-07-16,aprobado,-0.21,True
2180,2180,efectivo,0.0,2024-07-16,aprobado,0.0,True
2793,2793,efectivo,1.68,2025-09-13,APROBADO,1.68,True
1151,1151,oxxo,274177.99,2025-11-16,aprobado,2.19,True
352,352,mpago,107080.14,2024-06-21,aprobado,2.39,True
2705,2705,mpago,0.0,2025-10-02,rechazado,0.0,True
3003,3003,transferencia,340012.93,2025-08-18,rechazado,-1.7,True
2911,2911,transferencia,3.0,2024-12-07,rechazado,3.0,True
1071,1071,oxxo,2842.0,2025-12-25,aprobado,1.65,True
2643,2643,mpago,74721.77,2025-07-14,aprobado,-0.94,True
3006,3006,transferencia,0.32,2024-04-24,aprobado,0.32,True
1453,1453,transferencia,10654.0,2025-02-08,APROBADO,1.28,True
2962,2962,mpago,0.0,2024-03-05,APROBADO,0.0,True
172,172,tarjeta_debito,84316.0,2025-06-20,pendiente,1.6,True
2772,2772,efectivo,89624.59,2025-08-29,rechazado,0.59,True
620,620,transferencia,77844.73,2026-04-20,aprobado,-0.45,True
1682,1682,efectivo,69902.08,2026-03-07,rechazado,-0.8,True
3032,3032,tarjeta_debito,2.22,2026-02-10,aprobado,2.22,True
627,627,mpago,27652.19,2025-10-13,aprobado,2102.19,False
2980,2980,tarjeta_debito,109445.25,2024-08-09,rechazado,0.41,True
2197,2197,transferencia,24061.78,2026-01-29,aprobado,2.5,True
2151,2151,oxxo,188951.69,2024-08-30,pendiente,-2.18,True
1583,1583,transferencia,126063.0,2026-01-23,pendiente,-0.19,True
2720,2720,mpago,0.0,2025-05-12,pendiente,0.0,True
1852,1852,tarjeta_debito,1717.55,2026-07-22,APROBADO,1.27,True
2001,2001,tarjeta_debito,12861.86,2024-03-26,aprobado,-1.91,True
2090,2090,mpago,2267.64,2025-08-27,aprobado,1.19,True
855,855,oxxo,34111.22,2025-12-17,rechazado,7706.25,False
2881,2881,tarjeta_debito,100327.25,2024-08-07,APROBADO,12773.03,False
1297,1297,oxxo,0.0,2025-06-15,rechazado,0.0,True
1867,1867,efectivo,0.21,2025-01-14,aprobado,0.21,True
3543,3543,transferencia,17090.0,2025-12-12,rechazado,-0.05,True
2367,2367,transferencia,17731.36,2025-09-22,aprobado,-1.63,True
1618,1618,mpago,142026.99,2025-09-29,APROBADO,3.17,True
2566,2566,tarjeta_credito,10552.45,2024-11-08,APROBADO,0.88,True
1722,1722,transferencia,2.0,2024-10-20,rechazado,2.0,True
803,803,transferencia,0.73,2026-01-17,aprobado,0.73,True
1087,1087,oxxo,14515.66,2026-07-16,aprobado,0.62,True
2511,2511,tarjeta_credito,3152.77,2026-07-20,APROBADO,2.1,True
2127,2127,mpago,27119.33,2026-06-22,rechazado,2.62,True
3597,3597,mpago,316686.14,2026-09-03,APROBADO,-1.64,True
960,960,transferencia,6121.94,2025-08-16,rechazado,-2.64,True
3109,3109,oxxo,15471.51,2024-05-01,pendiente,1.02,True
1900,1900,mpago,255834.0,2026-03-27,aprobado,2.08,True
576,576,tarjeta_credito,0.0,2026-09-21,rechazado,0.0,True
2290,2290,oxxo,1.33,2025-09-24,aprobado,1.33,True
2389,2389,efectivo,329424.87,2025-04-11,aprobado,-1.35,True
3350,3350,mpago,2.1,2025-10-11,APROBADO,2.1,True
2075,2075,oxxo,19591.32,2024-05-13,aprobado,-2.7,True
2843,2843,transferencia,3398.87,2024-09-15,rechazado,3398.87,False
570,570,mpago,51644.2,2025-07-09,pendiente,0.47,True
799,799,oxxo,8718.0,2025-03-27,rechazado,-2.08,True
2763,2763,efectivo,94726.0,2025-06-15,aprobado,-0.73,True
1756,1756,efectivo,17342.07,2026-05-10,aprobado,-0.91,True
518,518,oxxo,173714.84,2025-08-12,aprobado,-2.13,True
1148,1148,efectivo,14642.6,2026-01-29,aprobado,-1.01,True
269,269,efectivo,3122.05,2024-08-10,aprobado,3122.05,False
301,301,oxxo,233944.95,2024-03-27,aprobado,-1.46,True
966,966,mpago,138516.68,2025-09-25,aprobado,1.43,True
229,229,tarjeta_credito,142448.92,2024-02-09,APROBADO,0.49,True
85,85,oxxo,111452.45,2025-12-11,rechazado,2.56,True
328,328,oxxo,3277.54,2026-01-07,aprobado,1.26,True
1082,1082,transferencia,0.0,2024-12-29,aprobado,0.0,True
2436,2436,oxxo,35560.3,2025-01-03,APROBADO,3.94,True
470,470,efectivo,654011.83,2026-08-20,aprobado,-2.72,True
2344,2344,oxxo,50858.0,2025-05-05,aprobado,0.12,True
198,198,tarjeta_debito,1.96,2024-11-23,pendiente,1.96,True
298,298,tarjeta_credito,93719.54,2024-08-27,aprobado,92316.02,False
3565,3565,mpago,0.0,2024-11-24,APROBADO,0.0,True
2307,2307,tarjeta_credito,0.0,2024-03-28,pendiente,0.0,True
1945,1945,oxxo,23977.63,2024-11-23,aprobado,-2.39,True
2882,2882,tarjeta_credito,1.12,2025-10-25,rechazado,1.12,True
2342,2342,transferencia,113189.48,2026-02-25,APROBADO,-2.09,True
2554,2554,tarjeta_credito,2.37,2024-08-19,aprobado,2.37,True
2276,2276,oxxo,174926.11,2025-01-20,aprobado,-0.89,True
1612,1612,tarjeta_debito,6873.13,2025-08-28,aprobado,0.33,True
921,921,tarjeta_credito,6547.02,2025-07-16,pendiente,1.5,True
1429,1429,transferencia,0.0,2025-09-13,aprobado,0.0,True
1530,1530,mpago,0.0,2025-04-22,rechazado,0.0,True
2317,2317,transferencia,139168.98,2024-09-29,aprobado,-2.64,True
1885,1885,transferencia,13591.84,2025-06-17,rechazado,1.48,True
607,607,tarjeta_debito,55253.79,2024-07-01,APROBADO,1.79,True
1630,1630,mpago,4492.19,2024-06-17,pendiente,2.39,True
2336,2336,tarjeta_debito,52166.34,2026-02-08,APROBADO,2.62,True
2234,2234,oxxo,611766.0,2026-06-27,aprobado,2.21,True
1634,1634,efectivo,26834.99,2024-12-12,rechazado,24967.25,False
138,138,tarjeta_debito,72094.0,2024-07-24,aprobado,-1.5,True
3244,3244,transferencia,101685.36,2026-08-29,APROBADO,59282.48,False
1662,1662,efectivo,0.4,2025-12-24,pendiente,0.4,True
3326,3326,tarjeta_debito,36679.92,2024-09-23,rechazado,-0.08,True
3331,3331,tarjeta_credito,2.28,2026-08-11,APROBADO,2.28,True
1638,1638,transferencia,147755.43,2026-05-01,APROBADO,0.86,True
1024,1024,tarjeta_debito,1.03,2026-01-18,pendiente,1.03,True
1045,1045,tarjeta_debito,1.87,2026-03-30,aprobado,1.87,True
3553,3553,transferencia,10208.0,2026-01-28,APROBADO,3.0,True
1039,1039,efectivo,71847.83,2024-09-11,APROBADO,6263.67,False
1644,1644,oxxo,96573.44,2025-10-05,aprobado,34315.54,False
3427,3427,mpago,1104.55,2025-05-17,aprobado,0.55,True
3180,3180,mpago,183667.22,2025-08-14,pendiente,4.36,True
2371,2371,transferencia,2.29,2024-01-03,rechazado,2.29,True
76,76,oxxo,2589.35,2025-05-16,aprobado,2.94,True
697,697,tarjeta_debito,75023.61,2025-11-08,rechazado,1.42,True
1307,1307,transferencia,2241.66,2024-01-18,pendiente,2.54,True
3395,3395,tarjeta_credito,455854.4,2024-07-24,APROBADO,4.56,True
2036,2036,mpago,1.09,2026-07-25,aprobado,1.09,True
2340,2340,efectivo,128126.4,2026-03-26,pendiente,0.94,True
3294,3294,tarjeta_credito,330809.72,2025-05-02,rechazado,3.8,True
3100,3100,tarjeta_credito,27807.39,2025-03-25,APROBADO,-2.49,True
2783,2783,oxxo,20030.09,2024-06-05,aprobado,-1.81,True
950,950,transferencia,219957.91,2024-09-20,pendiente,943.93,False
840,840,tarjeta_credito,145081.46,2025-05-31,APROBADO,7451.73,False
1094,1094,mpago,6871.94,2026-06-01,APROBADO,-0.86,True
2551,2551,oxxo,8340.8,2025-08-08,pendiente,-0.22,True
2157,2157,efectivo,0.0,2025-10-02,rechazado,0.0,True
3328,3328,mpago,0.0,2024-11-17,rechazado,0.0,True
1706,1706,transferencia,38788.0,2024-11-03,aprobado,1.77,True
2654,2654,tarjeta_credito,21993.33,2025-06-05,aprobado,-2.32,True
2659,2659,mpago,14102.15,2026-06-19,aprobado,-0.2,True
451,451,efectivo,306244.54,2025-09-26,rechazado,-1.29,True
2961,2961,mpago,2.58,2024-01-28,APROBADO,2.58,True
693,693,tarjeta_credito,228318.12,2025-05-04,aprobado,1.32,True
2198,2198,tarjeta_debito,45867.79,2025-05-20,pendiente,2.77,True
2923,2923,tarjeta_debito,93487.66,2026-08-09,aprobado,-1.92,True
954,954,oxxo,315915.75,2026-08-26,rechazado,0.81,True
389,389,tarjeta_debito,5854.02,2025-08-20,aprobado,-0.23,True
1557,1557,tarjeta_debito,0.0,2024-04-12,aprobado,0.0,True
887,887,mpago,367674.49,2026-07-13,pendiente,-2.27,True
3204,3204,mpago,17457.97,2026-09-28,pendiente,1.53,True
3207,3207,efectivo,13315.0,2024-05-26,pendiente,-1.2,True
2912,2912,tarjeta_credito,0.0,2026-01-20,APROBADO,0.0,True
541,541,transferencia,0.88,2025-09-20,aprobado,0.88,True
3367,3367,tarjeta_credito,194880.55,2025-07-23,aprobado,-3.92,True
1515,1515,transferencia,23579.76,2025-03-27,pendiente,-1.28,True
1159,1159,oxxo,23637.64,2025-05-05,pendiente,23637.64,False
1593,1593,tarjeta_debito,19957.69,2025-04-27,aprobado,2.49,True
3404,3404,tarjeta_debito,22058.42,2024-04-17,aprobado,22058.42,False
3308,3308,efectivo,273071.0,2024-07-05,pendiente,-1.7,True
1116,1116,tarjeta_debito,53941.01,2025-01-29,aprobado,-2.0,True
3504,3504,efectivo,0.0,2025-12-15,pendiente,0.0,True
1832,1832,tarjeta_credito,3969.48,2026-06-19,rechazado,-0.99,True
2871,2871,tarjeta_credito,17123.23,2025-04-27,rechazado,-0.77,True
3188,3188,tarjeta_debito,7722.65,2026-02-27,aprobado,-0.32,True
1610,1610,oxxo,120413.59,2024-06-20,aprobado,-2.97,True
2487,2487,transferencia,3.0,2025-11-01,pendiente,3.0,True
2065,2065,tarjeta_credito,7744.62,2026-08-22,APROBADO,1.21,True
819,819,tarjeta_credito,82409.86,2025-11-07,APROBADO,-0.02,True
199,199,tarjeta_credito,117118.79,2026-05-30,aprobado,1.08,True
1660,1660,efectivo,1.36,2025-07-09,aprobado,1.36,True
2575,2575,tarjeta_credito,73636.92,2025-06-19,aprobado,1.76,True
91,91,mpago,132673.35,2025-02-16,aprobado,-2.01,True
2756,2756,mpago,0.0,2025-06-15,pendiente,0.0,True
569,569,tarjeta_credito,0.6,2025-02-19,aprobado,0.6,True
1143,1143,tarjeta_debito,2.81,2024-08-15,APROBADO,2.81,True
1813,1813,transferencia,5234.11,2024-09-18,aprobado,2.11,True
3445,3445,tarjeta_credito,2.58,2025-01-16,aprobado,2.58,True
856,856,efectivo,5617.64,2025-12-24,aprobado,1.98,True
1104,1104,transferencia,75259.66,2024-12-03,rechazado,-0.69,True
1487,1487,efectivo,20006.36,2026-03-18,pendiente,20006.36,False
2922,2922,tarjeta_debito,16872.0,2024-11-11,APROBADO,-1.25,True
2725,2725,mpago,2.67,2024-04-11,aprobado,2.67,True
1259,1259,transferencia,0.0,2025-09-07,pendiente,0.0,True
1234,1234,tarjeta_credito,96401.99,2026-04-27,rechazado,-2.49,True
2699,2699,mpago,12917.0,2026-08-03,APROBADO,-0.12,True
1253,1253,tarjeta_credito,67227.41,2025-01-23,aprobado,-1.58,True
1600,1600,transferencia,338458.05,2024-12-04,pendiente,0.05,True
208,208,mpago,1.0,2026-05-28,APROBADO,1.0,True
679,679,efectivo,1.61,2024-10-14,pendiente,1.61,True
2002,2002,efectivo,3366.0,2024-11-28,APROBADO,1.8,True
2533,2533,tarjeta_debito,4796.51,2025-03-07,APROBADO,0.88,True
2141,2141,transferencia,25752.92,2024-09-29,APROBADO,1.41,True
2095,2095,mpago,97269.78,2025-08-14,rechazado,-0.89,True
220,220,oxxo,149130.0,2025-01-10,aprobado,0.96,True
2455,2455,tarjeta_debito,1.63,2025-10-10,aprobado,1.63,True
630,630,oxxo,1.0,2025-05-25,aprobado,1.0,True
2661,2661,tarjeta_credito,69436.67,2026-05-23,pendiente,52791.42,False
1402,1402,efectivo,215086.04,2024-07-18,rechazado,-0.8,True
624,624,efectivo,60053.14,2026-06-22,APROBADO,19022.84,False
1482,1482,tarjeta_credito,68543.68,2024-11-22,pendiente,1.23,True
3391,3391,tarjeta_debito,188166.45,2025-10-07,aprobado,1.62,True
1632,1632,tarjeta_credito,64829.62,2026-02-07,aprobado,-1.57,True
2427,2427,mpago,66298.63,2025-01-08,aprobado,-4.43,True
3385,3385,mpago,2105.06,2024-05-27,rechazado,-0.22,True
1952,1952,tarjeta_credito,23599.76,2026-07-15,pendiente,1.94,True
484,484,mpago,31057.34,2026-03-11,rechazado,-2.42,True
1874,1874,mpago,1966.21,2026-08-09,aprobado,2.21,True
802,802,transferencia,0.0,2024-01-11,pendiente,0.0,True
2928,2928,tarjeta_credito,4712.82,2024-01-09,rechazado,-2.88,True
2178,2178,transferencia,1.94,2024-12-04,APROBADO,1.94,True
3040,3040,oxxo,2808.1,2024-06-03,rechazado,1.06,True
3587,3587,mpago,0.0,2026-01-08,pendiente,0.0,True
305,305,mpago,6536.93,2025-01-24,aprobado,0.89,True
490,490,transferencia,27464.95,2025-06-25,APROBADO,5906.29,False
2222,2222,tarjeta_debito,1.47,2024-09-07,pendiente,1.47,True
3414,3414,tarjeta_debito,1138.0,2026-07-25,pendiente,-3.0,True
3446,3446,transferencia,1684.0,2024-02-01,rechazado,1.9,True
3257,3257,transferencia,100669.86,2026-08-10,rechazado,2209.66,False
1012,1012,tarjeta_debito,0.0,2025-04-14,APROBADO,0.0,True
2897,2897,tarjeta_credito,39210.64,2024-04-25,aprobado,-0.56,True
165,165,oxxo,130424.66,2024-01-29,aprobado,0.3,True
2538,2538,tarjeta_credito,17850.0,2026-05-13,aprobado,-1.04,True
1195,1195,oxxo,2052.0,2024-03-14,aprobado,-2.38,True
781,781,transferencia,0.0,2025-09-24,APROBADO,0.0,True
904,904,oxxo,1.92,2024-08-23,aprobado,1.92,True
2584,2584,oxxo,4499.92,2025-01-18,aprobado,-0.48,True
2701,2701,mpago,107986.0,2025-08-28,APROBADO,-2.48,True
2448,2448,mpago,0.2,2026-06-09,pendiente,0.2,True
1811,1811,tarjeta_debito,2.43,2025-11-16,aprobado,2.43,True
1654,1654,mpago,11333.37,2025-02-25,APROBADO,0.06,True
1977,1977,oxxo,42841.32,2025-10-23,APROBADO,-2.65,True
214,214,tarjeta_credito,1371.61,2026-07-17,pendiente,-2.95,True
2672,2672,tarjeta_debito,1.93,2024-10-03,aprobado,1.93,True
755,755,transferencia,36265.4,2024-07-06,APROBADO,2.4,True
1865,1865,efectivo,140644.99,2025-07-18,aprobado,1.63,True
1325,1325,efectivo,83330.88,2026-01-24,aprobado,-0.26,True
2552,2552,transferencia,130345.64,2026-02-02,aprobado,-2.66,True
1745,1745,efectivo,322343.75,2025-06-30,pendiente,1.93,True
2873,2873,tarjeta_debito,2720.44,2024-09-13,pendiente,-1.51,True
1499,1499,efectivo,0.25,2024-03-25,aprobado,0.25,True
3575,3575,mpago,846.02,2024-08-07,pendiente,-1.8,True
3288,3288,mpago,2.13,2026-01-04,aprobado,2.13,True
1404,1404,tarjeta_credito,39081.31,2024-01-23,aprobado,0.06,True
2284,2284,transferencia,95400.0,2024-07-11,aprobado,0.42,True
3127,3127,tarjeta_debito,16987.88,2025-12-13,pendiente,0.88,True
21,21,mpago,78473.0,2026-06-07,aprobado,-0.21,True
1340,1340,mpago,138360.37,2025-06-13,rechazado,33481.31,False
3275,3275,mpago,0.0,2026-04-11,APROBADO,0.0,True
3070,3070,tarjeta_debito,43431.0,2026-07-06,APROBADO,1.32,True
400,400,efectivo,0.0,2025-08-06,aprobado,0.0,True
2029,2029,efectivo,1.0,2025-10-24,rechazado,1.0,True
2192,2192,tarjeta_credito,3381.82,2025-03-17,pendiente,-1.78,True
1243,1243,transferencia,43420.0,2026-06-09,aprobado,43420.0,False
3018,3018,mpago,2502.69,2026-05-13,aprobado,0.11,True
3005,3005,oxxo,22570.91,2024-06-16,aprobado,1.42,True
2794,2794,efectivo,72494.17,2026-04-20,aprobado,-2.32,True
1256,1256,efectivo,0.23,2025-12-20,aprobado,0.23,True
2004,2004,efectivo,65731.0,2026-08-14,APROBADO,-2.13,True
108,108,transferencia,29285.0,2024-01-10,APROBADO,2.17,True
2503,2503,mpago,0.0,2026-08-27,APROBADO,0.0,True
45,45,tarjeta_debito,0.0,2025-07-08,aprobado,0.0,True
1627,1627,mpago,37786.99,2026-08-24,APROBADO,-3.56,True
1734,1734,mpago,14522.28,2025-11-06,pendiente,1.83,True
1219,1219,tarjeta_debito,2.99,2026-02-22,rechazado,2.99,True
2627,2627,tarjeta_debito,148919.72,2025-08-10,aprobado,-1.48,True
556,556,efectivo,292044.0,2024-05-27,APROBADO,1.67,True
1909,1909,tarjeta_credito,9345.57,2024-05-18,pendiente,0.47,True
3118,3118,mpago,6335.12,2025-11-24,pendiente,-0.94,True
418,418,transferencia,0.0,2025-06-23,pendiente,0.0,True
284,284,oxxo,21929.89,2025-01-13,aprobado,2.53,True
684,684,tarjeta_debito,0.0,2024-04-30,pendiente,0.0,True
2896,2896,tarjeta_debito,7443.43,2025-12-26,rechazado,-2.6,True
1135,1135,transferencia,15177.21,2026-06-30,aprobado,-1.94,True
1213,1213,mpago,0.0,2025-07-15,aprobado,0.0,True
1713,1713,efectivo,2.05,2026-02-04,aprobado,2.05,True
2754,2754,tarjeta_debito,213244.0,2025-08-09,pendiente,213244.0,False
3056,3056,mpago,40211.0,2025-11-18,rechazado,-2.16,True
488,488,tarjeta_debito,2.15,2025-10-30,rechazado,2.15,True
1326,1326,tarjeta_credito,220754.44,2025-07-26,pendiente,2485.56,False
3085,3085,mpago,0.0,2025-02-28,rechazado,0.0,True
2114,2114,mpago,0.0,2024-11-12,rechazado,0.0,True
2113,2113,mpago,17520.05,2025-02-27,pendiente,9374.69,False
1527,1527,tarjeta_credito,193936.85,2026-03-01,rechazado,2.86,True
852,852,oxxo,2.0,2025-01-04,aprobado,2.0,True
317,317,tarjeta_credito,396576.77,2024-06-13,pendiente,-0.23,True
1877,1877,transferencia,0.0,2026-06-13,pendiente,0.0,True
257,257,oxxo,226485.51,2026-09-02,aprobado,-2.17,True
1643,1643,oxxo,108445.33,2024-08-20,aprobado,-0.25,True
701,701,transferencia,2873.59,2026-06-19,APROBADO,2873.59,False
1074,1074,oxxo,32250.9,2025-12-09,aprobado,-2.46,True
2960,2960,efectivo,19377.64,2024-11-02,aprobado,2.5,True
1955,1955,tarjeta_debito,34384.0,2024-12-07,aprobado,1.85,True
2232,2232,tarjeta_debito,0.0,2024-06-30,aprobado,0.0,True
2979,2979,mpago,349352.28,2024-12-02,pendiente,1.32,True
2837,2837,efectivo,7808.0,2025-12-28,aprobado,2.16,True
1257,1257,transferencia,61310.65,2024-07-11,rechazado,2.43,True
3160,3160,efectivo,0.0,2024-09-21,rechazado,0.0,True
3211,3211,tarjeta_debito,193683.81,2026-02-26,pendiente,2.37,True
958,958,oxxo,4585.87,2025-12-25,APROBADO,0.59,True
1418,1418,efectivo,22931.48,2025-08-31,aprobado,-3.61,True
