id_pedido,id_cliente,fecha_pedido,anio,mes,mes_nombre,trimestre,anio_mes,canal_venta,id_sucursal,estado,es_completado,total_pedido,unidades,lineas,categorias_distintas,ticket_promedio_linea
70,1551,2024-11-24,2024,11,Noviembre,4,2024-11,tienda_fisica,10,cancelado,False,110393.62,9,2,2,55196.81
794,1432,2026-12-03,2026,12,Diciembre,4,2026-12,tienda_fisica,9,completado,True,35098.78,5,2,2,17549.39
774,816,2024-11-19,2024,11,Noviembre,4,2024-11,tienda_fisica,10,completado,True,121788.9,7,2,2,60894.45
3157,1209,2026-02-03,2026,2,Febrero,1,2026-02,web,1,completado,True,102959.97,4,1,1,102959.97
1529,1252,2024-04-07,2024,4,Abril,2,2024-04,web,2,cancelado,False,9241.47,10,2,2,4620.73
254,104,2024-02-27,2024,2,Febrero,1,2024-02,tienda_fisica,7,enviado,True,0.0,0,0,0,0.0
2048,1173,2024-05-03,2024,5,Mayo,2,2024-05,app_movil,9,pendiente,False,0.0,0,0,0,0.0
1889,808,2024-10-28,2024,10,Octubre,4,2024-10,app_movil,9,enviado,True,27841.18,15,2,2,13920.59
2941,529,2024-05-08,2024,5,Mayo,2,2024-05,web,4,enviado,True,12258.04,2,1,1,12258.04
194,871,2026-07-16,2026,7,Julio,3,2026-07,tienda_fisica,12,cancelado,False,15246.0,6,1,1,15246.0
395,614,2026-02-11,2026,2,Febrero,1,2026-02,web,4,pendiente,False,235.67,1,1,1,235.67
23,79,2026-08-08,2026,8,Agosto,3,2026-08,app_movil,7,pendiente,False,0.0,0,0,0,0.0
1657,1854,2026-05-20,2026,5,Mayo,2,2026-05,web,4,pendiente,False,1952.0,2,1,1,1952.0
1423,678,2026-08-26,2026,8,Agosto,3,2026-08,app_movil,1,pendiente,False,0.0,0,0,0,0.0
3537,1921,2026-04-30,2026,4,Abril,2,2026-04,web,9,completado,True,34389.09,13,3,2,11463.03
1585,1569,2024-08-04,2024,8,Agosto,3,2024-08,tienda_fisica,6,completado,True,4828.3,2,1,1,4828.3
2910,371,2026-07-18,2026,7,Julio,3,2026-07,web,2,cancelado,False,158604.73,7,3,3,52868.24
2297,1457,2025-01-22,2025,1,Enero,1,2025-01,web,12,completado,True,206929.9,8,2,2,103464.95
2778,479,2024-07-31,2024,7,Julio,3,2024-07,app_movil,8,completado,True,4878.65,5,1,1,4878.65
2521,997,2024-09-12,2024,9,Setiembre,3,2024-09,app_movil,9,enviado,True,5884.85,5,1,1,5884.85
1606,1629,2025-07-19,2025,7,Julio,3,2025-07,tienda_fisica,5,completado,True,0.0,0,0,0,0.0
2400,663,2026-02-07,2026,2,Febrero,1,2026-02,web,12,enviado,True,0.0,0,0,0,0.0
64,1889,2026-02-15,2026,2,Febrero,1,2026-02,web,1,completado,True,126250.0,5,1,1,126250.0
421,1681,2025-09-19,2025,9,Setiembre,3,2025-09,tienda_fisica,9,cancelado,False,0.0,0,0,0,0.0
3274,1838,2026-05-30,2026,5,Mayo,2,2026-05,web,1,completado,True,7808.0,8,1,1,7808.0
683,43,2024-04-24,2024,4,Abril,2,2024-04,web,12,pendiente,False,7034.09,6,1,1,7034.09
1252,24,2026-05-28,2026,5,Mayo,2,2026-05,tienda_fisica,10,completado,True,52919.78,2,1,1,52919.78
720,261,2026-09-23,2026,9,Setiembre,3,2026-09,app_movil,2,completado,True,26069.66,1,1,1,26069.66
1640,1363,2025-03-16,2025,3,Marzo,1,2025-03,tienda_fisica,4,completado,True,0.0,0,0,0,0.0
44,1865,2025-10-27,2025,10,Octubre,4,2025-10,web,12,completado,True,0.0,0,0,0,0.0
2685,253,2024-12-08,2024,12,Diciembre,4,2024-12,web,8,enviado,True,25712.88,3,2,2,12856.44
1834,857,2024-06-28,2024,6,Junio,2,2024-06,app_movil,2,completado,True,3023.56,4,1,1,3023.56
918,805,2024-08-10,2024,8,Agosto,3,2024-08,app_movil,5,completado,True,23377.27,4,2,2,11688.64
876,1714,2024-09-08,2024,9,Setiembre,3,2024-09,app_movil,1,pendiente,False,131662.73,11,3,3,43887.58
1218,53,2024-08-29,2024,8,Agosto,3,2024-08,web,7,completado,True,294589.71,13,2,2,147294.86
158,443,2026-04-03,2026,4,Abril,2,2026-04,web,5,completado,True,0.0,0,0,0,0.0
2653,1595,2026-06-14,2026,6,Junio,2,2026-06,tienda_fisica,5,completado,True,1988.07,1,1,1,1988.07
1110,1834,2024-11-25,2024,11,Noviembre,4,2024-11,tienda_fisica,4,completado,True,0.0,0,0,0,0.0
2295,1472,2025-11-08,2025,11,Noviembre,4,2025-11,app_movil,2,completado,True,11461.98,2,1,1,11461.98
3338,39,2024-08-18,2024,8,Agosto,3,2024-08,web,5,completado,True,73695.44,4,1,1,73695.44
2183,502,2025-05-10,2025,5,Mayo,2,2025-05,web,7,pendiente,False,0.0,0,0,0,0.0
2626,44,2025-11-05,2025,11,Noviembre,4,2025-11,web,4,enviado,True,50587.06,1,1,1,50587.06
377,1972,2024-09-20,2024,9,Setiembre,3,2024-09,app_movil,8,completado,True,191691.84,6,1,1,191691.84
2950,889,2025-05-01,2025,5,Mayo,2,2025-05,app_movil,7,cancelado,False,0.0,0,0,0,0.0
3222,1068,2024-10-18,2024,10,Octubre,4,2024-10,app_movil,7,enviado,True,988.08,6,1,1,988.08
9,1898,2025-05-23,2025,5,Mayo,2,2025-05,app_movil,3,completado,True,2279.64,1,1,1,2279.64
79,1169,2024-12-25,2024,12,Diciembre,4,2024-12,app_movil,12,completado,True,111869.82,6,1,1,111869.82
2472,918,2026-08-21,2026,8,Agosto,3,2026-08,tienda_fisica,1,pendiente,False,0.0,0,0,0,0.0
605,632,2024-11-30,2024,11,Noviembre,4,2024-11,tienda_fisica,8,completado,True,132608.37,8,2,2,66304.18
520,1385,2025-07-16,2025,7,Julio,3,2025-07,app_movil,4,enviado,True,173716.97,7,1,1,173716.97
50,1234,2026-03-08,2026,3,Marzo,1,2026-03,web,5,completado,True,113764.1,10,3,3,37921.37
173,962,2025-03-02,2025,3,Marzo,1,2025-03,app_movil,3,cancelado,False,0.0,0,0,0,0.0
3600,1126,2024-08-13,2024,8,Agosto,3,2024-08,web,1,completado,True,4016.75,5,1,1,4016.75
443,1834,2026-02-03,2026,2,Febrero,1,2026-02,web,11,completado,True,0.0,0,0,0,0.0
1771,983,2025-09-27,2025,9,Setiembre,3,2025-09,tienda_fisica,3,completado,True,379.31,1,1,1,379.31
3442,192,2024-06-05,2024,6,Junio,2,2024-06,app_movil,8,enviado,True,45664.0,8,1,1,45664.0
1683,1524,2025-04-14,2025,4,Abril,2,2025-04,tienda_fisica,7,cancelado,False,2666.31,1,1,1,2666.31
2496,1630,2026-08-20,2026,8,Agosto,3,2026-08,tienda_fisica,11,completado,True,17047.85,8,1,1,17047.85
2383,1026,2026-09-26,2026,9,Setiembre,3,2026-09,tienda_fisica,4,completado,True,0.0,0,0,0,0.0
2677,399,2025-09-15,2025,9,Setiembre,3,2025-09,app_movil,2,completado,True,0.0,0,0,0,0.0
3281,109,2026-01-12,2026,1,Enero,1,2026-01,web,9,enviado,True,26580.96,6,2,2,13290.48
2957,1461,2025-07-08,2025,7,Julio,3,2025-07,app_movil,7,enviado,True,6572.16,4,1,1,6572.16
2356,905,2024-09-17,2024,9,Setiembre,3,2024-09,tienda_fisica,9,cancelado,False,0.0,0,0,0,0.0
3468,81,2025-02-25,2025,2,Febrero,1,2025-02,tienda_fisica,5,completado,True,15046.97,7,1,1,15046.97
2112,680,2024-07-28,2024,7,Julio,3,2024-07,app_movil,6,pendiente,False,188987.46,13,2,2,94493.73
1438,477,2025-02-17,2025,2,Febrero,1,2025-02,tienda_fisica,9,cancelado,False,187502.4,10,2,2,93751.2
83,731,2024-08-23,2024,8,Agosto,3,2024-08,web,10,completado,True,110364.26,3,2,2,55182.13
793,551,2026-02-28,2026,2,Febrero,1,2026-02,app_movil,10,pendiente,False,188951.0,7,1,1,188951.0
2920,434,2026-09-03,2026,9,Setiembre,3,2026-09,app_movil,11,completado,True,15696.52,4,1,1,15696.52
1283,1879,2026-06-01,2026,6,Junio,2,2026-06,web,2,pendiente,False,0.0,0,0,0,0.0
362,1661,2025-12-03,2025,12,Diciembre,4,2025-12,tienda_fisica,5,completado,True,90791.87,6,1,1,90791.87
3152,1004,2025-02-17,2025,2,Febrero,1,2025-02,tienda_fisica,5,completado,True,0.0,0,0,0,0.0
2418,579,2024-06-02,2024,6,Junio,2,2024-06,app_movil,3,completado,True,136236.62,23,4,4,34059.16
1582,446,2026-04-07,2026,4,Abril,2,2026-04,app_movil,8,completado,True,0.0,0,0,0,0.0
3572,1060,2024-09-09,2024,9,Setiembre,3,2024-09,tienda_fisica,12,cancelado,False,20620.0,1,1,1,20620.0
2346,789,2025-03-16,2025,3,Marzo,1,2025-03,app_movil,11,completado,True,19288.22,9,3,3,6429.41
968,602,2025-06-25,2025,6,Junio,2,2025-06,tienda_fisica,2,pendiente,False,215822.89,13,2,2,107911.44
3453,355,2024-06-11,2024,6,Junio,2,2024-06,app_movil,9,completado,True,65043.86,4,2,2,32521.93
1441,878,2026-07-17,2026,7,Julio,3,2026-07,web,6,completado,True,0.0,0,0,0,0.0
2680,127,2024-10-11,2024,10,Octubre,4,2024-10,web,1,completado,True,4053.0,7,1,1,4053.0
3121,1145,2026-07-26,2026,7,Julio,3,2026-07,app_movil,11,cancelado,False,28400.59,1,1,1,28400.59
100,849,2024-12-24,2024,12,Diciembre,4,2024-12,web,12,pendiente,False,15728.16,5,1,1,15728.16
2657,166,2024-10-07,2024,10,Octubre,4,2024-10,web,10,completado,True,0.0,0,0,0,0.0
2077,80,2026-07-15,2026,7,Julio,3,2026-07,web,12,cancelado,False,54467.15,13,3,3,18155.72
449,657,2024-10-12,2024,10,Octubre,4,2024-10,web,3,completado,True,146976.64,4,1,1,146976.64
2785,1065,2026-07-20,2026,7,Julio,3,2026-07,tienda_fisica,6,completado,True,0.0,0,0,0,0.0
1916,564,2024-11-24,2024,11,Noviembre,4,2024-11,tienda_fisica,4,enviado,True,0.0,0,0,0,0.0
2219,1888,2025-12-08,2025,12,Diciembre,4,2025-12,web,9,completado,True,75750.0,5,1,1,75750.0
941,546,2024-09-26,2024,9,Setiembre,3,2024-09,web,12,enviado,True,6080.0,8,1,1,6080.0
2827,899,2024-10-17,2024,10,Octubre,4,2024-10,tienda_fisica,1,enviado,True,0.0,0,0,0,0.0
692,463,2025-07-11,2025,7,Julio,3,2025-07,tienda_fisica,11,pendiente,False,32043.81,3,2,2,16021.9
1422,65,2026-04-15,2026,4,Abril,2,2026-04,web,12,completado,True,0.0,0,0,0,0.0
1781,1221,2026-06-10,2026,6,Junio,2,2026-06,tienda_fisica,9,cancelado,False,0.0,0,0,0,0.0
3412,1688,2026-09-23,2026,9,Setiembre,3,2026-09,tienda_fisica,12,pendiente,False,17143.03,8,1,1,17143.03
643,1929,2025-11-30,2025,11,Noviembre,4,2025-11,web,11,cancelado,False,86983.47,15,2,2,43491.74
1066,116,2024-12-22,2024,12,Diciembre,4,2024-12,app_movil,4,completado,True,884.39,1,1,1,884.39
74,632,2026-06-02,2026,6,Junio,2,2026-06,tienda_fisica,1,completado,True,598761.44,25,5,5,119752.29
2360,1386,2024-10-04,2024,10,Octubre,4,2024-10,app_movil,11,completado,True,42944.96,4,1,1,42944.96
676,355,2024-07-28,2024,7,Julio,3,2024-07,web,7,completado,True,0.0,0,0,0,0.0
2875,22,2024-07-18,2024,7,Julio,3,2024-07,tienda_fisica,1,pendiente,False,7719.18,8,1,1,7719.18
795,1521,2026-05-08,2026,5,Mayo,2,2026-05,app_movil,1,cancelado,False,0.0,0,0,0,0.0
1537,868,2026-02-25,2026,2,Febrero,1,2026-02,tienda_fisica,10,enviado,True,17061.27,2,2,2,8530.64
342,816,2024-03-30,2024,3,Marzo,1,2024-03,app_movil,9,cancelado,False,191934.4,12,2,2,95967.2
3454,828,2025-04-14,2025,4,Abril,2,2025-04,tienda_fisica,7,cancelado,False,0.0,0,0,0,0.0
1123,599,2025-09-20,2025,9,Setiembre,3,2025-09,tienda_fisica,3,cancelado,False,28945.11,1,1,1,28945.11
3302,416,2024-11-29,2024,11,Noviembre,4,2024-11,tienda_fisica,6,completado,True,0.0,0,0,0,0.0
2410,1342,2026-06-04,2026,6,Junio,2,2026-06,tienda_fisica,8,completado,True,2918.82,2,1,1,2918.82
3172,218,2026-02-15,2026,2,Febrero,1,2026-02,app_movil,2,completado,True,84865.0,5,1,1,84865.0
2582,663,2025-08-06,2025,8,Agosto,3,2025-08,tienda_fisica,6,cancelado,False,0.0,0,0,0,0.0
472,898,2024-08-02,2024,8,Agosto,3,2024-08,web,4,enviado,True,103900.0,5,1,1,103900.0
2505,114,2024-12-07,2024,12,Diciembre,4,2024-12,tienda_fisica,5,completado,True,344106.0,7,1,1,344106.0
1121,1228,2025-09-20,2025,9,Setiembre,3,2025-09,app_movil,12,cancelado,False,1021.23,1,1,1,1021.23
1433,6,2024-01-23,2024,1,Enero,1,2024-01,app_movil,3,completado,True,28744.88,8,1,1,28744.88
3354,1527,2025-05-23,2025,5,Mayo,2,2025-05,app_movil,4,completado,True,0.0,0,0,0,0.0
286,1342,2026-06-19,2026,6,Junio,2,2026-06,tienda_fisica,3,completado,True,216596.17,5,2,2,108298.08
3515,22,2025-01-17,2025,1,Enero,1,2025-01,tienda_fisica,10,completado,True,116091.36,4,1,1,116091.36
585,1339,2024-02-05,2024,2,Febrero,1,2024-02,web,9,completado,True,97016.46,8,2,2,48508.23
734,578,2026-09-20,2026,9,Setiembre,3,2026-09,tienda_fisica,10,pendiente,False,52028.94,6,1,1,52028.94
3365,1908,2024-01-03,2024,1,Enero,1,2024-01,web,8,completado,True,0.0,0,0,0,0.0
2416,1811,2026-09-23,2026,9,Setiembre,3,2026-09,app_movil,11,cancelado,False,2071.81,1,1,1,2071.81
1647,1102,2026-08-30,2026,8,Agosto,3,2026-08,tienda_fisica,4,completado,True,12774.25,5,1,1,12774.25
1864,1483,2024-12-24,2024,12,Diciembre,4,2024-12,tienda_fisica,2,cancelado,False,0.0,0,0,0,0.0
3424,1856,2025-03-26,2025,3,Marzo,1,2025-03,tienda_fisica,6,enviado,True,0.0,0,0,0,0.0
2737,1638,2026-05-06,2026,5,Mayo,2,2026-05,app_movil,2,completado,True,524147.85,20,5,5,104829.57
2858,912,2026-07-10,2026,7,Julio,3,2026-07,tienda_fisica,2,completado,True,100209.91,7,2,2,50104.96
3330,219,2025-07-01,2025,7,Julio,3,2025-07,tienda_fisica,9,pendiente,False,20573.12,8,1,1,20573.12
371,756,2026-03-19,2026,3,Marzo,1,2026-03,tienda_fisica,11,pendiente,False,106812.26,7,2,2,53406.13
1637,350,2025-09-07,2025,9,Setiembre,3,2025-09,app_movil,4,pendiente,False,0.0,0,0,0,0.0
3590,917,2024-01-28,2024,1,Enero,1,2024-01,app_movil,9,completado,True,39687.86,7,1,1,39687.86
2100,535,2024-03-01,2024,3,Marzo,1,2024-03,tienda_fisica,11,cancelado,False,0.0,0,0,0,0.0
2956,598,2025-03-04,2025,3,Marzo,1,2025-03,app_movil,11,completado,True,4503.52,1,1,1,4503.52
3489,885,2025-10-15,2025,10,Octubre,4,2025-10,app_movil,10,completado,True,0.0,0,0,0,0.0
292,805,2024-05-02,2024,5,Mayo,2,2024-05,web,12,completado,True,55985.31,10,2,2,27992.66
2610,304,2025-09-03,2025,9,Setiembre,3,2025-09,tienda_fisica,3,cancelado,False,6556.02,3,1,1,6556.02
1351,347,2026-09-22,2026,9,Setiembre,3,2026-09,web,12,pendiente,False,9144.39,2,1,1,9144.39
1561,822,2026-09-25,2026,9,Setiembre,3,2026-09,app_movil,8,completado,True,15182.08,2,1,1,15182.08
2711,210,2025-04-15,2025,4,Abril,2,2025-04,app_movil,6,completado,True,0.0,0,0,0,0.0
1568,84,2024-11-15,2024,11,Noviembre,4,2024-11,tienda_fisica,3,cancelado,False,61977.1,9,3,3,20659.03
3591,1635,2025-04-17,2025,4,Abril,2,2025-04,web,12,enviado,True,24702.97,3,1,1,24702.97
3522,284,2025-12-25,2025,12,Diciembre,4,2025-12,web,6,cancelado,False,156437.31,4,1,1,156437.31
1262,1108,2025-06-03,2025,6,Junio,2,2025-06,app_movil,10,completado,True,0.0,0,0,0,0.0
739,730,2026-05-18,2026,5,Mayo,2,2026-05,tienda_fisica,4,completado,True,0.0,0,0,0,0.0
1296,258,2025-07-08,2025,7,Julio,3,2025-07,web,4,enviado,True,16204.09,5,1,1,16204.09
2978,536,2026-01-11,2026,1,Enero,1,2026-01,app_movil,6,enviado,True,176257.44,4,1,1,176257.44
3238,609,2025-05-25,2025,5,Mayo,2,2025-05,app_movil,6,cancelado,False,117459.09,7,1,1,117459.09
3393,1641,2026-02-08,2026,2,Febrero,1,2026-02,web,4,cancelado,False,127713.04,4,1,1,127713.04
3262,512,2025-10-30,2025,10,Octubre,4,2025-10,tienda_fisica,6,cancelado,False,7802.1,2,1,1,7802.1
2445,641,2024-03-23,2024,3,Marzo,1,2024-03,tienda_fisica,8,completado,True,11342.32,4,1,1,11342.32
2035,1464,2026-08-11,2026,8,Agosto,3,2026-08,web,8,completado,True,0.0,0,0,0,0.0
3139,1312,2024-06-28,2024,6,Junio,2,2024-06,tienda_fisica,3,enviado,True,14904.22,2,1,1,14904.22
332,271,2024-05-01,2024,5,Mayo,2,2024-05,tienda_fisica,9,enviado,True,0.0,0,0,0,0.0
723,1757,2025-04-15,2025,4,Abril,2,2025-04,tienda_fisica,12,completado,True,191985.35,14,3,3,63995.12
2250,173,2024-11-13,2024,11,Noviembre,4,2024-11,tienda_fisica,10,enviado,True,20606.16,8,1,1,20606.16
2333,508,2026-06-24,2026,6,Junio,2,2026-06,tienda_fisica,4,pendiente,False,19160.64,1,1,1,19160.64
2718,892,2026-04-06,2026,4,Abril,2,2026-04,tienda_fisica,3,cancelado,False,1233.48,6,1,1,1233.48
27,139,2026-06-10,2026,6,Junio,2,2026-06,app_movil,3,enviado,True,125406.97,12,2,2,62703.48
1686,1713,2024-08-05,2024,8,Agosto,3,2024-08,tienda_fisica,11,completado,True,6128.14,2,2,2,3064.07
1058,1742,2025-09-22,2025,9,Setiembre,3,2025-09,web,2,completado,True,0.0,0,0,0,0.0
1705,1614,2024-11-17,2024,11,Noviembre,4,2024-11,tienda_fisica,11,cancelado,False,0.0,0,0,0,0.0
3155,134,2024-10-26,2024,10,Octubre,4,2024-10,tienda_fisica,2,completado,True,44569.81,7,1,1,44569.81
243,551,2025-12-07,2025,12,Diciembre,4,2025-12,app_movil,3,cancelado,False,0.0,0,0,0,0.0
1835,129,2025-02-06,2025,2,Febrero,1,2025-02,app_movil,7,pendiente,False,477875.73,16,3,3,159291.91
471,332,2026-08-30,2026,8,Agosto,3,2026-08,app_movil,5,pendiente,False,1968.0,6,1,1,1968.0
1215,1,2025-05-04,2025,5,Mayo,2,2025-05,tienda_fisica,5,enviado,True,2383.5,8,1,1,2383.5
235,1142,2026-03-25,2026,3,Marzo,1,2026-03,web,2,enviado,True,55693.56,12,2,2,27846.78
1017,962,2025-09-09,2025,9,Setiembre,3,2025-09,app_movil,12,pendiente,False,0.0,0,0,0,0.0
324,1791,2025-04-14,2025,4,Abril,2,2025-04,app_movil,8,completado,True,16089.25,12,2,2,8044.62
903,526,2024-04-26,2024,4,Abril,2,2024-04,app_movil,6,completado,True,0.0,0,0,0,0.0
408,1741,2026-08-06,2026,8,Agosto,3,2026-08,app_movil,7,pendiente,False,16933.62,3,2,2,8466.81
3476,1551,2026-05-21,2026,5,Mayo,2,2026-05,web,10,completado,True,124543.03,27,6,6,20757.17
358,1358,2025-09-23,2025,9,Setiembre,3,2025-09,web,10,cancelado,False,20769.23,12,4,4,5192.31
2212,1293,2024-10-19,2024,10,Octubre,4,2024-10,tienda_fisica,9,completado,True,60541.64,17,5,5,12108.33
2211,954,2026-08-19,2026,8,Agosto,3,2026-08,app_movil,1,enviado,True,30817.55,13,4,4,7704.39
1032,173,2026-02-11,2026,2,Febrero,1,2026-02,app_movil,1,completado,True,6064.79,2,1,1,6064.79
1681,72,2025-04-28,2025,4,Abril,2,2025-04,app_movil,12,cancelado,False,61356.62,3,2,2,30678.31
850,1044,2026-05-21,2026,5,Mayo,2,2026-05,tienda_fisica,10,cancelado,False,461467.01,19,4,4,115366.75
1641,766,2026-06-26,2026,6,Junio,2,2026-06,app_movil,11,completado,True,3259.18,2,1,1,3259.18
1425,39,2024-08-23,2024,8,Agosto,3,2024-08,web,7,enviado,True,47849.5,9,2,2,23924.75
336,305,2025-07-17,2025,7,Julio,3,2025-07,web,12,pendiente,False,0.0,0,0,0,0.0
457,61,2024-03-23,2024,3,Marzo,1,2024-03,web,4,completado,True,20924.76,7,3,3,6974.92
2713,687,2025-09-13,2025,9,Setiembre,3,2025-09,app_movil,6,completado,True,0.0,0,0,0,0.0
1416,174,2025-02-08,2025,2,Febrero,1,2025-02,tienda_fisica,10,cancelado,False,123120.46,10,2,2,61560.23
3582,562,2025-12-03,2025,12,Diciembre,4,2025-12,tienda_fisica,4,cancelado,False,2414.15,1,1,1,2414.15
1424,1322,2026-03-03,2026,3,Marzo,1,2026-03,web,7,completado,True,53515.86,12,2,2,26757.93
1938,1426,2024-02-02,2024,2,Febrero,1,2024-02,app_movil,12,cancelado,False,0.0,0,0,0,0.0
3400,875,2025-07-11,2025,7,Julio,3,2025-07,web,3,enviado,True,95805.0,5,1,1,95805.0
271,914,2026-01-17,2026,1,Enero,1,2026-01,tienda_fisica,10,cancelado,False,201465.71,11,2,2,100732.86
890,413,2026-07-27,2026,7,Julio,3,2026-07,tienda_fisica,2,cancelado,False,239071.02,14,3,3,79690.34
1366,627,2025-07-27,2025,7,Julio,3,2025-07,app_movil,5,completado,True,183160.53,15,4,4,45790.13
888,47,2024-11-07,2024,11,Noviembre,4,2024-11,tienda_fisica,1,completado,True,103775.0,5,2,2,51887.5
1871,464,2025-01-04,2025,1,Enero,1,2025-01,web,2,cancelado,False,10165.08,1,1,1,10165.08
1145,1567,2026-01-26,2026,1,Enero,1,2026-01,web,2,pendiente,False,333.58,1,1,1,333.58
1308,309,2025-06-16,2025,6,Junio,2,2025-06,app_movil,4,pendiente,False,30576.79,9,3,3,10192.26
3519,71,2025-12-30,2025,12,Diciembre,4,2025-12,tienda_fisica,9,completado,True,480.82,1,1,1,480.82
3093,1992,2025-05-24,2025,5,Mayo,2,2025-05,web,4,completado,True,9944.0,4,1,1,9944.0
2484,72,2025-06-15,2025,6,Junio,2,2025-06,app_movil,9,completado,True,0.0,0,0,0,0.0
682,522,2024-06-14,2024,6,Junio,2,2024-06,app_movil,10,completado,True,24512.35,5,1,1,24512.35
1886,1786,2024-10-11,2024,10,Octubre,4,2024-10,web,3,completado,True,12318.68,9,2,2,6159.34
401,1423,2024-12-26,2024,12,Diciembre,4,2024-12,web,6,enviado,True,178422.4,8,1,1,178422.4
1411,1055,2025-03-05,2025,3,Marzo,1,2025-03,tienda_fisica,3,pendiente,False,8381.34,3,1,1,8381.34
1295,1502,2025-01-16,2025,1,Enero,1,2025-01,tienda_fisica,4,completado,True,0.0,0,0,0,0.0
402,522,2026-08-07,2026,8,Agosto,3,2026-08,tienda_fisica,3,completado,True,13159.27,3,2,2,6579.64
2223,594,2024-10-29,2024,10,Octubre,4,2024-10,app_movil,8,pendiente,False,0.0,0,0,0,0.0
1964,1076,2025-02-19,2025,2,Febrero,1,2025-02,web,7,completado,True,110857.82,12,3,3,36952.61
1692,914,2025-08-30,2025,8,Agosto,3,2025-08,app_movil,1,completado,True,529017.96,8,1,1,529017.96
2010,796,2025-06-06,2025,6,Junio,2,2025-06,app_movil,11,completado,True,95423.44,20,5,5,19084.69
1476,1393,2024-04-01,2024,4,Abril,2,2024-04,tienda_fisica,10,completado,True,223468.08,4,1,1,223468.08
2189,1227,2026-04-14,2026,4,Abril,2,2026-04,web,2,completado,True,26308.0,2,1,1,26308.0
2684,555,2025-06-28,2025,6,Junio,2,2025-06,tienda_fisica,11,completado,True,0.0,0,0,0,0.0
3514,1723,2026-04-27,2026,4,Abril,2,2026-04,web,5,pendiente,False,32194.68,5,1,1,32194.68
1477,447,2024-12-16,2024,12,Diciembre,4,2024-12,tienda_fisica,4,completado,True,21412.95,3,1,1,21412.95
3455,1307,2025-05-13,2025,5,Mayo,2,2025-05,app_movil,7,enviado,True,0.0,0,0,0,0.0
1801,1315,2025-04-28,2025,4,Abril,2,2025-04,web,7,pendiente,False,1374.43,1,1,1,1374.43
1462,943,2026-07-24,2026,7,Julio,3,2026-07,app_movil,1,completado,True,0.0,0,0,0,0.0
146,1393,2025-04-12,2025,4,Abril,2,2025-04,web,10,completado,True,157831.31,12,3,3,52610.44
1838,1319,2026-07-31,2026,7,Julio,3,2026-07,tienda_fisica,2,completado,True,0.0,0,0,0,0.0
2430,779,2026-07-29,2026,7,Julio,3,2026-07,app_movil,7,completado,True,0.0,0,0,0,0.0
2710,1709,2026-03-16,2026,3,Marzo,1,2026-03,tienda_fisica,8,cancelado,False,94654.27,20,4,4,23663.57
3266,250,2026-06-08,2026,6,Junio,2,2026-06,app_movil,8,pendiente,False,11496.22,5,2,2,5748.11
2299,883,2026-06-15,2026,6,Junio,2,2026-06,web,11,completado,True,19731.97,6,3,3,6577.32
3098,174,2025-04-12,2025,4,Abril,2,2025-04,tienda_fisica,6,completado,True,20227.1,3,2,2,10113.55
2098,415,2025-08-08,2025,8,Agosto,3,2025-08,tienda_fisica,5,cancelado,False,0.0,0,0,0,0.0
3483,1522,2025-02-24,2025,2,Febrero,1,2025-02,web,1,pendiente,False,1110.33,5,1,1,1110.33
748,1024,2024-12-14,2024,12,Diciembre,4,2024-12,web,6,cancelado,False,9655.55,5,1,1,9655.55
1076,526,2025-07-04,2025,7,Julio,3,2025-07,tienda_fisica,12,pendiente,False,40201.44,3,1,1,40201.44
156,1728,2026-09-02,2026,9,Setiembre,3,2026-09,web,5,enviado,True,108918.82,10,4,4,27229.7
880,71,2025-01-22,2025,1,Enero,1,2025-01,app_movil,12,cancelado,False,83989.54,15,3,3,27996.51
655,801,2026-08-24,2026,8,Agosto,3,2026-08,tienda_fisica,12,completado,True,190868.01,16,4,4,47717.0
1119,1694,2025-11-15,2025,11,Noviembre,4,2025-11,app_movil,12,completado,True,0.0,0,0,0,0.0
2907,709,2025-09-06,2025,9,Setiembre,3,2025-09,web,7,completado,True,37163.63,13,3,3,12387.88
3450,632,2025-12-10,2025,12,Diciembre,4,2025-12,tienda_fisica,11,cancelado,False,105307.7,9,3,3,35102.57
807,996,2025-10-29,2025,10,Octubre,4,2025-10,tienda_fisica,6,enviado,True,11709.73,5,1,1,11709.73
1442,510,2026-08-13,2026,8,Agosto,3,2026-08,web,10,completado,True,0.0,0,0,0,0.0
3000,1841,2026-08-18,2026,8,Agosto,3,2026-08,tienda_fisica,11,enviado,True,6276.58,9,2,2,3138.29
2567,1391,2024-11-17,2024,11,Noviembre,4,2024-11,web,11,enviado,True,174263.18,7,1,1,174263.18
3380,111,2025-04-19,2025,4,Abril,2,2025-04,tienda_fisica,11,pendiente,False,22987.05,12,3,3,7662.35
1704,460,2024-08-16,2024,8,Agosto,3,2024-08,tienda_fisica,7,completado,True,8514.45,7,1,1,8514.45
222,1428,2025-07-19,2025,7,Julio,3,2025-07,app_movil,10,pendiente,False,0.0,0,0,0,0.0
1084,883,2025-04-16,2025,4,Abril,2,2025-04,web,3,pendiente,False,0.0,0,0,0,0.0
1417,1273,2025-01-19,2025,1,Enero,1,2025-01,web,1,cancelado,False,0.0,0,0,0,0.0
3297,1064,2026-04-23,2026,4,Abril,2,2026-04,tienda_fisica,5,completado,True,50958.94,11,4,4,12739.74
174,261,2024-06-19,2024,6,Junio,2,2024-06,web,10,pendiente,False,0.0,0,0,0,0.0
595,1741,2024-12-12,2024,12,Diciembre,4,2024-12,tienda_fisica,10,completado,True,954.64,1,1,1,954.64
706,1964,2024-08-29,2024,8,Agosto,3,2024-08,tienda_fisica,7,completado,True,11160.0,8,1,1,11160.0
3169,379,2025-08-23,2025,8,Agosto,3,2025-08,web,6,cancelado,False,467845.32,12,2,2,233922.66
1996,1074,2025-04-02,2025,4,Abril,2,2025-04,tienda_fisica,12,enviado,True,5339.12,1,1,1,5339.12
2021,346,2025-09-23,2025,9,Setiembre,3,2025-09,tienda_fisica,11,completado,True,21240.83,1,1,1,21240.83
2556,1396,2024-09-23,2024,9,Setiembre,3,2024-09,tienda_fisica,11,pendiente,False,5673.12,3,1,1,5673.12
2514,696,2024-10-22,2024,10,Octubre,4,2024-10,app_movil,7,completado,True,0.0,0,0,0,0.0
1536,206,2025-11-11,2025,11,Noviembre,4,2025-11,tienda_fisica,8,completado,True,7310.0,2,1,1,7310.0
2376,1456,2024-01-09,2024,1,Enero,1,2024-01,tienda_fisica,3,pendiente,False,56923.69,15,2,2,28461.84
215,1950,2025-01-30,2025,1,Enero,1,2025-01,web,4,pendiente,False,0.0,0,0,0,0.0
673,23,2026-08-18,2026,8,Agosto,3,2026-08,tienda_fisica,8,completado,True,182830.72,9,2,2,91415.36
3428,770,2024-04-24,2024,4,Abril,2,2024-04,web,8,completado,True,343605.36,16,3,3,114535.12
441,820,2024-10-14,2024,10,Octubre,4,2024-10,tienda_fisica,2,completado,True,24522.76,2,2,2,12261.38
3087,1283,2024-04-26,2024,4,Abril,2,2024-04,tienda_fisica,8,pendiente,False,0.0,0,0,0,0.0
2200,486,2024-01-07,2024,1,Enero,1,2024-01,tienda_fisica,3,cancelado,False,81551.35,11,3,3,27183.78
810,566,2024-09-26,2024,9,Setiembre,3,2024-09,web,2,enviado,True,0.0,0,0,0,0.0
3126,1096,2026-05-04,2026,5,Mayo,2,2026-05,tienda_fisica,11,pendiente,False,0.0,0,0,0,0.0
2159,242,2024-03-15,2024,3,Marzo,1,2024-03,web,7,cancelado,False,63051.61,9,2,2,31525.8
2568,577,2025-11-25,2025,11,Noviembre,4,2025-11,tienda_fisica,11,completado,True,0.0,0,0,0,0.0
3253,1914,2025-09-09,2025,9,Setiembre,3,2025-09,app_movil,8,pendiente,False,6971.32,1,1,1,6971.32
3071,991,2026-07-27,2026,7,Julio,3,2026-07,web,2,pendiente,False,67507.38,5,1,1,67507.38
587,114,2025-09-12,2025,9,Setiembre,3,2025-09,tienda_fisica,12,pendiente,False,0.0,0,0,0,0.0
2070,1220,2025-10-02,2025,10,Octubre,4,2025-10,web,8,completado,True,0.0,0,0,0,0.0
1957,144,2026-03-09,2026,3,Marzo,1,2026-03,tienda_fisica,8,pendiente,False,24512.35,5,1,1,24512.35
2104,439,2026-07-27,2026,7,Julio,3,2026-07,web,12,cancelado,False,65750.4,8,1,1,65750.4
841,456,2024-12-04,2024,12,Diciembre,4,2024-12,tienda_fisica,7,completado,True,0.0,0,0,0,0.0
3533,834,2025-08-24,2025,8,Agosto,3,2025-08,web,5,completado,True,0.0,0,0,0,0.0
2374,684,2026-05-23,2026,5,Mayo,2,2026-05,app_movil,10,completado,True,17603.64,3,1,1,17603.64
3295,1103,2024-01-17,2024,1,Enero,1,2024-01,web,9,completado,True,173194.38,17,3,3,57731.46
1786,825,2025-09-30,2025,9,Setiembre,3,2025-09,app_movil,12,completado,True,52787.75,5,1,1,52787.75
29,354,2024-01-03,2024,1,Enero,1,2024-01,tienda_fisica,12,completado,True,7211.58,6,1,1,7211.58
2319,529,2025-07-07,2025,7,Julio,3,2025-07,tienda_fisica,6,pendiente,False,201293.56,10,3,3,67097.85
2260,1651,2025-12-12,2025,12,Diciembre,4,2025-12,web,4,completado,True,2787.84,5,1,1,2787.84
3182,1685,2024-01-09,2024,1,Enero,1,2024-01,app_movil,12,enviado,True,151824.29,19,4,4,37956.07
1273,555,2026-05-18,2026,5,Mayo,2,2026-05,tienda_fisica,10,completado,True,36353.39,12,2,2,18176.7
2867,1267,2024-12-28,2024,12,Diciembre,4,2024-12,app_movil,8,cancelado,False,432345.31,13,2,2,216172.66
2844,1857,2024-01-16,2024,1,Enero,1,2024-01,tienda_fisica,9,enviado,True,200676.74,11,2,2,100338.37
296,917,2025-06-12,2025,6,Junio,2,2025-06,tienda_fisica,4,completado,True,13469.4,6,1,1,13469.4
3532,192,2025-03-20,2025,3,Marzo,1,2025-03,tienda_fisica,2,completado,True,4797.04,4,1,1,4797.04
2976,98,2026-04-20,2026,4,Abril,2,2026-04,web,7,enviado,True,17599.61,7,1,1,17599.61
310,355,2025-11-23,2025,11,Noviembre,4,2025-11,web,2,completado,True,0.0,0,0,0,0.0
2301,1532,2024-09-26,2024,9,Setiembre,3,2024-09,web,11,cancelado,False,35207.28,6,1,1,35207.28
2364,154,2026-06-30,2026,6,Junio,2,2026-06,app_movil,6,completado,True,92577.38,8,2,2,46288.69
3594,1734,2026-09-22,2026,9,Setiembre,3,2026-09,web,10,completado,True,0.0,0,0,0,0.0
1384,1507,2025-12-19,2025,12,Diciembre,4,2025-12,web,10,pendiente,False,0.0,0,0,0,0.0
1948,10,2026-06-08,2026,6,Junio,2,2026-06,web,2,completado,True,294909.92,18,4,4,73727.48
1547,521,2026-08-08,2026,8,Agosto,3,2026-08,app_movil,5,completado,True,217721.42,18,3,3,72573.81
2683,293,2024-12-30,2024,12,Diciembre,4,2024-12,tienda_fisica,1,enviado,True,3735.48,6,1,1,3735.48
3558,419,2025-06-29,2025,6,Junio,2,2025-06,app_movil,6,enviado,True,0.0,0,0,0,0.0
489,1589,2024-01-19,2024,1,Enero,1,2024-01,tienda_fisica,3,completado,True,62332.35,10,2,2,31166.18
2145,1513,2024-10-03,2024,10,Octubre,4,2024-10,app_movil,9,completado,True,110885.92,9,2,2,55442.96
2571,1688,2024-01-29,2024,1,Enero,1,2024-01,app_movil,9,completado,True,0.0,0,0,0,0.0
2473,1017,2026-08-10,2026,8,Agosto,3,2026-08,tienda_fisica,1,completado,True,0.0,0,0,0,0.0
3129,1714,2026-07-26,2026,7,Julio,3,2026-07,app_movil,10,cancelado,False,0.0,0,0,0,0.0
1092,593,2025-02-25,2025,2,Febrero,1,2025-02,tienda_fisica,4,cancelado,False,0.0,0,0,0,0.0
1427,1473,2026-02-16,2026,2,Febrero,1,2026-02,web,5,cancelado,False,56752.04,2,2,2,28376.02
3214,16,2024-11-16,2024,11,Noviembre,4,2024-11,tienda_fisica,10,completado,True,0.0,0,0,0,0.0
3340,413,2025-04-21,2025,4,Abril,2,2025-04,tienda_fisica,1,cancelado,False,75850.69,8,3,3,25283.56
1967,1455,2024-12-27,2024,12,Diciembre,4,2024-12,app_movil,1,completado,True,0.0,0,0,0,0.0
3252,949,2026-05-18,2026,5,Mayo,2,2026-05,tienda_fisica,12,completado,True,66476.77,7,2,2,33238.38
3352,568,2024-06-13,2024,6,Junio,2,2024-06,web,7,pendiente,False,77502.72,6,1,1,77502.72
801,933,2025-01-14,2025,1,Enero,1,2025-01,tienda_fisica,8,completado,True,4016.75,5,1,1,4016.75
2396,1032,2026-08-20,2026,8,Agosto,3,2026-08,web,6,completado,True,81551.48,9,2,2,40775.74
3491,1275,2024-05-16,2024,5,Mayo,2,2024-05,tienda_fisica,12,cancelado,False,756723.72,21,4,4,189180.93
2123,1207,2024-03-11,2024,3,Marzo,1,2024-03,web,10,completado,True,0.0,0,0,0,0.0
976,894,2025-06-12,2025,6,Junio,2,2025-06,web,10,pendiente,False,89358.44,10,3,3,29786.15
1173,68,2026-06-25,2026,6,Junio,2,2026-06,web,6,enviado,True,0.0,0,0,0,0.0
615,1232,2025-12-30,2025,12,Diciembre,4,2025-12,tienda_fisica,11,completado,True,43118.83,9,2,2,21559.42
139,1053,2025-12-22,2025,12,Diciembre,4,2025-12,app_movil,12,enviado,True,0.0,0,0,0,0.0
3433,251,2025-08-09,2025,8,Agosto,3,2025-08,tienda_fisica,5,completado,True,15035.28,2,1,1,15035.28
122,625,2026-04-25,2026,4,Abril,2,2026-04,tienda_fisica,10,cancelado,False,9213.03,2,2,2,4606.52
3287,11,2025-05-10,2025,5,Mayo,2,2025-05,tienda_fisica,12,completado,True,31472.68,2,1,1,31472.68
2469,1779,2025-11-20,2025,11,Noviembre,4,2025-11,web,1,pendiente,False,0.0,0,0,0,0.0
1228,1985,2026-03-31,2026,3,Marzo,1,2026-03,app_movil,1,pendiente,False,0.0,0,0,0,0.0
1335,1011,2024-09-22,2024,9,Setiembre,3,2024-09,tienda_fisica,8,pendiente,False,249993.42,6,1,1,249993.42
1241,1702,2024-12-20,2024,12,Diciembre,4,2024-12,app_movil,12,enviado,True,10808.22,3,1,1,10808.22
1091,125,2026-04-17,2026,4,Abril,2,2026-04,tienda_fisica,1,enviado,True,0.0,0,0,0,0.0
3460,1346,2025-07-12,2025,7,Julio,3,2025-07,tienda_fisica,10,completado,True,97858.9,7,3,3,32619.63
105,1653,2025-01-10,2025,1,Enero,1,2025-01,web,4,pendiente,False,0.0,0,0,0,0.0
2071,893,2025-01-04,2025,1,Enero,1,2025-01,web,7,completado,True,4980.64,8,1,1,4980.64
7,89,2024-05-01,2024,5,Mayo,2,2024-05,tienda_fisica,11,completado,True,147449.84,8,2,2,73724.92
2327,129,2025-09-21,2025,9,Setiembre,3,2025-09,app_movil,11,completado,True,0.0,0,0,0,0.0
979,1439,2025-05-09,2025,5,Mayo,2,2025-05,app_movil,1,enviado,True,20436.99,8,2,2,10218.5
121,582,2025-11-02,2025,11,Noviembre,4,2025-11,web,1,pendiente,False,96003.9,7,2,2,48001.95
889,1516,2025-08-31,2025,8,Agosto,3,2025-08,web,1,pendiente,False,0.0,0,0,0,0.0
1599,510,2024-06-10,2024,6,Junio,2,2024-06,web,11,completado,True,3052.55,4,2,2,1526.28
822,145,2025-11-24,2025,11,Noviembre,4,2025-11,app_movil,6,cancelado,False,0.0,0,0,0,0.0
309,198,2024-11-14,2024,11,Noviembre,4,2024-11,app_movil,1,pendiente,False,24603.18,6,2,2,12301.59
1183,66,2024-02-01,2024,2,Febrero,1,2024-02,tienda_fisica,9,cancelado,False,16645.25,5,1,1,16645.25
1578,256,2024-12-29,2024,12,Diciembre,4,2024-12,tienda_fisica,5,completado,True,51364.6,4,2,2,25682.3
428,183,2024-08-28,2024,8,Agosto,3,2024-08,app_movil,12,pendiente,False,0.0,0,0,0,0.0
1449,346,2026-04-18,2026,4,Abril,2,2026-04,app_movil,9,pendiente,False,209302.16,13,2,2,104651.08
1382,752,2026-08-28,2026,8,Agosto,3,2026-08,tienda_fisica,5,enviado,True,847.46,3,1,1,847.46
2093,1579,2026-09-04,2026,9,Setiembre,3,2026-09,web,6,pendiente,False,1403.52,2,1,1,1403.52
1053,345,2026-02-28,2026,2,Febrero,1,2026-02,tienda_fisica,6,completado,True,17047.98,2,1,1,17047.98
2403,238,2025-06-14,2025,6,Junio,2,2025-06,tienda_fisica,2,completado,True,30584.99,8,3,3,10195.0
2888,1947,2026-04-10,2026,4,Abril,2,2026-04,web,12,completado,True,6254.91,3,1,1,6254.91
1748,1770,2024-11-19,2024,11,Noviembre,4,2024-11,web,3,enviado,True,49970.45,16,4,4,12492.61
2195,481,2025-12-18,2025,12,Diciembre,4,2025-12,web,3,pendiente,False,68134.46,10,2,2,34067.23
1651,492,2026-01-21,2026,1,Enero,1,2026-01,app_movil,8,completado,True,160027.76,8,1,1,160027.76
2766,1641,2024-08-11,2024,8,Agosto,3,2024-08,app_movil,4,completado,True,622.77,1,1,1,622.77
2573,94,2025-11-11,2025,11,Noviembre,4,2025-11,tienda_fisica,7,pendiente,False,15078.0,3,1,1,15078.0
3374,502,2026-09-04,2026,9,Setiembre,3,2026-09,app_movil,8,completado,True,0.0,0,0,0,0.0
162,1891,2025-06-20,2025,6,Junio,2,2025-06,app_movil,9,completado,True,66156.71,7,2,2,33078.36
919,423,2025-11-24,2025,11,Noviembre,4,2025-11,tienda_fisica,10,completado,True,0.0,0,0,0,0.0
3141,268,2026-07-10,2026,7,Julio,3,2026-07,tienda_fisica,9,completado,True,220080.11,15,3,3,73360.04
3195,1434,2026-07-09,2026,7,Julio,3,2026-07,app_movil,8,completado,True,14228.44,1,1,1,14228.44
2625,801,2024-05-02,2024,5,Mayo,2,2024-05,tienda_fisica,8,completado,True,249536.4,5,1,1,249536.4
1083,1168,2025-12-22,2025,12,Diciembre,4,2025-12,web,1,completado,True,13669.45,1,1,1,13669.45
52,278,2026-04-04,2026,4,Abril,2,2026-04,app_movil,12,completado,True,66892.84,8,2,2,33446.42
2373,142,2026-07-21,2026,7,Julio,3,2026-07,app_movil,8,pendiente,False,3915.91,5,2,2,1957.96
3219,1256,2024-09-29,2024,9,Setiembre,3,2024-09,tienda_fisica,2,cancelado,False,204679.34,5,2,2,102339.67
2176,129,2026-05-09,2026,5,Mayo,2,2026-05,web,9,enviado,True,41240.34,2,1,1,41240.34
375,802,2024-01-08,2024,1,Enero,1,2024-01,web,9,completado,True,0.0,0,0,0,0.0
672,1723,2024-07-28,2024,7,Julio,3,2024-07,tienda_fisica,5,completado,True,0.0,0,0,0,0.0
2025,1227,2024-12-03,2024,12,Diciembre,4,2024-12,app_movil,1,completado,True,0.0,0,0,0,0.0
982,744,2024-07-08,2024,7,Julio,3,2024-07,web,10,completado,True,14531.76,4,1,1,14531.76
1207,970,2024-08-27,2024,8,Agosto,3,2024-08,web,5,cancelado,False,24694.6,8,2,2,12347.3
588,1755,2024-11-17,2024,11,Noviembre,4,2024-11,tienda_fisica,11,cancelado,False,109490.48,4,1,1,109490.48
501,1764,2025-04-13,2025,4,Abril,2,2025-04,app_movil,11,cancelado,False,78814.47,7,1,1,78814.47
1702,1856,2026-04-13,2026,4,Abril,2,2026-04,app_movil,11,cancelado,False,335202.0,6,1,1,335202.0
3124,1329,2025-05-04,2025,5,Mayo,2,2025-05,tienda_fisica,8,completado,True,291053.49,7,1,1,291053.49
2817,1884,2024-01-16,2024,1,Enero,1,2024-01,web,2,completado,True,0.0,0,0,0,0.0
3260,1621,2025-09-30,2025,9,Setiembre,3,2025-09,app_movil,5,completado,True,0.0,0,0,0,0.0
1911,657,2025-05-02,2025,5,Mayo,2,2025-05,app_movil,12,pendiente,False,6630.39,1,1,1,6630.39
2493,1526,2024-03-09,2024,3,Marzo,1,2024-03,app_movil,5,pendiente,False,17841.1,3,2,2,8920.55
3107,1033,2025-09-25,2025,9,Setiembre,3,2025-09,tienda_fisica,9,cancelado,False,0.0,0,0,0,0.0
3456,590,2026-05-18,2026,5,Mayo,2,2026-05,app_movil,10,completado,True,0.0,0,0,0,0.0
2968,1636,2024-05-06,2024,5,Mayo,2,2024-05,app_movil,7,enviado,True,38620.38,7,2,2,19310.19
2565,1420,2025-07-23,2025,7,Julio,3,2025-07,web,3,enviado,True,2586.41,1,1,1,2586.41
2791,1453,2026-09-15,2026,9,Setiembre,3,2026-09,tienda_fisica,6,pendiente,False,122500.18,8,2,2,61250.09
2723,900,2026-04-28,2026,4,Abril,2,2026-04,tienda_fisica,12,pendiente,False,36523.83,8,2,2,18261.92
1936,1741,2026-02-18,2026,2,Febrero,1,2026-02,web,12,pendiente,False,11214.12,6,1,1,11214.12
2087,641,2024-08-22,2024,8,Agosto,3,2024-08,web,7,enviado,True,62677.93,12,3,3,20892.64
1318,64,2026-07-23,2026,7,Julio,3,2026-07,tienda_fisica,10,pendiente,False,32267.12,6,4,4,8066.78
2665,1215,2024-09-06,2024,9,Setiembre,3,2024-09,tienda_fisica,11,cancelado,False,1837.31,4,1,1,1837.31
892,1285,2025-09-13,2025,9,Setiembre,3,2025-09,tienda_fisica,6,completado,True,0.0,0,0,0,0.0
511,981,2024-10-07,2024,10,Octubre,4,2024-10,web,7,cancelado,False,0.0,0,0,0,0.0
176,75,2025-05-17,2025,5,Mayo,2,2025-05,tienda_fisica,12,completado,True,15398.05,17,3,3,5132.68
1172,18,2026-07-25,2026,7,Julio,3,2026-07,tienda_fisica,10,completado,True,253297.6,9,2,2,126648.8
1146,1549,2026-06-05,2026,6,Junio,2,2026-06,web,9,completado,True,383058.71,7,1,1,383058.71
2289,362,2024-06-14,2024,6,Junio,2,2024-06,app_movil,3,completado,True,0.0,0,0,0,0.0
3415,774,2025-03-12,2025,3,Marzo,1,2025-03,web,10,enviado,True,4284.09,1,1,1,4284.09
775,197,2025-03-02,2025,3,Marzo,1,2025-03,app_movil,3,completado,True,61631.52,4,1,1,61631.52
3196,1461,2024-05-09,2024,5,Mayo,2,2024-05,app_movil,3,pendiente,False,49420.36,10,3,3,16473.45
1481,1060,2026-05-20,2026,5,Mayo,2,2026-05,tienda_fisica,11,completado,True,22177.52,12,2,2,11088.76
718,299,2025-04-27,2025,4,Abril,2,2025-04,app_movil,7,completado,True,18423.86,1,1,1,18423.86
1469,293,2026-01-18,2026,1,Enero,1,2026-01,web,11,completado,True,17620.55,11,3,3,5873.52
1190,1661,2025-07-03,2025,7,Julio,3,2025-07,app_movil,12,completado,True,0.0,0,0,0,0.0
3234,1366,2025-05-14,2025,5,Mayo,2,2025-05,tienda_fisica,7,completado,True,87528.93,7,1,1,87528.93
2507,426,2024-10-05,2024,10,Octubre,4,2024-10,tienda_fisica,4,pendiente,False,17836.62,5,1,1,17836.62
3289,1969,2024-11-29,2024,11,Noviembre,4,2024-11,app_movil,11,pendiente,False,3744.32,8,1,1,3744.32
2044,1590,2024-11-18,2024,11,Noviembre,4,2024-11,tienda_fisica,2,enviado,True,51770.0,5,1,1,51770.0
3336,344,2024-07-01,2024,7,Julio,3,2024-07,tienda_fisica,12,cancelado,False,1184.6,5,1,1,1184.6
932,181,2024-03-03,2024,3,Marzo,1,2024-03,tienda_fisica,8,pendiente,False,78399.34,8,2,2,39199.67
450,473,2025-11-15,2025,11,Noviembre,4,2025-11,tienda_fisica,5,completado,True,1651.52,4,1,1,1651.52
3158,822,2024-11-04,2024,11,Noviembre,4,2024-11,tienda_fisica,7,pendiente,False,30266.51,13,2,2,15133.26
3439,842,2026-03-13,2026,3,Marzo,1,2026-03,web,1,enviado,True,0.0,0,0,0,0.0
2015,463,2025-03-09,2025,3,Marzo,1,2025-03,tienda_fisica,8,enviado,True,0.0,0,0,0,0.0
930,1741,2024-06-24,2024,6,Junio,2,2024-06,web,8,completado,True,80098.4,3,1,1,80098.4
1870,485,2024-06-20,2024,6,Junio,2,2024-06,tienda_fisica,11,completado,True,0.0,0,0,0,0.0
730,617,2024-08-27,2024,8,Agosto,3,2024-08,app_movil,12,enviado,True,0.0,0,0,0,0.0
2088,462,2025-11-16,2025,11,Noviembre,4,2025-11,tienda_fisica,12,cancelado,False,19556.46,7,1,1,19556.46
2005,1764,2024-04-25,2024,4,Abril,2,2024-04,app_movil,1,completado,True,2616.22,1,1,1,2616.22
765,1139,2025-05-04,2025,5,Mayo,2,2025-05,tienda_fisica,3,cancelado,False,1887.17,1,1,1,1887.17
1694,336,2024-06-08,2024,6,Junio,2,2024-06,tienda_fisica,9,completado,True,0.0,0,0,0,0.0
2506,1287,2024-01-23,2024,1,Enero,1,2024-01,web,1,completado,True,231268.9,10,2,2,115634.45
2624,1529,2024-07-31,2024,7,Julio,3,2024-07,app_movil,10,completado,True,42588.02,12,2,2,21294.01
789,1451,2026-09-09,2026,9,Setiembre,3,2026-09,app_movil,11,completado,True,146839.23,18,3,3,48946.41
2130,1508,2026-03-07,2026,3,Marzo,1,2026-03,web,12,completado,True,0.0,0,0,0,0.0
1336,1375,2024-04-24,2024,4,Abril,2,2024-04,web,11,pendiente,False,197272.63,8,1,1,197272.63
203,1380,2024-02-13,2024,2,Febrero,1,2024-02,app_movil,2,completado,True,0.0,0,0,0,0.0
3242,1586,2024-04-10,2024,4,Abril,2,2024-04,web,11,completado,True,2337.56,1,1,1,2337.56
2770,236,2026-09-17,2026,9,Setiembre,3,2026-09,tienda_fisica,7,pendiente,False,122034.71,11,3,3,40678.24
2268,1482,2024-06-05,2024,6,Junio,2,2024-06,app_movil,8,cancelado,False,173716.97,7,1,1,173716.97
783,1004,2024-11-05,2024,11,Noviembre,4,2024-11,web,5,completado,True,0.0,0,0,0,0.0
95,1396,2025-06-22,2025,6,Junio,2,2025-06,app_movil,8,cancelado,False,129344.03,6,1,1,129344.03
1284,1755,2024-09-04,2024,9,Setiembre,3,2024-09,tienda_fisica,12,pendiente,False,124157.77,16,4,4,31039.44
915,1287,2026-03-16,2026,3,Marzo,1,2026-03,tienda_fisica,8,cancelado,False,404.0,1,1,1,404.0
1989,1287,2026-06-01,2026,6,Junio,2,2026-06,web,11,completado,True,6626.5,9,2,2,3313.25
527,1789,2024-06-01,2024,6,Junio,2,2024-06,tienda_fisica,6,cancelado,False,195110.28,3,1,1,195110.28
2580,253,2026-05-16,2026,5,Mayo,2,2026-05,app_movil,4,pendiente,False,306601.38,12,4,4,76650.34
1788,105,2024-08-16,2024,8,Agosto,3,2024-08,web,1,completado,True,55349.77,13,2,2,27674.88
1208,297,2025-08-17,2025,8,Agosto,3,2025-08,app_movil,4,completado,True,0.0,0,0,0,0.0
2040,952,2026-01-16,2026,1,Enero,1,2026-01,app_movil,11,cancelado,False,9136.05,10,2,2,4568.02
978,424,2025-07-16,2025,7,Julio,3,2025-07,app_movil,11,completado,True,21099.68,11,2,2,10549.84
1619,1041,2024-08-01,2024,8,Agosto,3,2024-08,web,11,enviado,True,0.0,0,0,0,0.0
608,1846,2024-09-07,2024,9,Setiembre,3,2024-09,web,10,completado,True,0.0,0,0,0,0.0
3102,1452,2026-02-28,2026,2,Febrero,1,2026-02,web,3,pendiente,False,0.0,0,0,0,0.0
1141,982,2025-01-06,2025,1,Enero,1,2025-01,web,7,completado,True,0.0,0,0,0,0.0
1013,266,2024-11-22,2024,11,Noviembre,4,2024-11,app_movil,9,completado,True,28539.05,5,1,1,28539.05
1178,1218,2026-03-31,2026,3,Marzo,1,2026-03,web,11,completado,True,0.0,0,0,0,0.0
2899,906,2025-01-24,2025,1,Enero,1,2025-01,app_movil,3,enviado,True,5616.0,8,1,1,5616.0
2318,1551,2025-05-28,2025,5,Mayo,2,2025-05,web,7,cancelado,False,0.0,0,0,0,0.0
297,553,2026-06-25,2026,6,Junio,2,2026-06,tienda_fisica,11,cancelado,False,107952.29,18,3,3,35984.1
31,381,2024-10-14,2024,10,Octubre,4,2024-10,tienda_fisica,5,completado,True,0.0,0,0,0,0.0
731,1278,2026-03-03,2026,3,Marzo,1,2026-03,web,4,cancelado,False,0.0,0,0,0,0.0
928,1433,2026-03-26,2026,3,Marzo,1,2026-03,tienda_fisica,10,pendiente,False,28654.95,5,1,1,28654.95
188,1368,2026-03-29,2026,3,Marzo,1,2026-03,app_movil,2,pendiente,False,124333.7,9,2,2,62166.85
749,801,2026-09-29,2026,9,Setiembre,3,2026-09,app_movil,11,pendiente,False,304351.07,20,3,3,101450.36
2649,973,2026-09-01,2026,9,Setiembre,3,2026-09,app_movil,1,completado,True,68585.81,4,4,4,17146.45
1656,538,2025-01-23,2025,1,Enero,1,2025-01,web,11,pendiente,False,2807.04,4,1,1,2807.04
1374,568,2026-08-15,2026,8,Agosto,3,2026-08,web,7,completado,True,6009.65,5,1,1,6009.65
1731,13,2025-06-11,2025,6,Junio,2,2025-06,tienda_fisica,9,completado,True,4420.14,2,1,1,4420.14
1346,1735,2026-02-18,2026,2,Febrero,1,2026-02,app_movil,4,completado,True,24965.25,5,1,1,24965.25
1279,753,2024-08-08,2024,8,Agosto,3,2024-08,tienda_fisica,4,cancelado,False,929.5,5,1,1,929.5
2323,1461,2025-02-28,2025,2,Febrero,1,2025-02,app_movil,11,cancelado,False,155936.68,5,2,2,77968.34
2604,109,2025-11-06,2025,11,Noviembre,4,2025-11,web,1,completado,True,0.0,0,0,0,0.0
3210,901,2025-07-22,2025,7,Julio,3,2025-07,app_movil,8,completado,True,38504.38,2,2,2,19252.19
1751,1890,2024-08-15,2024,8,Agosto,3,2024-08,web,5,enviado,True,25954.02,15,2,2,12977.01
2673,981,2026-01-05,2026,1,Enero,1,2026-01,app_movil,5,completado,True,86686.35,3,1,1,86686.35
415,328,2025-10-11,2025,10,Octubre,4,2025-10,app_movil,5,pendiente,False,149027.3,13,4,4,37256.82
340,1832,2026-04-23,2026,4,Abril,2,2026-04,tienda_fisica,5,enviado,True,16627.02,9,2,2,8313.51
524,956,2024-01-11,2024,1,Enero,1,2024-01,app_movil,5,cancelado,False,11325.0,3,1,1,11325.0
553,539,2026-07-19,2026,7,Julio,3,2026-07,tienda_fisica,6,completado,True,0.0,0,0,0,0.0
1625,499,2024-08-29,2024,8,Agosto,3,2024-08,app_movil,8,completado,True,201758.16,9,3,3,67252.72
3060,777,2026-07-03,2026,7,Julio,3,2026-07,app_movil,5,pendiente,False,11045.58,5,2,2,5522.79
404,1718,2024-02-22,2024,2,Febrero,1,2024-02,tienda_fisica,10,cancelado,False,53966.87,3,1,1,53966.87
39,217,2024-08-18,2024,8,Agosto,3,2024-08,app_movil,10,completado,True,17119.78,7,1,1,17119.78
2851,1435,2026-07-10,2026,7,Julio,3,2026-07,web,9,completado,True,13385.65,5,2,2,6692.82
3341,989,2025-03-16,2025,3,Marzo,1,2025-03,tienda_fisica,10,pendiente,False,15272.88,7,1,1,15272.88
1793,316,2026-04-24,2026,4,Abril,2,2026-04,app_movil,5,pendiente,False,30728.5,3,2,2,15364.25
3022,1233,2024-01-13,2024,1,Enero,1,2024-01,app_movil,12,completado,True,32480.38,3,2,2,16240.19
1862,1565,2026-07-01,2026,7,Julio,3,2026-07,tienda_fisica,4,completado,True,5168.79,1,1,1,5168.79
2520,1947,2026-09-19,2026,9,Setiembre,3,2026-09,web,9,completado,True,41845.82,8,2,2,20922.91
2485,1420,2025-01-27,2025,1,Enero,1,2025-01,web,3,pendiente,False,161.37,1,1,1,161.37
635,566,2025-02-27,2025,2,Febrero,1,2025-02,web,1,completado,True,0.0,0,0,0,0.0
3580,670,2024-07-20,2024,7,Julio,3,2024-07,app_movil,9,completado,True,26142.42,6,1,1,26142.42
2620,1535,2025-09-03,2025,9,Setiembre,3,2025-09,tienda_fisica,12,completado,True,181.0,1,1,1,181.0
3076,1952,2026-02-16,2026,2,Febrero,1,2026-02,tienda_fisica,12,completado,True,2456.32,8,1,1,2456.32
2235,676,2025-12-07,2025,12,Diciembre,4,2025-12,tienda_fisica,12,enviado,True,185993.57,7,1,1,185993.57
1500,1341,2025-04-15,2025,4,Abril,2,2025-04,web,6,enviado,True,0.0,0,0,0,0.0
1061,820,2026-08-28,2026,8,Agosto,3,2026-08,tienda_fisica,10,cancelado,False,15558.0,9,2,2,7779.0
1298,1779,2024-10-31,2024,10,Octubre,4,2024-10,app_movil,11,pendiente,False,179113.05,3,1,1,179113.05
1595,1717,2025-01-24,2025,1,Enero,1,2025-01,tienda_fisica,12,pendiente,False,4478.24,4,1,1,4478.24
2378,1895,2025-04-03,2025,4,Abril,2,2025-04,web,8,cancelado,False,18223.65,9,2,2,9111.83
601,118,2024-01-21,2024,1,Enero,1,2024-01,tienda_fisica,5,completado,True,789.36,1,1,1,789.36
2527,517,2026-02-17,2026,2,Febrero,1,2026-02,tienda_fisica,10,completado,True,0.0,0,0,0,0.0
560,553,2024-05-14,2024,5,Mayo,2,2024-05,app_movil,2,cancelado,False,36577.0,5,2,2,18288.5
1474,604,2024-08-03,2024,8,Agosto,3,2024-08,tienda_fisica,10,pendiente,False,0.0,0,0,0,0.0
2660,25,2025-08-11,2025,8,Agosto,3,2025-08,tienda_fisica,6,completado,True,10345.64,4,1,1,10345.64
419,1807,2024-06-15,2024,6,Junio,2,2024-06,app_movil,11,completado,True,842.67,1,1,1,842.67
2278,1899,2026-01-02,2026,1,Enero,1,2026-01,app_movil,11,cancelado,False,0.0,0,0,0,0.0
322,530,2024-02-16,2024,2,Febrero,1,2024-02,web,7,cancelado,False,0.0,0,0,0,0.0
3371,1212,2025-03-23,2025,3,Marzo,1,2025-03,app_movil,10,completado,True,58824.62,6,2,2,29412.31
1322,1827,2025-11-22,2025,11,Noviembre,4,2025-11,app_movil,6,enviado,True,17099.88,6,1,1,17099.88
1844,1632,2026-07-07,2026,7,Julio,3,2026-07,web,2,completado,True,24320.7,5,1,1,24320.7
2810,1735,2025-07-17,2025,7,Julio,3,2025-07,app_movil,5,completado,True,0.0,0,0,0,0.0
1122,769,2025-04-30,2025,4,Abril,2,2025-04,web,2,completado,True,26735.71,8,2,2,13367.86
3378,1218,2025-09-06,2025,9,Setiembre,3,2025-09,web,12,completado,True,40805.7,6,1,1,40805.7
2432,1657,2024-10-13,2024,10,Octubre,4,2024-10,tienda_fisica,5,completado,True,185960.31,7,2,2,92980.16
629,545,2024-07-12,2024,7,Julio,3,2024-07,app_movil,9,completado,True,7449.15,2,1,1,7449.15
2391,1241,2026-02-23,2026,2,Febrero,1,2026-02,web,12,completado,True,0.0,0,0,0,0.0
2965,527,2025-01-04,2025,1,Enero,1,2025-01,app_movil,11,completado,True,335202.0,6,1,1,335202.0
1768,276,2025-09-07,2025,9,Setiembre,3,2025-09,app_movil,4,cancelado,False,0.0,0,0,0,0.0
2908,1886,2025-06-29,2025,6,Junio,2,2025-06,app_movil,8,pendiente,False,105877.13,5,2,2,52938.56
1677,663,2026-08-28,2026,8,Agosto,3,2026-08,web,9,completado,True,0.0,0,0,0,0.0
733,1819,2026-06-09,2026,6,Junio,2,2026-06,web,10,completado,True,9166.4,5,1,1,9166.4
1930,1833,2025-07-31,2025,7,Julio,3,2025-07,app_movil,8,cancelado,False,0.0,0,0,0,0.0
3099,1490,2024-03-04,2024,3,Marzo,1,2024-03,web,5,pendiente,False,124185.8,5,1,1,124185.8
1940,486,2024-12-08,2024,12,Diciembre,4,2024-12,app_movil,5,completado,True,144956.68,6,1,1,144956.68
1385,1354,2024-01-11,2024,1,Enero,1,2024-01,tienda_fisica,5,completado,True,9790.18,4,1,1,9790.18
1991,193,2025-12-09,2025,12,Diciembre,4,2025-12,app_movil,10,completado,True,126330.8,18,3,3,42110.27
2861,887,2026-05-01,2026,5,Mayo,2,2026-05,tienda_fisica,2,cancelado,False,0.0,0,0,0,0.0
2936,1803,2025-06-19,2025,6,Junio,2,2025-06,tienda_fisica,2,pendiente,False,49374.0,12,2,2,24687.0
848,1044,2026-07-08,2026,7,Julio,3,2026-07,tienda_fisica,6,completado,True,0.0,0,0,0,0.0
514,1687,2024-12-09,2024,12,Diciembre,4,2024-12,tienda_fisica,12,completado,True,779.76,2,1,1,779.76
2354,1199,2025-02-22,2025,2,Febrero,1,2025-02,app_movil,2,pendiente,False,0.0,0,0,0,0.0
1588,75,2024-02-04,2024,2,Febrero,1,2024-02,tienda_fisica,7,enviado,True,12795.33,3,1,1,12795.33
2153,1961,2026-03-04,2026,3,Marzo,1,2026-03,web,6,pendiente,False,44334.6,6,1,1,44334.6
3097,1852,2025-04-09,2025,4,Abril,2,2025-04,tienda_fisica,2,completado,True,193693.6,11,2,2,96846.8
3133,1397,2024-07-14,2024,7,Julio,3,2024-07,web,5,cancelado,False,4828.3,2,1,1,4828.3
3383,1816,2024-10-11,2024,10,Octubre,4,2024-10,web,7,completado,True,0.0,0,0,0,0.0
2945,562,2024-02-01,2024,2,Febrero,1,2024-02,app_movil,6,pendiente,False,17963.8,4,2,2,8981.9
2198,1960,2025-05-31,2025,5,Mayo,2,2025-05,app_movil,8,completado,True,45865.02,6,1,1,45865.02
430,1872,2025-07-30,2025,7,Julio,3,2025-07,app_movil,5,cancelado,False,0.0,0,0,0,0.0
2703,1637,2026-08-30,2026,8,Agosto,3,2026-08,web,9,pendiente,False,1885.15,1,1,1,1885.15
636,990,2026-08-16,2026,8,Agosto,3,2026-08,app_movil,5,pendiente,False,0.0,0,0,0,0.0
911,1180,2025-11-20,2025,11,Noviembre,4,2025-11,tienda_fisica,10,enviado,True,0.0,0,0,0,0.0
951,1842,2026-06-18,2026,6,Junio,2,2026-06,web,3,pendiente,False,0.0,0,0,0,0.0
3406,1107,2026-02-04,2026,2,Febrero,1,2026-02,tienda_fisica,4,pendiente,False,79813.81,11,2,2,39906.9
2805,565,2024-05-31,2024,5,Mayo,2,2024-05,web,10,completado,True,10289.22,1,1,1,10289.22
1018,1052,2026-05-25,2026,5,Mayo,2,2026-05,tienda_fisica,5,completado,True,59613.82,10,2,2,29806.91
2892,1994,2026-09-18,2026,9,Setiembre,3,2026-09,tienda_fisica,4,pendiente,False,167601.06,3,1,1,167601.06
551,277,2024-08-14,2024,8,Agosto,3,2024-08,web,5,pendiente,False,27619.07,12,2,2,13809.54
764,1500,2024-08-16,2024,8,Agosto,3,2024-08,web,10,completado,True,11657.74,12,3,3,3885.91
155,1232,2025-05-04,2025,5,Mayo,2,2025-05,web,12,completado,True,0.0,0,0,0,0.0
1437,1050,2025-02-13,2025,2,Febrero,1,2025-02,app_movil,1,completado,True,0.0,0,0,0,0.0
3510,1208,2026-03-19,2026,3,Marzo,1,2026-03,app_movil,7,completado,True,0.0,0,0,0,0.0
1093,1458,2026-01-07,2026,1,Enero,1,2026-01,tienda_fisica,4,completado,True,56399.94,10,3,3,18799.98
2648,640,2024-07-10,2024,7,Julio,3,2024-07,web,6,enviado,True,212564.08,8,1,1,212564.08
2074,588,2026-05-01,2026,5,Mayo,2,2026-05,tienda_fisica,9,completado,True,0.0,0,0,0,0.0
2137,1502,2025-02-05,2025,2,Febrero,1,2025-02,app_movil,7,pendiente,False,0.0,0,0,0,0.0
543,535,2024-03-16,2024,3,Marzo,1,2024-03,web,11,completado,True,21325.0,5,1,1,21325.0
319,1241,2026-06-22,2026,6,Junio,2,2026-06,tienda_fisica,9,completado,True,0.0,0,0,0,0.0
2105,657,2025-08-21,2025,8,Agosto,3,2025-08,app_movil,3,completado,True,61663.85,8,3,3,20554.62
638,861,2026-09-02,2026,9,Setiembre,3,2026-09,tienda_fisica,12,completado,True,156330.44,5,1,1,156330.44
303,1130,2025-11-24,2025,11,Noviembre,4,2025-11,app_movil,7,pendiente,False,39353.24,11,2,2,19676.62
2263,1923,2024-02-04,2024,2,Febrero,1,2024-02,app_movil,9,completado,True,57000.87,12,2,2,28500.44
1267,756,2024-06-25,2024,6,Junio,2,2024-06,tienda_fisica,3,completado,True,128615.12,9,2,2,64307.56
3259,210,2025-07-01,2025,7,Julio,3,2025-07,app_movil,6,completado,True,0.0,0,0,0,0.0
160,1564,2024-03-09,2024,3,Marzo,1,2024-03,tienda_fisica,9,completado,True,59298.55,5,1,1,59298.55
1364,354,2024-10-13,2024,10,Octubre,4,2024-10,app_movil,1,pendiente,False,0.0,0,0,0,0.0
2190,788,2026-04-04,2026,4,Abril,2,2026-04,tienda_fisica,5,completado,True,26664.0,6,1,1,26664.0
3229,769,2026-04-14,2026,4,Abril,2,2026-04,web,10,enviado,True,0.0,0,0,0,0.0
1661,1863,2025-07-21,2025,7,Julio,3,2025-07,app_movil,1,completado,True,76346.92,5,3,3,25448.97
335,1225,2026-06-28,2026,6,Junio,2,2026-06,app_movil,11,pendiente,False,0.0,0,0,0,0.0
412,1393,2026-06-19,2026,6,Junio,2,2026-06,app_movil,1,completado,True,39954.67,7,1,1,39954.67
288,920,2025-02-22,2025,2,Febrero,1,2025-02,web,7,pendiente,False,13998.52,2,1,1,13998.52
3518,1785,2026-09-15,2026,9,Setiembre,3,2026-09,app_movil,1,cancelado,False,0.0,0,0,0,0.0
2408,646,2025-11-25,2025,11,Noviembre,4,2025-11,web,7,completado,True,60853.92,8,2,2,30426.96
1833,1556,2024-02-28,2024,2,Febrero,1,2024-02,tienda_fisica,4,pendiente,False,0.0,0,0,0,0.0
936,933,2026-05-26,2026,5,Mayo,2,2026-05,web,11,cancelado,False,11787.06,8,2,2,5893.53
2233,766,2025-11-07,2025,11,Noviembre,4,2025-11,web,10,completado,True,52281.6,4,1,1,52281.6
955,1281,2026-06-26,2026,6,Junio,2,2026-06,web,12,completado,True,199103.43,15,3,3,66367.81
1075,512,2025-10-21,2025,10,Octubre,4,2025-10,app_movil,4,completado,True,0.0,0,0,0,0.0
828,1851,2024-11-09,2024,11,Noviembre,4,2024-11,app_movil,1,completado,True,28692.96,2,1,1,28692.96
273,583,2026-07-02,2026,7,Julio,3,2026-07,web,2,completado,True,0.0,0,0,0,0.0
2382,491,2025-06-02,2025,6,Junio,2,2025-06,tienda_fisica,12,completado,True,1403.52,2,1,1,1403.52
2644,1298,2025-03-19,2025,3,Marzo,1,2025-03,tienda_fisica,11,cancelado,False,213641.53,4,1,1,213641.53
2749,1069,2025-11-13,2025,11,Noviembre,4,2025-11,web,12,completado,True,0.0,0,0,0,0.0
244,68,2026-01-05,2026,1,Enero,1,2026-01,app_movil,6,cancelado,False,0.0,0,0,0,0.0
350,478,2025-11-07,2025,11,Noviembre,4,2025-11,app_movil,5,cancelado,False,18314.98,8,2,2,9157.49
1309,696,2025-01-31,2025,1,Enero,1,2025-01,app_movil,7,cancelado,False,66680.29,6,3,3,22226.76
1994,1422,2026-04-08,2026,4,Abril,2,2026-04,tienda_fisica,10,completado,True,2710.39,1,1,1,2710.39
2018,1528,2025-03-15,2025,3,Marzo,1,2025-03,app_movil,6,completado,True,0.0,0,0,0,0.0
2594,620,2024-02-03,2024,2,Febrero,1,2024-02,tienda_fisica,5,completado,True,476701.76,8,2,2,238350.88
2602,33,2025-09-05,2025,9,Setiembre,3,2025-09,app_movil,3,completado,True,1939.6,4,1,1,1939.6
3007,1033,2025-08-24,2025,8,Agosto,3,2025-08,app_movil,4,cancelado,False,0.0,0,0,0,0.0
735,1533,2025-01-04,2025,1,Enero,1,2025-01,web,12,pendiente,False,105232.0,8,1,1,105232.0
1541,971,2026-04-14,2026,4,Abril,2,2026-04,tienda_fisica,7,enviado,True,302110.86,19,4,4,75527.72
1773,549,2026-05-21,2026,5,Mayo,2,2026-05,web,9,cancelado,False,316605.76,8,1,1,316605.76
2194,1462,2024-03-25,2024,3,Marzo,1,2024-03,tienda_fisica,8,completado,True,138715.9,10,2,2,69357.95
3382,636,2024-05-23,2024,5,Mayo,2,2024-05,tienda_fisica,7,cancelado,False,16758.42,8,3,3,5586.14
463,289,2024-11-15,2024,11,Noviembre,4,2024-11,tienda_fisica,2,completado,True,15408.0,1,1,1,15408.0
2420,1154,2025-09-04,2025,9,Setiembre,3,2025-09,tienda_fisica,1,enviado,True,81020.27,4,2,2,40510.14
2753,1127,2024-07-06,2024,7,Julio,3,2024-07,web,5,completado,True,0.0,0,0,0,0.0
1857,362,2026-02-09,2026,2,Febrero,1,2026-02,tienda_fisica,12,completado,True,0.0,0,0,0,0.0
1881,676,2024-06-28,2024,6,Junio,2,2024-06,app_movil,8,enviado,True,0.0,0,0,0,0.0
2740,73,2025-10-23,2025,10,Octubre,4,2025-10,web,6,cancelado,False,35443.67,7,2,2,17721.84
800,1500,2026-07-20,2026,7,Julio,3,2026-07,tienda_fisica,6,completado,True,252799.0,8,3,3,84266.33
741,654,2026-05-03,2026,5,Mayo,2,2026-05,tienda_fisica,9,cancelado,False,0.0,0,0,0,0.0
1348,1434,2025-06-14,2025,6,Junio,2,2025-06,web,8,completado,True,4535.34,6,1,1,4535.34
814,1520,2025-04-09,2025,4,Abril,2,2025-04,web,10,completado,True,44758.56,16,3,3,14919.52
1408,269,2024-08-10,2024,8,Agosto,3,2024-08,tienda_fisica,9,enviado,True,24320.99,3,1,1,24320.99
996,85,2024-02-02,2024,2,Febrero,1,2024-02,tienda_fisica,6,completado,True,0.0,0,0,0,0.0
2225,109,2025-05-27,2025,5,Mayo,2,2025-05,web,3,completado,True,18057.37,2,2,2,9028.68
975,200,2024-12-27,2024,12,Diciembre,4,2024-12,tienda_fisica,9,completado,True,56106.63,14,3,3,18702.21
1691,128,2024-03-14,2024,3,Marzo,1,2024-03,web,2,completado,True,33278.17,13,3,3,11092.72
710,1531,2026-03-23,2026,3,Marzo,1,2026-03,tienda_fisica,8,completado,True,144390.24,13,2,2,72195.12
1995,895,2026-08-25,2026,8,Agosto,3,2026-08,web,7,completado,True,0.0,0,0,0,0.0
1708,1742,2024-08-30,2024,8,Agosto,3,2024-08,app_movil,5,completado,True,41579.07,1,1,1,41579.07
3376,1628,2024-10-05,2024,10,Octubre,4,2024-10,tienda_fisica,7,completado,True,0.0,0,0,0,0.0
3250,1659,2025-04-26,2025,4,Abril,2,2025-04,web,3,completado,True,4399.26,2,1,1,4399.26
2439,1277,2024-09-03,2024,9,Setiembre,3,2024-09,web,4,completado,True,0.0,0,0,0,0.0
1031,1554,2026-03-20,2026,3,Marzo,1,2026-03,tienda_fisica,4,pendiente,False,0.0,0,0,0,0.0
2206,1174,2026-06-19,2026,6,Junio,2,2026-06,web,2,completado,True,0.0,0,0,0,0.0
2421,974,2024-05-18,2024,5,Mayo,2,2024-05,tienda_fisica,6,completado,True,21412.8,1,1,1,21412.8
2924,1049,2024-12-25,2024,12,Diciembre,4,2024-12,web,5,enviado,True,50231.3,1,1,1,50231.3
1480,1987,2025-06-21,2025,6,Junio,2,2025-06,web,8,pendiente,False,97105.38,15,4,4,24276.34
2453,233,2024-01-28,2024,1,Enero,1,2024-01,app_movil,9,completado,True,173024.04,15,4,4,43256.01
1451,326,2025-05-21,2025,5,Mayo,2,2025-05,tienda_fisica,9,cancelado,False,7635.84,1,1,1,7635.84
2996,380,2026-08-22,2026,8,Agosto,3,2026-08,app_movil,8,completado,True,0.0,0,0,0,0.0
3050,1591,2024-11-22,2024,11,Noviembre,4,2024-11,tienda_fisica,10,completado,True,47693.12,2,1,1,47693.12
2670,1786,2025-12-27,2025,12,Diciembre,4,2025-12,app_movil,2,completado,True,231841.68,10,3,3,77280.56
1962,65,2025-10-16,2025,10,Octubre,4,2025-10,web,10,completado,True,187974.14,10,3,3,62658.05
221,1356,2026-03-26,2026,3,Marzo,1,2026-03,tienda_fisica,2,pendiente,False,276390.8,13,3,3,92130.27
899,779,2025-06-15,2025,6,Junio,2,2025-06,tienda_fisica,4,completado,True,44750.0,2,1,1,44750.0
2084,1802,2026-06-18,2026,6,Junio,2,2026-06,web,1,completado,True,7971.0,3,1,1,7971.0
2174,908,2026-03-05,2026,3,Marzo,1,2026-03,tienda_fisica,10,completado,True,14410.96,4,1,1,14410.96
1260,611,2026-07-23,2026,7,Julio,3,2026-07,tienda_fisica,11,completado,True,64770.54,7,2,2,32385.27
2895,1758,2025-03-30,2025,3,Marzo,1,2025-03,tienda_fisica,4,completado,True,0.0,0,0,0,0.0
1127,76,2026-07-08,2026,7,Julio,3,2026-07,app_movil,11,completado,True,0.0,0,0,0,0.0
3407,1725,2026-05-29,2026,5,Mayo,2,2026-05,web,11,pendiente,False,92796.89,11,2,2,46398.44
2101,1730,2025-04-16,2025,4,Abril,2,2025-04,web,8,completado,True,163483.04,11,3,3,54494.35
1285,1323,2026-07-04,2026,7,Julio,3,2026-07,tienda_fisica,12,cancelado,False,10132.58,2,1,1,10132.58
2452,9,2025-11-21,2025,11,Noviembre,4,2025-11,tienda_fisica,5,completado,True,0.0,0,0,0,0.0
2767,237,2024-09-21,2024,9,Setiembre,3,2024-09,tienda_fisica,7,cancelado,False,61580.12,8,2,2,30790.06
3540,90,2026-01-01,2026,1,Enero,1,2026-01,web,7,completado,True,1300.0,2,1,1,1300.0
1816,982,2024-12-09,2024,12,Diciembre,4,2024-12,tienda_fisica,8,completado,True,187516.08,9,2,2,93758.04
2966,1402,2026-05-28,2026,5,Mayo,2,2026-05,app_movil,3,pendiente,False,165596.58,7,2,2,82798.29
3320,1450,2026-01-30,2026,1,Enero,1,2026-01,app_movil,7,pendiente,False,0.0,0,0,0,0.0
1749,1344,2026-06-30,2026,6,Junio,2,2026-06,app_movil,11,completado,True,19955.35,5,1,1,19955.35
2181,1498,2025-05-01,2025,5,Mayo,2,2025-05,web,12,completado,True,2626.79,1,1,1,2626.79
581,1303,2024-01-10,2024,1,Enero,1,2024-01,tienda_fisica,3,enviado,True,0.0,0,0,0,0.0
1974,1424,2024-05-25,2024,5,Mayo,2,2024-05,tienda_fisica,11,completado,True,1374.56,1,1,1,1374.56
2825,1088,2024-11-13,2024,11,Noviembre,4,2024-11,web,11,completado,True,473.84,2,1,1,473.84
1918,1302,2026-09-17,2026,9,Setiembre,3,2026-09,app_movil,10,completado,True,0.0,0,0,0,0.0
824,1694,2026-01-04,2026,1,Enero,1,2026-01,app_movil,12,cancelado,False,0.0,0,0,0,0.0
253,1420,2024-11-14,2024,11,Noviembre,4,2024-11,web,2,enviado,True,29848.09,11,3,3,9949.36
2691,101,2026-05-01,2026,5,Mayo,2,2026-05,web,2,completado,True,38680.64,4,1,1,38680.64
1344,926,2026-01-12,2026,1,Enero,1,2026-01,web,3,completado,True,403.2,2,1,1,403.2
2027,1722,2024-09-17,2024,9,Setiembre,3,2024-09,app_movil,6,completado,True,0.0,0,0,0,0.0
411,1759,2026-06-13,2026,6,Junio,2,2026-06,app_movil,5,completado,True,67208.47,7,1,1,67208.47
2355,912,2025-04-15,2025,4,Abril,2,2025-04,tienda_fisica,6,completado,True,9621.92,7,1,1,9621.92
1334,1023,2025-09-01,2025,9,Setiembre,3,2025-09,app_movil,10,completado,True,264827.61,6,1,1,264827.61
653,181,2025-08-02,2025,8,Agosto,3,2025-08,tienda_fisica,8,enviado,True,11446.56,4,2,2,5723.28
1097,1786,2025-08-10,2025,8,Agosto,3,2025-08,app_movil,5,completado,True,3475.88,2,1,1,3475.88
2064,838,2025-12-21,2025,12,Diciembre,4,2025-12,app_movil,11,cancelado,False,1722.85,6,1,1,1722.85
2559,1659,2026-02-10,2026,2,Febrero,1,2026-02,app_movil,12,cancelado,False,69371.92,8,1,1,69371.92
2066,1188,2024-08-12,2024,8,Agosto,3,2024-08,app_movil,10,completado,True,189798.16,19,3,3,63266.05
1244,1824,2025-08-08,2025,8,Agosto,3,2025-08,tienda_fisica,7,pendiente,False,290598.8,18,3,3,96866.27
1055,26,2026-03-05,2026,3,Marzo,1,2026-03,web,8,completado,True,0.0,0,0,0,0.0
2971,832,2026-03-07,2026,3,Marzo,1,2026-03,tienda_fisica,12,completado,True,0.0,0,0,0,0.0
3249,1339,2025-10-20,2025,10,Octubre,4,2025-10,web,8,cancelado,False,2523.0,3,1,1,2523.0
1802,1302,2026-03-13,2026,3,Marzo,1,2026-03,web,8,completado,True,0.0,0,0,0,0.0
2752,973,2024-12-05,2024,12,Diciembre,4,2024-12,app_movil,1,completado,True,0.0,0,0,0,0.0
2590,1421,2024-10-21,2024,10,Octubre,4,2024-10,web,2,enviado,True,43039.44,3,1,1,43039.44
1549,752,2026-03-11,2026,3,Marzo,1,2026-03,tienda_fisica,5,enviado,True,70120.48,13,3,3,23373.49
351,342,2025-12-12,2025,12,Diciembre,4,2025-12,tienda_fisica,3,completado,True,673084.27,29,5,5,134616.85
1142,1181,2025-01-04,2025,1,Enero,1,2025-01,app_movil,5,cancelado,False,35428.65,5,1,1,35428.65
2797,1823,2024-08-09,2024,8,Agosto,3,2024-08,web,9,completado,True,0.0,0,0,0,0.0
771,333,2025-06-21,2025,6,Junio,2,2025-06,app_movil,6,completado,True,54930.49,5,1,1,54930.49
129,25,2025-02-14,2025,2,Febrero,1,2025-02,tienda_fisica,6,cancelado,False,68924.92,15,2,2,34462.46
561,803,2025-06-11,2025,6,Junio,2,2025-06,tienda_fisica,8,cancelado,False,0.0,0,0,0,0.0
1324,1822,2026-06-18,2026,6,Junio,2,2026-06,app_movil,12,enviado,True,0.0,0,0,0,0.0
3495,890,2026-07-19,2026,7,Julio,3,2026-07,web,2,pendiente,False,0.0,0,0,0,0.0
1497,1298,2025-11-13,2025,11,Noviembre,4,2025-11,app_movil,4,pendiente,False,0.0,0,0,0,0.0
577,1184,2024-03-12,2024,3,Marzo,1,2024-03,tienda_fisica,6,completado,True,219543.38,12,2,2,109771.69
205,851,2025-05-24,2025,5,Mayo,2,2025-05,tienda_fisica,5,completado,True,0.0,0,0,0,0.0
3521,441,2025-10-29,2025,10,Octubre,4,2025-10,web,5,enviado,True,16295.69,8,1,1,16295.69
234,1672,2026-08-29,2026,8,Agosto,3,2026-08,web,9,cancelado,False,28929.03,3,3,3,9643.01
2394,155,2025-10-03,2025,10,Octubre,4,2025-10,web,2,completado,True,0.0,0,0,0,0.0
1931,1961,2026-04-10,2026,4,Abril,2,2026-04,app_movil,11,completado,True,7965.78,10,3,3,2655.26
3089,414,2024-08-23,2024,8,Agosto,3,2024-08,app_movil,6,cancelado,False,47461.01,7,2,2,23730.5
1354,805,2025-11-29,2025,11,Noviembre,4,2025-11,web,4,completado,True,14905.41,5,2,2,7452.7
1011,519,2024-07-13,2024,7,Julio,3,2024-07,web,5,pendiente,False,149721.84,3,1,1,149721.84
3038,1861,2024-07-12,2024,7,Julio,3,2024-07,tienda_fisica,11,completado,True,100891.37,6,1,1,100891.37
2668,115,2025-11-12,2025,11,Noviembre,4,2025-11,tienda_fisica,11,enviado,True,3913.0,7,1,1,3913.0
117,85,2025-09-14,2025,9,Setiembre,3,2025-09,web,9,enviado,True,0.0,0,0,0,0.0
2443,231,2024-10-11,2024,10,Octubre,4,2024-10,web,7,completado,True,3530.91,3,1,1,3530.91
2482,73,2025-06-05,2025,6,Junio,2,2025-06,app_movil,5,pendiente,False,151483.53,12,2,2,75741.76
695,503,2026-05-13,2026,5,Mayo,2,2026-05,app_movil,8,completado,True,0.0,0,0,0,0.0
3465,1310,2024-10-08,2024,10,Octubre,4,2024-10,web,6,completado,True,0.0,0,0,0,0.0
2142,1968,2024-09-01,2024,9,Setiembre,3,2024-09,tienda_fisica,2,completado,True,128152.36,7,1,1,128152.36
1222,463,2025-05-05,2025,5,Mayo,2,2025-05,web,11,completado,True,294654.93,25,4,4,73663.73
2641,1245,2024-10-22,2024,10,Octubre,4,2024-10,tienda_fisica,12,enviado,True,0.0,0,0,0,0.0
3471,167,2024-10-13,2024,10,Octubre,4,2024-10,tienda_fisica,3,completado,True,17009.12,9,2,2,8504.56
385,1834,2026-02-06,2026,2,Febrero,1,2026-02,tienda_fisica,12,completado,True,0.0,0,0,0,0.0
1409,450,2025-06-24,2025,6,Junio,2,2025-06,web,4,completado,True,0.0,0,0,0,0.0
513,1913,2026-06-26,2026,6,Junio,2,2026-06,web,2,completado,True,405714.8,20,3,3,135238.27
2154,1869,2024-02-12,2024,2,Febrero,1,2024-02,web,7,pendiente,False,0.0,0,0,0,0.0
1848,338,2026-03-15,2026,3,Marzo,1,2026-03,tienda_fisica,1,pendiente,False,29063.52,8,1,1,29063.52
260,442,2026-03-01,2026,3,Marzo,1,2026-03,web,6,pendiente,False,53137.28,7,1,1,53137.28
59,513,2026-07-14,2026,7,Julio,3,2026-07,app_movil,8,cancelado,False,167265.0,12,2,2,83632.5
1985,917,2026-09-17,2026,9,Setiembre,3,2026-09,tienda_fisica,10,pendiente,False,5361.46,11,2,2,2680.73
703,1357,2026-10-09,2026,10,Octubre,4,2026-10,tienda_fisica,12,enviado,True,96930.58,9,3,3,32310.19
821,1635,2026-09-29,2026,9,Setiembre,3,2026-09,tienda_fisica,11,completado,True,93920.35,7,2,2,46960.18
2637,1247,2024-09-22,2024,9,Setiembre,3,2024-09,web,7,pendiente,False,5249.64,6,1,1,5249.64
3081,119,2024-07-24,2024,7,Julio,3,2024-07,app_movil,9,completado,True,104956.2,3,1,1,104956.2
2171,1213,2026-04-26,2026,4,Abril,2,2026-04,tienda_fisica,1,enviado,True,19096.08,4,1,1,19096.08
817,1058,2024-09-12,2024,9,Setiembre,3,2024-09,tienda_fisica,3,pendiente,False,1077.66,2,1,1,1077.66
2322,1397,2024-05-31,2024,5,Mayo,2,2024-05,app_movil,12,enviado,True,137854.02,9,3,3,45951.34
535,951,2024-05-20,2024,5,Mayo,2,2024-05,tienda_fisica,9,completado,True,49633.42,2,1,1,49633.42
2204,1545,2026-06-24,2026,6,Junio,2,2026-06,tienda_fisica,1,enviado,True,9770.28,4,1,1,9770.28
516,1112,2024-08-23,2024,8,Agosto,3,2024-08,tienda_fisica,8,cancelado,False,0.0,0,0,0,0.0
3189,636,2026-09-10,2026,9,Setiembre,3,2026-09,app_movil,9,completado,True,542188.95,17,3,3,180729.65
657,1206,2025-09-06,2025,9,Setiembre,3,2025-09,web,5,pendiente,False,0.0,0,0,0,0.0
306,172,2026-01-04,2026,1,Enero,1,2026-01,web,2,pendiente,False,4980.64,8,1,1,4980.64
3224,139,2024-08-27,2024,8,Agosto,3,2024-08,tienda_fisica,5,cancelado,False,0.0,0,0,0,0.0
318,374,2024-10-11,2024,10,Octubre,4,2024-10,app_movil,9,completado,True,0.0,0,0,0,0.0
767,1386,2025-01-08,2025,1,Enero,1,2025-01,web,3,pendiente,False,146414.15,5,1,1,146414.15
761,796,2024-12-23,2024,12,Diciembre,4,2024-12,tienda_fisica,11,enviado,True,3957.84,3,1,1,3957.84
1459,526,2025-09-13,2025,9,Setiembre,3,2025-09,tienda_fisica,8,enviado,True,19329.75,14,2,2,9664.88
2451,491,2026-05-20,2026,5,Mayo,2,2026-05,web,4,cancelado,False,0.0,0,0,0,0.0
669,1092,2024-05-07,2024,5,Mayo,2,2024-05,tienda_fisica,5,cancelado,False,0.0,0,0,0,0.0
3241,1165,2025-08-29,2025,8,Agosto,3,2025-08,app_movil,3,pendiente,False,1216.35,1,1,1,1216.35
1616,1614,2026-08-05,2026,8,Agosto,3,2026-08,tienda_fisica,5,completado,True,16003.75,1,1,1,16003.75
3430,1505,2026-04-02,2026,4,Abril,2,2026-04,web,8,pendiente,False,0.0,0,0,0,0.0
512,1500,2024-07-27,2024,7,Julio,3,2024-07,web,6,pendiente,False,472314.1,12,3,3,157438.03
1152,848,2024-03-04,2024,3,Marzo,1,2024-03,app_movil,3,completado,True,0.0,0,0,0,0.0
1210,472,2024-06-30,2024,6,Junio,2,2024-06,tienda_fisica,11,pendiente,False,0.0,0,0,0,0.0
663,1149,2025-06-14,2025,6,Junio,2,2025-06,app_movil,11,completado,True,49993.67,1,1,1,49993.67
1895,707,2025-08-24,2025,8,Agosto,3,2025-08,web,11,completado,True,0.0,0,0,0,0.0
1117,149,2025-12-20,2025,12,Diciembre,4,2025-12,app_movil,11,completado,True,55345.9,7,3,3,18448.63
1292,1254,2024-05-03,2024,5,Mayo,2,2024-05,app_movil,4,completado,True,33665.67,7,3,3,11221.89
1988,1046,2025-02-08,2025,2,Febrero,1,2025-02,app_movil,2,completado,True,26213.58,3,1,1,26213.58
1780,47,2026-08-24,2026,8,Agosto,3,2026-08,tienda_fisica,3,cancelado,False,0.0,0,0,0,0.0
1575,745,2024-09-18,2024,9,Setiembre,3,2024-09,tienda_fisica,9,enviado,True,15457.04,5,2,2,7728.52
685,414,2025-02-04,2025,2,Febrero,1,2025-02,web,11,enviado,True,0.0,0,0,0,0.0
523,460,2024-06-23,2024,6,Junio,2,2024-06,tienda_fisica,1,completado,True,57752.0,5,1,1,57752.0
1698,1726,2025-09-13,2025,9,Setiembre,3,2025-09,tienda_fisica,2,enviado,True,1972.78,1,1,1,1972.78
2854,763,2024-07-07,2024,7,Julio,3,2024-07,app_movil,9,pendiente,False,363554.31,19,3,3,121184.77
3569,986,2026-01-24,2026,1,Enero,1,2026-01,app_movil,1,enviado,True,0.0,0,0,0,0.0
2547,588,2025-10-05,2025,10,Octubre,4,2025-10,web,9,completado,True,18423.86,1,1,1,18423.86
16,505,2025-09-02,2025,9,Setiembre,3,2025-09,web,1,pendiente,False,34578.19,14,2,2,17289.1
2747,461,2026-07-30,2026,7,Julio,3,2026-07,web,5,completado,True,0.0,0,0,0,0.0
1464,1724,2026-04-28,2026,4,Abril,2,2026-04,app_movil,1,completado,True,0.0,0,0,0,0.0
3014,583,2024-12-18,2024,12,Diciembre,4,2024-12,web,1,cancelado,False,13979.01,3,1,1,13979.01
2248,1571,2026-06-05,2026,6,Junio,2,2026-06,app_movil,11,completado,True,0.0,0,0,0,0.0
3061,437,2025-10-30,2025,10,Octubre,4,2025-10,app_movil,3,completado,True,0.0,0,0,0,0.0
1744,281,2025-11-17,2025,11,Noviembre,4,2025-11,web,1,completado,True,0.0,0,0,0,0.0
596,83,2025-05-12,2025,5,Mayo,2,2025-05,tienda_fisica,11,pendiente,False,0.0,0,0,0,0.0
1504,137,2025-01-27,2025,1,Enero,1,2025-01,web,4,completado,True,16899.05,7,1,1,16899.05
12,92,2026-06-14,2026,6,Junio,2,2026-06,web,4,completado,True,71787.38,14,4,4,17946.84
1181,29,2025-03-30,2025,3,Marzo,1,2025-03,app_movil,8,completado,True,0.0,0,0,0,0.0
103,944,2025-06-24,2025,6,Junio,2,2025-06,web,7,pendiente,False,5597.8,5,1,1,5597.8
1339,1476,2026-06-29,2026,6,Junio,2,2026-06,web,4,enviado,True,314280.49,19,3,3,104760.16
154,1302,2026-09-22,2026,9,Setiembre,3,2026-09,web,12,pendiente,False,0.0,0,0,0,0.0
2309,1466,2024-10-25,2024,10,Octubre,4,2024-10,tienda_fisica,8,pendiente,False,0.0,0,0,0,0.0
940,221,2024-09-28,2024,9,Setiembre,3,2024-09,web,8,completado,True,382697.19,9,4,4,95674.3
3140,1604,2026-05-15,2026,5,Mayo,2,2026-05,web,10,enviado,True,96834.02,3,1,1,96834.02
1546,800,2024-01-01,2024,1,Enero,1,2024-01,app_movil,11,completado,True,1245.16,2,1,1,1245.16
2638,1824,2026-01-31,2026,1,Enero,1,2026-01,tienda_fisica,2,pendiente,False,189121.78,3,1,1,189121.78
698,961,2024-05-20,2024,5,Mayo,2,2024-05,web,5,enviado,True,0.0,0,0,0,0.0
331,769,2025-03-06,2025,3,Marzo,1,2025-03,web,10,pendiente,False,0.0,0,0,0,0.0
3272,127,2026-03-06,2026,3,Marzo,1,2026-03,web,1,completado,True,694.68,3,1,1,694.68
972,1606,2026-01-30,2026,1,Enero,1,2026-01,app_movil,9,completado,True,159169.74,12,2,2,79584.87
2147,610,2026-09-19,2026,9,Setiembre,3,2026-09,tienda_fisica,6,completado,True,0.0,0,0,0,0.0
1316,1816,2025-06-16,2025,6,Junio,2,2025-06,app_movil,4,completado,True,0.0,0,0,0,0.0
3541,1461,2024-09-23,2024,9,Setiembre,3,2024-09,app_movil,6,completado,True,59823.1,3,1,1,59823.1
20,1894,2025-09-19,2025,9,Setiembre,3,2025-09,web,11,pendiente,False,5673.0,3,1,1,5673.0
1355,155,2024-12-21,2024,12,Diciembre,4,2024-12,app_movil,7,enviado,True,12470.0,5,1,1,12470.0
2570,1192,2025-12-01,2025,12,Diciembre,4,2025-12,web,9,completado,True,0.0,0,0,0,0.0
2674,1827,2025-05-26,2025,5,Mayo,2,2025-05,web,9,enviado,True,161964.98,11,2,2,80982.49
1067,278,2024-01-29,2024,1,Enero,1,2024-01,app_movil,1,enviado,True,0.0,0,0,0,0.0
3255,212,2025-09-28,2025,9,Setiembre,3,2025-09,web,2,pendiente,False,144639.66,8,1,1,144639.66
1118,373,2025-01-20,2025,1,Enero,1,2025-01,tienda_fisica,6,pendiente,False,68136.57,2,2,2,34068.29
2510,381,2024-07-10,2024,7,Julio,3,2024-07,web,9,cancelado,False,27636.06,2,1,1,27636.06
187,601,2026-09-24,2026,9,Setiembre,3,2026-09,tienda_fisica,9,cancelado,False,13415.22,1,1,1,13415.22
2308,587,2026-05-27,2026,5,Mayo,2,2026-05,web,3,pendiente,False,0.0,0,0,0,0.0
1743,1647,2026-07-06,2026,7,Julio,3,2026-07,web,6,cancelado,False,0.0,0,0,0,0.0
664,1309,2025-10-01,2025,10,Octubre,4,2025-10,tienda_fisica,1,pendiente,False,54412.29,3,2,2,27206.14
1707,651,2024-12-19,2024,12,Diciembre,4,2024-12,web,1,cancelado,False,25678.72,3,1,1,25678.72
2415,1867,2026-05-23,2026,5,Mayo,2,2026-05,web,12,enviado,True,70895.65,6,2,2,35447.82
590,1059,2026-07-17,2026,7,Julio,3,2026-07,tienda_fisica,7,pendiente,False,0.0,0,0,0,0.0
2244,696,2025-09-01,2025,9,Setiembre,3,2025-09,web,10,completado,True,265516.13,16,3,3,88505.38
66,549,2025-04-02,2025,4,Abril,2,2025-04,tienda_fisica,12,completado,True,7239.19,6,2,2,3619.6
2532,776,2024-04-20,2024,4,Abril,2,2024-04,app_movil,9,completado,True,16645.25,5,1,1,16645.25
2314,1644,2026-04-02,2026,4,Abril,2,2026-04,web,12,completado,True,843.37,1,1,1,843.37
2782,405,2024-06-25,2024,6,Junio,2,2024-06,tienda_fisica,1,enviado,True,20438.8,8,1,1,20438.8
839,1795,2024-11-15,2024,11,Noviembre,4,2024-11,app_movil,3,cancelado,False,0.0,0,0,0,0.0
2475,839,2024-03-10,2024,3,Marzo,1,2024-03,web,9,completado,True,291.56,1,1,1,291.56
114,1035,2026-01-09,2026,1,Enero,1,2026-01,web,5,cancelado,False,34005.01,8,2,2,17002.5
1760,1909,2024-11-22,2024,11,Noviembre,4,2024-11,app_movil,11,enviado,True,1473.0,3,1,1,1473.0
2321,998,2025-03-31,2025,3,Marzo,1,2025-03,web,11,completado,True,0.0,0,0,0,0.0
536,1973,2024-09-05,2024,9,Setiembre,3,2024-09,web,3,cancelado,False,33757.97,3,2,2,16878.98
1005,1442,2024-05-21,2024,5,Mayo,2,2024-05,app_movil,6,completado,True,7152.6,7,1,1,7152.6
792,1007,2024-06-10,2024,6,Junio,2,2024-06,tienda_fisica,4,pendiente,False,35528.28,8,3,3,11842.76
2735,54,2025-05-18,2025,5,Mayo,2,2025-05,tienda_fisica,8,completado,True,0.0,0,0,0,0.0
392,1127,2025-01-25,2025,1,Enero,1,2025-01,tienda_fisica,8,completado,True,46588.26,11,2,2,23294.13
3593,906,2025-02-05,2025,2,Febrero,1,2025-02,tienda_fisica,3,enviado,True,32034.93,13,3,3,10678.31
2369,218,2025-03-26,2025,3,Marzo,1,2025-03,web,11,completado,True,7389.25,1,1,1,7389.25
459,1869,2025-09-05,2025,9,Setiembre,3,2025-09,app_movil,3,completado,True,214108.86,12,2,2,107054.43
2523,291,2026-06-25,2026,6,Junio,2,2026-06,app_movil,5,pendiente,False,10795.34,6,1,1,10795.34
1329,421,2025-09-13,2025,9,Setiembre,3,2025-09,web,11,completado,True,0.0,0,0,0,0.0
379,1252,2024-11-03,2024,11,Noviembre,4,2024-11,tienda_fisica,11,pendiente,False,79481.55,6,1,1,79481.55
1472,1116,2026-04-21,2026,4,Abril,2,2026-04,tienda_fisica,1,completado,True,59866.14,12,3,2,19955.38
1393,60,2024-06-11,2024,6,Junio,2,2024-06,web,2,pendiente,False,11828.37,5,2,2,5914.18
3292,180,2026-09-16,2026,9,Setiembre,3,2026-09,app_movil,12,enviado,True,48949.53,8,2,2,24474.76
2853,1933,2026-02-26,2026,2,Febrero,1,2026-02,app_movil,6,enviado,True,74579.88,4,1,1,74579.88
2253,1285,2025-04-23,2025,4,Abril,2,2025-04,tienda_fisica,1,completado,True,264384.0,6,1,1,264384.0
171,389,2026-08-31,2026,8,Agosto,3,2026-08,app_movil,9,completado,True,135652.25,17,4,4,33913.06
2578,343,2024-07-10,2024,7,Julio,3,2024-07,tienda_fisica,1,cancelado,False,78447.63,15,2,2,39223.82
1878,271,2024-01-24,2024,1,Enero,1,2024-01,tienda_fisica,4,enviado,True,208557.28,8,1,1,208557.28
1859,439,2025-10-01,2025,10,Octubre,4,2025-10,web,2,pendiente,False,88072.84,8,2,2,44036.42
1946,1747,2025-08-31,2025,8,Agosto,3,2025-08,web,3,completado,True,1780.87,1,1,1,1780.87
558,121,2024-05-22,2024,5,Mayo,2,2024-05,app_movil,11,cancelado,False,161234.79,17,4,4,40308.7
2508,1769,2024-04-27,2024,4,Abril,2,2024-04,tienda_fisica,8,completado,True,425344.08,8,1,1,425344.08
289,1446,2026-05-16,2026,5,Mayo,2,2026-05,app_movil,2,enviado,True,42348.4,5,1,1,42348.4
3384,397,2024-04-28,2024,4,Abril,2,2024-04,tienda_fisica,5,pendiente,False,5132.06,2,2,2,2566.03
445,1402,2026-05-26,2026,5,Mayo,2,2026-05,web,10,cancelado,False,226858.65,18,4,4,56714.66
726,434,2025-02-25,2025,2,Febrero,1,2025-02,tienda_fisica,4,completado,True,37395.29,12,2,2,18697.64
506,781,2024-08-15,2024,8,Agosto,3,2024-08,app_movil,6,cancelado,False,5822.97,8,1,1,5822.97
2370,265,2025-04-27,2025,4,Abril,2,2025-04,app_movil,2,enviado,True,83729.33,17,4,4,20932.33
3551,1701,2025-07-19,2025,7,Julio,3,2025-07,tienda_fisica,11,pendiente,False,124083.55,5,1,1,124083.55
3235,881,2024-03-23,2024,3,Marzo,1,2024-03,app_movil,11,completado,True,41125.47,3,1,1,41125.47
1281,1847,2025-02-05,2025,2,Febrero,1,2025-02,app_movil,12,completado,True,223468.08,4,1,1,223468.08
1186,1795,2024-09-19,2024,9,Setiembre,3,2024-09,web,9,completado,True,0.0,0,0,0,0.0
57,1609,2025-07-24,2025,7,Julio,3,2025-07,app_movil,1,pendiente,False,131529.58,17,3,3,43843.19
1357,197,2025-02-19,2025,2,Febrero,1,2025-02,web,9,completado,True,16645.25,5,1,1,16645.25
3523,1035,2025-01-27,2025,1,Enero,1,2025-01,tienda_fisica,9,pendiente,False,26932.3,4,1,1,26932.3
3194,532,2026-04-22,2026,4,Abril,2,2026-04,web,5,completado,True,0.0,0,0,0,0.0
1430,362,2025-11-05,2025,11,Noviembre,4,2025-11,app_movil,10,completado,True,23862.93,14,2,2,11931.46
2305,1953,2025-09-04,2025,9,Setiembre,3,2025-09,web,4,pendiente,False,3329.05,1,1,1,3329.05
1762,408,2026-08-01,2026,8,Agosto,3,2026-08,web,1,cancelado,False,15475.46,1,1,1,15475.46
3145,1112,2024-04-29,2024,4,Abril,2,2024-04,app_movil,6,enviado,True,163843.76,9,2,1,81921.88
1820,1043,2025-11-17,2025,11,Noviembre,4,2025-11,web,9,pendiente,False,286931.92,12,2,2,143465.96
3475,297,2024-03-08,2024,3,Marzo,1,2024-03,web,10,completado,True,95880.35,15,3,3,31960.12
1944,1799,2025-11-08,2025,11,Noviembre,4,2025-11,app_movil,9,completado,True,0.0,0,0,0,0.0
1807,1701,2024-05-29,2024,5,Mayo,2,2024-05,tienda_fisica,10,pendiente,False,1245.16,2,1,1,1245.16
3273,727,2025-05-15,2025,5,Mayo,2,2025-05,web,8,cancelado,False,121446.78,5,3,3,40482.26
237,996,2025-07-04,2025,7,Julio,3,2025-07,app_movil,11,completado,True,0.0,0,0,0,0.0
2905,941,2025-08-12,2025,8,Agosto,3,2025-08,app_movil,11,enviado,True,14676.16,4,1,1,14676.16
119,186,2024-05-26,2024,5,Mayo,2,2024-05,tienda_fisica,1,completado,True,84036.16,8,1,1,84036.16
1784,499,2024-07-06,2024,7,Julio,3,2024-07,app_movil,5,completado,True,124066.09,16,2,2,62033.04
2386,1387,2024-04-17,2024,4,Abril,2,2024-04,web,12,pendiente,False,0.0,0,0,0,0.0
3179,830,2024-12-27,2024,12,Diciembre,4,2024-12,web,4,completado,True,109185.61,7,2,2,54592.8
71,1045,2024-05-31,2024,5,Mayo,2,2024-05,tienda_fisica,3,completado,True,0.0,0,0,0,0.0
997,1883,2026-09-08,2026,9,Setiembre,3,2026-09,web,3,completado,True,82592.19,8,1,1,82592.19
1950,1992,2026-02-12,2026,2,Febrero,1,2026-02,app_movil,2,cancelado,False,9127.91,1,1,1,9127.91
1238,1894,2026-07-29,2026,7,Julio,3,2026-07,tienda_fisica,9,completado,True,19050.85,3,1,1,19050.85
80,1904,2026-07-28,2026,7,Julio,3,2026-07,web,9,enviado,True,0.0,0,0,0,0.0
376,238,2025-03-10,2025,3,Marzo,1,2025-03,web,7,pendiente,False,65684.39,6,1,1,65684.39
2561,1459,2025-05-05,2025,5,Mayo,2,2025-05,tienda_fisica,12,completado,True,0.0,0,0,0,0.0
3416,1905,2025-09-10,2025,9,Setiembre,3,2025-09,tienda_fisica,7,pendiente,False,26830.67,9,2,2,13415.34
2774,1201,2025-03-25,2025,3,Marzo,1,2025-03,tienda_fisica,6,pendiente,False,0.0,0,0,0,0.0
2656,1562,2026-06-25,2026,6,Junio,2,2026-06,tienda_fisica,7,completado,True,29610.0,6,1,1,29610.0
2072,231,2024-09-27,2024,9,Setiembre,3,2024-09,tienda_fisica,5,pendiente,False,48159.57,10,2,2,24079.78
687,461,2024-10-16,2024,10,Octubre,4,2024-10,app_movil,5,enviado,True,106541.15,15,3,3,35513.72
3264,463,2025-02-23,2025,2,Febrero,1,2025-02,tienda_fisica,7,completado,True,26203.03,7,2,2,13101.52
3473,120,2025-04-24,2025,4,Abril,2,2025-04,web,10,pendiente,False,0.0,0,0,0,0.0
2585,1031,2025-08-09,2025,8,Agosto,3,2025-08,app_movil,4,completado,True,11398.2,5,1,1,11398.2
973,1519,2024-05-16,2024,5,Mayo,2,2024-05,web,1,completado,True,220464.96,6,1,1,220464.96
1490,1992,2024-07-10,2024,7,Julio,3,2024-07,app_movil,2,completado,True,0.0,0,0,0,0.0
2646,1264,2025-02-15,2025,2,Febrero,1,2025-02,tienda_fisica,2,enviado,True,64585.6,5,1,1,64585.6
1590,1360,2025-12-31,2025,12,Diciembre,4,2025-12,web,9,completado,True,13895.81,1,1,1,13895.81
1947,845,2025-08-18,2025,8,Agosto,3,2025-08,app_movil,8,pendiente,False,13072.45,5,1,1,13072.45
598,1673,2025-01-31,2025,1,Enero,1,2025-01,tienda_fisica,3,completado,True,6518.36,4,1,1,6518.36
1928,368,2024-01-15,2024,1,Enero,1,2024-01,app_movil,5,pendiente,False,0.0,0,0,0,0.0
446,1516,2025-12-06,2025,12,Diciembre,4,2025-12,app_movil,2,completado,True,0.0,0,0,0,0.0
1079,1479,2024-04-08,2024,4,Abril,2,2024-04,app_movil,11,enviado,True,188166.26,22,4,4,47041.56
2017,1226,2025-11-01,2025,11,Noviembre,4,2025-11,web,8,completado,True,0.0,0,0,0,0.0
1564,222,2026-05-06,2026,5,Mayo,2,2026-05,web,4,cancelado,False,11059.51,1,1,1,11059.51
622,270,2025-05-17,2025,5,Mayo,2,2025-05,tienda_fisica,1,completado,True,400170.26,17,3,3,133390.09
1628,138,2024-11-22,2024,11,Noviembre,4,2024-11,tienda_fisica,1,enviado,True,0.0,0,0,0,0.0
1777,100,2026-07-21,2026,7,Julio,3,2026-07,app_movil,8,completado,True,2291.73,1,1,1,2291.73
3316,796,2026-01-22,2026,1,Enero,1,2026-01,app_movil,5,completado,True,0.0,0,0,0,0.0
2264,308,2024-05-19,2024,5,Mayo,2,2024-05,app_movil,8,completado,True,422972.41,15,4,4,105743.1
2315,99,2025-12-02,2025,12,Diciembre,4,2025-12,web,7,enviado,True,9223.76,2,2,2,4611.88
1620,1970,2024-03-24,2024,3,Marzo,1,2024-03,app_movil,10,enviado,True,137979.27,15,5,5,27595.85
2252,1602,2025-07-20,2025,7,Julio,3,2025-07,tienda_fisica,4,completado,True,0.0,0,0,0,0.0
3544,421,2025-04-15,2025,4,Abril,2,2025-04,app_movil,11,enviado,True,8170.05,5,1,1,8170.05
3168,1986,2025-03-21,2025,3,Marzo,1,2025-03,app_movil,7,completado,True,0.0,0,0,0,0.0
1971,527,2026-06-19,2026,6,Junio,2,2026-06,tienda_fisica,2,completado,True,0.0,0,0,0,0.0
3042,1925,2025-07-06,2025,7,Julio,3,2025-07,tienda_fisica,6,pendiente,False,976.67,1,1,1,976.67
574,1772,2024-06-30,2024,6,Junio,2,2024-06,tienda_fisica,5,enviado,True,8681.6,15,2,2,4340.8
2109,894,2025-07-24,2025,7,Julio,3,2025-07,app_movil,6,completado,True,0.0,0,0,0,0.0
1347,1483,2024-06-03,2024,6,Junio,2,2024-06,tienda_fisica,11,completado,True,0.0,0,0,0,0.0
1106,1746,2026-04-27,2026,4,Abril,2,2026-04,tienda_fisica,12,completado,True,0.0,0,0,0,0.0
2773,940,2026-07-22,2026,7,Julio,3,2026-07,app_movil,5,enviado,True,0.0,0,0,0,0.0
2821,19,2024-12-08,2024,12,Diciembre,4,2024-12,app_movil,1,completado,True,92481.71,10,3,3,30827.24
738,72,2026-09-16,2026,9,Setiembre,3,2026-09,tienda_fisica,7,pendiente,False,0.0,0,0,0,0.0
1925,1013,2025-05-07,2025,5,Mayo,2,2025-05,web,5,cancelado,False,98846.07,16,3,3,32948.69
987,1749,2024-02-03,2024,2,Febrero,1,2024-02,app_movil,7,completado,True,73023.28,8,1,1,73023.28
3058,462,2025-08-12,2025,8,Agosto,3,2025-08,tienda_fisica,12,completado,True,0.0,0,0,0,0.0
860,1276,2024-02-22,2024,2,Febrero,1,2024-02,tienda_fisica,11,completado,True,260784.27,11,3,3,86928.09
3122,501,2025-06-17,2025,6,Junio,2,2025-06,tienda_fisica,8,enviado,True,8877.37,2,1,1,8877.37
2707,1890,2025-02-14,2025,2,Febrero,1,2025-02,tienda_fisica,9,enviado,True,57916.83,9,3,3,19305.61
409,1691,2024-01-26,2024,1,Enero,1,2024-01,app_movil,3,pendiente,False,69824.0,8,1,1,69824.0
1730,609,2026-05-24,2026,5,Mayo,2,2026-05,tienda_fisica,8,completado,True,0.0,0,0,0,0.0
2265,1458,2026-04-30,2026,4,Abril,2,2026-04,app_movil,12,completado,True,0.0,0,0,0,0.0
3186,500,2024-03-12,2024,3,Marzo,1,2024-03,web,10,enviado,True,50135.84,6,2,2,25067.92
2544,256,2025-07-18,2025,7,Julio,3,2025-07,tienda_fisica,3,completado,True,26853.6,2,1,1,26853.6
414,1828,2025-08-14,2025,8,Agosto,3,2025-08,web,7,enviado,True,0.0,0,0,0,0.0
805,1573,2025-04-20,2025,4,Abril,2,2025-04,web,6,cancelado,False,0.0,0,0,0,0.0
618,320,2024-01-21,2024,1,Enero,1,2024-01,app_movil,12,pendiente,False,0.0,0,0,0,0.0
405,634,2024-01-23,2024,1,Enero,1,2024-01,tienda_fisica,12,completado,True,2085.66,2,1,1,2085.66
1407,260,2025-04-05,2025,4,Abril,2,2025-04,app_movil,7,cancelado,False,134967.05,5,1,1,134967.05
1555,1645,2025-05-10,2025,5,Mayo,2,2025-05,app_movil,1,completado,True,46030.62,4,2,2,23015.31
1553,1980,2026-07-01,2026,7,Julio,3,2026-07,web,1,enviado,True,1158.0,2,1,1,1158.0
847,821,2024-05-25,2024,5,Mayo,2,2024-05,web,4,cancelado,False,0.0,0,0,0,0.0
1373,1359,2025-07-21,2025,7,Julio,3,2025-07,web,10,completado,True,0.0,0,0,0,0.0
3413,1726,2024-01-05,2024,1,Enero,1,2024-01,tienda_fisica,4,completado,True,468.0,1,1,1,468.0
1633,492,2025-04-02,2025,4,Abril,2,2025-04,app_movil,4,completado,True,15407.88,1,1,1,15407.88
1670,1786,2024-06-01,2024,6,Junio,2,2024-06,tienda_fisica,10,completado,True,30645.1,5,1,1,30645.1
118,371,2026-07-12,2026,7,Julio,3,2026-07,app_movil,4,completado,True,38494.89,8,1,1,38494.89
1884,890,2025-10-13,2025,10,Octubre,4,2025-10,app_movil,10,cancelado,False,0.0,0,0,0,0.0
135,153,2026-06-07,2026,6,Junio,2,2026-06,tienda_fisica,2,enviado,True,2331.0,7,1,1,2331.0
554,1406,2025-08-17,2025,8,Agosto,3,2025-08,app_movil,4,enviado,True,0.0,0,0,0,0.0
2210,416,2025-08-04,2025,8,Agosto,3,2025-08,tienda_fisica,6,enviado,True,15629.29,3,2,2,7814.64
956,1238,2025-10-09,2025,10,Octubre,4,2025-10,app_movil,11,cancelado,False,455958.16,19,4,4,113989.54
2777,346,2024-02-24,2024,2,Febrero,1,2024-02,web,2,cancelado,False,0.0,0,0,0,0.0
356,440,2024-05-13,2024,5,Mayo,2,2024-05,web,2,completado,True,49930.06,4,2,2,24965.03
3094,345,2024-02-05,2024,2,Febrero,1,2024-02,app_movil,12,completado,True,145050.48,4,1,1,145050.48
2047,453,2024-03-16,2024,3,Marzo,1,2024-03,app_movil,9,enviado,True,35456.8,8,2,2,17728.4
1888,1547,2026-04-26,2026,4,Abril,2,2026-04,tienda_fisica,2,completado,True,200413.59,13,2,2,100206.8
2240,1053,2026-09-04,2026,9,Setiembre,3,2026-09,app_movil,9,completado,True,55934.91,3,1,1,55934.91
1369,1106,2025-03-12,2025,3,Marzo,1,2025-03,tienda_fisica,10,enviado,True,3956.64,1,1,1,3956.64
3479,1210,2024-11-22,2024,11,Noviembre,4,2024-11,tienda_fisica,8,completado,True,6993.53,8,2,2,3496.76
2726,166,2024-11-05,2024,11,Noviembre,4,2024-11,tienda_fisica,6,enviado,True,0.0,0,0,0,0.0
1837,1394,2024-04-20,2024,4,Abril,2,2024-04,tienda_fisica,9,cancelado,False,59944.0,4,2,2,29972.0
3092,386,2024-07-11,2024,7,Julio,3,2024-07,app_movil,10,pendiente,False,0.0,0,0,0,0.0
1414,1432,2026-05-31,2026,5,Mayo,2,2026-05,tienda_fisica,1,enviado,True,17660.57,1,1,1,17660.57
2715,1957,2025-02-28,2025,2,Febrero,1,2025-02,tienda_fisica,4,cancelado,False,47385.63,9,2,2,23692.82
1020,1217,2024-12-15,2024,12,Diciembre,4,2024-12,app_movil,4,cancelado,False,25785.98,10,2,2,12892.99
1817,866,2026-05-23,2026,5,Mayo,2,2026-05,web,6,pendiente,False,57531.6,7,1,1,57531.6
2612,360,2025-12-26,2025,12,Diciembre,4,2025-12,app_movil,4,completado,True,27273.01,4,2,2,13636.5
2056,26,2025-08-30,2025,8,Agosto,3,2025-08,tienda_fisica,11,pendiente,False,391069.14,7,1,1,391069.14
60,1930,2024-07-13,2024,7,Julio,3,2024-07,app_movil,2,cancelado,False,16762.68,6,1,1,16762.68
3251,602,2024-03-12,2024,3,Marzo,1,2024-03,web,2,completado,True,39858.97,12,2,2,19929.48
363,1303,2026-03-10,2026,3,Marzo,1,2026-03,web,6,enviado,True,0.0,0,0,0,0.0
216,990,2024-07-20,2024,7,Julio,3,2024-07,tienda_fisica,7,completado,True,0.0,0,0,0,0.0
1434,1914,2025-03-07,2025,3,Marzo,1,2025-03,tienda_fisica,2,pendiente,False,55611.05,5,1,1,55611.05
845,678,2025-12-21,2025,12,Diciembre,4,2025-12,web,5,completado,True,0.0,0,0,0,0.0
1436,933,2026-06-23,2026,6,Junio,2,2026-06,web,1,enviado,True,47614.78,9,2,2,23807.39
226,1381,2026-08-02,2026,8,Agosto,3,2026-08,web,1,enviado,True,289410.49,16,2,2,144705.24
1949,1393,2024-01-19,2024,1,Enero,1,2024-01,web,10,completado,True,175696.98,6,1,1,175696.98
931,701,2024-02-12,2024,2,Febrero,1,2024-02,app_movil,4,completado,True,0.0,0,0,0,0.0
1130,1369,2026-05-20,2026,5,Mayo,2,2026-05,app_movil,3,enviado,True,0.0,0,0,0,0.0
224,1550,2025-02-23,2025,2,Febrero,1,2025-02,tienda_fisica,9,completado,True,47432.57,2,1,1,47432.57
3389,1832,2025-10-24,2025,10,Octubre,4,2025-10,web,6,completado,True,3119.04,8,1,1,3119.04
912,749,2026-02-25,2026,2,Febrero,1,2026-02,tienda_fisica,5,completado,True,72379.98,24,4,4,18095.0
3226,1191,2025-12-26,2025,12,Diciembre,4,2025-12,app_movil,6,pendiente,False,87961.78,2,1,1,87961.78
2116,884,2025-08-15,2025,8,Agosto,3,2025-08,web,1,completado,True,2105.28,3,1,1,2105.28
3306,1805,2026-04-24,2026,4,Abril,2,2026-04,web,7,completado,True,201196.51,20,4,4,50299.13
3185,1915,2024-10-22,2024,10,Octubre,4,2024-10,app_movil,2,completado,True,0.0,0,0,0,0.0
1428,653,2025-08-19,2025,8,Agosto,3,2025-08,tienda_fisica,12,pendiente,False,0.0,0,0,0,0.0
1728,1589,2024-11-04,2024,11,Noviembre,4,2024-11,app_movil,3,completado,True,62471.62,2,1,1,62471.62
2449,1973,2026-05-18,2026,5,Mayo,2,2026-05,app_movil,4,enviado,True,4489.8,2,1,1,4489.8
3368,1847,2024-03-19,2024,3,Marzo,1,2024-03,app_movil,10,enviado,True,82036.59,9,2,2,41018.3
35,1794,2024-06-15,2024,6,Junio,2,2024-06,web,7,enviado,True,446237.77,20,3,2,148745.92
1887,387,2026-04-20,2026,4,Abril,2,2026-04,app_movil,9,completado,True,204000.0,3,1,1,204000.0
1386,1688,2026-04-25,2026,4,Abril,2,2026-04,app_movil,12,enviado,True,4363.68,2,1,1,4363.68
2456,1513,2024-05-21,2024,5,Mayo,2,2024-05,tienda_fisica,6,completado,True,2795.06,5,2,2,1397.53
2900,922,2025-11-13,2025,11,Noviembre,4,2025-11,app_movil,6,pendiente,False,0.0,0,0,0,0.0
1898,1180,2026-04-16,2026,4,Abril,2,2026-04,web,7,completado,True,133818.0,6,1,1,133818.0
2502,27,2025-09-16,2025,9,Setiembre,3,2025-09,tienda_fisica,9,completado,True,0.0,0,0,0,0.0
2877,1478,2026-06-20,2026,6,Junio,2,2026-06,app_movil,9,enviado,True,189778.41,8,4,4,47444.6
531,295,2024-01-05,2024,1,Enero,1,2024-01,tienda_fisica,6,enviado,True,0.0,0,0,0,0.0
853,1679,2025-12-20,2025,12,Diciembre,4,2025-12,tienda_fisica,2,completado,True,4265.11,1,1,1,4265.11
3208,1862,2025-10-02,2025,10,Octubre,4,2025-10,tienda_fisica,3,completado,True,126446.23,10,3,3,42148.74
666,1485,2025-05-04,2025,5,Mayo,2,2025-05,tienda_fisica,12,completado,True,223640.48,7,1,1,223640.48
2676,805,2025-04-11,2025,4,Abril,2,2025-04,tienda_fisica,6,completado,True,216236.99,11,2,2,108118.5
1435,1420,2024-07-07,2024,7,Julio,3,2024-07,web,7,pendiente,False,64071.18,6,1,1,64071.18
148,962,2026-01-30,2026,1,Enero,1,2026-01,app_movil,11,completado,True,183879.49,9,2,2,91939.74
651,668,2026-07-19,2026,7,Julio,3,2026-07,tienda_fisica,2,completado,True,16029.97,8,1,1,16029.97
550,186,2025-04-07,2025,4,Abril,2,2025-04,web,6,completado,True,164.68,1,1,1,164.68
204,605,2024-08-11,2024,8,Agosto,3,2024-08,web,3,completado,True,1634.3,3,2,2,817.15
2026,171,2026-01-22,2026,1,Enero,1,2026-01,web,9,completado,True,35841.83,3,2,2,17920.92
567,1276,2026-04-13,2026,4,Abril,2,2026-04,app_movil,7,pendiente,False,129270.95,7,1,1,129270.95
1377,1197,2026-02-26,2026,2,Febrero,1,2026-02,tienda_fisica,5,cancelado,False,4039.38,3,1,1,4039.38
349,1188,2025-10-04,2025,10,Octubre,4,2025-10,app_movil,1,completado,True,1651.52,4,1,1,1651.52
2134,1801,2026-06-21,2026,6,Junio,2,2026-06,web,6,completado,True,13331.55,5,1,1,13331.55
1776,653,2026-04-26,2026,4,Abril,2,2026-04,app_movil,2,pendiente,False,49257.13,7,2,2,24628.56
2553,636,2024-10-23,2024,10,Octubre,4,2024-10,app_movil,6,enviado,True,7522.1,3,2,2,3761.05
3362,1551,2024-02-21,2024,2,Febrero,1,2024-02,web,1,completado,True,0.0,0,0,0,0.0
3345,551,2024-08-28,2024,8,Agosto,3,2024-08,app_movil,10,pendiente,False,45852.25,10,3,3,15284.08
3492,1553,2025-04-08,2025,4,Abril,2,2025-04,tienda_fisica,12,cancelado,False,0.0,0,0,0,0.0
496,1903,2025-12-05,2025,12,Diciembre,4,2025-12,web,12,completado,True,6080.0,5,1,1,6080.0
3166,1477,2026-07-03,2026,7,Julio,3,2026-07,tienda_fisica,6,completado,True,649854.65,22,5,5,129970.93
2814,1132,2026-03-19,2026,3,Marzo,1,2026-03,tienda_fisica,8,completado,True,3750.48,6,1,1,3750.48
510,921,2026-03-13,2026,3,Marzo,1,2026-03,app_movil,11,pendiente,False,4894.54,2,1,1,4894.54
1737,90,2025-08-15,2025,8,Agosto,3,2025-08,tienda_fisica,6,completado,True,281560.06,16,4,4,70390.02
2358,561,2025-06-18,2025,6,Junio,2,2025-06,app_movil,3,enviado,True,90718.33,6,1,1,90718.33
2231,982,2025-09-02,2025,9,Setiembre,3,2025-09,web,2,enviado,True,73531.64,7,1,1,73531.64
641,677,2025-10-18,2025,10,Octubre,4,2025-10,app_movil,9,pendiente,False,98611.28,8,2,2,49305.64
3583,887,2026-01-14,2026,1,Enero,1,2026-01,app_movil,5,enviado,True,436182.82,8,1,1,436182.82
261,609,2024-06-03,2024,6,Junio,2,2024-06,app_movil,4,completado,True,20853.8,14,3,3,6951.27
1086,980,2024-06-05,2024,6,Junio,2,2024-06,tienda_fisica,2,completado,True,0.0,0,0,0,0.0
2125,321,2025-12-23,2025,12,Diciembre,4,2025-12,tienda_fisica,12,cancelado,False,0.0,0,0,0,0.0
604,636,2025-11-12,2025,11,Noviembre,4,2025-11,tienda_fisica,5,cancelado,False,938.0,1,1,1,938.0
515,1028,2024-02-09,2024,2,Febrero,1,2024-02,app_movil,11,pendiente,False,0.0,0,0,0,0.0
1264,1273,2024-12-28,2024,12,Diciembre,4,2024-12,web,7,cancelado,False,96532.98,10,2,2,48266.49
1587,1628,2024-03-04,2024,3,Marzo,1,2024-03,web,12,completado,True,103231.2,6,3,2,34410.4
169,965,2024-12-19,2024,12,Diciembre,4,2024-12,tienda_fisica,8,completado,True,16063.13,6,2,2,8031.56
186,1238,2025-07-19,2025,7,Julio,3,2025-07,web,12,enviado,True,0.0,0,0,0,0.0
3184,739,2026-06-24,2026,6,Junio,2,2026-06,tienda_fisica,3,completado,True,133285.5,8,1,1,133285.5
742,86,2026-08-01,2026,8,Agosto,3,2026-08,app_movil,5,completado,True,106262.88,6,3,3,35420.96
1689,943,2025-02-09,2025,2,Febrero,1,2025-02,tienda_fisica,1,pendiente,False,1400.2,2,1,1,1400.2
993,19,2025-08-26,2025,8,Agosto,3,2025-08,tienda_fisica,10,pendiente,False,0.0,0,0,0,0.0
427,1523,2026-01-13,2026,1,Enero,1,2026-01,app_movil,6,cancelado,False,32747.76,9,3,3,10915.92
2320,856,2024-06-13,2024,6,Junio,2,2024-06,web,12,cancelado,False,376800.0,8,1,1,376800.0
1896,427,2024-10-10,2024,10,Octubre,4,2024-10,app_movil,2,completado,True,4343.96,1,1,1,4343.96
2846,1734,2026-07-05,2026,7,Julio,3,2026-07,tienda_fisica,10,cancelado,False,0.0,0,0,0,0.0
2947,118,2024-09-08,2024,9,Setiembre,3,2024-09,app_movil,1,enviado,True,11944.96,2,1,1,11944.96
665,1253,2026-09-08,2026,9,Setiembre,3,2026-09,web,7,completado,True,179721.83,10,3,3,59907.28
3364,289,2026-07-08,2026,7,Julio,3,2026-07,app_movil,11,pendiente,False,0.0,0,0,0,0.0
1211,1774,2026-08-07,2026,8,Agosto,3,2026-08,app_movil,5,cancelado,False,202000.08,8,1,1,202000.08
1615,1216,2024-08-25,2024,8,Agosto,3,2024-08,app_movil,11,completado,True,9358.29,4,1,1,9358.29
26,530,2025-05-08,2025,5,Mayo,2,2025-05,web,2,completado,True,36945.5,5,1,1,36945.5
1090,1319,2025-01-06,2025,1,Enero,1,2025-01,tienda_fisica,5,completado,True,108649.29,8,1,1,108649.29
341,1683,2025-10-03,2025,10,Octubre,4,2025-10,web,10,completado,True,53504.39,4,2,2,26752.2
1180,1547,2025-02-20,2025,2,Febrero,1,2025-02,app_movil,5,pendiente,False,17057.41,5,1,1,17057.41
1140,1821,2025-02-18,2025,2,Febrero,1,2025-02,web,1,completado,True,0.0,0,0,0,0.0
53,542,2024-05-14,2024,5,Mayo,2,2024-05,tienda_fisica,9,completado,True,49233.11,2,1,1,49233.11
498,1409,2025-06-26,2025,6,Junio,2,2025-06,app_movil,7,enviado,True,0.0,0,0,0,0.0
929,1284,2024-04-07,2024,4,Abril,2,2024-04,web,8,cancelado,False,366746.06,15,3,3,122248.69
1912,1022,2025-12-11,2025,12,Diciembre,4,2025-12,app_movil,5,enviado,True,0.0,0,0,0,0.0
2591,194,2025-10-12,2025,10,Octubre,4,2025-10,tienda_fisica,11,pendiente,False,0.0,0,0,0,0.0
1719,653,2026-02-25,2026,2,Febrero,1,2026-02,tienda_fisica,5,pendiente,False,65580.2,12,2,2,32790.1
2678,1587,2025-06-26,2025,6,Junio,2,2025-06,app_movil,8,completado,True,2352.29,8,1,1,2352.29
3401,696,2024-10-07,2024,10,Octubre,4,2024-10,web,5,completado,True,18738.44,4,1,1,18738.44
763,1221,2024-03-03,2024,3,Marzo,1,2024-03,web,9,cancelado,False,791.75,3,1,1,791.75
2501,1363,2025-08-11,2025,8,Agosto,3,2025-08,app_movil,9,completado,True,4059.34,1,1,1,4059.34
2686,360,2026-06-09,2026,6,Junio,2,2026-06,web,7,enviado,True,0.0,0,0,0,0.0
1603,1610,2026-02-01,2026,2,Febrero,1,2026-02,app_movil,3,completado,True,44488.84,4,1,1,44488.84
2287,1005,2026-01-15,2026,1,Enero,1,2026-01,web,4,pendiente,False,85049.01,17,3,3,28349.67
3554,535,2026-05-11,2026,5,Mayo,2,2026-05,tienda_fisica,11,cancelado,False,40761.51,11,2,2,20380.76
406,1904,2024-12-22,2024,12,Diciembre,4,2024-12,app_movil,1,cancelado,False,269671.57,18,3,3,89890.52
1341,739,2025-04-15,2025,4,Abril,2,2025-04,web,5,pendiente,False,0.0,0,0,0,0.0
61,552,2026-03-03,2026,3,Marzo,1,2026-03,web,3,cancelado,False,2457.2,5,1,1,2457.2
161,692,2026-02-27,2026,2,Febrero,1,2026-02,tienda_fisica,2,cancelado,False,3899.04,6,1,1,3899.04
521,1051,2024-11-22,2024,11,Noviembre,4,2024-11,tienda_fisica,5,cancelado,False,0.0,0,0,0,0.0
3243,1636,2026-03-28,2026,3,Marzo,1,2026-03,tienda_fisica,5,completado,True,46826.37,9,2,2,23413.18
3077,1087,2026-08-16,2026,8,Agosto,3,2026-08,tienda_fisica,1,completado,True,17399.53,8,2,2,8699.76
1673,1738,2024-09-28,2024,9,Setiembre,3,2024-09,app_movil,6,completado,True,3930.9,2,1,1,3930.9
2516,1104,2026-09-28,2026,9,Setiembre,3,2026-09,app_movil,11,completado,True,0.0,0,0,0,0.0
1098,1377,2025-03-02,2025,3,Marzo,1,2025-03,web,5,enviado,True,145460.0,7,1,1,145460.0
283,747,2024-10-16,2024,10,Octubre,4,2024-10,web,4,enviado,True,3274.73,1,1,1,3274.73
300,1358,2026-04-03,2026,4,Abril,2,2026-04,web,3,enviado,True,3274.73,1,1,1,3274.73
1258,1986,2026-02-10,2026,2,Febrero,1,2026-02,app_movil,12,completado,True,0.0,0,0,0,0.0
2967,1969,2024-09-10,2024,9,Setiembre,3,2024-09,tienda_fisica,11,completado,True,2948.64,6,1,1,2948.64
447,1490,2025-04-08,2025,4,Abril,2,2025-04,tienda_fisica,5,completado,True,202111.02,24,5,5,40422.2
1008,294,2024-02-24,2024,2,Febrero,1,2024-02,tienda_fisica,6,completado,True,14904.22,2,1,1,14904.22
2528,1953,2024-08-16,2024,8,Agosto,3,2024-08,web,8,enviado,True,0.0,0,0,0,0.0
3513,71,2025-08-11,2025,8,Agosto,3,2025-08,app_movil,9,cancelado,False,111190.06,10,2,2,55595.03
6,340,2026-02-22,2026,2,Febrero,1,2026-02,web,8,cancelado,False,11310.48,8,1,1,11310.48
2818,1998,2026-08-02,2026,8,Agosto,3,2026-08,web,3,enviado,True,75424.63,3,1,1,75424.63
1727,1052,2025-12-20,2025,12,Diciembre,4,2025-12,tienda_fisica,3,pendiente,False,52623.48,7,1,1,52623.48
19,1709,2024-03-31,2024,3,Marzo,1,2024-03,tienda_fisica,8,pendiente,False,61097.54,7,1,1,61097.54
3435,266,2026-05-31,2026,5,Mayo,2,2026-05,app_movil,11,completado,True,12649.56,8,2,2,6324.78
2769,354,2025-03-25,2025,3,Marzo,1,2025-03,web,11,completado,True,109210.0,5,1,1,109210.0
1983,142,2025-02-07,2025,2,Febrero,1,2025-02,tienda_fisica,6,completado,True,186554.79,12,2,2,93277.4
3203,1687,2026-06-09,2026,6,Junio,2,2026-06,app_movil,6,completado,True,1973.0,1,1,1,1973.0
2165,259,2026-09-21,2026,9,Setiembre,3,2026-09,app_movil,8,enviado,True,69468.4,8,1,1,69468.4
1845,336,2026-08-18,2026,8,Agosto,3,2026-08,app_movil,11,cancelado,False,382724.15,8,1,1,382724.15
3440,1071,2025-07-28,2025,7,Julio,3,2025-07,app_movil,4,cancelado,False,251704.82,12,2,2,125852.41
3585,88,2024-10-02,2024,10,Octubre,4,2024-10,tienda_fisica,2,enviado,True,0.0,0,0,0,0.0
2609,64,2024-07-10,2024,7,Julio,3,2024-07,app_movil,1,completado,True,0.0,0,0,0,0.0
2196,505,2026-06-26,2026,6,Junio,2,2026-06,web,12,completado,True,89160.37,5,1,1,89160.37
2203,1835,2024-08-22,2024,8,Agosto,3,2024-08,app_movil,1,pendiente,False,22926.4,5,1,1,22926.4
3342,1610,2024-12-05,2024,12,Diciembre,4,2024-12,app_movil,8,completado,True,19952.0,8,1,1,19952.0
2698,41,2026-01-09,2026,1,Enero,1,2026-01,web,2,completado,True,178965.0,10,2,2,89482.5
1608,1173,2024-02-27,2024,2,Febrero,1,2024-02,app_movil,9,enviado,True,24776.99,7,1,1,24776.99
2275,1069,2025-05-31,2025,5,Mayo,2,2025-05,tienda_fisica,11,cancelado,False,0.0,0,0,0,0.0
1203,1028,2025-01-29,2025,1,Enero,1,2025-01,web,6,enviado,True,0.0,0,0,0,0.0
1263,876,2026-07-05,2026,7,Julio,3,2026-07,web,4,pendiente,False,100013.89,5,2,2,50006.94
753,119,2025-08-16,2025,8,Agosto,3,2025-08,web,12,cancelado,False,60361.05,7,2,2,30180.52
2332,242,2026-01-20,2026,1,Enero,1,2026-01,web,6,cancelado,False,8219.2,8,2,2,4109.6
1390,1374,2025-08-17,2025,8,Agosto,3,2025-08,web,11,pendiente,False,38112.94,8,2,2,19056.47
2667,1458,2024-03-12,2024,3,Marzo,1,2024-03,app_movil,1,pendiente,False,57621.26,6,2,2,28810.63
818,1966,2026-02-15,2026,2,Febrero,1,2026-02,app_movil,3,cancelado,False,309083.07,8,1,1,309083.07
1562,173,2024-12-26,2024,12,Diciembre,4,2024-12,web,4,completado,True,0.0,0,0,0,0.0
3467,1525,2026-07-31,2026,7,Julio,3,2026-07,web,12,completado,True,84837.72,28,5,5,16967.54
2689,1574,2025-10-15,2025,10,Octubre,4,2025-10,tienda_fisica,9,completado,True,0.0,0,0,0,0.0
2549,1303,2025-01-30,2025,1,Enero,1,2025-01,tienda_fisica,7,enviado,True,33699.13,6,1,1,33699.13
1636,1390,2025-11-22,2025,11,Noviembre,4,2025-11,tienda_fisica,10,cancelado,False,0.0,0,0,0,0.0
3037,966,2025-08-12,2025,8,Agosto,3,2025-08,web,12,completado,True,8737.86,1,1,1,8737.86
268,329,2024-03-31,2024,3,Marzo,1,2024-03,tienda_fisica,4,enviado,True,1137.67,1,1,1,1137.67
1332,487,2026-03-29,2026,3,Marzo,1,2026-03,tienda_fisica,9,completado,True,0.0,0,0,0,0.0
3578,1068,2026-04-24,2026,4,Abril,2,2026-04,web,7,pendiente,False,0.0,0,0,0,0.0
28,1086,2024-11-20,2024,11,Noviembre,4,2024-11,web,8,completado,True,102225.46,10,3,3,34075.15
1420,1170,2026-04-09,2026,4,Abril,2,2026-04,app_movil,4,completado,True,0.0,0,0,0,0.0
2345,420,2026-02-01,2026,2,Febrero,1,2026-02,app_movil,6,completado,True,66119.04,9,2,2,33059.52
3300,1900,2024-09-29,2024,9,Setiembre,3,2024-09,app_movil,2,enviado,True,0.0,0,0,0,0.0
1205,383,2024-09-15,2024,9,Setiembre,3,2024-09,app_movil,11,enviado,True,147810.21,3,1,1,147810.21
2106,1637,2026-05-14,2026,5,Mayo,2,2026-05,app_movil,4,cancelado,False,0.0,0,0,0,0.0
228,257,2026-04-26,2026,4,Abril,2,2026-04,app_movil,7,completado,True,0.0,0,0,0,0.0
223,1281,2024-03-18,2024,3,Marzo,1,2024-03,tienda_fisica,6,completado,True,3924.13,1,1,1,3924.13
2177,1615,2025-03-17,2025,3,Marzo,1,2025-03,web,6,completado,True,18415.76,4,1,1,18415.76
1778,340,2024-11-13,2024,11,Noviembre,4,2024-11,web,6,pendiente,False,0.0,0,0,0,0.0
1667,1054,2025-10-08,2025,10,Octubre,4,2025-10,app_movil,3,enviado,True,0.0,0,0,0,0.0
952,634,2024-12-04,2024,12,Diciembre,4,2024-12,app_movil,2,completado,True,0.0,0,0,0,0.0
72,331,2026-02-03,2026,2,Febrero,1,2026-02,tienda_fisica,6,pendiente,False,47115.84,9,2,2,23557.92
1787,1189,2026-05-06,2026,5,Mayo,2,2026-05,web,10,pendiente,False,4543.78,5,1,1,4543.78
2144,505,2025-09-26,2025,9,Setiembre,3,2025-09,app_movil,8,completado,True,0.0,0,0,0,0.0
773,423,2025-05-17,2025,5,Mayo,2,2025-05,web,8,enviado,True,0.0,0,0,0,0.0
572,1184,2026-02-05,2026,2,Febrero,1,2026-02,app_movil,4,enviado,True,0.0,0,0,0,0.0
3198,1769,2026-07-01,2026,7,Julio,3,2026-07,app_movil,5,completado,True,0.0,0,0,0,0.0
2229,335,2026-03-27,2026,3,Marzo,1,2026-03,web,9,completado,True,0.0,0,0,0,0.0
163,230,2025-11-22,2025,11,Noviembre,4,2025-11,tienda_fisica,12,enviado,True,0.0,0,0,0,0.0
1363,1543,2025-10-10,2025,10,Octubre,4,2025-10,app_movil,9,completado,True,14351.98,7,1,1,14351.98
1922,1202,2025-08-13,2025,8,Agosto,3,2025-08,app_movil,9,pendiente,False,30114.12,4,1,1,30114.12
2972,248,2024-09-19,2024,9,Setiembre,3,2024-09,web,4,pendiente,False,15623.04,8,1,1,15623.04
2407,1283,2024-05-13,2024,5,Mayo,2,2024-05,web,7,completado,True,116936.22,5,2,2,58468.11
141,1812,2025-10-31,2025,10,Octubre,4,2025-10,tienda_fisica,2,enviado,True,17426.32,4,1,1,17426.32
2943,251,2025-12-20,2025,12,Diciembre,4,2025-12,app_movil,11,completado,True,29352.32,8,1,1,29352.32
2634,525,2025-07-03,2025,7,Julio,3,2025-07,tienda_fisica,5,cancelado,False,55648.68,18,4,4,13912.17
382,261,2025-11-14,2025,11,Noviembre,4,2025-11,tienda_fisica,10,pendiente,False,7714.92,3,1,1,7714.92
3542,1125,2026-03-10,2026,3,Marzo,1,2026-03,web,12,completado,True,0.0,0,0,0,0.0
1960,1809,2025-11-03,2025,11,Noviembre,4,2025-11,tienda_fisica,7,completado,True,0.0,0,0,0,0.0
2820,1902,2024-04-27,2024,4,Abril,2,2024-04,app_movil,12,enviado,True,7848.66,3,1,1,7848.66
1796,1595,2024-03-12,2024,3,Marzo,1,2024-03,tienda_fisica,12,cancelado,False,111344.28,4,1,1,111344.28
628,792,2025-09-13,2025,9,Setiembre,3,2025-09,tienda_fisica,3,completado,True,20307.01,9,2,2,10153.5
30,375,2024-05-18,2024,5,Mayo,2,2024-05,web,1,completado,True,0.0,0,0,0,0.0
1398,1503,2024-11-05,2024,11,Noviembre,4,2024-11,app_movil,11,completado,True,148277.78,8,3,3,49425.93
2623,936,2024-12-26,2024,12,Diciembre,4,2024-12,tienda_fisica,3,cancelado,False,17454.72,8,1,1,17454.72
3008,1343,2026-07-27,2026,7,Julio,3,2026-07,web,2,completado,True,0.0,0,0,0,0.0
497,882,2026-06-11,2026,6,Junio,2,2026-06,app_movil,10,pendiente,False,807.98,2,1,1,807.98
1969,947,2024-12-07,2024,12,Diciembre,4,2024-12,web,4,completado,True,4926.4,8,1,1,4926.4
3132,1779,2025-10-28,2025,10,Octubre,4,2025-10,tienda_fisica,2,pendiente,False,65092.84,4,1,1,65092.84
920,1918,2025-12-16,2025,12,Diciembre,4,2025-12,app_movil,11,cancelado,False,199157.92,8,1,1,199157.92
953,865,2026-03-08,2026,3,Marzo,1,2026-03,tienda_fisica,7,enviado,True,120501.57,8,2,2,60250.78
2647,1067,2026-02-15,2026,2,Febrero,1,2026-02,web,2,cancelado,False,558.94,1,1,1,558.94
1125,1043,2024-07-24,2024,7,Julio,3,2024-07,tienda_fisica,4,cancelado,False,30161.4,7,2,2,15080.7
1697,1379,2025-09-14,2025,9,Setiembre,3,2025-09,app_movil,9,pendiente,False,0.0,0,0,0,0.0
98,1339,2025-08-11,2025,8,Agosto,3,2025-08,tienda_fisica,5,completado,True,184338.28,15,3,3,61446.09
907,1442,2026-05-25,2026,5,Mayo,2,2026-05,tienda_fisica,4,completado,True,10665.24,4,1,1,10665.24
1226,892,2024-07-05,2024,7,Julio,3,2024-07,tienda_fisica,5,completado,True,93110.91,7,1,1,93110.91
825,1697,2025-03-09,2025,3,Marzo,1,2025-03,app_movil,5,cancelado,False,261350.66,17,3,3,87116.89
2069,1815,2024-09-22,2024,9,Setiembre,3,2024-09,tienda_fisica,12,enviado,True,0.0,0,0,0,0.0
34,666,2025-11-14,2025,11,Noviembre,4,2025-11,app_movil,8,completado,True,26918.87,7,2,2,13459.44
2303,1546,2025-10-04,2025,10,Octubre,4,2025-10,tienda_fisica,12,completado,True,64290.81,6,3,3,21430.27
315,739,2025-11-05,2025,11,Noviembre,4,2025-11,tienda_fisica,11,pendiente,False,2494.4,1,1,1,2494.4
3026,1817,2025-01-05,2025,1,Enero,1,2025-01,app_movil,4,pendiente,False,0.0,0,0,0,0.0
3565,398,2024-07-20,2024,7,Julio,3,2024-07,web,6,enviado,True,0.0,0,0,0,0.0
2399,1413,2024-09-29,2024,9,Setiembre,3,2024-09,web,6,pendiente,False,18755.47,8,2,2,9377.74
782,82,2025-04-29,2025,4,Abril,2,2025-04,app_movil,8,completado,True,178551.91,21,4,4,44637.98
992,1916,2026-01-08,2026,1,Enero,1,2026-01,tienda_fisica,12,enviado,True,0.0,0,0,0,0.0
1019,1313,2025-11-01,2025,11,Noviembre,4,2025-11,web,11,completado,True,2081.28,7,1,1,2081.28
2467,1927,2026-02-07,2026,2,Febrero,1,2026-02,app_movil,3,cancelado,False,2106.0,3,1,1,2106.0
1360,1747,2024-02-28,2024,2,Febrero,1,2024-02,tienda_fisica,2,pendiente,False,0.0,0,0,0,0.0
63,329,2024-06-23,2024,6,Junio,2,2024-06,web,5,completado,True,205281.62,7,2,2,102640.81
299,1968,2026-07-20,2026,7,Julio,3,2026-07,app_movil,11,completado,True,87275.18,9,3,3,29091.73
314,1192,2024-11-12,2024,11,Noviembre,4,2024-11,web,1,completado,True,8707.52,7,2,2,4353.76
885,934,2025-04-29,2025,4,Abril,2,2025-04,web,10,enviado,True,0.0,0,0,0,0.0
435,1714,2026-03-20,2026,3,Marzo,1,2026-03,web,5,cancelado,False,0.0,0,0,0,0.0
3369,616,2025-01-07,2025,1,Enero,1,2025-01,tienda_fisica,9,enviado,True,2403.86,2,1,1,2403.86
1513,1833,2024-08-24,2024,8,Agosto,3,2024-08,app_movil,3,completado,True,5616.0,8,1,1,5616.0
304,1748,2026-06-27,2026,6,Junio,2,2026-06,app_movil,12,completado,True,0.0,0,0,0,0.0
886,148,2025-10-26,2025,10,Octubre,4,2025-10,app_movil,8,completado,True,0.0,0,0,0,0.0
1107,1148,2025-04-17,2025,4,Abril,2,2025-04,web,8,cancelado,False,165363.77,18,3,3,55121.26
113,620,2026-03-06,2026,3,Marzo,1,2026-03,tienda_fisica,7,pendiente,False,102791.71,10,3,3,34263.9
48,1344,2024-09-08,2024,9,Setiembre,3,2024-09,app_movil,10,completado,True,0.0,0,0,0,0.0
1132,1522,2025-02-13,2025,2,Febrero,1,2025-02,app_movil,12,completado,True,121196.24,8,1,1,121196.24
632,80,2024-02-19,2024,2,Febrero,1,2024-02,web,1,completado,True,3779.45,5,1,1,3779.45
1161,695,2026-01-26,2026,1,Enero,1,2026-01,web,1,cancelado,False,28803.63,3,1,1,28803.63
1825,772,2025-10-16,2025,10,Octubre,4,2025-10,app_movil,7,enviado,True,0.0,0,0,0,0.0
2548,1053,2025-09-24,2025,9,Setiembre,3,2025-09,web,12,pendiente,False,111734.04,2,1,1,111734.04
1626,1428,2026-03-23,2026,3,Marzo,1,2026-03,web,8,enviado,True,4378.23,3,1,1,4378.23
3589,33,2024-08-23,2024,8,Agosto,3,2024-08,tienda_fisica,4,enviado,True,54767.46,6,1,1,54767.46
1070,992,2025-07-23,2025,7,Julio,3,2025-07,tienda_fisica,4,completado,True,24256.23,2,1,1,24256.23
3019,1401,2025-09-04,2025,9,Setiembre,3,2025-09,app_movil,6,pendiente,False,283067.56,14,3,3,94355.85
2557,597,2024-02-26,2024,2,Febrero,1,2024-02,web,9,cancelado,False,23303.35,7,1,1,23303.35
2819,129,2026-06-16,2026,6,Junio,2,2026-06,tienda_fisica,12,completado,True,0.0,0,0,0,0.0
3432,1977,2026-05-06,2026,5,Mayo,2,2026-05,app_movil,6,completado,True,0.0,0,0,0,0.0
2828,419,2024-08-20,2024,8,Agosto,3,2024-08,tienda_fisica,6,completado,True,18644.97,1,1,1,18644.97
3223,593,2026-02-21,2026,2,Febrero,1,2026-02,web,12,completado,True,37029.71,5,1,1,37029.71
179,1967,2026-05-26,2026,5,Mayo,2,2026-05,web,3,completado,True,0.0,0,0,0,0.0
2334,741,2025-08-07,2025,8,Agosto,3,2025-08,web,4,enviado,True,0.0,0,0,0,0.0
1467,655,2026-08-29,2026,8,Agosto,3,2026-08,tienda_fisica,12,completado,True,4081.28,2,2,2,2040.64
2607,745,2026-06-24,2026,6,Junio,2,2026-06,web,5,cancelado,False,12195.92,8,2,2,6097.96
2163,1504,2025-08-26,2025,8,Agosto,3,2025-08,tienda_fisica,3,completado,True,0.0,0,0,0,0.0
1907,1213,2025-02-13,2025,2,Febrero,1,2025-02,app_movil,11,enviado,True,29097.56,12,2,2,14548.78
2543,1268,2025-04-25,2025,4,Abril,2,2025-04,tienda_fisica,10,completado,True,119100.22,11,3,3,39700.07
3397,425,2025-10-30,2025,10,Octubre,4,2025-10,tienda_fisica,11,enviado,True,220088.85,19,3,3,73362.95
474,542,2026-03-04,2026,3,Marzo,1,2026-03,tienda_fisica,12,completado,True,0.0,0,0,0,0.0
366,690,2025-10-14,2025,10,Octubre,4,2025-10,tienda_fisica,6,enviado,True,500813.08,25,5,5,100162.62
2534,1780,2024-01-08,2024,1,Enero,1,2024-01,app_movil,4,cancelado,False,60704.42,15,2,2,30352.21
302,1027,2024-09-23,2024,9,Setiembre,3,2024-09,web,5,enviado,True,0.0,0,0,0,0.0
2243,975,2025-04-17,2025,4,Abril,2,2025-04,app_movil,5,enviado,True,178228.15,12,3,3,59409.38
528,1902,2026-08-17,2026,8,Agosto,3,2026-08,tienda_fisica,5,enviado,True,10738.36,1,1,1,10738.36
2326,1903,2025-07-22,2025,7,Julio,3,2025-07,web,12,completado,True,0.0,0,0,0,0.0
420,344,2024-03-27,2024,3,Marzo,1,2024-03,tienda_fisica,4,cancelado,False,504679.44,16,2,2,252339.72
3267,422,2026-02-05,2026,2,Febrero,1,2026-02,tienda_fisica,6,enviado,True,49340.97,13,3,3,16446.99
2742,1834,2026-05-25,2026,5,Mayo,2,2026-05,web,8,completado,True,25024.4,7,3,3,8341.47
613,1302,2026-06-21,2026,6,Junio,2,2026-06,web,2,completado,True,16589.24,1,1,1,16589.24
2669,432,2026-03-13,2026,3,Marzo,1,2026-03,web,7,completado,True,132299.34,11,2,2,66149.67
3239,1376,2025-10-28,2025,10,Octubre,4,2025-10,web,7,completado,True,1767.9,3,1,1,1767.9
181,1585,2026-08-06,2026,8,Agosto,3,2026-08,app_movil,4,enviado,True,0.0,0,0,0,0.0
3233,1752,2026-05-23,2026,5,Mayo,2,2026-05,tienda_fisica,7,cancelado,False,3125.0,5,1,1,3125.0
147,1987,2026-07-29,2026,7,Julio,3,2026-07,tienda_fisica,6,pendiente,False,0.0,0,0,0,0.0
3526,1062,2026-09-12,2026,9,Setiembre,3,2026-09,app_movil,3,completado,True,0.0,0,0,0,0.0
130,1520,2026-09-09,2026,9,Setiembre,3,2026-09,web,12,cancelado,False,56530.27,5,1,1,56530.27
2442,1344,2025-11-09,2025,11,Noviembre,4,2025-11,web,12,completado,True,15372.27,3,1,1,15372.27
2917,513,2026-02-12,2026,2,Febrero,1,2026-02,web,12,pendiente,False,41690.09,4,2,2,20845.04
99,150,2024-02-03,2024,2,Febrero,1,2024-02,tienda_fisica,11,enviado,True,0.0,0,0,0,0.0
2597,1284,2025-01-07,2025,1,Enero,1,2025-01,tienda_fisica,12,completado,True,108247.45,11,3,3,36082.48
727,1261,2025-08-17,2025,8,Agosto,3,2025-08,tienda_fisica,2,cancelado,False,0.0,0,0,0,0.0
2489,521,2026-01-30,2026,1,Enero,1,2026-01,web,5,cancelado,False,10632.95,8,1,1,10632.95
1893,1892,2026-09-21,2026,9,Setiembre,3,2026-09,app_movil,5,completado,True,11399.92,4,1,1,11399.92
3394,998,2024-06-08,2024,6,Junio,2,2024-06,tienda_fisica,8,completado,True,49640.46,13,2,2,24820.23
2883,15,2026-03-23,2026,3,Marzo,1,2026-03,web,11,completado,True,0.0,0,0,0,0.0
3574,402,2025-08-27,2025,8,Agosto,3,2025-08,web,5,completado,True,96006.31,10,2,2,48003.16
3138,108,2024-06-08,2024,6,Junio,2,2024-06,app_movil,6,completado,True,36818.55,5,1,1,36818.55
3387,1636,2025-09-04,2025,9,Setiembre,3,2025-09,web,3,completado,True,0.0,0,0,0,0.0
2512,1767,2025-10-16,2025,10,Octubre,4,2025-10,web,5,pendiente,False,0.0,0,0,0,0.0
1412,1815,2026-05-18,2026,5,Mayo,2,2026-05,tienda_fisica,3,pendiente,False,0.0,0,0,0,0.0
1729,1170,2024-04-13,2024,4,Abril,2,2024-04,tienda_fisica,6,completado,True,34081.43,3,3,3,11360.48
2859,926,2025-09-26,2025,9,Setiembre,3,2025-09,web,5,pendiente,False,64594.81,9,2,2,32297.4
2228,1742,2026-07-21,2026,7,Julio,3,2026-07,tienda_fisica,9,completado,True,179113.05,3,1,1,179113.05
751,335,2026-04-23,2026,4,Abril,2,2026-04,tienda_fisica,12,completado,True,0.0,0,0,0,0.0
3351,530,2025-08-31,2025,8,Agosto,3,2025-08,app_movil,4,completado,True,0.0,0,0,0,0.0
323,730,2026-01-13,2026,1,Enero,1,2026-01,web,10,completado,True,0.0,0,0,0,0.0
2663,800,2024-02-24,2024,2,Febrero,1,2024-02,tienda_fisica,6,cancelado,False,38403.46,7,2,2,19201.73
3441,1760,2024-04-01,2024,4,Abril,2,2024-04,web,5,cancelado,False,81921.63,7,1,1,81921.63
1794,1574,2025-03-25,2025,3,Marzo,1,2025-03,tienda_fisica,7,pendiente,False,192228.43,15,3,3,64076.14
1505,886,2026-08-12,2026,8,Agosto,3,2026-08,web,10,completado,True,0.0,0,0,0,0.0
2535,1616,2025-09-10,2025,9,Setiembre,3,2025-09,web,12,cancelado,False,103286.35,5,2,2,51643.18
2630,964,2025-03-05,2025,3,Marzo,1,2025-03,web,10,enviado,True,232502.25,12,3,3,77500.75
2564,906,2024-09-17,2024,9,Setiembre,3,2024-09,app_movil,10,pendiente,False,28632.8,6,1,1,28632.8
1721,421,2024-02-25,2024,2,Febrero,1,2024-02,tienda_fisica,10,completado,True,16977.62,14,3,3,5659.21
184,216,2025-12-01,2025,12,Diciembre,4,2025-12,web,1,completado,True,0.0,0,0,0,0.0
2990,852,2025-07-09,2025,7,Julio,3,2025-07,app_movil,8,cancelado,False,54813.27,4,1,1,54813.27
2500,55,2025-11-23,2025,11,Noviembre,4,2025-11,tienda_fisica,7,enviado,True,39983.53,7,2,2,19991.76
670,1034,2025-10-24,2025,10,Octubre,4,2025-10,web,10,completado,True,23597.82,3,1,1,23597.82
3516,1253,2025-08-20,2025,8,Agosto,3,2025-08,app_movil,9,enviado,True,16307.07,3,1,1,16307.07
2706,1888,2026-06-08,2026,6,Junio,2,2026-06,app_movil,11,enviado,True,0.0,0,0,0,0.0
2089,338,2025-04-10,2025,4,Abril,2,2025-04,tienda_fisica,7,enviado,True,0.0,0,0,0,0.0
2272,1434,2026-06-12,2026,6,Junio,2,2026-06,tienda_fisica,5,pendiente,False,33178.48,2,1,1,33178.48
1328,734,2025-09-12,2025,9,Setiembre,3,2025-09,tienda_fisica,12,completado,True,0.0,0,0,0,0.0
2107,1030,2026-03-05,2026,3,Marzo,1,2026-03,app_movil,1,completado,True,349350.96,7,1,1,349350.96
2733,1221,2025-11-24,2025,11,Noviembre,4,2025-11,tienda_fisica,2,completado,True,0.0,0,0,0,0.0
211,1354,2024-01-17,2024,1,Enero,1,2024-01,web,12,enviado,True,30376.0,2,1,1,30376.0
1401,36,2024-12-07,2024,12,Diciembre,4,2024-12,web,6,cancelado,False,133799.63,12,4,4,33449.91
2205,1554,2026-04-24,2026,4,Abril,2,2026-04,tienda_fisica,10,completado,True,0.0,0,0,0,0.0
1746,673,2025-12-13,2025,12,Diciembre,4,2025-12,app_movil,7,completado,True,77257.28,11,2,2,38628.64
1770,1179,2026-07-15,2026,7,Julio,3,2026-07,app_movil,9,completado,True,100688.88,6,1,1,100688.88
3477,1073,2025-03-01,2025,3,Marzo,1,2025-03,web,1,completado,True,194410.51,14,2,2,97205.26
2860,219,2024-10-17,2024,10,Octubre,4,2024-10,app_movil,1,completado,True,0.0,0,0,0,0.0
2293,338,2026-02-17,2026,2,Febrero,1,2026-02,tienda_fisica,12,enviado,True,164456.76,6,1,1,164456.76
943,176,2025-06-10,2025,6,Junio,2,2025-06,app_movil,6,completado,True,128327.49,15,2,2,64163.74
740,1983,2024-05-31,2024,5,Mayo,2,2024-05,tienda_fisica,3,cancelado,False,0.0,0,0,0,0.0
1836,1373,2025-10-30,2025,10,Octubre,4,2025-10,web,3,pendiente,False,177020.92,15,5,5,35404.18
990,386,2024-05-16,2024,5,Mayo,2,2024-05,web,8,enviado,True,16375.0,5,1,1,16375.0
2119,592,2026-05-04,2026,5,Mayo,2,2026-05,tienda_fisica,6,pendiente,False,226192.86,15,3,3,75397.62
2037,883,2024-05-05,2024,5,Mayo,2,2024-05,web,3,completado,True,156505.18,4,2,2,78252.59
213,628,2026-07-26,2026,7,Julio,3,2026-07,web,4,completado,True,83017.65,11,3,3,27672.55
2834,1000,2026-08-29,2026,8,Agosto,3,2026-08,app_movil,8,completado,True,0.0,0,0,0,0.0
3512,1716,2025-01-18,2025,1,Enero,1,2025-01,tienda_fisica,6,completado,True,28431.12,7,2,2,14215.56
2033,1997,2024-10-26,2024,10,Octubre,4,2024-10,web,12,completado,True,129923.29,20,3,3,43307.76
3016,1880,2025-09-24,2025,9,Setiembre,3,2025-09,web,7,completado,True,650270.51,30,6,6,108378.42
390,294,2026-05-03,2026,5,Mayo,2,2026-05,tienda_fisica,9,pendiente,False,136059.21,15,3,3,45353.07
2330,1832,2025-12-07,2025,12,Diciembre,4,2025-12,app_movil,4,enviado,True,0.0,0,0,0,0.0
175,1217,2024-06-24,2024,6,Junio,2,2024-06,web,5,pendiente,False,11927.72,5,2,2,5963.86
1381,82,2024-12-16,2024,12,Diciembre,4,2024-12,tienda_fisica,11,pendiente,False,23838.0,6,1,1,23838.0
3104,1123,2025-11-11,2025,11,Noviembre,4,2025-11,web,10,pendiente,False,0.0,0,0,0,0.0
1163,554,2025-03-23,2025,3,Marzo,1,2025-03,app_movil,9,pendiente,False,0.0,0,0,0,0.0
2073,1980,2024-11-09,2024,11,Noviembre,4,2024-11,tienda_fisica,1,completado,True,0.0,0,0,0,0.0
2460,109,2026-09-01,2026,9,Setiembre,3,2026-09,tienda_fisica,3,pendiente,False,9364.8,6,1,1,9364.8
3227,1598,2026-01-06,2026,1,Enero,1,2026-01,tienda_fisica,5,completado,True,0.0,0,0,0,0.0
1313,250,2026-02-18,2026,2,Febrero,1,2026-02,web,9,completado,True,4878.65,5,1,1,4878.65
2148,306,2024-01-30,2024,1,Enero,1,2024-01,tienda_fisica,10,cancelado,False,282968.45,9,2,2,141484.22
1358,1206,2025-12-14,2025,12,Diciembre,4,2025-12,tienda_fisica,3,cancelado,False,45865.02,6,1,1,45865.02
2392,207,2026-07-11,2026,7,Julio,3,2026-07,web,9,enviado,True,34859.19,8,1,1,34859.19
2536,296,2025-05-30,2025,5,Mayo,2,2025-05,tienda_fisica,10,cancelado,False,0.0,0,0,0,0.0
1230,68,2026-05-06,2026,5,Mayo,2,2026-05,tienda_fisica,9,completado,True,73902.0,2,1,1,73902.0
1763,683,2024-01-08,2024,1,Enero,1,2024-01,tienda_fisica,8,cancelado,False,0.0,0,0,0,0.0
88,746,2026-07-03,2026,7,Julio,3,2026-07,web,8,cancelado,False,17959.2,8,1,1,17959.2
2964,117,2024-05-18,2024,5,Mayo,2,2024-05,web,9,pendiente,False,144786.35,8,2,2,72393.18
1658,811,2024-05-07,2024,5,Mayo,2,2024-05,tienda_fisica,1,enviado,True,235113.69,15,3,3,78371.23
744,849,2024-11-25,2024,11,Noviembre,4,2024-11,tienda_fisica,7,completado,True,0.0,0,0,0,0.0
1375,1538,2025-12-07,2025,12,Diciembre,4,2025-12,app_movil,12,pendiente,False,41687.43,3,1,1,41687.43
2292,1972,2025-06-18,2025,6,Junio,2,2025-06,web,4,completado,True,5198.72,8,1,1,5198.72
1015,837,2025-07-04,2025,7,Julio,3,2025-07,web,8,cancelado,False,0.0,0,0,0,0.0
938,1961,2024-05-31,2024,5,Mayo,2,2024-05,app_movil,1,pendiente,False,127407.3,7,1,1,127407.3
2524,1688,2025-12-15,2025,12,Diciembre,4,2025-12,app_movil,11,completado,True,0.0,0,0,0,0.0
2746,538,2026-01-17,2026,1,Enero,1,2026-01,app_movil,1,cancelado,False,0.0,0,0,0,0.0
1056,1544,2026-06-11,2026,6,Junio,2,2026-06,tienda_fisica,1,pendiente,False,31643.25,3,2,2,15821.62
530,1812,2026-09-15,2026,9,Setiembre,3,2026-09,app_movil,7,completado,True,14941.82,2,1,1,14941.82
3355,719,2025-09-30,2025,9,Setiembre,3,2025-09,tienda_fisica,1,cancelado,False,8396.85,3,1,1,8396.85
1197,1321,2025-06-10,2025,6,Junio,2,2025-06,app_movil,6,pendiente,False,38693.12,6,2,2,19346.56
38,1723,2025-05-13,2025,5,Mayo,2,2025-05,tienda_fisica,1,completado,True,0.0,0,0,0,0.0
2267,1080,2024-04-30,2024,4,Abril,2,2024-04,web,6,pendiente,False,69702.81,10,2,2,34851.4
2914,386,2026-08-10,2026,8,Agosto,3,2026-08,tienda_fisica,4,pendiente,False,4929.12,3,1,1,4929.12
2889,333,2026-05-06,2026,5,Mayo,2,2026-05,web,12,completado,True,0.0,0,0,0,0.0
2168,1500,2024-12-21,2024,12,Diciembre,4,2024-12,tienda_fisica,7,cancelado,False,0.0,0,0,0,0.0
1750,88,2024-05-02,2024,5,Mayo,2,2024-05,app_movil,3,completado,True,142083.62,16,4,4,35520.9
3463,1805,2024-08-08,2024,8,Agosto,3,2024-08,app_movil,12,completado,True,29321.78,2,1,1,29321.78
836,1713,2025-09-11,2025,9,Setiembre,3,2025-09,tienda_fisica,12,completado,True,1564.08,8,1,1,1564.08
2789,647,2024-10-26,2024,10,Octubre,4,2024-10,tienda_fisica,9,enviado,True,59646.47,6,2,2,29823.24
311,739,2024-03-27,2024,3,Marzo,1,2024-03,web,1,pendiente,False,38404.84,4,1,1,38404.84
2218,438,2024-05-06,2024,5,Mayo,2,2024-05,web,9,enviado,True,6083.46,3,1,1,6083.46
2991,313,2024-05-28,2024,5,Mayo,2,2024-05,web,10,enviado,True,34995.42,2,1,1,34995.42
1998,1139,2025-05-07,2025,5,Mayo,2,2025-05,app_movil,10,cancelado,False,0.0,0,0,0,0.0
3496,424,2025-08-26,2025,8,Agosto,3,2025-08,tienda_fisica,9,cancelado,False,0.0,0,0,0,0.0
1569,848,2025-04-24,2025,4,Abril,2,2025-04,web,7,completado,True,0.0,0,0,0,0.0
690,1263,2025-11-03,2025,11,Noviembre,4,2025-11,tienda_fisica,11,completado,True,0.0,0,0,0,0.0
2498,116,2026-05-17,2026,5,Mayo,2,2026-05,tienda_fisica,5,completado,True,0.0,0,0,0,0.0
974,265,2024-12-04,2024,12,Diciembre,4,2024-12,app_movil,4,completado,True,0.0,0,0,0,0.0
3150,1750,2026-01-31,2026,1,Enero,1,2026-01,app_movil,6,completado,True,18456.04,2,1,1,18456.04
2741,1306,2026-11-09,2026,11,Noviembre,4,2026-11,app_movil,9,pendiente,False,7528.53,1,1,1,7528.53
2412,346,2024-09-28,2024,9,Setiembre,3,2024-09,web,11,cancelado,False,49114.71,3,1,1,49114.71
24,1480,2025-05-12,2025,5,Mayo,2,2025-05,web,11,completado,True,0.0,0,0,0,0.0
2940,820,2025-11-04,2025,11,Noviembre,4,2025-11,app_movil,6,completado,True,0.0,0,0,0,0.0
2755,1461,2025-11-13,2025,11,Noviembre,4,2025-11,web,7,cancelado,False,0.0,0,0,0,0.0
1978,1862,2024-12-05,2024,12,Diciembre,4,2024-12,tienda_fisica,12,completado,True,28475.9,1,1,1,28475.9
965,1585,2024-12-17,2024,12,Diciembre,4,2024-12,tienda_fisica,9,completado,True,53128.35,4,2,2,26564.18
2429,1914,2025-01-06,2025,1,Enero,1,2025-01,app_movil,4,completado,True,0.0,0,0,0,0.0
2973,1509,2024-07-17,2024,7,Julio,3,2024-07,tienda_fisica,6,pendiente,False,57856.03,4,1,1,57856.03
1052,1502,2025-04-25,2025,4,Abril,2,2025-04,web,7,pendiente,False,268806.72,13,2,2,134403.36
3457,1103,2026-03-24,2026,3,Marzo,1,2026-03,app_movil,11,enviado,True,94345.76,11,2,2,47172.88
2186,1379,2025-02-14,2025,2,Febrero,1,2025-02,app_movil,6,pendiente,False,15543.62,12,2,2,7771.81
540,1199,2025-07-12,2025,7,Julio,3,2025-07,web,5,completado,True,0.0,0,0,0,0.0
1782,511,2025-10-18,2025,10,Octubre,4,2025-10,app_movil,6,completado,True,210970.98,20,3,3,70323.66
396,1940,2024-11-11,2024,11,Noviembre,4,2024-11,web,8,enviado,True,0.0,0,0,0,0.0
942,166,2024-05-04,2024,5,Mayo,2,2024-05,app_movil,2,completado,True,0.0,0,0,0,0.0
961,407,2026-07-24,2026,7,Julio,3,2026-07,web,10,completado,True,15635.62,1,1,1,15635.62
3142,1375,2025-05-06,2025,5,Mayo,2,2025-05,tienda_fisica,11,completado,True,126932.41,9,3,3,42310.8
832,624,2026-05-06,2026,5,Mayo,2,2026-05,app_movil,4,completado,True,2447.27,1,1,1,2447.27
1868,420,2025-07-27,2025,7,Julio,3,2025-07,app_movil,6,enviado,True,0.0,0,0,0,0.0
1526,194,2026-05-17,2026,5,Mayo,2,2026-05,web,7,completado,True,4400.0,8,1,1,4400.0
2800,1103,2026-04-22,2026,4,Abril,2,2026-04,app_movil,8,completado,True,37590.0,5,1,1,37590.0
2207,1002,2025-12-03,2025,12,Diciembre,4,2025-12,tienda_fisica,11,cancelado,False,0.0,0,0,0,0.0
78,652,2024-05-29,2024,5,Mayo,2,2024-05,web,4,cancelado,False,0.0,0,0,0,0.0
2708,1748,2024-10-03,2024,10,Octubre,4,2024-10,web,10,completado,True,0.0,0,0,0,0.0
1315,1581,2024-07-17,2024,7,Julio,3,2024-07,tienda_fisica,11,cancelado,False,411.22,1,1,1,411.22
1607,768,2026-03-21,2026,3,Marzo,1,2026-03,app_movil,9,completado,True,0.0,0,0,0,0.0
3151,162,2025-07-31,2025,7,Julio,3,2025-07,app_movil,10,cancelado,False,5927.76,10,2,2,2963.88
1103,1849,2025-06-06,2025,6,Junio,2,2025-06,app_movil,4,cancelado,False,86510.24,12,2,2,43255.12
1254,492,2024-04-17,2024,4,Abril,2,2024-04,web,10,enviado,True,0.0,0,0,0,0.0
750,120,2025-10-10,2025,10,Octubre,4,2025-10,tienda_fisica,9,completado,True,5215.0,5,1,1,5215.0
3277,1070,2026-09-01,2026,9,Setiembre,3,2026-09,web,2,enviado,True,94609.54,5,1,1,94609.54
3041,684,2024-07-30,2024,7,Julio,3,2024-07,tienda_fisica,2,completado,True,0.0,0,0,0,0.0
2133,186,2024-06-06,2024,6,Junio,2,2024-06,web,11,enviado,True,74318.03,7,2,2,37159.02
1800,155,2024-09-14,2024,9,Setiembre,3,2024-09,app_movil,6,cancelado,False,232801.72,8,2,2,116400.86
1941,601,2026-08-25,2026,8,Agosto,3,2026-08,web,3,enviado,True,86965.25,11,2,2,43482.62
1025,1090,2026-04-30,2026,4,Abril,2,2026-04,web,1,cancelado,False,531577.09,8,1,1,531577.09
2727,566,2025-07-17,2025,7,Julio,3,2025-07,web,8,completado,True,6163.48,3,1,1,6163.48
191,551,2025-10-06,2025,10,Octubre,4,2025-10,web,4,completado,True,184090.04,10,3,3,61363.35
649,663,2025-09-26,2025,9,Setiembre,3,2025-09,app_movil,9,enviado,True,0.0,0,0,0,0.0
1699,72,2026-07-21,2026,7,Julio,3,2026-07,web,7,completado,True,3669.04,1,1,1,3669.04
3503,884,2025-05-22,2025,5,Mayo,2,2025-05,app_movil,7,enviado,True,2827.93,7,1,1,2827.93
1165,1300,2025-02-21,2025,2,Febrero,1,2025-02,app_movil,4,enviado,True,0.0,0,0,0,0.0
112,876,2026-04-01,2026,4,Abril,2,2026-04,web,11,completado,True,0.0,0,0,0,0.0
1565,207,2026-07-05,2026,7,Julio,3,2026-07,web,5,completado,True,62340.0,3,1,1,62340.0
2745,1656,2026-04-03,2026,4,Abril,2,2026-04,tienda_fisica,10,completado,True,53137.28,7,1,1,53137.28
1797,2058,2024-06-01,2024,6,Junio,2,2024-06,web,11,pendiente,False,0.0,0,0,0,0.0
1738,461,2024-09-27,2024,9,Setiembre,3,2024-09,web,12,pendiente,False,13360.2,8,2,2,6680.1
809,265,2024-06-18,2024,6,Junio,2,2024-06,tienda_fisica,2,pendiente,False,45891.61,9,2,2,22945.8
545,1859,2024-04-17,2024,4,Abril,2,2024-04,tienda_fisica,6,completado,True,6042.28,2,1,1,6042.28
1191,1693,2024-04-08,2024,4,Abril,2,2024-04,tienda_fisica,1,completado,True,27282.88,2,2,2,13641.44
2700,1294,2026-07-09,2026,7,Julio,3,2026-07,web,4,pendiente,False,1273.22,2,1,1,1273.22
1524,738,2024-02-25,2024,2,Febrero,1,2024-02,app_movil,9,pendiente,False,13224.82,5,2,2,6612.41
3110,1790,2025-07-03,2025,7,Julio,3,2025-07,app_movil,10,pendiente,False,0.0,0,0,0,0.0
1421,1983,2026-08-10,2026,8,Agosto,3,2026-08,app_movil,8,cancelado,False,83990.4,10,3,3,27996.8
1584,899,2024-05-19,2024,5,Mayo,2,2024-05,app_movil,6,pendiente,False,109913.41,8,1,1,109913.41
1903,1492,2026-07-20,2026,7,Julio,3,2026-07,app_movil,7,completado,True,76809.68,8,1,1,76809.68
1168,1791,2026-01-03,2026,1,Enero,1,2026-01,app_movil,2,cancelado,False,10568.83,4,2,2,5284.42
8,875,2025-07-23,2025,7,Julio,3,2025-07,web,1,completado,True,0.0,0,0,0,0.0
621,364,2025-03-08,2025,3,Marzo,1,2025-03,web,5,completado,True,0.0,0,0,0,0.0
2215,1874,2026-05-19,2026,5,Mayo,2,2026-05,web,9,completado,True,10800.97,6,1,1,10800.97
2160,1474,2024-01-08,2024,1,Enero,1,2024-01,tienda_fisica,4,cancelado,False,2210.07,1,1,1,2210.07
2930,1377,2024-05-24,2024,5,Mayo,2,2024-05,tienda_fisica,11,enviado,True,42567.0,7,1,1,42567.0
1176,47,2024-05-15,2024,5,Mayo,2,2024-05,app_movil,4,completado,True,2463.84,1,1,1,2463.84
1473,851,2026-03-14,2026,3,Marzo,1,2026-03,tienda_fisica,2,pendiente,False,2819.37,3,2,2,1409.68
136,618,2026-06-08,2026,6,Junio,2,2026-06,web,3,cancelado,False,0.0,0,0,0,0.0
2110,1821,2024-09-28,2024,9,Setiembre,3,2024-09,web,8,enviado,True,0.0,0,0,0,0.0
185,1547,2026-06-05,2026,6,Junio,2,2026-06,tienda_fisica,1,completado,True,156417.96,6,1,1,156417.96
1255,1012,2024-08-19,2024,8,Agosto,3,2024-08,web,5,enviado,True,108723.66,3,2,2,54361.83
834,639,2025-08-19,2025,8,Agosto,3,2025-08,app_movil,5,completado,True,214083.54,15,4,4,53520.88
1440,1841,2025-12-24,2025,12,Diciembre,4,2025-12,app_movil,9,cancelado,False,0.0,0,0,0,0.0
562,1866,2025-10-21,2025,10,Octubre,4,2025-10,app_movil,3,enviado,True,158115.73,9,3,3,52705.24
998,258,2025-03-28,2025,3,Marzo,1,2025-03,tienda_fisica,6,enviado,True,0.0,0,0,0,0.0
1720,709,2024-09-10,2024,9,Setiembre,3,2024-09,app_movil,2,completado,True,3119.04,8,1,1,3119.04
994,1962,2025-03-17,2025,3,Marzo,1,2025-03,app_movil,8,completado,True,0.0,0,0,0,0.0
1202,389,2025-11-25,2025,11,Noviembre,4,2025-11,tienda_fisica,6,completado,True,70397.42,3,1,1,70397.42
2764,196,2026-02-07,2026,2,Febrero,1,2026-02,tienda_fisica,7,cancelado,False,0.0,0,0,0,0.0
3263,281,2025-04-26,2025,4,Abril,2,2025-04,tienda_fisica,7,cancelado,False,196281.48,17,3,3,65427.16
3216,874,2026-01-30,2026,1,Enero,1,2026-01,app_movil,4,cancelado,False,38595.99,9,3,3,12865.33
134,1977,2025-01-24,2025,1,Enero,1,2025-01,web,5,completado,True,27752.64,13,3,3,9250.88
3212,1392,2026-02-26,2026,2,Febrero,1,2026-02,tienda_fisica,1,enviado,True,51970.09,3,2,2,25985.04
2312,1520,2026-06-24,2026,6,Junio,2,2026-06,tienda_fisica,11,completado,True,575.92,1,1,1,575.92
2601,1913,2024-02-19,2024,2,Febrero,1,2024-02,tienda_fisica,8,pendiente,False,0.0,0,0,0,0.0
381,1119,2025-06-09,2025,6,Junio,2,2025-06,web,4,enviado,True,0.0,0,0,0,0.0
1956,837,2024-03-20,2024,3,Marzo,1,2024-03,web,10,completado,True,0.0,0,0,0,0.0
360,793,2025-05-10,2025,5,Mayo,2,2025-05,app_movil,8,completado,True,0.0,0,0,0,0.0
3049,1509,2024-05-14,2024,5,Mayo,2,2024-05,tienda_fisica,10,completado,True,23248.45,10,2,2,11624.22
2969,433,2025-08-09,2025,8,Agosto,3,2025-08,tienda_fisica,8,enviado,True,0.0,0,0,0,0.0
3550,1812,2024-11-05,2024,11,Noviembre,4,2024-11,app_movil,10,completado,True,124477.78,17,4,4,31119.44
2652,273,2025-10-12,2025,10,Octubre,4,2025-10,tienda_fisica,11,cancelado,False,84738.59,15,4,4,21184.65
983,230,2024-04-07,2024,4,Abril,2,2024-04,tienda_fisica,7,completado,True,8828.92,1,1,1,8828.92
3057,266,2025-01-13,2025,1,Enero,1,2025-01,web,11,enviado,True,126000.0,3,1,1,126000.0
2402,1606,2026-09-09,2026,9,Setiembre,3,2026-09,web,11,completado,True,25253.96,1,1,1,25253.96
3284,1875,2024-01-23,2024,1,Enero,1,2024-01,tienda_fisica,8,pendiente,False,22522.23,4,1,1,22522.23
2492,562,2026-06-24,2026,6,Junio,2,2026-06,tienda_fisica,8,completado,True,25375.31,1,1,1,25375.31
3258,1380,2024-10-01,2024,10,Octubre,4,2024-10,app_movil,12,completado,True,7687.67,2,2,2,3843.84
675,1959,2026-07-14,2026,7,Julio,3,2026-07,app_movil,11,completado,True,6916.8,3,1,1,6916.8
1601,1566,2025-10-17,2025,10,Octubre,4,2025-10,tienda_fisica,4,completado,True,0.0,0,0,0,0.0
647,24,2024-10-25,2024,10,Octubre,4,2024-10,app_movil,9,completado,True,0.0,0,0,0,0.0
2434,1076,2025-03-29,2025,3,Marzo,1,2025-03,tienda_fisica,3,completado,True,5249.64,6,1,1,5249.64
3232,597,2026-01-11,2026,1,Enero,1,2026-01,web,12,pendiente,False,44033.24,4,1,1,44033.24
716,1882,2026-04-24,2026,4,Abril,2,2026-04,web,2,enviado,True,0.0,0,0,0,0.0
939,273,2026-08-10,2026,8,Agosto,3,2026-08,tienda_fisica,3,cancelado,False,42167.68,4,2,2,21083.84
3078,834,2026-01-22,2026,1,Enero,1,2026-01,tienda_fisica,11,completado,True,0.0,0,0,0,0.0
2470,34,2025-01-21,2025,1,Enero,1,2025-01,app_movil,6,cancelado,False,446936.16,8,1,1,446936.16
2277,302,2024-10-06,2024,10,Octubre,4,2024-10,app_movil,12,completado,True,0.0,0,0,0,0.0
1961,320,2024-04-27,2024,4,Abril,2,2024-04,app_movil,6,pendiente,False,27378.35,1,1,1,27378.35
1112,278,2025-02-16,2025,2,Febrero,1,2025-02,app_movil,7,cancelado,False,380656.72,10,2,2,190328.36
603,1237,2024-07-13,2024,7,Julio,3,2024-07,app_movil,8,completado,True,80420.01,13,3,3,26806.67
218,1072,2024-12-08,2024,12,Diciembre,4,2024-12,app_movil,11,enviado,True,3366.45,8,2,2,1683.22
3571,1061,2024-10-28,2024,10,Octubre,4,2024-10,app_movil,4,completado,True,15295.0,7,1,1,15295.0
2830,1345,2025-08-05,2025,8,Agosto,3,2025-08,web,2,completado,True,0.0,0,0,0,0.0
906,823,2026-08-03,2026,8,Agosto,3,2026-08,web,6,cancelado,False,163657.43,3,1,1,163657.43
295,1369,2026-08-10,2026,8,Agosto,3,2026-08,web,8,pendiente,False,803.35,1,1,1,803.35
2245,1902,2025-02-05,2025,2,Febrero,1,2025-02,app_movil,9,pendiente,False,13557.74,6,2,2,6778.87
1460,317,2024-11-05,2024,11,Noviembre,4,2024-11,app_movil,7,cancelado,False,92384.94,9,3,3,30794.98
448,1427,2025-01-09,2025,1,Enero,1,2025-01,app_movil,1,enviado,True,9824.19,3,1,1,9824.19
2311,1518,2026-03-09,2026,3,Marzo,1,2026-03,app_movil,12,completado,True,32747.09,6,2,2,16373.54
542,902,2025-06-01,2025,6,Junio,2,2025-06,web,10,completado,True,0.0,0,0,0,0.0
236,1247,2026-03-06,2026,3,Marzo,1,2026-03,tienda_fisica,10,pendiente,False,0.0,0,0,0,0.0
90,247,2025-11-27,2025,11,Noviembre,4,2025-11,web,8,enviado,True,0.0,0,0,0,0.0
219,186,2026-05-31,2026,5,Mayo,2,2026-05,tienda_fisica,12,pendiente,False,5130.92,4,1,1,5130.92
2161,952,2026-04-12,2026,4,Abril,2,2026-04,web,3,completado,True,9804.94,2,1,1,9804.94
3332,1085,2025-02-03,2025,2,Febrero,1,2025-02,web,10,completado,True,0.0,0,0,0,0.0
2241,291,2025-06-05,2025,6,Junio,2,2025-06,app_movil,6,pendiente,False,264125.86,16,3,3,88041.95
2771,345,2025-03-04,2025,3,Marzo,1,2025-03,tienda_fisica,11,completado,True,4525.57,1,1,1,4525.57
2083,95,2025-02-21,2025,2,Febrero,1,2025-02,web,3,completado,True,30116.0,4,1,1,30116.0
2208,288,2025-03-06,2025,3,Marzo,1,2025-03,app_movil,4,enviado,True,12922.14,3,1,1,12922.14
694,531,2024-06-06,2024,6,Junio,2,2024-06,tienda_fisica,1,completado,True,46742.7,10,2,2,23371.35
816,1967,2024-07-11,2024,7,Julio,3,2024-07,tienda_fisica,7,completado,True,0.0,0,0,0,0.0
2862,771,2026-05-16,2026,5,Mayo,2,2026-05,app_movil,4,cancelado,False,11872.21,6,2,2,5936.1
1875,1929,2025-04-15,2025,4,Abril,2,2025-04,web,9,completado,True,35118.33,5,3,3,11706.11
1576,1225,2024-12-05,2024,12,Diciembre,4,2024-12,tienda_fisica,7,pendiente,False,55272.0,4,1,1,55272.0
1827,1820,2024-12-11,2024,12,Diciembre,4,2024-12,tienda_fisica,4,completado,True,0.0,0,0,0,0.0
1229,1556,2024-05-30,2024,5,Mayo,2,2024-05,web,11,completado,True,14966.4,6,1,1,14966.4
3464,1264,2025-06-12,2025,6,Junio,2,2025-06,app_movil,3,completado,True,57243.28,26,6,6,9540.55
3236,1193,2025-01-25,2025,1,Enero,1,2025-01,web,4,completado,True,37330.79,5,2,2,18665.4
2933,1064,2025-01-31,2025,1,Enero,1,2025-01,tienda_fisica,12,completado,True,0.0,0,0,0,0.0
991,1343,2024-10-24,2024,10,Octubre,4,2024-10,tienda_fisica,6,enviado,True,179365.2,12,3,3,59788.4
1209,1979,2024-04-17,2024,4,Abril,2,2024-04,web,2,cancelado,False,0.0,0,0,0,0.0
2999,1684,2026-05-06,2026,5,Mayo,2,2026-05,web,10,completado,True,3936.31,3,2,2,1968.16
2664,1291,2024-01-30,2024,1,Enero,1,2024-01,tienda_fisica,1,completado,True,0.0,0,0,0,0.0
652,868,2026-01-01,2026,1,Enero,1,2026-01,app_movil,7,cancelado,False,0.0,0,0,0,0.0
3083,504,2026-04-05,2026,4,Abril,2,2026-04,app_movil,6,completado,True,0.0,0,0,0,0.0
1580,576,2025-10-04,2025,10,Octubre,4,2025-10,tienda_fisica,9,completado,True,91038.4,16,3,3,30346.13
2562,1293,2024-03-18,2024,3,Marzo,1,2024-03,app_movil,1,pendiente,False,1493.81,1,1,1,1493.81
1003,874,2026-01-08,2026,1,Enero,1,2026-01,app_movil,6,completado,True,660183.98,16,3,3,220061.33
2583,1719,2026-05-08,2026,5,Mayo,2,2026-05,web,5,cancelado,False,97884.27,16,2,2,48942.14
325,881,2026-06-26,2026,6,Junio,2,2026-06,app_movil,2,completado,True,26487.81,2,2,2,13243.9
2146,993,2025-07-15,2025,7,Julio,3,2025-07,app_movil,1,cancelado,False,0.0,0,0,0,0.0
3063,1076,2024-01-22,2024,1,Enero,1,2024-01,tienda_fisica,11,completado,True,164275.77,18,4,4,41068.94
330,511,2026-05-14,2026,5,Mayo,2,2026-05,app_movil,7,completado,True,0.0,0,0,0,0.0
1014,374,2024-08-10,2024,8,Agosto,3,2024-08,tienda_fisica,8,completado,True,25293.09,8,4,4,6323.27
2631,893,2024-06-22,2024,6,Junio,2,2024-06,app_movil,7,completado,True,107776.82,16,4,4,26944.2
648,1216,2026-01-01,2026,1,Enero,1,2026-01,web,2,pendiente,False,230853.3,5,2,2,115426.65
116,533,2024-04-11,2024,4,Abril,2,2024-04,app_movil,3,cancelado,False,79192.17,10,3,3,26397.39
922,208,2024-09-05,2024,9,Setiembre,3,2024-09,app_movil,12,cancelado,False,55062.0,7,1,1,55062.0
2891,844,2026-05-01,2026,5,Mayo,2,2026-05,tienda_fisica,9,pendiente,False,55432.91,3,2,2,27716.46
2300,401,2025-02-08,2025,2,Febrero,1,2025-02,tienda_fisica,2,completado,True,708.0,3,1,1,708.0
1609,1251,2026-02-07,2026,2,Febrero,1,2026-02,app_movil,12,pendiente,False,1118.0,2,1,1,1118.0
538,677,2026-04-28,2026,4,Abril,2,2026-04,web,8,pendiente,False,251614.85,8,2,2,125807.42
2172,870,2026-09-29,2026,9,Setiembre,3,2026-09,app_movil,4,completado,True,0.0,0,0,0,0.0
1577,1575,2025-06-26,2025,6,Junio,2,2025-06,tienda_fisica,8,enviado,True,17323.7,8,1,1,17323.7
258,393,2024-09-15,2024,9,Setiembre,3,2024-09,tienda_fisica,9,enviado,True,755.89,1,1,1,755.89
1102,299,2026-04-21,2026,4,Abril,2,2026-04,web,9,pendiente,False,370224.89,19,4,4,92556.22
142,897,2025-08-24,2025,8,Agosto,3,2025-08,web,7,completado,True,245096.75,9,2,2,122548.38
660,271,2024-09-25,2024,9,Setiembre,3,2024-09,tienda_fisica,12,enviado,True,0.0,0,0,0,0.0
927,1299,2025-01-09,2025,1,Enero,1,2025-01,web,12,pendiente,False,11861.94,1,1,1,11861.94
209,692,2024-02-19,2024,2,Febrero,1,2024-02,tienda_fisica,4,completado,True,92688.9,5,1,1,92688.9
1696,724,2024-05-23,2024,5,Mayo,2,2024-05,web,5,cancelado,False,22552.92,3,1,1,22552.92
2919,458,2024-11-26,2024,11,Noviembre,4,2024-11,app_movil,4,completado,True,433930.52,15,4,4,108482.63
3488,179,2026-07-10,2026,7,Julio,3,2026-07,app_movil,4,completado,True,221282.27,8,1,1,221282.27
3033,647,2025-03-04,2025,3,Marzo,1,2025-03,app_movil,9,completado,True,13100.0,4,1,1,13100.0
1710,486,2025-12-16,2025,12,Diciembre,4,2025-12,web,2,completado,True,6658.1,2,1,1,6658.1
2459,680,2024-08-21,2024,8,Agosto,3,2024-08,web,12,pendiente,False,9348.68,2,1,1,9348.68
1550,1806,2025-10-16,2025,10,Octubre,4,2025-10,app_movil,3,completado,True,0.0,0,0,0,0.0
2122,698,2025-05-08,2025,5,Mayo,2,2025-05,app_movil,5,cancelado,False,20336.55,1,1,1,20336.55
1072,1750,2024-11-15,2024,11,Noviembre,4,2024-11,tienda_fisica,5,cancelado,False,0.0,0,0,0,0.0
1920,43,2025-01-26,2025,1,Enero,1,2025-01,web,1,enviado,True,11170.8,5,1,1,11170.8
1,508,2026-04-12,2026,4,Abril,2,2026-04,web,9,pendiente,False,264666.84,14,2,2,132333.42
823,1894,2025-10-19,2025,10,Octubre,4,2025-10,app_movil,8,completado,True,215618.79,11,3,3,71872.93
2406,1175,2026-03-07,2026,3,Marzo,1,2026-03,tienda_fisica,6,completado,True,6934.48,4,1,1,6934.48
923,211,2026-02-03,2026,2,Febrero,1,2026-02,tienda_fisica,7,completado,True,7338.08,2,1,1,7338.08
3531,1157,2024-05-08,2024,5,Mayo,2,2024-05,web,1,pendiente,False,0.0,0,0,0,0.0
3017,1016,2026-02-27,2026,2,Febrero,1,2026-02,web,11,cancelado,False,13103.84,2,1,1,13103.84
1352,1562,2025-07-24,2025,7,Julio,3,2025-07,web,5,completado,True,4902.47,1,1,1,4902.47
612,747,2024-06-12,2024,6,Junio,2,2024-06,web,6,pendiente,False,0.0,0,0,0,0.0
2756,911,2025-05-20,2025,5,Mayo,2,2025-05,app_movil,5,cancelado,False,0.0,0,0,0,0.0
2942,1945,2025-09-06,2025,9,Setiembre,3,2025-09,web,5,completado,True,11160.0,8,1,1,11160.0
1299,777,2025-03-04,2025,3,Marzo,1,2025-03,web,3,completado,True,0.0,0,0,0,0.0
2393,224,2025-12-26,2025,12,Diciembre,4,2025-12,web,9,completado,True,65881.04,2,1,1,65881.04
2422,238,2025-01-03,2025,1,Enero,1,2025-01,tienda_fisica,3,completado,True,12878.85,5,1,1,12878.85
3498,1838,2025-06-01,2025,6,Junio,2,2025-06,app_movil,7,completado,True,245487.21,9,2,2,122743.6
2464,1240,2024-12-22,2024,12,Diciembre,4,2024-12,web,12,completado,True,24931.05,8,2,2,12465.52
320,44,2026-03-10,2026,3,Marzo,1,2026-03,web,7,enviado,True,22923.11,7,1,1,22923.11
2384,156,2026-05-23,2026,5,Mayo,2,2026-05,tienda_fisica,12,completado,True,114735.74,13,4,4,28683.94
999,888,2024-07-30,2024,7,Julio,3,2024-07,app_movil,4,cancelado,False,99268.0,4,1,1,99268.0
67,41,2026-07-27,2026,7,Julio,3,2026-07,tienda_fisica,9,cancelado,False,0.0,0,0,0,0.0
2279,1519,2024-07-17,2024,7,Julio,3,2024-07,app_movil,2,enviado,True,44070.72,9,3,3,14690.24
3529,64,2025-04-20,2025,4,Abril,2,2025-04,web,9,completado,True,21782.9,5,1,1,21782.9
1624,1016,2024-05-18,2024,5,Mayo,2,2024-05,tienda_fisica,4,completado,True,20181.56,1,1,1,20181.56
1184,1950,2025-08-25,2025,8,Agosto,3,2025-08,app_movil,4,pendiente,False,0.0,0,0,0,0.0
2618,1975,2026-01-21,2026,1,Enero,1,2026-01,web,11,completado,True,106631.0,7,1,1,106631.0
1303,488,2025-04-08,2025,4,Abril,2,2025-04,tienda_fisica,11,pendiente,False,9896.67,7,1,1,9896.67
2802,984,2025-09-21,2025,9,Setiembre,3,2025-09,web,8,enviado,True,0.0,0,0,0,0.0
456,163,2024-06-26,2024,6,Junio,2,2024-06,tienda_fisica,8,completado,True,454590.21,15,2,2,227295.1
329,415,2025-09-09,2025,9,Setiembre,3,2025-09,app_movil,9,completado,True,408125.36,16,2,2,204062.68
3074,181,2024-12-31,2024,12,Diciembre,4,2024-12,app_movil,2,completado,True,60541.07,7,3,3,20180.36
1010,1260,2024-11-14,2024,11,Noviembre,4,2024-11,tienda_fisica,9,completado,True,5046.3,6,1,1,5046.3
110,1229,2025-06-20,2025,6,Junio,2,2025-06,app_movil,2,completado,True,765.56,2,1,1,765.56
2593,1693,2026-01-11,2026,1,Enero,1,2026-01,tienda_fisica,1,enviado,True,0.0,0,0,0,0.0
3552,1850,2025-01-21,2025,1,Enero,1,2025-01,web,1,cancelado,False,408502.66,11,2,2,204251.33
3422,344,2025-03-09,2025,3,Marzo,1,2025-03,tienda_fisica,7,completado,True,6125.0,7,1,1,6125.0
3228,1960,2025-02-23,2025,2,Febrero,1,2025-02,app_movil,12,completado,True,0.0,0,0,0,0.0
3555,1064,2025-05-07,2025,5,Mayo,2,2025-05,tienda_fisica,4,enviado,True,171256.83,14,2,2,85628.42
2149,1268,2025-02-24,2025,2,Febrero,1,2025-02,web,3,completado,True,3861.0,3,1,1,3861.0
177,1458,2025-06-18,2025,6,Junio,2,2025-06,web,9,enviado,True,0.0,0,0,0,0.0
2140,1939,2026-06-03,2026,6,Junio,2,2026-06,app_movil,10,completado,True,91461.2,8,2,2,45730.6
145,799,2024-11-05,2024,11,Noviembre,4,2024-11,web,10,completado,True,0.0,0,0,0,0.0
1559,1202,2025-11-06,2025,11,Noviembre,4,2025-11,web,2,completado,True,0.0,0,0,0,0.0
3485,419,2026-09-13,2026,9,Setiembre,3,2026-09,app_movil,6,completado,True,0.0,0,0,0,0.0
1981,628,2026-02-14,2026,2,Febrero,1,2026-02,tienda_fisica,10,pendiente,False,0.0,0,0,0,0.0
893,1437,2025-07-23,2025,7,Julio,3,2025-07,app_movil,11,enviado,True,0.0,0,0,0,0.0
2759,1617,2026-07-07,2026,7,Julio,3,2026-07,tienda_fisica,10,completado,True,103392.36,6,1,1,103392.36
1792,1843,2026-03-07,2026,3,Marzo,1,2026-03,tienda_fisica,1,cancelado,False,0.0,0,0,0,0.0
3309,1871,2025-07-11,2025,7,Julio,3,2025-07,app_movil,7,cancelado,False,551335.8,11,2,2,275667.9
2032,770,2025-11-27,2025,11,Noviembre,4,2025-11,tienda_fisica,6,enviado,True,411143.3,20,3,3,137047.77
481,533,2026-05-24,2026,5,Mayo,2,2026-05,app_movil,11,enviado,True,0.0,0,0,0,0.0
2054,1742,2025-05-08,2025,5,Mayo,2,2025-05,tienda_fisica,6,completado,True,34091.11,4,1,1,34091.11
640,1013,2025-02-09,2025,2,Febrero,1,2025-02,app_movil,2,completado,True,183598.92,9,2,2,91799.46
2224,355,2026-07-13,2026,7,Julio,3,2026-07,web,1,cancelado,False,2666.31,1,1,1,2666.31
3066,1290,2026-04-23,2026,4,Abril,2,2026-04,web,2,completado,True,0.0,0,0,0,0.0
232,1197,2024-12-28,2024,12,Diciembre,4,2024-12,app_movil,10,completado,True,105513.59,10,2,2,52756.8
2494,1375,2025-08-09,2025,8,Agosto,3,2025-08,web,8,completado,True,4029.32,9,2,2,2014.66
2111,1666,2025-11-10,2025,11,Noviembre,4,2025-11,tienda_fisica,2,enviado,True,0.0,0,0,0,0.0
1301,1453,2025-07-15,2025,7,Julio,3,2025-07,app_movil,7,completado,True,0.0,0,0,0,0.0
2014,69,2026-01-13,2026,1,Enero,1,2026-01,tienda_fisica,3,cancelado,False,0.0,0,0,0,0.0
2049,37,2024-11-24,2024,11,Noviembre,4,2024-11,tienda_fisica,9,completado,True,0.0,0,0,0,0.0
2270,803,2025-03-07,2025,3,Marzo,1,2025-03,tienda_fisica,4,cancelado,False,23904.0,5,2,2,11952.0
3588,45,2026-07-10,2026,7,Julio,3,2026-07,app_movil,4,completado,True,0.0,0,0,0,0.0
1021,406,2026-01-20,2026,1,Enero,1,2026-01,web,5,completado,True,130479.2,10,2,2,65239.6
394,1484,2024-02-01,2024,2,Febrero,1,2024-02,web,6,enviado,True,0.0,0,0,0,0.0
1774,1189,2025-10-27,2025,10,Octubre,4,2025-10,web,8,completado,True,62340.0,3,1,1,62340.0
549,150,2026-01-14,2026,1,Enero,1,2026-01,app_movil,8,completado,True,0.0,0,0,0,0.0
2953,1249,2024-08-22,2024,8,Agosto,3,2024-08,tienda_fisica,10,enviado,True,532063.9,12,2,2,266031.95
2526,783,2026-01-20,2026,1,Enero,1,2026-01,tienda_fisica,7,enviado,True,0.0,0,0,0,0.0
3314,1171,2025-08-11,2025,8,Agosto,3,2025-08,tienda_fisica,8,completado,True,0.0,0,0,0,0.0
265,1267,2026-07-28,2026,7,Julio,3,2026-07,app_movil,6,enviado,True,10691.84,4,1,1,10691.84
2824,1026,2025-05-02,2025,5,Mayo,2,2025-05,web,12,completado,True,4302.0,6,1,1,4302.0
1221,1939,2026-02-09,2026,2,Febrero,1,2026-02,tienda_fisica,4,completado,True,0.0,0,0,0,0.0
1389,676,2024-08-20,2024,8,Agosto,3,2024-08,app_movil,11,completado,True,0.0,0,0,0,0.0
3462,1789,2024-10-02,2024,10,Octubre,4,2024-10,app_movil,5,enviado,True,0.0,0,0,0,0.0
1350,250,2026-08-20,2026,8,Agosto,3,2026-08,app_movil,2,completado,True,0.0,0,0,0,0.0
3173,1615,2024-08-16,2024,8,Agosto,3,2024-08,app_movil,5,completado,True,0.0,0,0,0,0.0
3353,1695,2026-06-09,2026,6,Junio,2,2026-06,app_movil,7,cancelado,False,34770.33,2,1,1,34770.33
2433,1191,2024-05-13,2024,5,Mayo,2,2024-05,tienda_fisica,12,pendiente,False,120713.64,6,2,2,60356.82
1757,1576,2024-08-08,2024,8,Agosto,3,2024-08,web,9,completado,True,19301.91,14,4,4,4825.48
1567,1737,2025-02-13,2025,2,Febrero,1,2025-02,web,2,cancelado,False,77095.41,3,1,1,77095.41
164,119,2025-01-24,2025,1,Enero,1,2025-01,tienda_fisica,1,completado,True,5316.04,9,2,2,2658.02
3024,986,2024-04-22,2024,4,Abril,2,2024-04,web,12,completado,True,0.0,0,0,0,0.0
1016,420,2024-12-04,2024,12,Diciembre,4,2024-12,app_movil,3,completado,True,23303.35,7,1,1,23303.35
1242,495,2024-08-22,2024,8,Agosto,3,2024-08,web,7,completado,True,271617.26,5,1,1,271617.26
1646,398,2024-10-19,2024,10,Octubre,4,2024-10,web,4,cancelado,False,6062.64,1,1,1,6062.64
212,302,2026-02-13,2026,2,Febrero,1,2026-02,tienda_fisica,4,completado,True,23406.0,2,1,1,23406.0
1276,1743,2025-12-03,2025,12,Diciembre,4,2025-12,web,3,pendiente,False,43357.45,5,1,1,43357.45
948,973,2025-09-24,2025,9,Setiembre,3,2025-09,app_movil,6,enviado,True,0.0,0,0,0,0.0
788,210,2026-07-16,2026,7,Julio,3,2026-07,app_movil,9,completado,True,32984.84,8,2,2,16492.42
947,641,2026-02-15,2026,2,Febrero,1,2026-02,tienda_fisica,1,cancelado,False,40832.61,8,2,2,20416.3
3143,485,2025-08-30,2025,8,Agosto,3,2025-08,web,5,cancelado,False,0.0,0,0,0,0.0
36,879,2024-11-01,2024,11,Noviembre,4,2024-11,app_movil,2,enviado,True,0.0,0,0,0,0.0
2522,1878,2025-05-18,2025,5,Mayo,2,2025-05,web,12,enviado,True,191130.65,5,1,1,191130.65
3285,1435,2024-06-25,2024,6,Junio,2,2024-06,tienda_fisica,6,pendiente,False,111488.1,8,2,2,55744.05
1216,443,2024-05-08,2024,5,Mayo,2,2024-05,app_movil,11,completado,True,0.0,0,0,0,0.0
3044,1441,2026-09-16,2026,9,Setiembre,3,2026-09,tienda_fisica,9,completado,True,23472.18,6,2,2,11736.09
507,1942,2025-08-18,2025,8,Agosto,3,2025-08,app_movil,11,enviado,True,66733.26,6,1,1,66733.26
3361,1467,2025-07-10,2025,7,Julio,3,2025-07,tienda_fisica,7,completado,True,13107.27,9,2,2,6553.64
2097,1909,2026-03-21,2026,3,Marzo,1,2026-03,tienda_fisica,8,completado,True,6814.13,4,2,2,3407.06
2939,1578,2025-05-21,2025,5,Mayo,2,2025-05,web,5,completado,True,2755.2,2,1,1,2755.2
270,550,2024-08-11,2024,8,Agosto,3,2024-08,tienda_fisica,7,enviado,True,49633.42,2,1,1,49633.42
2902,1530,2025-06-27,2025,6,Junio,2,2025-06,web,12,completado,True,195236.18,8,1,1,195236.18
2519,1069,2024-07-28,2024,7,Julio,3,2024-07,tienda_fisica,6,completado,True,0.0,0,0,0,0.0
3329,1921,2026-04-26,2026,4,Abril,2,2026-04,tienda_fisica,5,completado,True,2707.6,5,1,1,2707.6
2038,300,2024-11-03,2024,11,Noviembre,4,2024-11,tienda_fisica,8,pendiente,False,163111.78,10,3,3,54370.59
1233,860,2024-12-11,2024,12,Diciembre,4,2024-12,app_movil,6,cancelado,False,0.0,0,0,0,0.0
1343,940,2024-06-02,2024,6,Junio,2,2024-06,tienda_fisica,12,pendiente,False,1492.23,6,1,1,1492.23
2617,1217,2025-07-19,2025,7,Julio,3,2025-07,app_movil,3,completado,True,21075.43,7,2,2,10537.72
3458,967,2026-05-18,2026,5,Mayo,2,2026-05,web,5,enviado,True,35327.54,10,3,3,11775.85
564,1150,2024-08-09,2024,8,Agosto,3,2024-08,web,2,cancelado,False,158302.88,4,1,1,158302.88
971,622,2025-03-01,2025,3,Marzo,1,2025-03,web,10,pendiente,False,17456.44,2,1,1,17456.44
2239,1637,2025-04-01,2025,4,Abril,2,2025-04,tienda_fisica,2,completado,True,161822.17,21,3,3,53940.72
870,1878,2025-01-03,2025,1,Enero,1,2025-01,app_movil,8,completado,True,0.0,0,0,0,0.0
2542,577,2025-04-04,2025,4,Abril,2,2025-04,web,12,cancelado,False,0.0,0,0,0,0.0
1188,19,2025-07-02,2025,7,Julio,3,2025-07,tienda_fisica,2,completado,True,423.64,1,1,1,423.64
2614,519,2024-04-07,2024,4,Abril,2,2024-04,app_movil,4,completado,True,193195.03,7,1,1,193195.03
344,388,2025-09-07,2025,9,Setiembre,3,2025-09,web,10,completado,True,214781.38,11,4,4,53695.34
2635,1095,2025-05-30,2025,5,Mayo,2,2025-05,app_movil,3,pendiente,False,0.0,0,0,0,0.0
1806,1727,2024-05-29,2024,5,Mayo,2,2024-05,app_movil,3,completado,True,57963.59,2,2,2,28981.8
3449,471,2026-03-29,2026,3,Marzo,1,2026-03,web,4,cancelado,False,0.0,0,0,0,0.0
433,48,2026-06-14,2026,6,Junio,2,2026-06,web,5,completado,True,329.36,2,1,1,329.36
3301,1811,2025-08-18,2025,8,Agosto,3,2025-08,app_movil,11,pendiente,False,71669.34,11,2,2,35834.67
1997,1972,2026-03-20,2026,3,Marzo,1,2026-03,tienda_fisica,2,pendiente,False,188323.6,11,3,3,62774.53
393,1281,2026-06-04,2026,6,Junio,2,2026-06,web,12,completado,True,0.0,0,0,0,0.0
413,514,2026-04-27,2026,4,Abril,2,2026-04,app_movil,7,completado,True,12319.2,5,1,1,12319.2
2636,747,2024-05-29,2024,5,Mayo,2,2024-05,tienda_fisica,7,completado,True,2523.15,3,1,1,2523.15
1511,647,2026-03-10,2026,3,Marzo,1,2026-03,app_movil,5,completado,True,81207.44,20,3,3,27069.15
2102,1648,2025-03-08,2025,3,Marzo,1,2025-03,web,1,completado,True,0.0,0,0,0,0.0
2949,1267,2026-09-24,2026,9,Setiembre,3,2026-09,app_movil,11,cancelado,False,92052.62,8,2,2,46026.31
2471,586,2025-03-23,2025,3,Marzo,1,2025-03,app_movil,4,pendiente,False,83158.14,2,1,1,83158.14
686,1332,2025-03-14,2025,3,Marzo,1,2025-03,app_movil,11,completado,True,0.0,0,0,0,0.0
334,1448,2024-06-19,2024,6,Junio,2,2024-06,tienda_fisica,1,cancelado,False,0.0,0,0,0,0.0
854,1821,2025-11-24,2025,11,Noviembre,4,2025-11,web,3,completado,True,0.0,0,0,0,0.0
2598,1538,2026-07-21,2026,7,Julio,3,2026-07,tienda_fisica,2,cancelado,False,0.0,0,0,0,0.0
3009,582,2025-09-01,2025,9,Setiembre,3,2025-09,app_movil,9,enviado,True,131686.04,10,2,2,65843.02
2261,846,2024-01-09,2024,1,Enero,1,2024-01,web,10,enviado,True,0.0,0,0,0,0.0
3082,599,2024-02-09,2024,2,Febrero,1,2024-02,tienda_fisica,7,completado,True,40231.96,6,2,2,20115.98
2390,612,2025-08-06,2025,8,Agosto,3,2025-08,tienda_fisica,8,completado,True,131904.55,5,1,1,131904.55
386,529,2024-01-25,2024,1,Enero,1,2024-01,app_movil,12,enviado,True,374366.39,8,2,2,187183.2
2608,269,2025-10-18,2025,10,Octubre,4,2025-10,tienda_fisica,1,completado,True,440918.17,21,3,3,146972.72
2129,70,2025-08-13,2025,8,Agosto,3,2025-08,tienda_fisica,6,pendiente,False,0.0,0,0,0,0.0
1304,1718,2025-03-19,2025,3,Marzo,1,2025-03,web,12,pendiente,False,3632.94,1,1,1,3632.94
838,1722,2025-10-06,2025,10,Octubre,4,2025-10,tienda_fisica,9,completado,True,0.0,0,0,0,0.0
3561,346,2026-07-31,2026,7,Julio,3,2026-07,web,5,enviado,True,30409.4,12,2,2,15204.7
2447,1213,2025-04-08,2025,4,Abril,2,2025-04,web,6,completado,True,119502.86,9,2,2,59751.43
3337,412,2024-06-21,2024,6,Junio,2,2024-06,web,4,enviado,True,0.0,0,0,0,0.0
2188,1505,2026-04-18,2026,4,Abril,2,2026-04,web,3,pendiente,False,13570.44,5,2,2,6785.22
2572,161,2026-04-24,2026,4,Abril,2,2026-04,web,4,completado,True,9347.63,7,1,1,9347.63
2878,259,2024-07-06,2024,7,Julio,3,2024-07,web,2,cancelado,False,15436.3,7,3,3,5145.43
719,683,2026-09-20,2026,9,Setiembre,3,2026-09,web,9,completado,True,0.0,0,0,0,0.0
238,1646,2024-05-19,2024,5,Mayo,2,2024-05,app_movil,6,completado,True,52849.14,7,1,1,52849.14
3470,1107,2025-08-12,2025,8,Agosto,3,2025-08,web,1,enviado,True,23441.01,1,1,1,23441.01
263,853,2025-04-10,2025,4,Abril,2,2025-04,app_movil,3,completado,True,13585.49,6,2,2,6792.74
2847,1333,2024-06-17,2024,6,Junio,2,2024-06,app_movil,8,completado,True,80450.37,13,3,3,26816.79
1605,1775,2026-01-26,2026,1,Enero,1,2026-01,app_movil,2,completado,True,23662.77,4,2,2,11831.38
1982,813,2024-08-31,2024,8,Agosto,3,2024-08,web,11,enviado,True,2943.06,2,1,1,2943.06
1248,1550,2026-02-28,2026,2,Febrero,1,2026-02,app_movil,4,completado,True,44093.17,16,3,3,14697.72
140,346,2025-07-06,2025,7,Julio,3,2025-07,web,7,completado,True,0.0,0,0,0,0.0
2328,319,2026-06-30,2026,6,Junio,2,2026-06,web,10,cancelado,False,51685.8,3,1,1,51685.8
2984,134,2026-04-05,2026,4,Abril,2,2026-04,web,3,completado,True,0.0,0,0,0,0.0
985,464,2025-08-09,2025,8,Agosto,3,2025-08,web,11,cancelado,False,0.0,0,0,0,0.0
639,1293,2024-11-25,2024,11,Noviembre,4,2024-11,tienda_fisica,11,enviado,True,4367.99,1,1,1,4367.99
3125,821,2026-06-28,2026,6,Junio,2,2026-06,tienda_fisica,2,completado,True,296407.19,10,2,2,148203.6
1775,1838,2025-06-04,2025,6,Junio,2,2025-06,web,6,pendiente,False,175989.33,14,3,3,58663.11
3011,1480,2025-09-20,2025,9,Setiembre,3,2025-09,web,1,completado,True,3654.56,1,1,1,3654.56
2622,514,2025-03-22,2025,3,Marzo,1,2025-03,tienda_fisica,8,completado,True,0.0,0,0,0,0.0
3482,1992,2024-05-27,2024,5,Mayo,2,2024-05,web,6,completado,True,4014.25,7,1,1,4014.25
908,1918,2025-10-22,2025,10,Octubre,4,2025-10,web,7,enviado,True,106893.09,3,1,1,106893.09
2480,1554,2024-11-24,2024,11,Noviembre,4,2024-11,app_movil,8,completado,True,72281.56,10,3,3,24093.85
3119,943,2025-04-11,2025,4,Abril,2,2025-04,web,7,enviado,True,18044.0,8,2,2,9022.0
1158,638,2026-06-01,2026,6,Junio,2,2026-06,app_movil,11,completado,True,50917.62,3,1,1,50917.62
1133,62,2025-02-25,2025,2,Febrero,1,2025-02,tienda_fisica,11,completado,True,0.0,0,0,0,0.0
871,1501,2024-12-31,2024,12,Diciembre,4,2024-12,web,4,pendiente,False,3879.8,5,1,1,3879.8
3167,1566,2025-08-01,2025,8,Agosto,3,2025-08,tienda_fisica,2,completado,True,16762.68,6,1,1,16762.68
575,1218,2025-06-25,2025,6,Junio,2,2025-06,app_movil,3,pendiente,False,9526.17,4,1,1,9526.17
1043,1902,2026-04-24,2026,4,Abril,2,2026-04,tienda_fisica,10,enviado,True,0.0,0,0,0,0.0
1525,1635,2026-08-10,2026,8,Agosto,3,2026-08,web,11,enviado,True,0.0,0,0,0,0.0
3344,619,2025-03-27,2025,3,Marzo,1,2025-03,tienda_fisica,5,completado,True,62896.64,14,2,2,31448.32
2283,22,2026-08-04,2026,8,Agosto,3,2026-08,tienda_fisica,8,enviado,True,26986.64,4,1,1,26986.64
1199,1546,2024-12-24,2024,12,Diciembre,4,2024-12,app_movil,10,completado,True,3321.0,3,1,1,3321.0
1596,1492,2024-02-22,2024,2,Febrero,1,2024-02,app_movil,5,enviado,True,961.64,2,1,1,961.64
1036,843,2026-07-12,2026,7,Julio,3,2026-07,tienda_fisica,7,cancelado,False,0.0,0,0,0,0.0
2722,1457,2024-09-30,2024,9,Setiembre,3,2024-09,app_movil,11,completado,True,6658.1,2,1,1,6658.1
2768,966,2024-09-29,2024,9,Setiembre,3,2024-09,web,12,enviado,True,0.0,0,0,0,0.0
259,675,2026-03-30,2026,3,Marzo,1,2026-03,app_movil,4,completado,True,211006.86,12,3,3,70335.62
104,1160,2026-02-10,2026,2,Febrero,1,2026-02,app_movil,9,enviado,True,34735.87,2,2,2,17367.94
2103,1722,2026-02-03,2026,2,Febrero,1,2026-02,tienda_fisica,7,completado,True,0.0,0,0,0,0.0
2852,1038,2025-05-17,2025,5,Mayo,2,2025-05,tienda_fisica,5,completado,True,0.0,0,0,0,0.0
56,1195,2026-06-21,2026,6,Junio,2,2026-06,app_movil,10,completado,True,0.0,0,0,0,0.0
2461,1346,2024-11-08,2024,11,Noviembre,4,2024-11,web,5,cancelado,False,67144.5,9,2,2,33572.25
1545,1055,2024-04-05,2024,4,Abril,2,2024-04,app_movil,5,pendiente,False,335202.12,6,1,1,335202.12
826,1307,2025-10-12,2025,10,Octubre,4,2025-10,web,4,completado,True,2024.85,2,1,1,2024.85
1622,1079,2026-06-15,2026,6,Junio,2,2026-06,tienda_fisica,11,pendiente,False,68569.64,3,2,2,34284.82
1548,1618,2025-04-29,2025,4,Abril,2,2025-04,app_movil,12,pendiente,False,20174.08,1,1,1,20174.08
1345,908,2025-10-30,2025,10,Octubre,4,2025-10,app_movil,8,completado,True,133901.33,7,2,2,66950.66
42,989,2026-02-16,2026,2,Febrero,1,2026-02,tienda_fisica,6,completado,True,0.0,0,0,0,0.0
2946,606,2025-08-15,2025,8,Agosto,3,2025-08,app_movil,12,pendiente,False,0.0,0,0,0,0.0
1700,1925,2026-03-20,2026,3,Marzo,1,2026-03,web,10,completado,True,145030.36,18,4,4,36257.59
432,1954,2026-05-20,2026,5,Mayo,2,2026-05,web,11,enviado,True,76620.24,3,1,1,76620.24
58,444,2026-02-07,2026,2,Febrero,1,2026-02,web,7,completado,True,137996.45,5,1,1,137996.45
3047,864,2024-07-11,2024,7,Julio,3,2024-07,web,8,completado,True,10808.22,3,1,1,10808.22
867,1442,2025-12-01,2025,12,Diciembre,4,2025-12,app_movil,2,cancelado,False,0.0,0,0,0,0.0
333,834,2024-03-26,2024,3,Marzo,1,2024-03,app_movil,10,enviado,True,37826.09,12,2,2,18913.04
14,795,2026-08-09,2026,8,Agosto,3,2026-08,tienda_fisica,4,cancelado,False,0.0,0,0,0,0.0
2633,642,2025-03-03,2025,3,Marzo,1,2025-03,web,6,completado,True,73758.44,9,3,3,24586.15
2605,63,2025-04-27,2025,4,Abril,2,2025-04,web,5,completado,True,0.0,0,0,0,0.0
2167,1213,2025-11-27,2025,11,Noviembre,4,2025-11,web,1,cancelado,False,0.0,0,0,0,0.0
1193,769,2025-11-11,2025,11,Noviembre,4,2025-11,tienda_fisica,7,enviado,True,14553.68,2,1,1,14553.68
3025,1981,2026-06-26,2026,6,Junio,2,2026-06,web,10,enviado,True,49287.72,8,2,2,24643.86
1755,503,2024-11-22,2024,11,Noviembre,4,2024-11,app_movil,12,completado,True,60232.0,8,1,1,60232.0
875,964,2025-12-29,2025,12,Diciembre,4,2025-12,app_movil,3,completado,True,0.0,0,0,0,0.0
3405,1265,2025-12-26,2025,12,Diciembre,4,2025-12,app_movil,6,completado,True,0.0,0,0,0,0.0
2258,743,2025-05-30,2025,5,Mayo,2,2025-05,tienda_fisica,7,completado,True,359971.85,13,2,2,179985.92
4,1535,2025-04-11,2025,4,Abril,2,2025-04,tienda_fisica,12,completado,True,33393.8,4,2,2,16696.9
602,877,2025-07-15,2025,7,Julio,3,2025-07,app_movil,6,cancelado,False,0.0,0,0,0,0.0
2444,774,2024-05-05,2024,5,Mayo,2,2024-05,tienda_fisica,4,completado,True,5466.24,6,1,1,5466.24
1812,1752,2025-06-30,2025,6,Junio,2,2025-06,web,1,completado,True,29614.76,3,2,2,14807.38
434,1906,2025-02-01,2025,2,Febrero,1,2025-02,tienda_fisica,10,completado,True,68542.45,5,1,1,68542.45
1096,1693,2025-05-21,2025,5,Mayo,2,2025-05,tienda_fisica,2,pendiente,False,7191.93,9,2,2,3595.96
1134,1743,2024-02-23,2024,2,Febrero,1,2024-02,tienda_fisica,10,completado,True,92509.82,6,2,2,46254.91
380,1551,2025-06-09,2025,6,Junio,2,2025-06,web,7,pendiente,False,2941.28,8,1,1,2941.28
883,719,2026-03-17,2026,3,Marzo,1,2026-03,web,7,enviado,True,26380.91,1,1,1,26380.91
1902,1575,2025-12-24,2025,12,Diciembre,4,2025-12,tienda_fisica,7,pendiente,False,0.0,0,0,0,0.0
3136,1685,2025-04-10,2025,4,Abril,2,2025-04,app_movil,6,pendiente,False,0.0,0,0,0,0.0
1613,1330,2026-08-18,2026,8,Agosto,3,2026-08,web,5,pendiente,False,0.0,0,0,0,0.0
2955,1308,2025-10-02,2025,10,Octubre,4,2025-10,web,3,completado,True,236293.36,15,4,4,59073.34
2169,685,2025-03-14,2025,3,Marzo,1,2025-03,web,10,enviado,True,239749.83,5,1,1,239749.83
3411,1330,2024-01-03,2024,1,Enero,1,2024-01,tienda_fisica,12,enviado,True,0.0,0,0,0,0.0
69,1709,2026-06-15,2026,6,Junio,2,2026-06,tienda_fisica,11,enviado,True,0.0,0,0,0,0.0
387,1731,2025-10-11,2025,10,Octubre,4,2025-10,web,9,cancelado,False,0.0,0,0,0,0.0
373,1076,2026-03-16,2026,3,Marzo,1,2026-03,app_movil,3,completado,True,14805.93,3,1,1,14805.93
1990,116,2024-10-04,2024,10,Octubre,4,2024-10,web,8,completado,True,0.0,0,0,0,0.0
159,771,2025-05-14,2025,5,Mayo,2,2025-05,web,1,pendiente,False,0.0,0,0,0,0.0
2131,1756,2024-02-21,2024,2,Febrero,1,2024-02,app_movil,7,pendiente,False,55934.91,3,1,1,55934.91
2596,1494,2025-03-24,2025,3,Marzo,1,2025-03,web,3,pendiente,False,29369.76,4,2,2,14684.88
2577,1175,2025-02-05,2025,2,Febrero,1,2025-02,app_movil,11,pendiente,False,155226.93,17,3,3,51742.31
339,1729,2026-02-22,2026,2,Febrero,1,2026-02,web,2,completado,True,0.0,0,0,0,0.0
2091,1498,2026-06-09,2026,6,Junio,2,2026-06,app_movil,5,enviado,True,0.0,0,0,0,0.0
2138,1595,2026-09-05,2026,9,Setiembre,3,2026-09,web,1,completado,True,0.0,0,0,0,0.0
1419,1940,2025-12-13,2025,12,Diciembre,4,2025-12,web,2,pendiente,False,0.0,0,0,0,0.0
1162,270,2026-06-10,2026,6,Junio,2,2026-06,web,7,enviado,True,15671.39,10,3,3,5223.8
1379,1097,2024-01-30,2024,1,Enero,1,2024-01,tienda_fisica,8,pendiente,False,72064.87,11,3,3,24021.62
1154,288,2025-08-26,2025,8,Agosto,3,2025-08,app_movil,11,cancelado,False,3520.0,8,1,1,3520.0
633,326,2024-03-15,2024,3,Marzo,1,2024-03,tienda_fisica,7,completado,True,0.0,0,0,0,0.0
1312,1867,2024-03-16,2024,3,Marzo,1,2024-03,app_movil,1,completado,True,10666.75,6,1,1,10666.75
1831,822,2025-11-21,2025,11,Noviembre,4,2025-11,web,7,completado,True,47508.0,3,1,1,47508.0
1063,818,2025-02-24,2025,2,Febrero,1,2025-02,web,6,enviado,True,0.0,0,0,0,0.0
3349,914,2025-04-19,2025,4,Abril,2,2025-04,web,11,cancelado,False,7265.88,2,1,1,7265.88
1789,306,2024-01-31,2024,1,Enero,1,2024-01,web,3,cancelado,False,9636.32,4,1,1,9636.32
321,393,2024-07-03,2024,7,Julio,3,2024-07,tienda_fisica,9,completado,True,1233.58,1,1,1,1233.58
866,181,2025-01-16,2025,1,Enero,1,2025-01,app_movil,6,pendiente,False,176777.72,7,1,1,176777.72
3315,1188,2024-04-10,2024,4,Abril,2,2024-04,app_movil,3,enviado,True,0.0,0,0,0,0.0
3045,1370,2025-09-26,2025,9,Setiembre,3,2025-09,tienda_fisica,6,completado,True,131762.08,4,1,1,131762.08
1288,1485,2025-11-20,2025,11,Noviembre,4,2025-11,app_movil,8,cancelado,False,307655.4,14,2,2,153827.7
779,1548,2024-11-19,2024,11,Noviembre,4,2024-11,tienda_fisica,4,completado,True,15782.33,6,2,2,7891.16
233,77,2026-04-13,2026,4,Abril,2,2026-04,app_movil,3,cancelado,False,0.0,0,0,0,0.0
1120,1825,2025-06-30,2025,6,Junio,2,2025-06,tienda_fisica,1,cancelado,False,13400.0,1,1,1,13400.0
195,196,2025-11-15,2025,11,Noviembre,4,2025-11,app_movil,4,completado,True,0.0,0,0,0,0.0
529,1011,2024-04-04,2024,4,Abril,2,2024-04,tienda_fisica,4,completado,True,4300.74,6,1,1,4300.74
1139,1245,2024-08-09,2024,8,Agosto,3,2024-08,app_movil,9,completado,True,6369.64,3,2,2,3184.82
3112,1473,2025-07-15,2025,7,Julio,3,2025-07,web,11,pendiente,False,0.0,0,0,0,0.0
787,1291,2024-10-02,2024,10,Octubre,4,2024-10,app_movil,11,completado,True,5996.89,6,2,2,2998.44
3505,587,2026-02-27,2026,2,Febrero,1,2026-02,tienda_fisica,5,enviado,True,0.0,0,0,0,0.0
1516,262,2024-07-31,2024,7,Julio,3,2024-07,app_movil,7,pendiente,False,72089.76,5,2,2,36044.88
133,1692,2026-05-27,2026,5,Mayo,2,2026-05,web,9,completado,True,0.0,0,0,0,0.0
1250,395,2024-02-15,2024,2,Febrero,1,2024-02,web,5,completado,True,155056.72,24,5,5,31011.34
552,1306,2025-07-30,2025,7,Julio,3,2025-07,tienda_fisica,2,completado,True,384556.94,18,3,3,128185.65
3304,1904,2025-01-08,2025,1,Enero,1,2025-01,web,2,completado,True,14530.27,6,1,1,14530.27
2655,1206,2024-03-14,2024,3,Marzo,1,2024-03,app_movil,5,completado,True,26847.84,1,1,1,26847.84
2331,824,2025-05-03,2025,5,Mayo,2,2025-05,web,8,enviado,True,223468.08,4,1,1,223468.08
1668,374,2024-10-14,2024,10,Octubre,4,2024-10,web,5,completado,True,178949.48,15,4,4,44737.37
2185,1136,2025-04-29,2025,4,Abril,2,2025-04,web,7,completado,True,29414.82,6,1,1,29414.82
777,285,2024-04-22,2024,4,Abril,2,2024-04,app_movil,6,cancelado,False,389695.45,17,3,3,129898.48
276,974,2024-08-21,2024,8,Agosto,3,2024-08,tienda_fisica,11,completado,True,47226.62,7,1,1,47226.62
442,1746,2026-09-04,2026,9,Setiembre,3,2026-09,web,9,completado,True,154062.89,7,2,2,77031.45
1367,1055,2026-07-05,2026,7,Julio,3,2026-07,tienda_fisica,10,enviado,True,0.0,0,0,0,0.0
797,557,2025-05-21,2025,5,Mayo,2,2025-05,app_movil,12,cancelado,False,36546.89,5,2,2,18273.44
1623,75,2024-03-26,2024,3,Marzo,1,2024-03,tienda_fisica,10,enviado,True,296.55,1,1,1,296.55
1400,355,2025-10-14,2025,10,Octubre,4,2025-10,web,1,completado,True,0.0,0,0,0,0.0
1185,351,2024-04-22,2024,4,Abril,2,2024-04,web,1,enviado,True,2719.6,10,2,2,1359.8
597,1939,2026-07-18,2026,7,Julio,3,2026-07,app_movil,6,completado,True,20775.95,4,3,3,6925.32
708,1420,2024-05-05,2024,5,Mayo,2,2024-05,web,2,pendiente,False,31408.1,13,3,3,10469.37
631,1730,2026-12-06,2026,12,Diciembre,4,2026-12,tienda_fisica,9,pendiente,False,51931.26,13,2,2,25965.63
2094,1617,2024-08-31,2024,8,Agosto,3,2024-08,app_movil,2,pendiente,False,9601.0,1,1,1,9601.0
878,1950,2025-05-28,2025,5,Mayo,2,2025-05,web,1,completado,True,358910.81,15,4,4,89727.7
1539,668,2024-12-30,2024,12,Diciembre,4,2024-12,web,1,completado,True,18056.24,8,1,1,18056.24
2662,497,2024-04-04,2024,4,Abril,2,2024-04,app_movil,9,completado,True,155009.72,6,2,2,77504.86
3595,62,2025-03-31,2025,3,Marzo,1,2025-03,tienda_fisica,5,completado,True,3995.8,7,1,1,3995.8
2841,578,2024-08-28,2024,8,Agosto,3,2024-08,tienda_fisica,7,pendiente,False,0.0,0,0,0,0.0
3230,486,2026-05-24,2026,5,Mayo,2,2026-05,app_movil,10,enviado,True,0.0,0,0,0,0.0
3090,1115,2026-04-19,2026,4,Abril,2,2026-04,web,7,completado,True,82626.18,11,2,2,41313.09
1805,1057,2024-03-03,2024,3,Marzo,1,2024-03,app_movil,2,enviado,True,0.0,0,0,0,0.0
1795,1005,2026-07-21,2026,7,Julio,3,2026-07,web,4,completado,True,0.0,0,0,0,0.0
2751,1365,2025-11-14,2025,11,Noviembre,4,2025-11,web,8,completado,True,44604.05,5,2,2,22302.02
2280,1484,2026-06-07,2026,6,Junio,2,2026-06,web,8,completado,True,0.0,0,0,0,0.0
3039,1252,2025-03-18,2025,3,Marzo,1,2025-03,tienda_fisica,8,pendiente,False,532752.25,14,2,2,266376.12
1617,294,2026-01-01,2026,1,Enero,1,2026-01,app_movil,1,completado,True,154689.7,16,3,3,51563.23
905,1331,2026-07-09,2026,7,Julio,3,2026-07,web,10,completado,True,96774.97,12,2,2,48387.48
475,1764,2026-04-25,2026,4,Abril,2,2026-04,web,7,enviado,True,45513.06,15,3,3,15171.02
2813,328,2025-09-05,2025,9,Setiembre,3,2025-09,web,2,enviado,True,53491.04,4,1,1,53491.04
2948,752,2025-10-12,2025,10,Octubre,4,2025-10,tienda_fisica,6,completado,True,28700.16,8,1,1,28700.16
2490,178,2025-06-03,2025,6,Junio,2,2025-06,web,3,completado,True,0.0,0,0,0,0.0
312,1624,2024-07-28,2024,7,Julio,3,2024-07,app_movil,7,completado,True,7777.96,6,3,3,2592.65
3213,442,2026-05-15,2026,5,Mayo,2,2026-05,tienda_fisica,10,pendiente,False,0.0,0,0,0,0.0
1047,1414,2024-01-18,2024,1,Enero,1,2024-01,web,11,completado,True,108096.47,6,1,1,108096.47
416,90,2026-03-11,2026,3,Marzo,1,2026-03,app_movil,11,completado,True,8098.2,6,2,2,4049.1
1431,1051,2026-03-27,2026,3,Marzo,1,2026-03,tienda_fisica,1,completado,True,0.0,0,0,0,0.0
1171,1835,2026-02-05,2026,2,Febrero,1,2026-02,web,5,pendiente,False,0.0,0,0,0,0.0
1069,1249,2024-04-01,2024,4,Abril,2,2024-04,tienda_fisica,10,completado,True,0.0,0,0,0,0.0
1475,1287,2026-05-23,2026,5,Mayo,2,2026-05,app_movil,1,completado,True,5591.35,3,2,2,2795.68
365,1930,2026-02-12,2026,2,Febrero,1,2026-02,app_movil,7,completado,True,0.0,0,0,0,0.0
2679,1780,2024-10-16,2024,10,Octubre,4,2024-10,app_movil,3,cancelado,False,49004.0,11,2,2,24502.0
1863,1535,2025-12-26,2025,12,Diciembre,4,2025-12,tienda_fisica,4,completado,True,3913.88,4,1,1,3913.88
2926,1752,2025-10-17,2025,10,Octubre,4,2025-10,app_movil,8,completado,True,2384.44,5,1,1,2384.44
2603,1474,2026-08-07,2026,8,Agosto,3,2026-08,app_movil,2,pendiente,False,167601.06,3,1,1,167601.06
3557,838,2026-08-28,2026,8,Agosto,3,2026-08,web,12,completado,True,38080.88,10,2,2,19040.44
3356,1670,2026-08-26,2026,8,Agosto,3,2026-08,app_movil,5,completado,True,0.0,0,0,0,0.0
1828,1434,2025-07-13,2025,7,Julio,3,2025-07,app_movil,4,completado,True,76513.75,11,3,3,25504.58
3206,90,2025-04-08,2025,4,Abril,2,2025-04,app_movil,6,pendiente,False,22637.72,3,2,2,11318.86
898,896,2026-03-12,2026,3,Marzo,1,2026-03,tienda_fisica,8,pendiente,False,155245.27,6,1,1,155245.27
1905,778,2024-05-18,2024,5,Mayo,2,2024-05,web,9,completado,True,0.0,0,0,0,0.0
3095,1838,2025-07-18,2025,7,Julio,3,2025-07,app_movil,3,cancelado,False,324339.66,17,3,3,108113.22
863,1552,2024-07-31,2024,7,Julio,3,2024-07,tienda_fisica,2,completado,True,181118.29,8,3,3,60372.76
3298,329,2025-08-24,2025,8,Agosto,3,2025-08,tienda_fisica,10,completado,True,24870.15,9,2,2,12435.08
391,1284,2025-09-17,2025,9,Setiembre,3,2025-09,app_movil,11,completado,True,179889.29,7,1,1,179889.29
1395,10,2024-12-24,2024,12,Diciembre,4,2024-12,tienda_fisica,3,enviado,True,53452.0,7,1,1,53452.0
1923,1138,2026-06-01,2026,6,Junio,2,2026-06,tienda_fisica,7,cancelado,False,14410.96,4,1,1,14410.96
1054,1603,2026-08-29,2026,8,Agosto,3,2026-08,tienda_fisica,9,completado,True,502972.36,8,1,1,502972.36
359,962,2024-02-27,2024,2,Febrero,1,2024-02,app_movil,11,pendiente,False,30772.88,16,2,2,15386.44
282,1000,2025-12-19,2025,12,Diciembre,4,2025-12,app_movil,11,completado,True,0.0,0,0,0,0.0
3417,1223,2026-08-08,2026,8,Agosto,3,2026-08,tienda_fisica,4,completado,True,44160.51,3,1,1,44160.51
2257,872,2026-03-03,2026,3,Marzo,1,2026-03,app_movil,3,completado,True,8446.29,4,1,1,8446.29
143,1389,2024-01-29,2024,1,Enero,1,2024-01,tienda_fisica,11,cancelado,False,16931.0,7,1,1,16931.0
2170,1104,2025-07-17,2025,7,Julio,3,2025-07,web,12,completado,True,324550.12,6,1,1,324550.12
3031,1240,2025-03-26,2025,3,Marzo,1,2025-03,app_movil,11,pendiente,False,27376.42,7,1,1,27376.42
461,1347,2024-11-04,2024,11,Noviembre,4,2024-11,tienda_fisica,10,completado,True,25345.66,7,1,1,25345.66
1095,1777,2025-06-21,2025,6,Junio,2,2025-06,tienda_fisica,4,enviado,True,19593.0,7,1,1,19593.0
2822,40,2026-01-09,2026,1,Enero,1,2026-01,web,8,pendiente,False,18191.36,8,2,2,9095.68
231,626,2026-09-18,2026,9,Setiembre,3,2026-09,web,12,completado,True,49217.88,6,1,1,49217.88
1508,1606,2026-05-01,2026,5,Mayo,2,2026-05,app_movil,1,cancelado,False,27676.32,8,2,2,13838.16
717,1770,2025-09-16,2025,9,Setiembre,3,2025-09,app_movil,3,completado,True,0.0,0,0,0,0.0
2666,117,2025-11-24,2025,11,Noviembre,4,2025-11,web,5,completado,True,0.0,0,0,0,0.0
2282,1488,2025-07-29,2025,7,Julio,3,2025-07,tienda_fisica,10,pendiente,False,0.0,0,0,0,0.0
571,760,2026-09-22,2026,9,Setiembre,3,2026-09,app_movil,11,pendiente,False,26896.28,10,2,2,13448.14
3346,869,2025-08-19,2025,8,Agosto,3,2025-08,tienda_fisica,4,completado,True,71653.61,13,3,3,23884.54
2784,1454,2025-02-24,2025,2,Febrero,1,2025-02,app_movil,10,enviado,True,23075.36,11,3,3,7691.79
2024,1556,2024-09-27,2024,9,Setiembre,3,2024-09,app_movil,1,cancelado,False,3510.0,5,1,1,3510.0
500,1015,2025-12-11,2025,12,Diciembre,4,2025-12,tienda_fisica,2,enviado,True,281098.93,8,1,1,281098.93
2621,1300,2024-09-28,2024,9,Setiembre,3,2024-09,web,7,pendiente,False,117615.96,8,2,2,58807.98
3481,1610,2025-03-05,2025,3,Marzo,1,2025-03,app_movil,6,completado,True,0.0,0,0,0,0.0
2411,579,2026-12-02,2026,12,Diciembre,4,2026-12,app_movil,7,completado,True,37584.84,15,3,3,12528.28
2857,1458,2024-04-03,2024,4,Abril,2,2024-04,tienda_fisica,11,pendiente,False,171177.84,7,2,2,85588.92
2587,371,2024-04-22,2024,4,Abril,2,2024-04,app_movil,9,cancelado,False,27060.33,3,2,2,13530.16
3528,1884,2026-04-30,2026,4,Abril,2,2026-04,web,10,enviado,True,0.0,0,0,0,0.0
2688,1944,2026-07-22,2026,7,Julio,3,2026-07,web,7,completado,True,0.0,0,0,0,0.0
246,110,2026-08-27,2026,8,Agosto,3,2026-08,web,8,pendiente,False,5747.57,9,2,2,2873.78
3438,1120,2024-01-28,2024,1,Enero,1,2024-01,tienda_fisica,3,completado,True,0.0,0,0,0,0.0
1929,1335,2024-02-12,2024,2,Febrero,1,2024-02,web,11,enviado,True,0.0,0,0,0,0.0
594,513,2024-11-12,2024,11,Noviembre,4,2024-11,web,1,completado,True,175433.86,13,3,3,58477.95
493,1138,2025-06-16,2025,6,Junio,2,2025-06,tienda_fisica,5,enviado,True,0.0,0,0,0,0.0
762,385,2024-10-09,2024,10,Octubre,4,2024-10,tienda_fisica,9,completado,True,56550.9,1,1,1,56550.9
811,1020,2025-12-21,2025,12,Diciembre,4,2025-12,app_movil,1,pendiente,False,1125.68,4,1,1,1125.68
2916,664,2024-01-14,2024,1,Enero,1,2024-01,web,5,completado,True,7086.0,1,1,1,7086.0
2616,1540,2024-08-09,2024,8,Agosto,3,2024-08,tienda_fisica,9,completado,True,0.0,0,0,0,0.0
2339,1615,2025-11-07,2025,11,Noviembre,4,2025-11,web,11,enviado,True,0.0,0,0,0,0.0
1394,1889,2025-09-06,2025,9,Setiembre,3,2025-09,web,6,pendiente,False,36486.24,6,2,2,18243.12
2714,38,2025-11-09,2025,11,Noviembre,4,2025-11,app_movil,1,enviado,True,67134.0,5,1,1,67134.0
872,720,2025-10-23,2025,10,Octubre,4,2025-10,web,1,pendiente,False,182360.26,16,2,2,91180.13
2692,1681,2026-07-01,2026,7,Julio,3,2026-07,web,1,enviado,True,15979.32,4,2,2,7989.66
2352,1626,2026-05-16,2026,5,Mayo,2,2026-05,web,9,cancelado,False,49077.84,6,2,2,24538.92
2042,237,2026-04-13,2026,4,Abril,2,2026-04,web,7,enviado,True,92364.67,9,2,2,46182.34
2529,1543,2024-08-23,2024,8,Agosto,3,2024-08,tienda_fisica,3,completado,True,11479.12,6,3,3,3826.37
1037,1867,2024-08-09,2024,8,Agosto,3,2024-08,tienda_fisica,2,enviado,True,61362.58,12,3,3,20454.19
294,1743,2024-12-10,2024,12,Diciembre,4,2024-12,web,1,completado,True,8525.76,4,1,1,8525.76
1302,302,2026-06-22,2026,6,Junio,2,2026-06,app_movil,2,enviado,True,132871.14,3,2,2,66435.57
1814,1262,2024-09-21,2024,9,Setiembre,3,2024-09,web,3,cancelado,False,2829.21,3,1,1,2829.21
170,1104,2025-04-10,2025,4,Abril,2,2025-04,web,11,cancelado,False,0.0,0,0,0,0.0
3193,563,2026-07-26,2026,7,Julio,3,2026-07,web,3,enviado,True,7848.26,2,1,1,7848.26
611,983,2025-02-10,2025,2,Febrero,1,2025-02,tienda_fisica,7,cancelado,False,61506.11,4,1,1,61506.11
2901,237,2024-04-23,2024,4,Abril,2,2024-04,web,2,enviado,True,10701.71,10,2,2,5350.86
197,962,2025-09-19,2025,9,Setiembre,3,2025-09,tienda_fisica,4,completado,True,14475.24,11,2,2,7237.62
3535,1707,2024-09-11,2024,9,Setiembre,3,2024-09,web,2,completado,True,66007.34,5,1,1,66007.34
3448,1981,2025-07-16,2025,7,Julio,3,2025-07,tienda_fisica,6,completado,True,391562.3,8,1,1,391562.3
3318,681,2025-10-13,2025,10,Octubre,4,2025-10,web,6,pendiente,False,157887.83,9,2,2,78943.91
1286,1249,2024-01-06,2024,1,Enero,1,2024-01,app_movil,5,completado,True,271240.22,15,3,3,90413.41
2795,1046,2025-11-07,2025,11,Noviembre,4,2025-11,app_movil,5,completado,True,28633.84,6,1,1,28633.84
2906,76,2025-09-03,2025,9,Setiembre,3,2025-09,tienda_fisica,5,cancelado,False,0.0,0,0,0,0.0
1196,1407,2025-03-17,2025,3,Marzo,1,2025-03,web,10,completado,True,0.0,0,0,0,0.0
3065,844,2024-12-03,2024,12,Diciembre,4,2024-12,app_movil,3,pendiente,False,0.0,0,0,0,0.0
1741,1347,2026-02-17,2026,2,Febrero,1,2026-02,app_movil,6,completado,True,7452.11,1,1,1,7452.11
1914,1839,2026-09-29,2026,9,Setiembre,3,2026-09,tienda_fisica,9,completado,True,0.0,0,0,0,0.0
1663,589,2025-01-10,2025,1,Enero,1,2025-01,app_movil,11,completado,True,0.0,0,0,0,0.0
3268,283,2026-01-15,2026,1,Enero,1,2026-01,web,4,completado,True,57391.28,8,2,2,28695.64
3399,1592,2026-07-14,2026,7,Julio,3,2026-07,tienda_fisica,4,completado,True,0.0,0,0,0,0.0
2304,1462,2025-08-15,2025,8,Agosto,3,2025-08,web,8,enviado,True,377593.22,12,4,4,94398.3
563,629,2026-02-03,2026,2,Febrero,1,2026-02,web,8,completado,True,16513.22,14,2,2,8256.61
2874,554,2024-06-10,2024,6,Junio,2,2024-06,web,4,completado,True,69796.8,5,2,2,34898.4
1065,311,2026-08-15,2026,8,Agosto,3,2026-08,web,3,cancelado,False,73022.34,13,2,2,36511.17
2086,221,2026-07-26,2026,7,Julio,3,2026-07,tienda_fisica,2,pendiente,False,4853.27,2,1,1,4853.27
3296,35,2025-08-30,2025,8,Agosto,3,2025-08,app_movil,4,completado,True,139626.72,15,3,3,46542.24
1204,1357,2026-02-26,2026,2,Febrero,1,2026-02,app_movil,3,completado,True,308234.62,13,2,2,154117.31
2845,928,2026-08-12,2026,8,Agosto,3,2026-08,app_movil,1,pendiente,False,21383.8,4,1,1,21383.8
3113,1324,2024-10-13,2024,10,Octubre,4,2024-10,web,12,completado,True,22684.64,8,1,1,22684.64
1062,1649,2025-08-05,2025,8,Agosto,3,2025-08,web,4,completado,True,14291.3,3,1,1,14291.3
361,1760,2026-05-06,2026,5,Mayo,2,2026-05,app_movil,10,completado,True,0.0,0,0,0,0.0
2481,1725,2025-07-11,2025,7,Julio,3,2025-07,app_movil,7,enviado,True,5972.48,1,1,1,5972.48
1466,313,2025-11-06,2025,11,Noviembre,4,2025-11,tienda_fisica,5,enviado,True,178233.3,17,3,3,59411.1
1908,825,2024-06-29,2024,6,Junio,2,2024-06,web,11,completado,True,80614.63,10,3,3,26871.54
2628,1974,2025-11-17,2025,11,Noviembre,4,2025-11,tienda_fisica,4,completado,True,0.0,0,0,0,0.0
1861,959,2026-01-03,2026,1,Enero,1,2026-01,web,4,completado,True,1738.14,3,1,1,1738.14
517,506,2026-12-08,2026,12,Diciembre,4,2026-12,web,9,enviado,True,0.0,0,0,0,0.0
326,17,2024-05-10,2024,5,Mayo,2,2024-05,web,7,completado,True,50500.02,2,1,1,50500.02
3177,978,2026-04-28,2026,4,Abril,2,2026-04,web,8,completado,True,163794.14,10,4,4,40948.54
820,1726,2025-02-27,2025,2,Febrero,1,2025-02,tienda_fisica,2,completado,True,170331.28,9,2,2,85165.64
1554,1395,2025-11-09,2025,11,Noviembre,4,2025-11,tienda_fisica,10,completado,True,49906.36,13,2,2,24953.18
2545,851,2024-12-25,2024,12,Diciembre,4,2024-12,app_movil,10,completado,True,2185.34,1,1,1,2185.34
1049,1547,2024-07-05,2024,7,Julio,3,2024-07,tienda_fisica,3,completado,True,0.0,0,0,0,0.0
758,395,2024-05-12,2024,5,Mayo,2,2024-05,web,6,completado,True,103170.79,17,3,3,34390.26
1187,1116,2024-09-27,2024,9,Setiembre,3,2024-09,tienda_fisica,3,completado,True,9063.0,3,1,1,9063.0
2164,1367,2024-08-09,2024,8,Agosto,3,2024-08,tienda_fisica,11,completado,True,0.0,0,0,0,0.0
2213,1048,2025-06-16,2025,6,Junio,2,2025-06,app_movil,1,cancelado,False,8464.98,2,2,2,4232.49
437,526,2026-02-01,2026,2,Febrero,1,2026-02,web,11,completado,True,3397.59,1,1,1,3397.59
2829,927,2025-09-08,2025,9,Setiembre,3,2025-09,tienda_fisica,12,enviado,True,385397.88,14,3,3,128465.96
201,1112,2024-10-13,2024,10,Octubre,4,2024-10,app_movil,4,enviado,True,4295.5,7,2,2,2147.75
1752,862,2026-06-23,2026,6,Junio,2,2026-06,web,6,cancelado,False,3329.05,1,1,1,3329.05
1951,1540,2025-09-25,2025,9,Setiembre,3,2025-09,app_movil,6,cancelado,False,172436.37,3,1,1,172436.37
290,980,2024-03-02,2024,3,Marzo,1,2024-03,web,6,pendiente,False,17970.76,4,2,2,8985.38
1943,1079,2025-08-04,2025,8,Agosto,3,2025-08,tienda_fisica,10,completado,True,0.0,0,0,0,0.0
81,1877,2025-02-18,2025,2,Febrero,1,2025-02,app_movil,3,enviado,True,4548.98,2,1,1,4548.98
1987,1567,2024-07-17,2024,7,Julio,3,2024-07,app_movil,7,completado,True,2339.97,1,1,1,2339.97
659,1419,2026-05-18,2026,5,Mayo,2,2026-05,tienda_fisica,6,completado,True,70196.84,13,3,3,23398.95
2316,637,2025-06-15,2025,6,Junio,2,2025-06,web,9,cancelado,False,26459.89,1,1,1,26459.89
1170,1015,2024-10-16,2024,10,Octubre,4,2024-10,app_movil,11,completado,True,95256.0,12,2,2,47628.0
2286,54,2025-10-28,2025,10,Octubre,4,2025-10,tienda_fisica,4,completado,True,3910.27,7,1,1,3910.27
2230,1340,2026-05-15,2026,5,Mayo,2,2026-05,web,11,enviado,True,205675.04,13,3,3,68558.35
3333,1110,2025-10-27,2025,10,Octubre,4,2025-10,app_movil,12,completado,True,0.0,0,0,0,0.0
2586,1355,2024-03-25,2024,3,Marzo,1,2024-03,web,7,pendiente,False,0.0,0,0,0,0.0
3564,117,2026-09-19,2026,9,Setiembre,3,2026-09,app_movil,2,cancelado,False,0.0,0,0,0,0.0
2166,1578,2026-09-17,2026,9,Setiembre,3,2026-09,app_movil,9,completado,True,0.0,0,0,0,0.0
2863,425,2026-08-07,2026,8,Agosto,3,2026-08,web,4,enviado,True,0.0,0,0,0,0.0
281,1730,2024-10-13,2024,10,Octubre,4,2024-10,app_movil,8,completado,True,0.0,0,0,0,0.0
770,805,2026-08-27,2026,8,Agosto,3,2026-08,app_movil,11,cancelado,False,28316.56,8,1,1,28316.56
3357,703,2026-05-06,2026,5,Mayo,2,2026-05,tienda_fisica,12,completado,True,217265.91,10,2,2,108632.96
689,1195,2024-04-17,2024,4,Abril,2,2024-04,app_movil,6,completado,True,45564.0,3,1,1,45564.0
2051,169,2024-03-01,2024,3,Marzo,1,2024-03,app_movil,4,enviado,True,225731.6,8,1,1,225731.6
1320,709,2024-07-03,2024,7,Julio,3,2024-07,tienda_fisica,5,enviado,True,0.0,0,0,0,0.0
109,1310,2025-01-24,2025,1,Enero,1,2025-01,tienda_fisica,11,completado,True,0.0,0,0,0,0.0
1823,1960,2025-01-17,2025,1,Enero,1,2025-01,app_movil,9,pendiente,False,0.0,0,0,0,0.0
582,952,2025-06-15,2025,6,Junio,2,2025-06,tienda_fisica,12,cancelado,False,0.0,0,0,0,0.0
957,616,2025-10-08,2025,10,Octubre,4,2025-10,tienda_fisica,7,cancelado,False,111030.19,6,1,1,111030.19
1517,1688,2025-12-18,2025,12,Diciembre,4,2025-12,app_movil,11,completado,True,24797.28,10,2,2,12398.64
1716,789,2026-04-16,2026,4,Abril,2,2026-04,app_movil,1,completado,True,2654.9,3,1,1,2654.9
1068,851,2024-06-14,2024,6,Junio,2,2024-06,app_movil,12,cancelado,False,38404.84,4,1,1,38404.84
1520,1002,2026-12-08,2026,12,Diciembre,4,2026-12,app_movil,9,completado,True,42710.1,3,1,1,42710.1
3366,458,2025-11-02,2025,11,Noviembre,4,2025-11,tienda_fisica,4,completado,True,14390.56,3,1,1,14390.56
857,739,2024-06-07,2024,6,Junio,2,2024-06,tienda_fisica,10,pendiente,False,114140.78,8,1,1,114140.78
691,143,2025-01-13,2025,1,Enero,1,2025-01,app_movil,10,cancelado,False,2827.93,7,1,1,2827.93
2856,1317,2025-06-28,2025,6,Junio,2,2025-06,tienda_fisica,10,cancelado,False,105539.11,4,1,1,105539.11
2495,806,2024-08-17,2024,8,Agosto,3,2024-08,app_movil,6,cancelado,False,0.0,0,0,0,0.0
3197,972,2024-02-08,2024,2,Febrero,1,2024-02,web,6,completado,True,56024.0,8,1,1,56024.0
1672,666,2024-01-31,2024,1,Enero,1,2024-01,web,10,completado,True,27398.4,12,3,3,9132.8
1736,1469,2025-07-23,2025,7,Julio,3,2025-07,web,7,completado,True,0.0,0,0,0,0.0
1177,989,2026-03-07,2026,3,Marzo,1,2026-03,web,3,pendiente,False,45546.0,6,1,1,45546.0
482,1082,2025-06-02,2025,6,Junio,2,2025-06,tienda_fisica,3,pendiente,False,4514.06,2,1,1,4514.06
3147,988,2025-09-24,2025,9,Setiembre,3,2025-09,tienda_fisica,5,enviado,True,1424.5,4,1,1,1424.5
230,1395,2024-12-23,2024,12,Diciembre,4,2024-12,app_movil,8,cancelado,False,26993.41,1,1,1,26993.41
2935,1410,2025-10-06,2025,10,Octubre,4,2025-10,tienda_fisica,3,pendiente,False,127900.99,22,5,5,25580.2
1108,1230,2024-10-06,2024,10,Octubre,4,2024-10,web,1,completado,True,17211.6,7,1,1,17211.6
609,1516,2024-09-16,2024,9,Setiembre,3,2024-09,app_movil,9,completado,True,457541.82,14,2,2,228770.91
2437,251,2026-06-28,2026,6,Junio,2,2026-06,web,7,pendiente,False,21356.8,11,2,2,10678.4
120,1459,2024-06-04,2024,6,Junio,2,2024-06,app_movil,3,completado,True,27124.37,7,2,2,13562.18
1479,74,2025-09-11,2025,9,Setiembre,3,2025-09,web,8,enviado,True,0.0,0,0,0,0.0
772,1176,2026-01-20,2026,1,Enero,1,2026-01,web,1,pendiente,False,0.0,0,0,0,0.0
1446,760,2024-08-01,2024,8,Agosto,3,2024-08,app_movil,4,completado,True,17123.43,3,1,1,17123.43
3052,1898,2026-08-19,2026,8,Agosto,3,2026-08,tienda_fisica,6,completado,True,36942.05,4,2,2,18471.03
707,1048,2026-09-27,2026,9,Setiembre,3,2026-09,web,10,cancelado,False,0.0,0,0,0,0.0
378,923,2026-05-04,2026,5,Mayo,2,2026-05,web,9,enviado,True,32090.56,9,3,3,10696.85
1370,1581,2024-10-13,2024,10,Octubre,4,2024-10,tienda_fisica,12,completado,True,0.0,0,0,0,0.0
1597,990,2025-04-02,2025,4,Abril,2,2025-04,tienda_fisica,2,completado,True,0.0,0,0,0,0.0
2885,1492,2025-06-28,2025,6,Junio,2,2025-06,web,10,enviado,True,53986.82,2,1,1,53986.82
2739,1475,2025-10-27,2025,10,Octubre,4,2025-10,web,1,cancelado,False,386094.05,17,4,4,96523.51
2060,1680,2024-01-16,2024,1,Enero,1,2024-01,app_movil,2,completado,True,87914.04,3,1,1,87914.04
3131,1049,2025-04-28,2025,4,Abril,2,2025-04,web,3,enviado,True,15149.53,1,1,1,15149.53
851,299,2025-10-11,2025,10,Octubre,4,2025-10,tienda_fisica,1,completado,True,0.0,0,0,0,0.0
1674,1873,2026-08-17,2026,8,Agosto,3,2026-08,tienda_fisica,7,enviado,True,34486.32,12,3,3,11495.44
1924,1806,2024-05-24,2024,5,Mayo,2,2024-05,tienda_fisica,8,completado,True,8429.83,1,1,1,8429.83
2970,1401,2026-07-22,2026,7,Julio,3,2026-07,tienda_fisica,7,completado,True,89664.71,8,2,2,44832.36
1653,1216,2025-07-02,2025,7,Julio,3,2025-07,web,9,pendiente,False,29432.0,3,1,1,29432.0
3181,57,2026-06-19,2026,6,Junio,2,2026-06,web,9,enviado,True,13103.97,3,1,1,13103.97
1004,384,2024-12-16,2024,12,Diciembre,4,2024-12,web,8,completado,True,0.0,0,0,0,0.0
712,1424,2024-04-30,2024,4,Abril,2,2024-04,app_movil,10,enviado,True,387538.29,7,1,1,387538.29
3046,1563,2025-06-05,2025,6,Junio,2,2025-06,web,2,cancelado,False,229178.29,6,1,1,229178.29
1089,444,2025-11-28,2025,11,Noviembre,4,2025-11,web,1,enviado,True,43577.94,3,1,1,43577.94
3348,276,2025-03-12,2025,3,Marzo,1,2025-03,tienda_fisica,12,completado,True,44156.63,3,1,1,44156.63
1808,1553,2025-11-06,2025,11,Noviembre,4,2025-11,app_movil,6,completado,True,0.0,0,0,0,0.0
658,1661,2024-04-08,2024,4,Abril,2,2024-04,tienda_fisica,12,completado,True,108309.2,13,3,3,36103.07
1044,1481,2024-03-03,2024,3,Marzo,1,2024-03,app_movil,9,cancelado,False,244739.79,12,4,4,61184.95
2401,184,2026-03-18,2026,3,Marzo,1,2026-03,web,6,cancelado,False,131006.02,11,3,3,43668.67
1323,1505,2025-04-09,2025,4,Abril,2,2025-04,web,4,completado,True,9855.36,4,1,1,9855.36
3506,774,2025-08-26,2025,8,Agosto,3,2025-08,web,1,cancelado,False,41188.0,7,1,1,41188.0
1261,120,2025-11-28,2025,11,Noviembre,4,2025-11,app_movil,2,completado,True,8144.75,9,2,2,4072.38
128,1821,2025-05-26,2025,5,Mayo,2,2025-05,tienda_fisica,9,completado,True,373958.91,24,4,4,93489.73
579,1877,2024-07-25,2024,7,Julio,3,2024-07,app_movil,11,pendiente,False,917.1,1,1,1,917.1
2247,894,2026-05-12,2026,5,Mayo,2,2026-05,tienda_fisica,11,completado,True,0.0,0,0,0,0.0
293,482,2024-12-25,2024,12,Diciembre,4,2024-12,tienda_fisica,8,enviado,True,0.0,0,0,0,0.0
2039,346,2025-12-15,2025,12,Diciembre,4,2025-12,web,6,pendiente,False,208360.19,11,2,2,104180.1
403,1857,2025-02-24,2025,2,Febrero,1,2025-02,web,7,completado,True,203181.76,11,3,3,67727.25
519,1903,2025-05-04,2025,5,Mayo,2,2025-05,tienda_fisica,10,completado,True,57065.73,3,1,1,57065.73
132,494,2025-05-31,2025,5,Mayo,2,2025-05,web,6,enviado,True,85949.26,7,2,2,42974.63
2438,1382,2026-09-11,2026,9,Setiembre,3,2026-09,tienda_fisica,7,completado,True,0.0,0,0,0,0.0
483,531,2026-02-26,2026,2,Febrero,1,2026-02,tienda_fisica,9,pendiente,False,121860.72,8,1,1,121860.72
865,666,2025-08-10,2025,8,Agosto,3,2025-08,app_movil,9,cancelado,False,73150.51,12,3,3,24383.5
84,1650,2026-06-15,2026,6,Junio,2,2026-06,app_movil,2,cancelado,False,5774.25,3,1,1,5774.25
1639,1918,2026-09-21,2026,9,Setiembre,3,2026-09,app_movil,6,completado,True,275214.15,5,1,1,275214.15
2848,1452,2025-01-17,2025,1,Enero,1,2025-01,tienda_fisica,3,completado,True,204320.64,8,1,1,204320.64
534,16,2026-05-27,2026,5,Mayo,2,2026-05,tienda_fisica,8,cancelado,False,37316.17,3,2,2,18658.08
2750,1135,2024-12-20,2024,12,Diciembre,4,2024-12,app_movil,12,completado,True,2181.84,1,1,1,2181.84
1006,474,2024-08-28,2024,8,Agosto,3,2024-08,web,9,completado,True,0.0,0,0,0,0.0
935,578,2024-11-27,2024,11,Noviembre,4,2024-11,app_movil,10,completado,True,48693.94,10,2,2,24346.97
1026,898,2025-07-05,2025,7,Julio,3,2025-07,web,12,completado,True,29419.9,5,1,1,29419.9
1592,1316,2024-05-10,2024,5,Mayo,2,2024-05,app_movil,1,completado,True,0.0,0,0,0,0.0
1200,1391,2026-05-08,2026,5,Mayo,2,2026-05,web,12,completado,True,29836.21,10,2,2,14918.1
2730,1118,2024-05-11,2024,5,Mayo,2,2024-05,tienda_fisica,10,pendiente,False,55288.2,8,2,2,27644.1
1495,850,2026-08-04,2026,8,Agosto,3,2026-08,app_movil,6,pendiente,False,9790.07,4,1,1,9790.07
202,1102,2026-04-22,2026,4,Abril,2,2026-04,app_movil,4,completado,True,301176.98,18,4,4,75294.24
1371,1695,2024-03-08,2024,3,Marzo,1,2024-03,tienda_fisica,4,completado,True,0.0,0,0,0,0.0
287,1226,2024-10-18,2024,10,Octubre,4,2024-10,web,6,completado,True,0.0,0,0,0,0.0
815,1356,2025-07-02,2025,7,Julio,3,2025-07,app_movil,8,completado,True,41085.86,6,2,2,20542.93
2359,1755,2024-09-05,2024,9,Setiembre,3,2024-09,app_movil,9,enviado,True,0.0,0,0,0,0.0
338,959,2025-11-19,2025,11,Noviembre,4,2025-11,app_movil,7,enviado,True,45838.74,5,2,2,22919.37
1027,329,2024-06-19,2024,6,Junio,2,2024-06,web,2,completado,True,0.0,0,0,0,0.0
2839,199,2024-07-05,2024,7,Julio,3,2024-07,tienda_fisica,6,completado,True,114033.89,8,1,1,114033.89
3452,1290,2025-05-27,2025,5,Mayo,2,2025-05,app_movil,4,pendiente,False,337836.33,25,5,5,67567.27
2894,31,2025-09-09,2025,9,Setiembre,3,2025-09,web,1,completado,True,6658.1,2,1,1,6658.1
798,1685,2026-08-23,2026,8,Agosto,3,2026-08,web,9,pendiente,False,0.0,0,0,0,0.0
1717,1607,2025-09-10,2025,9,Setiembre,3,2025-09,web,12,pendiente,False,16762.68,6,1,1,16762.68
894,1058,2025-08-12,2025,8,Agosto,3,2025-08,app_movil,12,completado,True,1042.83,1,1,1,1042.83
2126,1245,2025-08-30,2025,8,Agosto,3,2025-08,app_movil,8,pendiente,False,0.0,0,0,0,0.0
1742,1052,2026-04-05,2026,4,Abril,2,2026-04,tienda_fisica,7,cancelado,False,17063.56,3,2,2,8531.78
1220,375,2025-01-25,2025,1,Enero,1,2025-01,web,12,completado,True,846105.86,14,2,2,423052.93
2775,56,2025-10-21,2025,10,Octubre,4,2025-10,web,1,cancelado,False,0.0,0,0,0,0.0
167,1348,2024-11-23,2024,11,Noviembre,4,2024-11,tienda_fisica,8,pendiente,False,0.0,0,0,0,0.0
467,1837,2026-08-19,2026,8,Agosto,3,2026-08,app_movil,4,cancelado,False,60997.56,12,2,2,30498.78
1294,339,2025-09-06,2025,9,Setiembre,3,2025-09,web,10,completado,True,5887.35,7,1,1,5887.35
2781,692,2025-08-17,2025,8,Agosto,3,2025-08,tienda_fisica,12,completado,True,3397.59,1,1,1,3397.59
1488,726,2025-05-13,2025,5,Mayo,2,2025-05,tienda_fisica,4,enviado,True,38179.2,5,1,1,38179.2
1155,406,2024-04-29,2024,4,Abril,2,2024-04,app_movil,6,pendiente,False,0.0,0,0,0,0.0
3547,1631,2025-05-16,2025,5,Mayo,2,2025-05,web,6,enviado,True,0.0,0,0,0,0.0
3114,631,2025-06-11,2025,6,Junio,2,2025-06,tienda_fisica,4,completado,True,287723.31,11,2,2,143861.66
3549,124,2026-08-10,2026,8,Agosto,3,2026-08,tienda_fisica,6,cancelado,False,0.0,0,0,0,0.0
1022,749,2026-02-08,2026,2,Febrero,1,2026-02,tienda_fisica,3,cancelado,False,1834.22,1,1,1,1834.22
2348,421,2024-11-09,2024,11,Noviembre,4,2024-11,app_movil,7,pendiente,False,0.0,0,0,0,0.0
47,1900,2025-08-18,2025,8,Agosto,3,2025-08,web,4,enviado,True,4807.72,4,1,1,4807.72
3261,660,2025-12-10,2025,12,Diciembre,4,2025-12,web,11,enviado,True,105205.85,8,2,2,52602.92
1872,1586,2025-04-17,2025,4,Abril,2,2025-04,web,1,completado,True,3803.76,8,1,1,3803.76
2697,1603,2026-01-02,2026,1,Enero,1,2026-01,app_movil,5,enviado,True,0.0,0,0,0,0.0
144,1137,2025-11-16,2025,11,Noviembre,4,2025-11,tienda_fisica,7,cancelado,False,21927.36,6,1,1,21927.36
1311,418,2026-02-02,2026,2,Febrero,1,2026-02,web,1,pendiente,False,165479.15,5,2,2,82739.58
1815,1206,2025-05-05,2025,5,Mayo,2,2025-05,tienda_fisica,12,pendiente,False,113199.15,11,2,2,56599.58
3105,966,2025-01-28,2025,1,Enero,1,2025-01,tienda_fisica,2,completado,True,5255.85,1,1,1,5255.85
2486,767,2025-12-08,2025,12,Diciembre,4,2025-12,app_movil,3,pendiente,False,19594.02,3,1,1,19594.02
1391,1322,2024-01-15,2024,1,Enero,1,2024-01,app_movil,4,enviado,True,17518.94,3,2,2,8759.47
1847,576,2025-03-18,2025,3,Marzo,1,2025-03,web,11,pendiente,False,15099.88,4,1,1,15099.88
3322,583,2026-05-18,2026,5,Mayo,2,2026-05,tienda_fisica,9,cancelado,False,175416.62,15,3,3,58472.21
1111,166,2025-12-12,2025,12,Diciembre,4,2025-12,app_movil,3,completado,True,5054.76,3,2,2,2527.38
897,146,2026-09-25,2026,9,Setiembre,3,2026-09,app_movil,1,completado,True,0.0,0,0,0,0.0
3130,643,2025-02-08,2025,2,Febrero,1,2025-02,app_movil,1,completado,True,96493.08,7,1,1,96493.08
2560,1324,2025-05-08,2025,5,Mayo,2,2025-05,app_movil,5,completado,True,0.0,0,0,0,0.0
1703,1896,2025-03-23,2025,3,Marzo,1,2025-03,web,2,completado,True,6990.6,3,1,1,6990.6
2007,1823,2024-10-22,2024,10,Octubre,4,2024-10,app_movil,12,completado,True,32371.15,13,3,3,10790.38
1085,1347,2026-09-28,2026,9,Setiembre,3,2026-09,app_movil,11,completado,True,32031.04,7,2,2,16015.52
837,1098,2025-03-14,2025,3,Marzo,1,2025-03,web,6,completado,True,0.0,0,0,0,0.0
1266,996,2025-01-06,2025,1,Enero,1,2025-01,app_movil,5,pendiente,False,41215.9,10,2,2,20607.95
2375,718,2025-12-28,2025,12,Diciembre,4,2025-12,tienda_fisica,6,pendiente,False,98070.67,4,2,2,49035.34
2699,1244,2025-05-24,2025,5,Mayo,2,2025-05,web,2,pendiente,False,12917.12,1,1,1,12917.12
1714,1781,2026-05-08,2026,5,Mayo,2,2026-05,web,8,cancelado,False,51574.27,7,1,1,51574.27
844,111,2024-03-16,2024,3,Marzo,1,2024-03,web,7,completado,True,0.0,0,0,0,0.0
1779,308,2026-03-12,2026,3,Marzo,1,2026-03,tienda_fisica,10,cancelado,False,0.0,0,0,0,0.0
1137,1517,2024-02-26,2024,2,Febrero,1,2024-02,app_movil,10,pendiente,False,0.0,0,0,0,0.0
913,886,2026-09-05,2026,9,Setiembre,3,2026-09,web,3,completado,True,101500.0,4,1,1,101500.0
634,467,2025-08-07,2025,8,Agosto,3,2025-08,app_movil,1,completado,True,36374.38,9,2,2,18187.19
525,618,2025-08-23,2025,8,Agosto,3,2025-08,app_movil,3,completado,True,24894.74,1,1,1,24894.74
1890,1619,2024-07-22,2024,7,Julio,3,2024-07,tienda_fisica,7,cancelado,False,16645.25,5,1,1,16645.25
3303,920,2026-04-05,2026,4,Abril,2,2026-04,tienda_fisica,3,enviado,True,0.0,0,0,0,0.0
1572,1378,2026-09-25,2026,9,Setiembre,3,2026-09,app_movil,1,cancelado,False,6379.4,2,1,1,6379.4
610,949,2026-04-09,2026,4,Abril,2,2026-04,web,2,cancelado,False,22886.12,2,1,1,22886.12
3128,652,2026-02-19,2026,2,Febrero,1,2026-02,tienda_fisica,9,completado,True,208103.54,18,3,3,69367.85
3028,1035,2026-08-04,2026,8,Agosto,3,2026-08,web,11,completado,True,60700.43,7,1,1,60700.43
2803,1309,2026-07-18,2026,7,Julio,3,2026-07,app_movil,11,cancelado,False,1330.96,4,1,1,1330.96
1136,527,2026-08-15,2026,8,Agosto,3,2026-08,tienda_fisica,5,completado,True,6077.68,8,1,1,6077.68
1088,883,2024-02-28,2024,2,Febrero,1,2024-02,app_movil,8,enviado,True,0.0,0,0,0,0.0
75,802,2025-06-25,2025,6,Junio,2,2025-06,app_movil,9,completado,True,50500.02,2,1,1,50500.02
1581,1351,2025-10-08,2025,10,Octubre,4,2025-10,web,4,completado,True,34969.42,5,2,2,17484.71
417,466,2024-12-13,2024,12,Diciembre,4,2024-12,web,10,cancelado,False,0.0,0,0,0,0.0
3054,554,2026-01-04,2026,1,Enero,1,2026-01,tienda_fisica,8,cancelado,False,0.0,0,0,0,0.0
790,1903,2026-05-16,2026,5,Mayo,2,2026-05,app_movil,12,completado,True,41614.72,8,2,2,20807.36
1733,609,2025-09-08,2025,9,Setiembre,3,2025-09,web,2,completado,True,49195.72,15,4,4,12298.93
2579,1284,2026-05-18,2026,5,Mayo,2,2026-05,app_movil,10,completado,True,1756.24,3,1,1,1756.24
1533,1029,2025-04-20,2025,4,Abril,2,2025-04,web,12,completado,True,0.0,0,0,0,0.0
1278,1883,2024-08-15,2024,8,Agosto,3,2024-08,app_movil,5,enviado,True,0.0,0,0,0,0.0
25,150,2026-04-28,2026,4,Abril,2,2026-04,web,11,pendiente,False,46062.24,8,1,1,46062.24
2184,931,2025-09-20,2025,9,Setiembre,3,2025-09,app_movil,1,enviado,True,474722.84,15,2,2,237361.42
2792,1853,2024-09-29,2024,9,Setiembre,3,2024-09,tienda_fisica,11,completado,True,88500.2,8,3,3,29500.07
1790,1581,2026-03-05,2026,3,Marzo,1,2026-03,app_movil,8,cancelado,False,7931.1,2,2,2,3965.55
2349,1339,2025-08-19,2025,8,Agosto,3,2025-08,web,10,completado,True,390048.2,9,2,2,195024.1
3563,491,2025-04-16,2025,4,Abril,2,2025-04,tienda_fisica,1,completado,True,96479.18,17,4,4,24119.8
3217,367,2026-08-16,2026,8,Agosto,3,2026-08,web,7,completado,True,13062.68,2,1,1,13062.68
1099,1822,2025-03-03,2025,3,Marzo,1,2025-03,app_movil,4,completado,True,127248.89,5,1,1,127248.89
3370,281,2024-09-19,2024,9,Setiembre,3,2024-09,web,4,pendiente,False,12871.08,3,2,2,6435.54
3517,1491,2024-11-06,2024,11,Noviembre,4,2024-11,tienda_fisica,1,completado,True,90205.34,15,4,4,22551.34
1376,1361,2025-01-28,2025,1,Enero,1,2025-01,tienda_fisica,9,completado,True,69818.23,10,2,2,34909.12
986,1455,2025-09-04,2025,9,Setiembre,3,2025-09,tienda_fisica,4,completado,True,0.0,0,0,0,0.0
3388,1576,2024-10-22,2024,10,Octubre,4,2024-10,tienda_fisica,9,pendiente,False,132126.21,9,2,2,66063.1
190,1971,2025-03-06,2025,3,Marzo,1,2025-03,app_movil,4,completado,True,15052.07,1,1,1,15052.07
1892,949,2024-09-29,2024,9,Setiembre,3,2024-09,web,6,completado,True,15122.54,5,2,2,7561.27
1455,1701,2024-05-10,2024,5,Mayo,2,2024-05,app_movil,4,cancelado,False,0.0,0,0,0,0.0
1514,1186,2026-07-03,2026,7,Julio,3,2026-07,app_movil,4,completado,True,87902.48,14,2,2,43951.24
573,1743,2025-12-26,2025,12,Diciembre,4,2025-12,app_movil,8,pendiente,False,0.0,0,0,0,0.0
2835,1140,2025-01-28,2025,1,Enero,1,2025-01,app_movil,5,pendiente,False,107335.16,7,2,2,53667.58
2736,1181,2026-02-21,2026,2,Febrero,1,2026-02,tienda_fisica,8,cancelado,False,20224.0,1,1,1,20224.0
1512,1687,2026-08-02,2026,8,Agosto,3,2026-08,app_movil,5,enviado,True,614.08,2,1,1,614.08
1128,1528,2024-08-19,2024,8,Agosto,3,2024-08,app_movil,5,pendiente,False,35207.28,6,1,1,35207.28
1915,698,2025-04-19,2025,4,Abril,2,2025-04,web,9,completado,True,201086.58,14,3,3,67028.86
1732,1740,2025-01-10,2025,1,Enero,1,2025-01,web,11,cancelado,False,0.0,0,0,0,0.0
2951,1779,2024-06-08,2024,6,Junio,2,2024-06,tienda_fisica,10,pendiente,False,148629.31,15,3,3,49543.1
3480,1149,2025-02-01,2025,2,Febrero,1,2025-02,app_movil,3,completado,True,428546.01,15,2,2,214273.0
3067,786,2024-11-29,2024,11,Noviembre,4,2024-11,tienda_fisica,3,enviado,True,123579.64,7,3,3,41193.21
1489,1125,2026-04-04,2026,4,Abril,2,2026-04,app_movil,10,completado,True,0.0,0,0,0,0.0
111,1681,2025-02-01,2025,2,Febrero,1,2025-02,tienda_fisica,4,completado,True,0.0,0,0,0,0.0
2704,1585,2025-06-23,2025,6,Junio,2,2025-06,app_movil,10,enviado,True,4935.24,2,1,1,4935.24
1979,1852,2024-07-23,2024,7,Julio,3,2024-07,web,4,completado,True,122290.0,7,1,1,122290.0
3553,1353,2025-11-20,2025,11,Noviembre,4,2025-11,tienda_fisica,7,completado,True,10205.0,5,1,1,10205.0
3363,1527,2026-05-19,2026,5,Mayo,2,2026-05,web,8,pendiente,False,237442.95,20,4,4,59360.74
1461,1736,2025-06-23,2025,6,Junio,2,2025-06,tienda_fisica,12,pendiente,False,0.0,0,0,0,0.0
1494,575,2025-04-18,2025,4,Abril,2,2025-04,web,7,completado,True,11839.05,7,2,2,5919.52
2023,1195,2026-01-06,2026,1,Enero,1,2026-01,tienda_fisica,5,enviado,True,280580.26,7,2,2,140290.13
1822,244,2024-03-15,2024,3,Marzo,1,2024-03,tienda_fisica,6,completado,True,472564.36,25,4,4,118141.09
2450,345,2025-04-03,2025,4,Abril,2,2025-04,tienda_fisica,10,enviado,True,0.0,0,0,0,0.0
1880,80,2024-09-24,2024,9,Setiembre,3,2024-09,web,3,pendiente,False,20005.42,5,2,2,10002.71
3530,1044,2024-12-16,2024,12,Diciembre,4,2024-12,tienda_fisica,9,completado,True,0.0,0,0,0,0.0
2989,153,2026-05-22,2026,5,Mayo,2,2026-05,tienda_fisica,5,completado,True,0.0,0,0,0,0.0
2398,885,2026-02-10,2026,2,Febrero,1,2026-02,tienda_fisica,10,pendiente,False,42201.24,11,2,2,21100.62
1023,558,2025-06-29,2025,6,Junio,2,2025-06,tienda_fisica,1,cancelado,False,0.0,0,0,0,0.0
3271,1738,2024-07-24,2024,7,Julio,3,2024-07,app_movil,2,completado,True,2027.82,1,1,1,2027.82
1659,996,2025-09-23,2025,9,Setiembre,3,2025-09,tienda_fisica,3,completado,True,127927.96,11,2,2,63963.98
3421,1880,2024-07-07,2024,7,Julio,3,2024-07,app_movil,2,completado,True,38907.41,1,1,1,38907.41
2254,1589,2026-04-17,2026,4,Abril,2,2026-04,web,5,pendiente,False,153131.75,10,2,2,76565.88
466,906,2025-09-21,2025,9,Setiembre,3,2025-09,web,8,pendiente,False,35391.28,8,2,2,17695.64
796,458,2024-02-13,2024,2,Febrero,1,2024-02,app_movil,5,completado,True,33594.25,7,1,1,33594.25
2242,1908,2026-09-03,2026,9,Setiembre,3,2026-09,tienda_fisica,8,enviado,True,334004.22,14,3,3,111334.74
969,1362,2025-09-18,2025,9,Setiembre,3,2025-09,web,11,enviado,True,7186.0,2,1,1,7186.0
2712,1078,2024-08-15,2024,8,Agosto,3,2024-08,tienda_fisica,6,enviado,True,277030.04,7,1,1,277030.04
2994,1061,2026-09-20,2026,9,Setiembre,3,2026-09,web,8,pendiente,False,67691.12,7,1,1,67691.12
2000,1740,2026-01-14,2026,1,Enero,1,2026-01,web,7,completado,True,88480.73,16,3,3,29493.58
2179,902,2024-03-16,2024,3,Marzo,1,2024-03,tienda_fisica,10,cancelado,False,118363.19,14,3,3,39454.4
399,391,2026-08-04,2026,8,Agosto,3,2026-08,web,2,enviado,True,6195.37,3,1,1,6195.37
2724,880,2025-02-11,2025,2,Febrero,1,2025-02,tienda_fisica,12,completado,True,24888.07,15,2,2,12444.04
3418,1300,2024-08-05,2024,8,Agosto,3,2024-08,web,12,completado,True,162373.71,12,2,2,81186.86
623,211,2025-01-09,2025,1,Enero,1,2025-01,tienda_fisica,3,enviado,True,707.01,3,1,1,707.01
1821,1633,2025-01-17,2025,1,Enero,1,2025-01,app_movil,12,pendiente,False,164456.76,6,1,1,164456.76
3313,1278,2025-01-15,2025,1,Enero,1,2025-01,tienda_fisica,7,completado,True,18030.39,7,1,1,18030.39
3215,1520,2024-10-31,2024,10,Octubre,4,2024-10,tienda_fisica,7,cancelado,False,128793.66,9,2,2,64396.83
150,151,2025-09-21,2025,9,Setiembre,3,2025-09,web,9,completado,True,6062.64,1,1,1,6062.64
2541,1522,2026-06-26,2026,6,Junio,2,2026-06,app_movil,8,pendiente,False,0.0,0,0,0,0.0
1723,1684,2024-10-27,2024,10,Octubre,4,2024-10,tienda_fisica,6,completado,True,0.0,0,0,0,0.0
2020,1735,2026-08-23,2026,8,Agosto,3,2026-08,web,2,completado,True,393558.69,7,1,1,393558.69
2226,1175,2025-10-30,2025,10,Octubre,4,2025-10,web,2,enviado,True,217132.99,19,3,3,72377.66
3599,469,2024-09-08,2024,9,Setiembre,3,2024-09,web,3,cancelado,False,224890.68,4,1,1,224890.68
2927,173,2026-08-25,2026,8,Agosto,3,2026-08,tienda_fisica,4,pendiente,False,260121.23,12,3,3,86707.08
422,1104,2025-04-26,2025,4,Abril,2,2025-04,tienda_fisica,8,enviado,True,2447.27,1,1,1,2447.27
3088,1414,2026-01-14,2026,1,Enero,1,2026-01,app_movil,7,completado,True,6747.0,1,1,1,6747.0
3091,504,2026-05-12,2026,5,Mayo,2,2026-05,tienda_fisica,4,pendiente,False,137075.62,7,1,1,137075.62
2798,1954,2026-05-01,2026,5,Mayo,2,2026-05,web,9,enviado,True,176063.6,9,2,2,88031.8
2425,1296,2026-09-06,2026,9,Setiembre,3,2026-09,web,3,enviado,True,20020.64,8,1,1,20020.64
1265,1324,2025-03-06,2025,3,Marzo,1,2025-03,app_movil,1,completado,True,24068.79,5,1,1,24068.79
92,146,2024-11-09,2024,11,Noviembre,4,2024-11,web,3,cancelado,False,36407.18,4,1,1,36407.18
3013,745,2024-09-22,2024,9,Setiembre,3,2024-09,tienda_fisica,6,completado,True,392823.81,24,4,4,98205.95
1483,23,2026-01-08,2026,1,Enero,1,2026-01,tienda_fisica,11,pendiente,False,23760.95,10,2,2,11880.48
426,869,2024-06-28,2024,6,Junio,2,2024-06,web,12,enviado,True,0.0,0,0,0,0.0
2728,106,2026-02-13,2026,2,Febrero,1,2026-02,tienda_fisica,10,completado,True,229282.73,27,4,4,57320.68
667,1527,2024-11-28,2024,11,Noviembre,4,2024-11,web,6,cancelado,False,0.0,0,0,0,0.0
766,1733,2025-08-09,2025,8,Agosto,3,2025-08,tienda_fisica,10,completado,True,15035.28,2,1,1,15035.28
347,180,2026-08-29,2026,8,Agosto,3,2026-08,app_movil,1,completado,True,83949.55,5,1,1,83949.55
3299,1251,2026-06-17,2026,6,Junio,2,2026-06,app_movil,11,completado,True,0.0,0,0,0,0.0
2954,1199,2025-05-22,2025,5,Mayo,2,2025-05,app_movil,10,cancelado,False,64821.2,16,2,2,32410.6
1594,1215,2025-06-28,2025,6,Junio,2,2025-06,app_movil,1,pendiente,False,0.0,0,0,0,0.0
274,350,2025-08-24,2025,8,Agosto,3,2025-08,tienda_fisica,5,pendiente,False,0.0,0,0,0,0.0
827,682,2025-05-09,2025,5,Mayo,2,2025-05,app_movil,3,enviado,True,0.0,0,0,0,0.0
745,443,2024-04-02,2024,4,Abril,2,2024-04,web,1,completado,True,0.0,0,0,0,0.0
291,1730,2024-05-24,2024,5,Mayo,2,2024-05,app_movil,5,pendiente,False,0.0,0,0,0,0.0
1754,967,2025-05-12,2025,5,Mayo,2,2025-05,tienda_fisica,3,pendiente,False,929.98,5,1,1,929.98
1493,350,2025-05-04,2025,5,Mayo,2,2025-05,tienda_fisica,4,completado,True,457104.74,10,2,2,228552.37
1939,1897,2025-03-16,2025,3,Marzo,1,2025-03,app_movil,4,pendiente,False,95686.44,9,2,2,47843.22
1035,276,2026-07-03,2026,7,Julio,3,2026-07,web,6,completado,True,225731.6,8,1,1,225731.6
2046,1750,2025-06-03,2025,6,Junio,2,2025-06,web,10,cancelado,False,25919.69,7,2,2,12959.84
1631,1306,2026-05-23,2026,5,Mayo,2,2026-05,tienda_fisica,12,completado,True,500726.12,15,4,4,125181.53
2347,1402,2026-06-09,2026,6,Junio,2,2026-06,tienda_fisica,2,enviado,True,36472.89,6,2,2,18236.44
1747,1381,2026-09-04,2026,9,Setiembre,3,2026-09,web,11,enviado,True,0.0,0,0,0,0.0
769,1697,2024-12-24,2024,12,Diciembre,4,2024-12,tienda_fisica,2,pendiente,False,0.0,0,0,0,0.0
3429,768,2024-05-08,2024,5,Mayo,2,2024-05,web,7,cancelado,False,237755.14,10,3,3,79251.71
829,652,2025-08-09,2025,8,Agosto,3,2025-08,web,7,cancelado,False,19314.58,4,2,2,9657.29
2249,1382,2025-04-09,2025,4,Abril,2,2025-04,app_movil,2,cancelado,False,8347.13,4,1,1,8347.13
1356,1895,2025-03-08,2025,3,Marzo,1,2025-03,app_movil,12,cancelado,False,326310.5,12,3,3,108770.17
3225,1766,2025-09-14,2025,9,Setiembre,3,2025-09,tienda_fisica,5,completado,True,52101.3,6,1,1,52101.3
2463,1397,2024-04-17,2024,4,Abril,2,2024-04,tienda_fisica,8,enviado,True,0.0,0,0,0,0.0
200,1534,2024-02-04,2024,2,Febrero,1,2024-02,tienda_fisica,8,enviado,True,107973.64,4,1,1,107973.64
1502,895,2024-03-29,2024,3,Marzo,1,2024-03,web,7,completado,True,0.0,0,0,0,0.0
2944,1490,2025-08-05,2025,8,Agosto,3,2025-08,tienda_fisica,5,completado,True,0.0,0,0,0,0.0
1876,811,2025-01-06,2025,1,Enero,1,2025-01,app_movil,3,pendiente,False,123585.33,6,3,3,41195.11
862,221,2026-05-25,2026,5,Mayo,2,2026-05,web,2,enviado,True,479148.29,13,3,3,159716.1
1701,216,2026-04-25,2026,4,Abril,2,2026-04,tienda_fisica,3,completado,True,141018.0,12,2,2,70509.0
2693,1217,2024-02-06,2024,2,Febrero,1,2024-02,web,11,enviado,True,88272.48,13,4,4,22068.12
2115,1364,2024-10-26,2024,10,Octubre,4,2024-10,web,7,completado,True,5332.62,2,1,1,5332.62
584,1579,2025-05-20,2025,5,Mayo,2,2025-05,app_movil,4,cancelado,False,76801.93,11,2,2,38400.96
1028,1634,2024-11-20,2024,11,Noviembre,4,2024-11,tienda_fisica,12,enviado,True,15623.73,3,1,1,15623.73
1904,806,2024-12-06,2024,12,Diciembre,4,2024-12,app_movil,8,enviado,True,17018.15,2,2,2,8509.08
1212,177,2025-12-17,2025,12,Diciembre,4,2025-12,tienda_fisica,6,completado,True,105232.0,8,1,1,105232.0
372,1687,2025-07-09,2025,7,Julio,3,2025-07,app_movil,3,completado,True,70747.82,13,2,2,35373.91
677,1901,2026-08-30,2026,8,Agosto,3,2026-08,tienda_fisica,4,cancelado,False,91117.07,13,3,3,30372.36
3247,1412,2024-07-29,2024,7,Julio,3,2024-07,web,10,completado,True,10248.0,2,1,1,10248.0
1791,1879,2024-05-28,2024,5,Mayo,2,2024-05,app_movil,8,enviado,True,21383.68,8,1,1,21383.68
1573,1417,2025-02-05,2025,2,Febrero,1,2025-02,tienda_fisica,9,pendiente,False,0.0,0,0,0,0.0
1543,1056,2025-03-20,2025,3,Marzo,1,2025-03,app_movil,11,pendiente,False,0.0,0,0,0,0.0
1237,677,2025-07-14,2025,7,Julio,3,2025-07,app_movil,8,pendiente,False,0.0,0,0,0,0.0
3178,1681,2024-03-31,2024,3,Marzo,1,2024-03,web,2,completado,True,109444.0,2,1,1,109444.0
2251,209,2025-02-09,2025,2,Febrero,1,2025-02,app_movil,5,completado,True,20664.27,16,3,3,6888.09
1901,615,2025-02-04,2025,2,Febrero,1,2025-02,tienda_fisica,9,cancelado,False,0.0,0,0,0,0.0
606,1922,2024-05-19,2024,5,Mayo,2,2024-05,web,1,completado,True,8297.28,9,2,2,4148.64
2067,1296,2024-12-20,2024,12,Diciembre,4,2024-12,app_movil,8,enviado,True,0.0,0,0,0,0.0
3079,1332,2025-01-29,2025,1,Enero,1,2025-01,tienda_fisica,4,enviado,True,543244.42,15,2,2,271622.21
874,1961,2025-04-10,2025,4,Abril,2,2025-04,tienda_fisica,8,cancelado,False,0.0,0,0,0,0.0
914,1361,2026-06-30,2026,6,Junio,2,2026-06,web,11,cancelado,False,0.0,0,0,0,0.0
2729,655,2024-10-28,2024,10,Octubre,4,2024-10,tienda_fisica,7,completado,True,0.0,0,0,0,0.0
2788,1726,2025-12-02,2025,12,Diciembre,4,2025-12,app_movil,1,completado,True,0.0,0,0,0,0.0
2816,1945,2024-02-07,2024,2,Febrero,1,2024-02,app_movil,2,completado,True,0.0,0,0,0,0.0
2080,1395,2024-10-08,2024,10,Octubre,4,2024-10,tienda_fisica,12,pendiente,False,0.0,0,0,0,0.0
3282,47,2024-11-05,2024,11,Noviembre,4,2024-11,web,9,enviado,True,21095.4,8,1,1,21095.4
688,744,2026-04-03,2026,4,Abril,2,2026-04,tienda_fisica,5,pendiente,False,73904.63,5,2,2,36952.32
3508,105,2025-04-24,2025,4,Abril,2,2025-04,web,3,enviado,True,0.0,0,0,0,0.0
2368,300,2026-05-24,2026,5,Mayo,2,2026-05,app_movil,1,completado,True,69079.9,8,2,2,34539.95
509,1427,2024-07-22,2024,7,Julio,3,2024-07,tienda_fisica,2,cancelado,False,0.0,0,0,0,0.0
2790,1643,2024-03-09,2024,3,Marzo,1,2024-03,app_movil,4,completado,True,4585.0,1,1,1,4585.0
2581,170,2024-02-10,2024,2,Febrero,1,2024-02,tienda_fisica,8,enviado,True,17133.12,8,2,2,8566.56
2958,163,2026-06-07,2026,6,Junio,2,2026-06,web,7,completado,True,109642.03,12,2,2,54821.02
2462,735,2025-05-30,2025,5,Mayo,2,2025-05,app_movil,11,pendiente,False,126250.05,5,1,1,126250.05
3015,561,2024-03-29,2024,3,Marzo,1,2024-03,web,8,pendiente,False,203417.93,9,3,3,67805.98
252,462,2025-06-14,2025,6,Junio,2,2025-06,tienda_fisica,3,completado,True,67634.85,8,2,2,33817.43
495,572,2025-09-24,2025,9,Setiembre,3,2025-09,app_movil,1,pendiente,False,41871.34,9,3,3,13957.11
1678,1731,2025-08-29,2025,8,Agosto,3,2025-08,web,8,completado,True,10458.0,7,1,1,10458.0
2840,888,2024-10-12,2024,10,Octubre,4,2024-10,web,6,completado,True,317590.86,12,2,2,158795.43
2387,1693,2026-01-26,2026,1,Enero,1,2026-01,app_movil,6,pendiente,False,91403.93,5,1,1,91403.93
736,1323,2025-03-27,2025,3,Marzo,1,2025-03,web,6,cancelado,False,1728.59,1,1,1,1728.59
2595,1127,2025-03-18,2025,3,Marzo,1,2025-03,tienda_fisica,9,completado,True,278471.12,16,3,3,92823.71
2306,605,2025-03-12,2025,3,Marzo,1,2025-03,app_movil,6,pendiente,False,0.0,0,0,0,0.0
3568,1309,2025-11-25,2025,11,Noviembre,4,2025-11,web,9,pendiente,False,49814.2,8,2,2,24907.1
2008,1942,2024-05-21,2024,5,Mayo,2,2024-05,app_movil,11,completado,True,388787.37,8,2,2,194393.68
2799,196,2025-04-04,2025,4,Abril,2,2025-04,app_movil,8,completado,True,764.82,3,1,1,764.82
2417,1153,2024-11-27,2024,11,Noviembre,4,2024-11,web,4,completado,True,520.41,1,1,1,520.41
2539,946,2024-11-13,2024,11,Noviembre,4,2024-11,web,10,completado,True,3847.68,1,1,1,3847.68
2363,80,2025-10-23,2025,10,Octubre,4,2025-10,app_movil,11,completado,True,0.0,0,0,0,0.0
591,1276,2025-04-26,2025,4,Abril,2,2025-04,web,2,completado,True,6224.73,1,1,1,6224.73
275,1505,2024-04-17,2024,4,Abril,2,2024-04,web,1,cancelado,False,0.0,0,0,0,0.0
1843,374,2026-03-08,2026,3,Marzo,1,2026-03,tienda_fisica,2,cancelado,False,0.0,0,0,0,0.0
1970,1980,2026-02-19,2026,2,Febrero,1,2026-02,app_movil,7,pendiente,False,40363.72,5,1,1,40363.72
2731,168,2025-07-16,2025,7,Julio,3,2025-07,tienda_fisica,12,completado,True,15980.0,5,1,1,15980.0
2872,617,2025-11-25,2025,11,Noviembre,4,2025-11,tienda_fisica,7,completado,True,56721.64,4,2,2,28360.82
1538,605,2026-02-01,2026,2,Febrero,1,2026-02,tienda_fisica,3,enviado,True,0.0,0,0,0,0.0
494,1018,2026-05-30,2026,5,Mayo,2,2026-05,app_movil,8,completado,True,0.0,0,0,0,0.0
1444,627,2026-05-19,2026,5,Mayo,2,2026-05,tienda_fisica,9,cancelado,False,226203.6,4,1,1,226203.6
1566,248,2026-06-09,2026,6,Junio,2,2026-06,app_movil,10,completado,True,0.0,0,0,0,0.0
316,1114,2025-01-11,2025,1,Enero,1,2025-01,app_movil,3,completado,True,102912.93,3,2,2,51456.46
2815,1444,2024-01-19,2024,1,Enero,1,2024-01,app_movil,7,enviado,True,0.0,0,0,0,0.0
2779,1199,2025-10-10,2025,10,Octubre,4,2025-10,app_movil,5,pendiente,False,0.0,0,0,0,0.0
2139,1479,2025-01-12,2025,1,Enero,1,2025-01,web,1,pendiente,False,65610.5,3,1,1,65610.5
2576,306,2024-07-02,2024,7,Julio,3,2024-07,app_movil,4,completado,True,212530.83,19,3,3,70843.61
369,499,2026-02-05,2026,2,Febrero,1,2026-02,app_movil,2,enviado,True,102632.0,8,1,1,102632.0
1150,1852,2025-07-15,2025,7,Julio,3,2025-07,tienda_fisica,11,completado,True,0.0,0,0,0,0.0
1652,89,2025-12-22,2025,12,Diciembre,4,2025-12,tienda_fisica,9,pendiente,False,0.0,0,0,0,0.0
917,1807,2024-12-30,2024,12,Diciembre,4,2024-12,tienda_fisica,10,enviado,True,106679.54,8,3,3,35559.85
2786,918,2026-02-24,2026,2,Febrero,1,2026-02,tienda_fisica,7,completado,True,17213.78,7,1,1,17213.78
674,280,2026-05-19,2026,5,Mayo,2,2026-05,app_movil,8,completado,True,11220.08,2,1,1,11220.08
833,1509,2026-08-29,2026,8,Agosto,3,2026-08,web,5,completado,True,0.0,0,0,0,0.0
2006,551,2024-05-25,2024,5,Mayo,2,2024-05,tienda_fisica,10,completado,True,15052.07,1,1,1,15052.07
3343,1406,2026-07-22,2026,7,Julio,3,2026-07,web,2,completado,True,0.0,0,0,0,0.0
962,823,2025-07-06,2025,7,Julio,3,2025-07,app_movil,6,enviado,True,35315.68,4,1,1,35315.68
963,1727,2025-10-02,2025,10,Octubre,4,2025-10,tienda_fisica,11,pendiente,False,80226.26,14,2,2,40113.13
126,1005,2026-07-02,2026,7,Julio,3,2026-07,tienda_fisica,10,pendiente,False,9063.42,3,1,1,9063.42
1850,317,2026-02-25,2026,2,Febrero,1,2026-02,tienda_fisica,2,pendiente,False,1190.67,4,1,1,1190.67
3199,228,2026-02-06,2026,2,Febrero,1,2026-02,web,6,cancelado,False,0.0,0,0,0,0.0
1535,238,2025-08-11,2025,8,Agosto,3,2025-08,web,3,pendiente,False,0.0,0,0,0,0.0
462,113,2024-08-25,2024,8,Agosto,3,2024-08,web,6,enviado,True,18557.69,9,2,2,9278.84
934,633,2026-03-07,2026,3,Marzo,1,2026-03,web,4,pendiente,False,2145.19,2,1,1,2145.19
732,660,2025-08-01,2025,8,Agosto,3,2025-08,web,1,enviado,True,0.0,0,0,0,0.0
2702,1703,2025-02-24,2025,2,Febrero,1,2025-02,app_movil,2,enviado,True,201504.08,16,2,2,100752.04
3144,1036,2025-04-06,2025,4,Abril,2,2025-04,app_movil,10,pendiente,False,0.0,0,0,0,0.0
1506,1431,2024-05-04,2024,5,Mayo,2,2024-05,tienda_fisica,5,pendiente,False,26113.26,2,2,2,13056.63
3487,1611,2026-03-01,2026,3,Marzo,1,2026-03,app_movil,4,cancelado,False,29236.48,8,1,1,29236.48
343,1271,2026-05-07,2026,5,Mayo,2,2026-05,tienda_fisica,5,pendiente,False,294215.19,25,4,4,73553.8
1214,1733,2025-10-04,2025,10,Octubre,4,2025-10,tienda_fisica,11,completado,True,0.0,0,0,0,0.0
1739,980,2025-09-23,2025,9,Setiembre,3,2025-09,tienda_fisica,1,completado,True,121576.9,8,2,2,60788.45
1365,1645,2026-06-18,2026,6,Junio,2,2026-06,app_movil,9,pendiente,False,41020.21,14,2,2,20510.1
82,8,2024-05-26,2024,5,Mayo,2,2024-05,app_movil,3,completado,True,0.0,0,0,0,0.0
250,779,2025-06-26,2025,6,Junio,2,2025-06,tienda_fisica,5,completado,True,0.0,0,0,0,0.0
3559,1840,2024-06-05,2024,6,Junio,2,2024-06,tienda_fisica,4,cancelado,False,0.0,0,0,0,0.0
1570,1385,2025-08-05,2025,8,Agosto,3,2025-08,tienda_fisica,2,completado,True,124806.12,10,2,2,62403.06
11,644,2024-09-04,2024,9,Setiembre,3,2024-09,web,4,completado,True,0.0,0,0,0,0.0
2642,618,2025-12-20,2025,12,Diciembre,4,2025-12,tienda_fisica,11,completado,True,14155.0,3,1,1,14155.0
3501,1293,2024-12-20,2024,12,Diciembre,4,2024-12,tienda_fisica,11,completado,True,393145.14,8,1,1,393145.14
2574,1899,2025-10-02,2025,10,Octubre,4,2025-10,tienda_fisica,1,enviado,True,116721.0,3,1,1,116721.0
2466,1506,2024-11-02,2024,11,Noviembre,4,2024-11,web,2,completado,True,97907.2,4,1,1,97907.2
2341,1990,2024-07-05,2024,7,Julio,3,2024-07,tienda_fisica,4,pendiente,False,0.0,0,0,0,0.0
2959,725,2024-04-16,2024,4,Abril,2,2024-04,app_movil,8,cancelado,False,33439.2,4,1,1,33439.2
151,312,2024-03-05,2024,3,Marzo,1,2024-03,tienda_fisica,12,completado,True,5632.0,8,1,1,5632.0
1338,989,2025-04-22,2025,4,Abril,2,2025-04,app_movil,2,completado,True,0.0,0,0,0,0.0
189,1545,2025-10-23,2025,10,Octubre,4,2025-10,tienda_fisica,2,completado,True,45333.0,12,2,2,22666.5
1245,1331,2026-03-27,2026,3,Marzo,1,2026-03,tienda_fisica,8,completado,True,172341.13,7,1,1,172341.13
3174,1753,2026-12-08,2026,12,Diciembre,4,2026-12,web,12,completado,True,0.0,0,0,0,0.0
1033,699,2025-04-23,2025,4,Abril,2,2025-04,app_movil,3,cancelado,False,294000.0,7,1,1,294000.0
2013,1074,2025-02-15,2025,2,Febrero,1,2025-02,tienda_fisica,4,enviado,True,437788.73,17,3,3,145929.58
2478,1605,2026-02-23,2026,2,Febrero,1,2026-02,web,5,cancelado,False,15646.19,7,1,1,15646.19
1591,712,2025-02-14,2025,2,Febrero,1,2025-02,tienda_fisica,3,enviado,True,11175.12,4,1,1,11175.12
3327,885,2026-06-08,2026,6,Junio,2,2026-06,app_movil,8,completado,True,292909.27,6,1,1,292909.27
439,643,2026-07-23,2026,7,Julio,3,2026-07,app_movil,3,cancelado,False,0.0,0,0,0,0.0
1965,1412,2024-05-12,2024,5,Mayo,2,2024-05,web,2,completado,True,28103.35,11,2,1,14051.68
1972,947,2024-02-04,2024,2,Febrero,1,2024-02,tienda_fisica,6,completado,True,0.0,0,0,0,0.0
1604,1351,2025-10-09,2025,10,Octubre,4,2025-10,web,2,pendiente,False,1440.68,1,1,1,1440.68
101,574,2024-03-29,2024,3,Marzo,1,2024-03,tienda_fisica,12,completado,True,88143.36,6,1,1,88143.36
2690,137,2025-12-19,2025,12,Diciembre,4,2025-12,web,10,completado,True,15372.27,3,1,1,15372.27
2155,1547,2026-02-21,2026,2,Febrero,1,2026-02,web,11,enviado,True,62307.99,9,2,2,31154.0
3069,1595,2024-04-26,2024,4,Abril,2,2024-04,web,2,cancelado,False,67343.7,10,2,2,33671.85
2884,1703,2025-06-25,2025,6,Junio,2,2025-06,tienda_fisica,10,pendiente,False,20493.74,9,2,2,10246.87
3165,917,2024-09-17,2024,9,Setiembre,3,2024-09,app_movil,10,enviado,True,4865.4,4,1,1,4865.4
1695,506,2024-04-17,2024,4,Abril,2,2024-04,app_movil,6,completado,True,3772.28,4,1,1,3772.28
266,136,2025-04-26,2025,4,Abril,2,2025-04,app_movil,10,completado,True,0.0,0,0,0,0.0
1009,981,2024-01-15,2024,1,Enero,1,2024-01,web,3,completado,True,186764.07,10,2,2,93382.04
1853,403,2024-08-11,2024,8,Agosto,3,2024-08,web,10,pendiente,False,4667.7,5,2,2,2333.85
2019,118,2024-05-22,2024,5,Mayo,2,2024-05,app_movil,3,completado,True,446936.16,8,1,1,446936.16
1772,1777,2026-07-12,2026,7,Julio,3,2026-07,tienda_fisica,5,cancelado,False,166751.13,6,1,1,166751.13
1531,1276,2026-01-24,2026,1,Enero,1,2026-01,web,4,enviado,True,0.0,0,0,0,0.0
2599,1764,2025-03-26,2025,3,Marzo,1,2025-03,tienda_fisica,1,enviado,True,0.0,0,0,0,0.0
2806,798,2025-12-21,2025,12,Diciembre,4,2025-12,web,6,completado,True,124473.7,5,1,1,124473.7
3539,1898,2025-07-26,2025,7,Julio,3,2025-07,app_movil,6,pendiente,False,0.0,0,0,0,0.0
2870,159,2026-06-18,2026,6,Junio,2,2026-06,web,12,enviado,True,0.0,0,0,0,0.0
715,37,2025-01-22,2025,1,Enero,1,2025-01,app_movil,10,enviado,True,110882.17,14,3,3,36960.72
3500,808,2026-01-31,2026,1,Enero,1,2026-01,app_movil,2,completado,True,10464.88,4,1,1,10464.88
1829,875,2026-05-19,2026,5,Mayo,2,2026-05,web,3,pendiente,False,19053.3,6,1,1,19053.3
2043,282,2024-12-09,2024,12,Diciembre,4,2024-12,app_movil,6,enviado,True,0.0,0,0,0,0.0
2291,255,2026-06-17,2026,6,Junio,2,2026-06,tienda_fisica,1,enviado,True,0.0,0,0,0,0.0
368,1454,2025-01-29,2025,1,Enero,1,2025-01,web,2,enviado,True,9567.96,9,2,2,4783.98
166,1377,2025-01-17,2025,1,Enero,1,2025-01,tienda_fisica,4,completado,True,40714.12,13,2,2,20357.06
1629,22,2025-11-12,2025,11,Noviembre,4,2025-11,tienda_fisica,1,enviado,True,14360.93,12,3,3,4786.98
3597,372,2026-12-09,2026,12,Diciembre,4,2026-12,app_movil,7,completado,True,316687.78,12,3,3,105562.59
2214,1131,2025-09-12,2025,9,Setiembre,3,2025-09,app_movil,5,completado,True,27524.67,4,1,1,27524.67
702,1505,2026-05-06,2026,5,Mayo,2,2026-05,tienda_fisica,4,enviado,True,0.0,0,0,0,0.0
1560,802,2025-12-08,2025,12,Diciembre,4,2025-12,tienda_fisica,10,pendiente,False,27203.8,4,1,1,27203.8
1648,1889,2026-08-12,2026,8,Agosto,3,2026-08,web,4,completado,True,2987.62,2,1,1,2987.62
3161,1232,2024-07-20,2024,7,Julio,3,2024-07,app_movil,1,cancelado,False,0.0,0,0,0,0.0
1611,66,2024-04-16,2024,4,Abril,2,2024-04,tienda_fisica,4,completado,True,291751.06,14,2,2,145875.53
473,1957,2026-04-01,2026,4,Abril,2,2026-04,tienda_fisica,3,completado,True,10780.3,9,2,2,5390.15
178,429,2025-01-22,2025,1,Enero,1,2025-01,app_movil,4,completado,True,65572.85,16,3,3,21857.62
2499,810,2024-09-29,2024,9,Setiembre,3,2024-09,web,4,completado,True,101651.22,10,2,2,50825.61
3425,68,2024-06-27,2024,6,Junio,2,2024-06,tienda_fisica,5,completado,True,14842.23,16,2,2,7421.12
662,1959,2025-08-30,2025,8,Agosto,3,2025-08,app_movil,9,completado,True,3996.67,1,1,1,3996.67
3423,1663,2025-05-28,2025,5,Mayo,2,2025-05,app_movil,8,completado,True,0.0,0,0,0,0.0
1532,1588,2024-05-22,2024,5,Mayo,2,2024-05,web,2,pendiente,False,0.0,0,0,0,0.0
2695,662,2024-05-05,2024,5,Mayo,2,2024-05,tienda_fisica,11,completado,True,5138.16,6,1,1,5138.16
3270,208,2025-11-05,2025,11,Noviembre,4,2025-11,app_movil,7,pendiente,False,56922.92,13,2,2,28461.46
3334,1070,2024-04-03,2024,4,Abril,2,2024-04,tienda_fisica,8,cancelado,False,0.0,0,0,0,0.0
2362,974,2024-10-04,2024,10,Octubre,4,2024-10,tienda_fisica,7,cancelado,False,8172.05,3,1,1,8172.05
2515,1827,2025-10-07,2025,10,Octubre,4,2025-10,web,11,completado,True,0.0,0,0,0,0.0
1858,227,2025-12-21,2025,12,Diciembre,4,2025-12,tienda_fisica,12,completado,True,501320.47,8,2,2,250660.24
705,1942,2024-12-28,2024,12,Diciembre,4,2024-12,app_movil,8,enviado,True,0.0,0,0,0,0.0
747,1684,2024-08-02,2024,8,Agosto,3,2024-08,app_movil,7,cancelado,False,35027.92,7,2,2,17513.96
1293,381,2026-04-06,2026,4,Abril,2,2026-04,tienda_fisica,4,cancelado,False,4732.22,3,1,1,4732.22
1544,1845,2025-07-06,2025,7,Julio,3,2025-07,app_movil,7,enviado,True,3491.7,3,2,2,1745.85
1174,1180,2025-02-17,2025,2,Febrero,1,2025-02,app_movil,12,completado,True,131604.5,19,5,5,26320.9
492,1799,2024-11-02,2024,11,Noviembre,4,2024-11,tienda_fisica,3,pendiente,False,21785.35,5,1,1,21785.35
2719,1731,2025-06-11,2025,6,Junio,2,2025-06,tienda_fisica,5,enviado,True,0.0,0,0,0,0.0
364,1455,2025-11-30,2025,11,Noviembre,4,2025-11,tienda_fisica,3,cancelado,False,197967.28,11,3,3,65989.09
1160,1385,2026-03-03,2026,3,Marzo,1,2026-03,tienda_fisica,5,cancelado,False,29236.48,8,1,1,29236.48
1984,1798,2026-01-03,2026,1,Enero,1,2026-01,tienda_fisica,1,cancelado,False,0.0,0,0,0,0.0
2266,725,2025-03-10,2025,3,Marzo,1,2025-03,app_movil,6,completado,True,9970.6,4,1,1,9970.6
1478,1625,2025-03-14,2025,3,Marzo,1,2025-03,tienda_fisica,5,pendiente,False,1434.0,2,1,1,1434.0
2217,335,2025-01-10,2025,1,Enero,1,2025-01,tienda_fisica,10,pendiente,False,0.0,0,0,0,0.0
2995,913,2024-04-18,2024,4,Abril,2,2024-04,app_movil,11,enviado,True,29913.61,5,1,1,29913.61
945,200,2025-03-16,2025,3,Marzo,1,2025-03,web,7,completado,True,8741.45,2,1,1,8741.45
2372,1017,2025-08-23,2025,8,Agosto,3,2025-08,tienda_fisica,2,completado,True,18217.3,8,2,2,9108.65
62,744,2025-05-06,2025,5,Mayo,2,2025-05,web,2,enviado,True,0.0,0,0,0,0.0
1471,1743,2025-05-21,2025,5,Mayo,2,2025-05,tienda_fisica,11,pendiente,False,91847.82,9,2,2,45923.91
1383,1132,2025-04-04,2025,4,Abril,2,2025-04,app_movil,5,completado,True,0.0,0,0,0,0.0
2981,967,2024-08-27,2024,8,Agosto,3,2024-08,web,3,completado,True,0.0,0,0,0,0.0
1275,1683,2026-03-16,2026,3,Marzo,1,2026-03,tienda_fisica,7,completado,True,0.0,0,0,0,0.0
2546,295,2024-03-20,2024,3,Marzo,1,2024-03,app_movil,12,cancelado,False,52644.06,7,1,1,52644.06
3187,1498,2025-04-20,2025,4,Abril,2,2025-04,app_movil,2,completado,True,39079.65,5,3,3,13026.55
1080,321,2026-05-09,2026,5,Mayo,2,2026-05,app_movil,9,cancelado,False,133377.56,8,1,1,133377.56
2975,1629,2026-08-06,2026,8,Agosto,3,2026-08,tienda_fisica,5,pendiente,False,42612.28,21,3,3,14204.09
586,1940,2024-12-10,2024,12,Diciembre,4,2024-12,web,12,completado,True,76477.29,13,2,2,38238.64
2932,1502,2025-12-29,2025,12,Diciembre,4,2025-12,web,2,pendiente,False,0.0,0,0,0,0.0
2428,56,2025-05-14,2025,5,Mayo,2,2025-05,app_movil,4,pendiente,False,0.0,0,0,0,0.0
3534,389,2025-11-09,2025,11,Noviembre,4,2025-11,app_movil,3,enviado,True,115831.02,15,3,3,38610.34
2135,1665,2024-07-04,2024,7,Julio,3,2024-07,tienda_fisica,3,completado,True,49839.35,3,1,1,49839.35
505,1939,2025-09-15,2025,9,Setiembre,3,2025-09,app_movil,2,completado,True,0.0,0,0,0,0.0
3398,1911,2026-07-13,2026,7,Julio,3,2026-07,tienda_fisica,8,pendiente,False,0.0,0,0,0,0.0
813,1217,2026-01-31,2026,1,Enero,1,2026-01,tienda_fisica,6,enviado,True,976.52,4,1,1,976.52
479,1297,2025-08-01,2025,8,Agosto,3,2025-08,app_movil,11,completado,True,12102.88,1,1,1,12102.88
424,1161,2026-02-19,2026,2,Febrero,1,2026-02,app_movil,12,enviado,True,0.0,0,0,0,0.0
93,270,2024-02-11,2024,2,Febrero,1,2024-02,tienda_fisica,7,completado,True,22037.92,5,1,1,22037.92
1842,25,2025-02-16,2025,2,Febrero,1,2025-02,tienda_fisica,11,completado,True,4481.43,3,1,1,4481.43
2879,1700,2024-11-11,2024,11,Noviembre,4,2024-11,web,9,completado,True,51421.86,14,2,2,25710.93
910,142,2025-10-30,2025,10,Octubre,4,2025-10,web,7,completado,True,100928.61,3,1,1,100928.61
1114,1168,2026-02-07,2026,2,Febrero,1,2026-02,app_movil,5,enviado,True,0.0,0,0,0,0.0
2193,124,2025-02-25,2025,2,Febrero,1,2025-02,app_movil,8,cancelado,False,9552.5,5,1,1,9552.5
1540,736,2026-07-21,2026,7,Julio,3,2026-07,web,5,enviado,True,0.0,0,0,0,0.0
3291,824,2024-08-08,2024,8,Agosto,3,2024-08,web,11,completado,True,8748.48,3,1,1,8748.48
1665,727,2024-03-23,2024,3,Marzo,1,2024-03,web,12,completado,True,46897.5,6,1,1,46897.5
1227,689,2026-04-05,2026,4,Abril,2,2026-04,app_movil,11,completado,True,55867.02,1,1,1,55867.02
2645,1033,2025-01-14,2025,1,Enero,1,2025-01,web,10,enviado,True,0.0,0,0,0,0.0
2199,620,2026-04-18,2026,4,Abril,2,2026-04,app_movil,11,pendiente,False,0.0,0,0,0,0.0
2022,183,2026-04-11,2026,4,Abril,2,2026-04,tienda_fisica,11,completado,True,4423.9,2,1,1,4423.9
980,1715,2025-02-06,2025,2,Febrero,1,2025-02,web,10,pendiente,False,189078.31,11,2,2,94539.16
1330,529,2025-08-25,2025,8,Agosto,3,2025-08,web,5,enviado,True,0.0,0,0,0,0.0
1883,804,2025-04-03,2025,4,Abril,2,2025-04,app_movil,3,completado,True,0.0,0,0,0,0.0
241,1286,2025-02-04,2025,2,Febrero,1,2025-02,web,3,enviado,True,171489.4,11,2,2,85744.7
2776,179,2024-01-07,2024,1,Enero,1,2024-01,app_movil,8,completado,True,66093.75,9,2,2,33046.88
2041,522,2025-06-07,2025,6,Junio,2,2025-06,web,12,completado,True,22831.24,4,1,1,22831.24
1783,1976,2025-05-25,2025,5,Mayo,2,2025-05,tienda_fisica,4,cancelado,False,0.0,0,0,0,0.0
2454,226,2024-04-24,2024,4,Abril,2,2024-04,web,3,completado,True,3669.04,1,1,1,3669.04
1999,62,2024-05-13,2024,5,Mayo,2,2024-05,web,9,pendiente,False,0.0,0,0,0,0.0
1921,1197,2024-08-19,2024,8,Agosto,3,2024-08,app_movil,9,enviado,True,0.0,0,0,0,0.0
5,1402,2026-05-24,2026,5,Mayo,2,2026-05,app_movil,12,pendiente,False,0.0,0,0,0,0.0
3101,1819,2025-09-23,2025,9,Setiembre,3,2025-09,web,4,completado,True,284387.04,13,2,2,142193.52
2921,435,2025-06-02,2025,6,Junio,2,2025-06,app_movil,3,completado,True,39188.04,6,1,1,39188.04
86,355,2025-10-25,2025,10,Octubre,4,2025-10,web,6,completado,True,507.49,1,1,1,507.49
2173,610,2024-08-10,2024,8,Agosto,3,2024-08,tienda_fisica,12,completado,True,387216.98,8,1,1,387216.98
2031,789,2025-04-02,2025,4,Abril,2,2025-04,web,2,pendiente,False,0.0,0,0,0,0.0
374,1799,2025-05-22,2025,5,Mayo,2,2025-05,web,11,completado,True,0.0,0,0,0,0.0
2982,168,2026-02-11,2026,2,Febrero,1,2026-02,tienda_fisica,9,completado,True,28002.66,2,1,1,28002.66
55,1867,2026-06-12,2026,6,Junio,2,2026-06,web,11,cancelado,False,170135.49,15,3,3,56711.83
2477,600,2026-08-20,2026,8,Agosto,3,2026-08,web,5,enviado,True,16830.12,3,1,1,16830.12
2338,1672,2025-10-29,2025,10,Octubre,4,2025-10,app_movil,4,enviado,True,268665.24,19,3,3,89555.08
2085,1072,2026-08-06,2026,8,Agosto,3,2026-08,app_movil,2,cancelado,False,156063.64,12,2,2,78031.82
1029,1276,2024-11-16,2024,11,Noviembre,4,2024-11,tienda_fisica,9,cancelado,False,83476.12,11,3,3,27825.37
2952,1490,2026-07-03,2026,7,Julio,3,2026-07,web,11,completado,True,3654.56,1,1,1,3654.56
278,940,2026-09-25,2026,9,Setiembre,3,2026-09,app_movil,6,completado,True,0.0,0,0,0,0.0
1217,1016,2025-05-28,2025,5,Mayo,2,2025-05,web,11,pendiente,False,0.0,0,0,0,0.0
3410,1261,2026-06-24,2026,6,Junio,2,2026-06,web,8,cancelado,False,401.93,1,1,1,401.93
3403,217,2026-07-27,2026,7,Julio,3,2026-07,tienda_fisica,4,cancelado,False,101002.75,7,2,2,50501.38
1563,1128,2026-02-23,2026,2,Febrero,1,2026-02,app_movil,5,pendiente,False,145220.68,7,2,2,72610.34
3176,1667,2024-11-02,2024,11,Noviembre,4,2024-11,tienda_fisica,6,enviado,True,4268.11,1,1,1,4268.11
370,1650,2024-01-12,2024,1,Enero,1,2024-01,web,2,cancelado,False,0.0,0,0,0,0.0
2555,933,2025-11-19,2025,11,Noviembre,4,2025-11,tienda_fisica,5,enviado,True,249417.21,7,1,1,249417.21
255,906,2024-12-24,2024,12,Diciembre,4,2024-12,tienda_fisica,8,pendiente,False,212148.93,11,3,3,70716.31
2404,1087,2025-04-10,2025,4,Abril,2,2025-04,app_movil,5,pendiente,False,0.0,0,0,0,0.0
1100,1913,2024-05-10,2024,5,Mayo,2,2024-05,app_movil,2,completado,True,0.0,0,0,0,0.0
2836,740,2025-06-03,2025,6,Junio,2,2025-06,web,5,cancelado,False,155888.99,9,2,2,77944.5
1926,962,2026-04-18,2026,4,Abril,2,2026-04,tienda_fisica,1,cancelado,False,0.0,0,0,0,0.0
2143,278,2026-03-24,2026,3,Marzo,1,2026-03,tienda_fisica,7,completado,True,7109.57,4,1,1,7109.57
1766,441,2026-07-08,2026,7,Julio,3,2026-07,app_movil,2,completado,True,0.0,0,0,0,0.0
3390,369,2025-04-23,2025,4,Abril,2,2025-04,tienda_fisica,3,pendiente,False,0.0,0,0,0,0.0
1968,1240,2026-05-28,2026,5,Mayo,2,2026-05,app_movil,5,enviado,True,340354.12,8,2,2,170177.06
600,1341,2025-09-19,2025,9,Setiembre,3,2025-09,app_movil,12,pendiente,False,17776.85,1,1,1,17776.85
3307,1249,2024-09-18,2024,9,Setiembre,3,2024-09,app_movil,6,completado,True,0.0,0,0,0,0.0
617,1211,2026-06-18,2026,6,Junio,2,2026-06,web,8,completado,True,7132.67,2,1,1,7132.67
895,1929,2026-01-13,2026,1,Enero,1,2026-01,web,7,completado,True,0.0,0,0,0,0.0
1669,86,2025-11-20,2025,11,Noviembre,4,2025-11,app_movil,1,cancelado,False,309869.01,19,3,3,103289.67
616,555,2024-07-21,2024,7,Julio,3,2024-07,web,5,enviado,True,0.0,0,0,0,0.0
2132,1284,2025-07-22,2025,7,Julio,3,2025-07,web,11,pendiente,False,449781.36,8,1,1,449781.36
533,1838,2025-04-05,2025,4,Abril,2,2025-04,web,11,enviado,True,36060.47,7,2,2,18030.24
137,1571,2025-05-18,2025,5,Mayo,2,2025-05,web,12,completado,True,0.0,0,0,0,0.0
1331,1973,2025-07-24,2025,7,Julio,3,2025-07,web,5,completado,True,0.0,0,0,0,0.0
861,1874,2026-07-24,2026,7,Julio,3,2026-07,app_movil,3,completado,True,54006.84,3,1,1,54006.84
2361,1642,2026-08-31,2026,8,Agosto,3,2026-08,web,1,completado,True,0.0,0,0,0,0.0
644,706,2025-07-06,2025,7,Julio,3,2025-07,tienda_fisica,2,enviado,True,38058.75,8,2,2,19029.38
152,709,2026-07-19,2026,7,Julio,3,2026-07,web,3,completado,True,10000.49,4,1,1,10000.49
15,1265,2026-06-15,2026,6,Junio,2,2026-06,web,11,enviado,True,144669.95,8,2,2,72334.98
1556,1285,2025-05-06,2025,5,Mayo,2,2025-05,app_movil,5,pendiente,False,23667.63,4,2,2,11833.82
2237,89,2026-02-27,2026,2,Febrero,1,2026-02,tienda_fisica,2,completado,True,260813.43,15,3,3,86937.81
2096,766,2025-06-22,2025,6,Junio,2,2025-06,tienda_fisica,10,completado,True,37854.3,14,2,2,18927.15
3459,1679,2024-07-01,2024,7,Julio,3,2024-07,tienda_fisica,1,enviado,True,136895.44,14,3,3,45631.81
337,1095,2026-02-28,2026,2,Febrero,1,2026-02,app_movil,9,completado,True,118463.61,6,2,2,59231.8
3335,1536,2024-09-04,2024,9,Setiembre,3,2024-09,tienda_fisica,5,completado,True,136780.5,6,1,1,136780.5
3148,1805,2025-07-06,2025,7,Julio,3,2025-07,app_movil,6,completado,True,47612.55,3,2,2,23806.28
1378,565,2024-06-02,2024,6,Junio,2,2024-06,app_movil,10,pendiente,False,0.0,0,0,0,0.0
68,972,2025-09-17,2025,9,Setiembre,3,2025-09,tienda_fisica,4,enviado,True,52522.6,5,1,1,52522.6
1785,819,2026-05-13,2026,5,Mayo,2,2026-05,app_movil,9,completado,True,5352.0,8,1,1,5352.0
2675,76,2024-11-29,2024,11,Noviembre,4,2024-11,web,8,cancelado,False,0.0,0,0,0,0.0
752,1545,2026-03-29,2026,3,Marzo,1,2026-03,web,1,enviado,True,0.0,0,0,0,0.0
1718,277,2025-03-23,2025,3,Marzo,1,2025-03,web,12,completado,True,0.0,0,0,0,0.0
504,1552,2026-09-19,2026,9,Setiembre,3,2026-09,web,10,enviado,True,30365.66,10,3,3,10121.89
981,603,2026-05-07,2026,5,Mayo,2,2026-05,web,1,completado,True,21383.8,4,1,1,21383.8
2034,1925,2024-07-17,2024,7,Julio,3,2024-07,web,4,enviado,True,28405.77,5,1,1,28405.77
592,1469,2025-11-23,2025,11,Noviembre,4,2025-11,app_movil,3,enviado,True,531002.19,8,1,1,531002.19
1614,1546,2025-07-12,2025,7,Julio,3,2025-07,app_movil,7,cancelado,False,116940.98,19,6,6,19490.16
1855,1088,2026-03-17,2026,3,Marzo,1,2026-03,web,11,enviado,True,269534.85,17,4,4,67383.71
2613,200,2025-07-13,2025,7,Julio,3,2025-07,tienda_fisica,4,enviado,True,3654.56,1,1,1,3654.56
1709,911,2024-03-26,2024,3,Marzo,1,2024-03,app_movil,3,cancelado,False,149982.0,3,1,1,149982.0
1249,1325,2025-03-06,2025,3,Marzo,1,2025-03,web,4,completado,True,0.0,0,0,0,0.0
1406,1112,2025-04-25,2025,4,Abril,2,2025-04,app_movil,6,completado,True,111734.04,2,1,1,111734.04
1057,278,2025-01-20,2025,1,Enero,1,2025-01,tienda_fisica,4,cancelado,False,0.0,0,0,0,0.0
2589,1171,2024-07-13,2024,7,Julio,3,2024-07,tienda_fisica,8,completado,True,0.0,0,0,0,0.0
2787,1628,2025-04-23,2025,4,Abril,2,2025-04,app_movil,2,pendiente,False,100803.66,4,1,1,100803.66
1598,494,2026-05-17,2026,5,Mayo,2,2026-05,web,11,pendiente,False,72492.14,12,3,3,24164.05
3103,375,2024-06-09,2024,6,Junio,2,2024-06,web,12,enviado,True,1140.99,1,1,1,1140.99
503,425,2024-03-31,2024,3,Marzo,1,2024-03,web,4,enviado,True,148147.33,15,4,4,37036.83
452,1123,2024-06-18,2024,6,Junio,2,2024-06,app_movil,8,completado,True,0.0,0,0,0,0.0
1927,434,2026-01-02,2026,1,Enero,1,2026-01,web,12,completado,True,22905.42,4,1,1,22905.42
559,1635,2025-09-14,2025,9,Setiembre,3,2025-09,web,9,completado,True,22762.59,9,2,2,11381.3
285,965,2025-03-01,2025,3,Marzo,1,2025-03,tienda_fisica,4,enviado,True,19752.3,15,3,3,6584.1
2409,1278,2024-07-06,2024,7,Julio,3,2024-07,tienda_fisica,11,completado,True,226185.81,19,5,5,45237.16
3245,144,2026-07-19,2026,7,Julio,3,2026-07,tienda_fisica,10,completado,True,0.0,0,0,0,0.0
2380,859,2025-01-25,2025,1,Enero,1,2025-01,app_movil,8,completado,True,10504.84,2,1,1,10504.84
1000,1598,2026-04-23,2026,4,Abril,2,2026-04,web,1,enviado,True,287083.61,11,3,3,95694.54
3012,1010,2025-07-31,2025,7,Julio,3,2025-07,tienda_fisica,9,completado,True,76755.55,12,2,2,38377.78
1290,268,2025-12-13,2025,12,Diciembre,4,2025-12,app_movil,5,completado,True,118073.44,5,2,2,59036.72
681,659,2026-01-26,2026,1,Enero,1,2026-01,app_movil,11,enviado,True,0.0,0,0,0,0.0
1484,768,2025-12-26,2025,12,Diciembre,4,2025-12,tienda_fisica,1,completado,True,95893.84,7,1,1,95893.84
2053,353,2026-09-20,2026,9,Setiembre,3,2026-09,app_movil,7,enviado,True,14676.16,4,1,1,14676.16
348,1779,2024-11-22,2024,11,Noviembre,4,2024-11,app_movil,8,enviado,True,0.0,0,0,0,0.0
2909,872,2025-07-16,2025,7,Julio,3,2025-07,app_movil,1,completado,True,95662.12,7,1,1,95662.12
49,472,2026-09-18,2026,9,Setiembre,3,2026-09,tienda_fisica,9,completado,True,3496.51,2,1,1,3496.51
2530,350,2024-01-31,2024,1,Enero,1,2024-01,web,5,completado,True,4902.47,1,1,1,4902.47
964,666,2024-05-30,2024,5,Mayo,2,2024-05,web,2,pendiente,False,52110.36,11,2,2,26055.18
2513,1165,2024-04-06,2024,4,Abril,2,2024-04,tienda_fisica,5,completado,True,0.0,0,0,0,0.0
2588,1886,2025-09-06,2025,9,Setiembre,3,2025-09,web,3,completado,True,18340.0,4,1,1,18340.0
2651,538,2025-01-06,2025,1,Enero,1,2025-01,web,11,enviado,True,32128.59,5,1,1,32128.59
1917,1945,2026-02-21,2026,2,Febrero,1,2026-02,tienda_fisica,9,completado,True,419627.12,10,3,3,139875.71
1129,395,2025-12-17,2025,12,Diciembre,4,2025-12,web,2,completado,True,47682.86,6,2,2,23841.43
1675,498,2026-01-28,2026,1,Enero,1,2026-01,tienda_fisica,6,completado,True,7658.51,7,1,1,7658.51
1415,1972,2025-11-13,2025,11,Noviembre,4,2025-11,app_movil,4,pendiente,False,40019.42,8,3,3,13339.81
1804,1536,2026-09-09,2026,9,Setiembre,3,2026-09,app_movil,11,completado,True,0.0,0,0,0,0.0
1680,1060,2026-09-20,2026,9,Setiembre,3,2026-09,app_movil,9,completado,True,3282.54,7,2,2,1641.27
1124,113,2026-04-05,2026,4,Abril,2,2026-04,web,7,cancelado,False,0.0,0,0,0,0.0
127,1588,2026-06-10,2026,6,Junio,2,2026-06,tienda_fisica,5,completado,True,30479.12,8,1,1,30479.12
678,899,2024-02-17,2024,2,Febrero,1,2024-02,app_movil,1,pendiente,False,219600.02,13,2,2,109800.01
1523,774,2026-07-20,2026,7,Julio,3,2026-07,app_movil,12,pendiente,False,0.0,0,0,0,0.0
1635,1353,2024-10-13,2024,10,Octubre,4,2024-10,app_movil,5,completado,True,307.04,1,1,1,307.04
2696,332,2026-02-06,2026,2,Febrero,1,2026-02,web,8,completado,True,258397.95,16,3,3,86132.65
859,1642,2025-06-17,2025,6,Junio,2,2025-06,app_movil,5,completado,True,70693.93,17,5,5,14138.79
1277,758,2026-09-28,2026,9,Setiembre,3,2026-09,app_movil,9,enviado,True,16037.76,6,1,1,16037.76
2811,1801,2026-03-20,2026,3,Marzo,1,2026-03,app_movil,8,enviado,True,0.0,0,0,0,0.0
2476,895,2025-08-12,2025,8,Agosto,3,2025-08,app_movil,4,completado,True,0.0,0,0,0,0.0
2353,795,2025-05-03,2025,5,Mayo,2,2025-05,tienda_fisica,1,pendiente,False,0.0,0,0,0,0.0
2068,293,2024-03-24,2024,3,Marzo,1,2024-03,web,1,cancelado,False,19592.65,7,1,1,19592.65
2757,1419,2025-03-08,2025,3,Marzo,1,2025-03,app_movil,3,completado,True,0.0,0,0,0,0.0
3200,888,2024-05-04,2024,5,Mayo,2,2024-05,web,8,completado,True,250.67,1,1,1,250.67
557,160,2025-10-22,2025,10,Octubre,4,2025-10,web,5,completado,True,111734.04,2,1,1,111734.04
388,1014,2026-01-14,2026,1,Enero,1,2026-01,app_movil,7,pendiente,False,18554.64,6,1,1,18554.64
1192,1833,2024-12-29,2024,12,Diciembre,4,2024-12,app_movil,4,enviado,True,15284.0,8,1,1,15284.0
2457,713,2025-07-18,2025,7,Julio,3,2025-07,tienda_fisica,9,pendiente,False,0.0,0,0,0,0.0
3347,1027,2024-04-20,2024,4,Abril,2,2024-04,tienda_fisica,2,completado,True,7990.03,5,1,1,7990.03
2517,922,2025-09-05,2025,9,Setiembre,3,2025-09,tienda_fisica,9,pendiente,False,1585.82,2,2,2,792.91
946,540,2025-09-06,2025,9,Setiembre,3,2025-09,web,6,pendiente,False,4265.11,1,1,1,4265.11
1410,198,2026-02-14,2026,2,Febrero,1,2026-02,app_movil,7,cancelado,False,0.0,0,0,0,0.0
830,883,2024-12-28,2024,12,Diciembre,4,2024-12,app_movil,10,enviado,True,0.0,0,0,0,0.0
785,515,2026-04-17,2026,4,Abril,2,2026-04,web,8,pendiente,False,0.0,0,0,0,0.0
3420,730,2025-02-14,2025,2,Febrero,1,2025-02,app_movil,5,completado,True,67741.76,8,2,2,33870.88
989,76,2026-01-03,2026,1,Enero,1,2026-01,tienda_fisica,4,completado,True,307498.0,12,4,4,76874.5
3135,1077,2025-02-16,2025,2,Febrero,1,2025-02,app_movil,5,cancelado,False,17605.42,4,1,1,17605.42
2904,247,2024-03-31,2024,3,Marzo,1,2024-03,app_movil,8,completado,True,14723.55,5,2,2,7361.78
2915,1737,2025-01-06,2025,1,Enero,1,2025-01,app_movil,12,completado,True,226152.16,16,3,3,75384.05
3543,1628,2024-10-25,2024,10,Octubre,4,2024-10,tienda_fisica,10,completado,True,17090.05,6,2,2,8545.02
1954,1199,2025-12-05,2025,12,Diciembre,4,2025-12,tienda_fisica,2,enviado,True,20496.36,4,1,1,20496.36
1854,156,2025-04-01,2025,4,Abril,2,2025-04,web,8,enviado,True,0.0,0,0,0,0.0
1361,1908,2025-06-24,2025,6,Junio,2,2025-06,app_movil,5,cancelado,False,0.0,0,0,0,0.0
2,1116,2025-11-07,2025,11,Noviembre,4,2025-11,tienda_fisica,6,pendiente,False,52749.95,3,1,1,52749.95
2009,503,2026-01-28,2026,1,Enero,1,2026-01,web,1,completado,True,13400.48,1,1,1,13400.48
478,1534,2026-01-16,2026,1,Enero,1,2026-01,web,3,completado,True,35332.75,11,3,3,11777.58
2931,1604,2024-06-30,2024,6,Junio,2,2024-06,app_movil,3,completado,True,40961.09,11,3,3,13653.7
2468,983,2026-06-07,2026,6,Junio,2,2026-06,web,7,completado,True,0.0,0,0,0,0.0
3290,1929,2026-11-05,2026,11,Noviembre,4,2026-11,app_movil,2,completado,True,44605.6,2,1,1,44605.6
1873,831,2024-06-21,2024,6,Junio,2,2024-06,app_movil,1,completado,True,131086.79,14,4,4,32771.7
2435,1105,2025-08-20,2025,8,Agosto,3,2025-08,web,1,completado,True,0.0,0,0,0,0.0
1064,85,2026-02-23,2026,2,Febrero,1,2026-02,app_movil,6,pendiente,False,3763.2,1,1,1,3763.2
3437,1001,2024-11-22,2024,11,Noviembre,4,2024-11,web,9,completado,True,20073.55,8,1,1,20073.55
2988,1137,2024-09-22,2024,9,Setiembre,3,2024-09,tienda_fisica,12,completado,True,0.0,0,0,0,0.0
1973,1983,2024-09-08,2024,9,Setiembre,3,2024-09,tienda_fisica,8,completado,True,0.0,0,0,0,0.0
1726,1715,2024-08-18,2024,8,Agosto,3,2024-08,tienda_fisica,9,completado,True,194805.6,5,1,1,194805.6
3556,1712,2025-01-04,2025,1,Enero,1,2025-01,app_movil,6,cancelado,False,0.0,0,0,0,0.0
2632,1004,2025-05-19,2025,5,Mayo,2,2025-05,tienda_fisica,2,cancelado,False,26210.78,13,3,3,8736.93
3478,1653,2025-04-28,2025,4,Abril,2,2025-04,tienda_fisica,3,completado,True,233457.32,11,2,2,116728.66
3527,1956,2026-05-13,2026,5,Mayo,2,2026-05,web,9,cancelado,False,0.0,0,0,0,0.0
757,1943,2025-05-19,2025,5,Mayo,2,2025-05,app_movil,8,pendiente,False,149981.01,3,1,1,149981.01
2405,111,2026-08-18,2026,8,Agosto,3,2026-08,tienda_fisica,12,pendiente,False,0.0,0,0,0,0.0
89,312,2025-12-17,2025,12,Diciembre,4,2025-12,app_movil,3,cancelado,False,61156.76,8,2,2,30578.38
725,1107,2024-10-30,2024,10,Octubre,4,2024-10,web,7,cancelado,False,156350.28,12,3,3,52116.76
1958,827,2024-01-09,2024,1,Enero,1,2024-01,web,8,completado,True,0.0,0,0,0,0.0
2743,1489,2026-07-16,2026,7,Julio,3,2026-07,web,1,completado,True,0.0,0,0,0,0.0
1059,1195,2026-07-09,2026,7,Julio,3,2026-07,app_movil,12,enviado,True,0.0,0,0,0,0.0
3153,1590,2024-10-03,2024,10,Octubre,4,2024-10,tienda_fisica,4,pendiente,False,0.0,0,0,0,0.0
780,529,2024-08-24,2024,8,Agosto,3,2024-08,web,6,pendiente,False,92537.2,7,1,1,92537.2
10,663,2024-08-29,2024,8,Agosto,3,2024-08,web,5,completado,True,114901.83,11,3,3,38300.61
709,1548,2025-09-10,2025,9,Setiembre,3,2025-09,app_movil,1,completado,True,31633.95,2,1,1,31633.95
1534,1130,2026-09-20,2026,9,Setiembre,3,2026-09,web,10,completado,True,1454.7,3,1,1,1454.7
2937,885,2024-08-22,2024,8,Agosto,3,2024-08,app_movil,12,completado,True,4416.93,1,1,1,4416.93
583,731,2026-09-19,2026,9,Setiembre,3,2026-09,app_movil,10,completado,True,614.08,2,1,1,614.08
1463,1130,2026-01-08,2026,1,Enero,1,2026-01,app_movil,3,cancelado,False,13903.52,8,1,1,13903.52
2640,1017,2024-11-14,2024,11,Noviembre,4,2024-11,app_movil,10,completado,True,126928.29,5,1,1,126928.29
2619,192,2026-03-07,2026,3,Marzo,1,2026-03,app_movil,3,cancelado,False,0.0,0,0,0,0.0
3434,68,2025-03-09,2025,3,Marzo,1,2025-03,app_movil,6,completado,True,36818.55,5,1,1,36818.55
1826,515,2024-03-10,2024,3,Marzo,1,2024-03,web,1,completado,True,0.0,0,0,0,0.0
1470,1129,2025-05-28,2025,5,Mayo,2,2025-05,tienda_fisica,2,cancelado,False,0.0,0,0,0,0.0
1975,1649,2025-12-15,2025,12,Diciembre,4,2025-12,app_movil,10,pendiente,False,0.0,0,0,0,0.0
1413,1106,2025-05-18,2025,5,Mayo,2,2025-05,web,5,completado,True,9804.94,2,1,1,9804.94
642,398,2026-06-28,2026,6,Junio,2,2026-06,tienda_fisica,7,enviado,True,20034.19,10,3,3,6678.06
1799,798,2024-07-07,2024,7,Julio,3,2024-07,app_movil,10,completado,True,0.0,0,0,0,0.0
407,1797,2026-07-06,2026,7,Julio,3,2026-07,web,12,pendiente,False,13385.88,10,3,3,4461.96
3205,1266,2026-07-11,2026,7,Julio,3,2026-07,tienda_fisica,4,completado,True,17829.58,7,2,2,8914.79
944,764,2025-02-27,2025,2,Febrero,1,2025-02,app_movil,12,cancelado,False,0.0,0,0,0,0.0
3023,180,2024-05-11,2024,5,Mayo,2,2024-05,web,8,enviado,True,0.0,0,0,0,0.0
3156,1289,2025-07-26,2025,7,Julio,3,2025-07,tienda_fisica,2,completado,True,9139.0,11,2,2,4569.5
754,1180,2026-07-03,2026,7,Julio,3,2026-07,tienda_fisica,8,cancelado,False,39944.4,8,1,1,39944.4
1349,1963,2025-12-30,2025,12,Diciembre,4,2025-12,web,7,completado,True,0.0,0,0,0,0.0
3059,1143,2026-04-20,2026,4,Abril,2,2026-04,web,11,enviado,True,0.0,0,0,0,0.0
460,662,2026-05-02,2026,5,Mayo,2,2026-05,app_movil,7,cancelado,False,0.0,0,0,0,0.0
768,1293,2025-04-19,2025,4,Abril,2,2025-04,web,11,pendiente,False,100425.36,7,1,1,100425.36
3310,1428,2025-03-05,2025,3,Marzo,1,2025-03,tienda_fisica,10,completado,True,0.0,0,0,0,0.0
3075,927,2026-09-18,2026,9,Setiembre,3,2026-09,web,6,completado,True,4355.43,3,1,1,4355.43
2262,1910,2025-07-15,2025,7,Julio,3,2025-07,tienda_fisica,12,enviado,True,0.0,0,0,0,0.0
1240,1068,2026-03-26,2026,3,Marzo,1,2026-03,web,7,enviado,True,557001.43,18,3,3,185667.14
1879,1483,2025-10-11,2025,10,Octubre,4,2025-10,app_movil,9,completado,True,91214.1,5,1,1,91214.1
2934,1929,2025-10-30,2025,10,Octubre,4,2025-10,app_movil,11,pendiente,False,246151.17,15,5,5,49230.23
699,1363,2025-04-06,2025,4,Abril,2,2025-04,app_movil,1,completado,True,0.0,0,0,0,0.0
2832,956,2026-01-18,2026,1,Enero,1,2026-01,tienda_fisica,8,completado,True,0.0,0,0,0,0.0
2152,1754,2025-01-14,2025,1,Enero,1,2025-01,web,8,completado,True,4356.58,1,1,1,4356.58
1342,1958,2025-07-13,2025,7,Julio,3,2025-07,web,11,completado,True,147006.88,8,1,1,147006.88
995,1468,2025-07-01,2025,7,Julio,3,2025-07,tienda_fisica,12,completado,True,0.0,0,0,0,0.0
933,84,2024-11-06,2024,11,Noviembre,4,2024-11,app_movil,4,pendiente,False,47209.02,3,1,1,47209.02
227,164,2026-05-19,2026,5,Mayo,2,2026-05,web,12,cancelado,False,732.39,3,1,1,732.39
1830,716,2024-02-04,2024,2,Febrero,1,2024-02,web,2,completado,True,55950.35,3,1,1,55950.35
3311,160,2026-08-21,2026,8,Agosto,3,2026-08,app_movil,6,enviado,True,2859.52,2,1,1,2859.52
916,2058,2024-12-08,2024,12,Diciembre,4,2024-12,tienda_fisica,1,completado,True,313055.59,22,4,4,78263.9
1231,1972,2024-11-13,2024,11,Noviembre,4,2024-11,tienda_fisica,9,completado,True,0.0,0,0,0,0.0
1485,485,2024-08-22,2024,8,Agosto,3,2024-08,app_movil,1,completado,True,181137.02,11,3,3,60379.01
2012,751,2024-09-20,2024,9,Setiembre,3,2024-09,tienda_fisica,12,pendiente,False,0.0,0,0,0,0.0
1468,156,2025-06-01,2025,6,Junio,2,2025-06,web,6,completado,True,0.0,0,0,0,0.0
806,950,2026-09-24,2026,9,Setiembre,3,2026-09,tienda_fisica,9,enviado,True,26050.65,3,1,1,26050.65
180,44,2025-08-14,2025,8,Agosto,3,2025-08,web,7,pendiente,False,210448.0,4,1,1,210448.0
3546,1265,2025-06-08,2025,6,Junio,2,2025-06,app_movil,9,completado,True,0.0,0,0,0,0.0
1953,1371,2026-03-05,2026,3,Marzo,1,2026-03,web,3,completado,True,13098.92,4,1,1,13098.92
2050,279,2024-08-05,2024,8,Agosto,3,2024-08,app_movil,1,completado,True,0.0,0,0,0,0.0
3175,360,2026-05-23,2026,5,Mayo,2,2026-05,app_movil,7,cancelado,False,0.0,0,0,0,0.0
1492,1860,2025-03-02,2025,3,Marzo,1,2025-03,tienda_fisica,2,pendiente,False,0.0,0,0,0,0.0
2762,987,2025-03-16,2025,3,Marzo,1,2025-03,web,4,enviado,True,0.0,0,0,0,0.0
1149,152,2025-08-21,2025,8,Agosto,3,2025-08,tienda_fisica,3,cancelado,False,42276.9,6,2,2,21138.45
1913,951,2025-09-07,2025,9,Setiembre,3,2025-09,tienda_fisica,8,completado,True,0.0,0,0,0,0.0
3030,408,2025-05-16,2025,5,Mayo,2,2025-05,tienda_fisica,6,pendiente,False,15896.57,1,1,1,15896.57
3086,1296,2026-03-30,2026,3,Marzo,1,2026-03,tienda_fisica,8,enviado,True,269386.95,27,5,5,53877.39
1153,371,2026-08-08,2026,8,Agosto,3,2026-08,app_movil,3,completado,True,0.0,0,0,0,0.0
1179,1840,2024-07-23,2024,7,Julio,3,2024-07,web,6,completado,True,179151.14,14,3,3,59717.05
2465,1821,2024-12-10,2024,12,Diciembre,4,2024-12,web,12,pendiente,False,0.0,0,0,0,0.0
1236,1522,2026-06-01,2026,6,Junio,2,2026-06,tienda_fisica,8,pendiente,False,22923.11,7,1,1,22923.11
1454,833,2025-06-01,2025,6,Junio,2,2025-06,web,2,completado,True,0.0,0,0,0,0.0
2175,1432,2025-12-09,2025,12,Diciembre,4,2025-12,web,10,completado,True,0.0,0,0,0,0.0
1528,299,2025-10-07,2025,10,Octubre,4,2025-10,web,4,enviado,True,66772.97,12,2,2,33386.48
784,247,2026-01-28,2026,1,Enero,1,2026-01,app_movil,12,cancelado,False,285221.44,17,3,3,95073.81
22,308,2024-04-15,2024,4,Abril,2,2024-04,tienda_fisica,2,enviado,True,0.0,0,0,0,0.0
1510,1060,2025-11-22,2025,11,Noviembre,4,2025-11,web,11,completado,True,42953.44,4,1,1,42953.44
1321,248,2024-10-09,2024,10,Octubre,4,2024-10,app_movil,10,cancelado,False,0.0,0,0,0,0.0
3035,369,2025-09-02,2025,9,Setiembre,3,2025-09,web,10,cancelado,False,376327.59,9,2,2,188163.8
714,1204,2024-06-04,2024,6,Junio,2,2024-06,web,8,completado,True,60509.32,12,2,2,30254.66
729,719,2025-08-14,2025,8,Agosto,3,2025-08,app_movil,11,pendiente,False,0.0,0,0,0,0.0
1109,488,2024-03-12,2024,3,Marzo,1,2024-03,app_movil,9,cancelado,False,0.0,0,0,0,0.0
1992,581,2024-07-27,2024,7,Julio,3,2024-07,app_movil,7,pendiente,False,0.0,0,0,0,0.0
3283,1261,2025-02-12,2025,2,Febrero,1,2025-02,web,3,cancelado,False,105967.86,3,1,1,105967.86
2016,1691,2024-04-18,2024,4,Abril,2,2024-04,web,8,completado,True,507856.16,17,3,3,169285.39
1271,1583,2025-12-25,2025,12,Diciembre,4,2025-12,web,12,cancelado,False,0.0,0,0,0,0.0
1725,751,2026-05-13,2026,5,Mayo,2,2026-05,tienda_fisica,5,enviado,True,300446.71,9,2,2,150223.36
3137,1415,2024-10-11,2024,10,Octubre,4,2024-10,tienda_fisica,5,completado,True,7457.22,8,1,1,7457.22
3409,1245,2025-05-14,2025,5,Mayo,2,2025-05,tienda_fisica,12,completado,True,0.0,0,0,0,0.0
2395,79,2024-12-28,2024,12,Diciembre,4,2024-12,web,4,completado,True,125841.2,12,2,2,62920.6
2831,1200,2025-01-25,2025,1,Enero,1,2025-01,app_movil,10,cancelado,False,0.0,0,0,0,0.0
327,183,2026-09-16,2026,9,Setiembre,3,2026-09,web,7,completado,True,58860.21,3,1,1,58860.21
1175,745,2026-01-20,2026,1,Enero,1,2026-01,web,1,cancelado,False,6350.09,3,1,1,6350.09
873,354,2024-11-10,2024,11,Noviembre,4,2024-11,tienda_fisica,6,pendiente,False,53942.8,8,4,4,13485.7
2518,423,2026-09-07,2026,9,Setiembre,3,2026-09,tienda_fisica,7,pendiente,False,579530.18,20,4,4,144882.55
2639,727,2024-04-15,2024,4,Abril,2,2024-04,tienda_fisica,5,cancelado,False,0.0,0,0,0,0.0
1724,667,2024-04-16,2024,4,Abril,2,2024-04,tienda_fisica,2,completado,True,297082.7,7,2,2,148541.35
1602,1663,2026-01-22,2026,1,Enero,1,2026-01,tienda_fisica,11,enviado,True,34965.27,6,3,3,11655.09
1764,1159,2026-06-15,2026,6,Junio,2,2026-06,web,9,cancelado,False,202000.08,8,1,1,202000.08
2540,299,2026-03-17,2026,3,Marzo,1,2026-03,tienda_fisica,2,completado,True,2223.36,3,1,1,2223.36
3096,118,2026-01-16,2026,1,Enero,1,2026-01,web,3,completado,True,50732.89,14,3,3,16910.96
737,989,2024-03-22,2024,3,Marzo,1,2024-03,app_movil,1,completado,True,14852.1,6,1,1,14852.1
3497,1338,2024-09-17,2024,9,Setiembre,3,2024-09,web,2,completado,True,91066.18,2,1,1,91066.18
1507,557,2025-07-25,2025,7,Julio,3,2025-07,tienda_fisica,10,completado,True,250921.3,7,1,1,250921.3
3190,250,2025-09-15,2025,9,Setiembre,3,2025-09,web,1,completado,True,195.0,1,1,1,195.0
645,1391,2026-01-28,2026,1,Enero,1,2026-01,web,7,enviado,True,0.0,0,0,0,0.0
3461,1465,2026-07-13,2026,7,Julio,3,2026-07,app_movil,2,pendiente,False,0.0,0,0,0,0.0
1232,328,2025-07-13,2025,7,Julio,3,2025-07,tienda_fisica,6,pendiente,False,0.0,0,0,0,0.0
2440,1966,2024-07-27,2024,7,Julio,3,2024-07,web,11,enviado,True,0.0,0,0,0,0.0
3062,1897,2026-06-16,2026,6,Junio,2,2026-06,app_movil,7,enviado,True,0.0,0,0,0,0.0
123,581,2025-06-30,2025,6,Junio,2,2025-06,tienda_fisica,5,completado,True,15329.1,6,1,1,15329.1
1403,608,2026-08-24,2026,8,Agosto,3,2026-08,app_movil,4,enviado,True,71867.6,5,2,2,35933.8
1818,1220,2026-05-01,2026,5,Mayo,2,2026-05,web,6,enviado,True,2111.46,6,1,1,2111.46
3004,294,2025-12-11,2025,12,Diciembre,4,2025-12,app_movil,7,completado,True,4535.34,6,1,1,4535.34
3584,359,2026-05-26,2026,5,Mayo,2,2026-05,tienda_fisica,11,completado,True,179612.2,9,3,3,59870.73
2298,1582,2025-04-21,2025,4,Abril,2,2025-04,tienda_fisica,8,enviado,True,27471.18,5,2,2,13735.59
656,225,2026-09-23,2026,9,Setiembre,3,2026-09,tienda_fisica,4,completado,True,69469.55,3,3,3,23156.52
3536,714,2025-09-12,2025,9,Setiembre,3,2025-09,web,9,enviado,True,0.0,0,0,0,0.0
1767,1092,2026-01-30,2026,1,Enero,1,2026-01,web,2,cancelado,False,24121.58,6,2,2,12060.79
1251,342,2024-06-07,2024,6,Junio,2,2024-06,tienda_fisica,9,cancelado,False,35579.26,3,2,2,17789.63
3381,1240,2024-01-08,2024,1,Enero,1,2024-01,app_movil,8,cancelado,False,2112.02,1,1,1,2112.02
149,693,2025-12-19,2025,12,Diciembre,4,2025-12,tienda_fisica,7,pendiente,False,37873.25,1,1,1,37873.25
313,14,2026-08-04,2026,8,Agosto,3,2026-08,web,9,cancelado,False,91602.56,9,2,2,45801.28
1498,565,2025-01-24,2025,1,Enero,1,2025-01,tienda_fisica,3,completado,True,0.0,0,0,0,0.0
2855,463,2025-04-07,2025,4,Abril,2,2025-04,app_movil,11,completado,True,190700.97,14,3,3,63566.99
2055,569,2024-12-16,2024,12,Diciembre,4,2024-12,app_movil,6,pendiente,False,88454.1,8,2,2,44227.05
2687,792,2026-08-04,2026,8,Agosto,3,2026-08,web,10,completado,True,0.0,0,0,0,0.0
1274,412,2025-05-22,2025,5,Mayo,2,2025-05,tienda_fisica,7,cancelado,False,0.0,0,0,0,0.0
1966,158,2025-12-16,2025,12,Diciembre,4,2025-12,web,12,enviado,True,130082.22,14,3,3,43360.74
896,945,2025-07-13,2025,7,Julio,3,2025-07,tienda_fisica,7,enviado,True,209628.79,14,2,2,104814.4
2992,1450,2026-09-03,2026,9,Setiembre,3,2026-09,web,1,pendiente,False,0.0,0,0,0,0.0
2075,239,2025-06-19,2025,6,Junio,2,2025-06,tienda_fisica,11,completado,True,19594.02,3,1,1,19594.02
3577,1029,2025-12-03,2025,12,Diciembre,4,2025-12,app_movil,6,cancelado,False,5207.91,1,1,1,5207.91
759,1979,2024-09-07,2024,9,Setiembre,3,2024-09,app_movil,7,completado,True,29825.76,10,2,2,14912.88
869,1031,2024-07-17,2024,7,Julio,3,2024-07,tienda_fisica,4,completado,True,205833.03,10,2,2,102916.52
1501,1869,2025-05-07,2025,5,Mayo,2,2025-05,tienda_fisica,12,pendiente,False,0.0,0,0,0,0.0
355,1265,2026-07-14,2026,7,Julio,3,2026-07,web,3,completado,True,0.0,0,0,0,0.0
1642,1347,2026-04-20,2026,4,Abril,2,2026-04,web,10,pendiente,False,1728.59,1,1,1,1728.59
1840,1162,2024-02-20,2024,2,Febrero,1,2024-02,app_movil,6,enviado,True,31948.64,1,1,1,31948.64
2413,154,2026-06-29,2026,6,Junio,2,2026-06,tienda_fisica,8,enviado,True,1805.93,3,1,1,1805.93
1362,840,2025-10-16,2025,10,Octubre,4,2025-10,tienda_fisica,12,cancelado,False,4950.7,2,1,1,4950.7
3375,915,2024-09-28,2024,9,Setiembre,3,2024-09,tienda_fisica,6,pendiente,False,61338.28,15,3,3,20446.09
539,1111,2025-12-11,2025,12,Diciembre,4,2025-12,tienda_fisica,2,enviado,True,139967.41,8,2,2,69983.7
2357,874,2025-06-25,2025,6,Junio,2,2025-06,web,12,pendiente,False,172136.4,9,2,2,86068.2
3579,937,2025-07-01,2025,7,Julio,3,2025-07,web,5,pendiente,False,0.0,0,0,0,0.0
580,1549,2026-01-28,2026,1,Enero,1,2026-01,app_movil,5,cancelado,False,0.0,0,0,0,0.0
2187,1032,2026-05-24,2026,5,Mayo,2,2026-05,web,7,enviado,True,60463.76,8,1,1,60463.76
2221,1603,2026-06-29,2026,6,Junio,2,2026-06,app_movil,3,pendiente,False,214611.2,12,2,2,107305.6
2929,680,2026-03-07,2026,3,Marzo,1,2026-03,web,3,completado,True,0.0,0,0,0,0.0
262,820,2026-06-24,2026,6,Junio,2,2026-06,tienda_fisica,9,pendiente,False,0.0,0,0,0,0.0
1319,951,2024-07-29,2024,7,Julio,3,2024-07,app_movil,11,completado,True,7191.47,4,1,1,7191.47
760,1873,2025-02-23,2025,2,Febrero,1,2025-02,app_movil,2,completado,True,102401.14,14,2,2,51200.57
1937,1849,2026-04-02,2026,4,Abril,2,2026-04,app_movil,11,completado,True,0.0,0,0,0,0.0
182,1343,2024-06-14,2024,6,Junio,2,2024-06,app_movil,11,cancelado,False,0.0,0,0,0,0.0
1753,1136,2025-09-11,2025,9,Setiembre,3,2025-09,web,7,cancelado,False,0.0,0,0,0,0.0
1405,1100,2025-05-08,2025,5,Mayo,2,2025-05,web,2,enviado,True,14023.02,3,1,1,14023.02
73,1534,2025-03-13,2025,3,Marzo,1,2025-03,web,4,completado,True,0.0,0,0,0,0.0
926,71,2026-01-25,2026,1,Enero,1,2026-01,app_movil,5,pendiente,False,0.0,0,0,0,0.0
2986,1806,2025-05-04,2025,5,Mayo,2,2025-05,tienda_fisica,1,pendiente,False,66356.96,4,1,1,66356.96
2246,851,2026-02-10,2026,2,Febrero,1,2026-02,web,8,pendiente,False,0.0,0,0,0,0.0
1450,1587,2025-03-29,2025,3,Marzo,1,2025-03,tienda_fisica,1,completado,True,32080.1,12,3,3,10693.37
267,1615,2024-06-01,2024,6,Junio,2,2024-06,tienda_fisica,5,enviado,True,36043.54,7,2,2,18021.77
1664,179,2026-07-01,2026,7,Julio,3,2026-07,tienda_fisica,3,completado,True,32014.96,20,4,4,8003.74
901,219,2026-02-14,2026,2,Febrero,1,2026-02,tienda_fisica,6,completado,True,27177.63,10,2,2,13588.82
3317,1739,2024-02-17,2024,2,Febrero,1,2024-02,app_movil,7,completado,True,14490.38,1,1,1,14490.38
2809,84,2024-09-29,2024,9,Setiembre,3,2024-09,web,8,completado,True,6557.79,2,1,1,6557.79
1809,605,2026-01-24,2026,1,Enero,1,2026-01,web,9,completado,True,642770.98,13,2,2,321385.49
2288,1962,2025-08-12,2025,8,Agosto,3,2025-08,tienda_fisica,6,completado,True,104113.33,13,3,3,34704.44
3596,683,2025-07-28,2025,7,Julio,3,2025-07,app_movil,11,completado,True,63408.38,7,2,2,31704.19
1586,577,2026-02-22,2026,2,Febrero,1,2026-02,tienda_fisica,6,enviado,True,0.0,0,0,0,0.0
3237,805,2026-07-20,2026,7,Julio,3,2026-07,app_movil,7,completado,True,2223.36,3,1,1,2223.36
2849,805,2024-09-19,2024,9,Setiembre,3,2024-09,app_movil,12,pendiente,False,15850.83,5,1,1,15850.83
728,1148,2024-03-08,2024,3,Marzo,1,2024-03,tienda_fisica,6,pendiente,False,10085.41,1,1,1,10085.41
2887,702,2024-08-20,2024,8,Agosto,3,2024-08,web,12,enviado,True,4348.4,2,2,2,2174.2
3108,483,2025-01-30,2025,1,Enero,1,2025-01,tienda_fisica,2,completado,True,35579.13,3,1,1,35579.13
1579,61,2025-05-06,2025,5,Mayo,2,2025-05,app_movil,1,completado,True,0.0,0,0,0,0.0
3392,801,2026-03-06,2026,3,Marzo,1,2026-03,app_movil,10,completado,True,40820.92,16,2,2,20410.46
1306,960,2024-10-26,2024,10,Octubre,4,2024-10,web,12,completado,True,0.0,0,0,0,0.0
884,1961,2025-09-25,2025,9,Setiembre,3,2025-09,tienda_fisica,1,completado,True,40304.46,7,1,1,40304.46
1759,363,2026-05-07,2026,5,Mayo,2,2026-05,web,9,completado,True,189277.32,9,2,2,94638.66
1387,646,2024-07-26,2024,7,Julio,3,2024-07,app_movil,8,pendiente,False,158198.85,10,2,2,79099.42
2504,145,2024-03-26,2024,3,Marzo,1,2024-03,app_movil,9,cancelado,False,309605.83,16,2,2,154802.92
3276,1831,2026-08-10,2026,8,Agosto,3,2026-08,web,6,completado,True,0.0,0,0,0,0.0
1649,1245,2026-03-25,2026,3,Marzo,1,2026-03,app_movil,6,cancelado,False,34462.13,10,3,3,11487.38
3029,1925,2025-09-26,2025,9,Setiembre,3,2025-09,tienda_fisica,2,cancelado,False,585507.33,27,5,5,117101.47
3408,513,2026-09-14,2026,9,Setiembre,3,2026-09,app_movil,9,cancelado,False,0.0,0,0,0,0.0
1933,60,2026-07-16,2026,7,Julio,3,2026-07,web,8,completado,True,151219.89,8,2,2,75609.95
1157,496,2024-04-28,2024,4,Abril,2,2024-04,tienda_fisica,9,pendiente,False,15960.24,8,1,1,15960.24
1542,77,2026-08-18,2026,8,Agosto,3,2026-08,web,1,enviado,True,0.0,0,0,0,0.0
578,749,2024-01-21,2024,1,Enero,1,2024-01,tienda_fisica,12,enviado,True,11324.91,3,1,1,11324.91
1509,1990,2026-01-19,2026,1,Enero,1,2026-01,web,12,completado,True,31103.45,12,2,2,15551.72
2497,654,2025-06-15,2025,6,Junio,2,2025-06,web,11,enviado,True,0.0,0,0,0,0.0
2865,1998,2024-05-09,2024,5,Mayo,2,2024-05,tienda_fisica,7,completado,True,4025.6,2,1,1,4025.6
3010,1563,2026-08-05,2026,8,Agosto,3,2026-08,tienda_fisica,3,enviado,True,68279.68,7,2,2,34139.84
2531,1014,2025-02-06,2025,2,Febrero,1,2025-02,app_movil,9,completado,True,5436.0,1,1,1,5436.0
1976,803,2026-06-25,2026,6,Junio,2,2026-06,tienda_fisica,6,completado,True,961.64,2,1,1,961.64
2379,1813,2026-07-12,2026,7,Julio,3,2026-07,web,4,completado,True,0.0,0,0,0,0.0
43,375,2024-03-16,2024,3,Marzo,1,2024-03,tienda_fisica,8,completado,True,0.0,0,0,0,0.0
722,1503,2024-09-23,2024,9,Setiembre,3,2024-09,app_movil,3,enviado,True,609196.11,21,4,4,152299.03
1906,1832,2025-07-04,2025,7,Julio,3,2025-07,tienda_fisica,3,completado,True,46120.9,5,3,3,15373.63
1270,1114,2026-08-08,2026,8,Agosto,3,2026-08,web,1,pendiente,False,7817.53,2,1,1,7817.53
937,521,2026-08-05,2026,8,Agosto,3,2026-08,web,4,completado,True,9751.8,3,1,1,9751.8
3,3,2024-05-10,2024,5,Mayo,2,2024-05,web,9,completado,True,0.0,0,0,0,0.0
2082,750,2026-01-08,2026,1,Enero,1,2026-01,web,10,pendiente,False,672443.24,16,3,3,224147.75
1761,510,2026-07-17,2026,7,Julio,3,2026-07,app_movil,9,completado,True,0.0,0,0,0,0.0
1650,1889,2024-10-24,2024,10,Octubre,4,2024-10,app_movil,4,pendiente,False,6728.4,8,1,1,6728.4
248,316,2026-05-21,2026,5,Mayo,2,2026-05,web,10,completado,True,10039.17,3,1,1,10039.17
256,14,2026-09-05,2026,9,Setiembre,3,2026-09,web,8,completado,True,29414.82,6,1,1,29414.82
2285,1576,2025-12-16,2025,12,Diciembre,4,2025-12,web,1,pendiente,False,82908.18,6,1,1,82908.18
2913,1949,2026-01-25,2026,1,Enero,1,2026-01,app_movil,12,pendiente,False,32026.56,3,2,2,16013.28
1486,1721,2024-06-22,2024,6,Junio,2,2024-06,app_movil,9,completado,True,415666.1,13,2,2,207833.05
1101,139,2024-04-28,2024,4,Abril,2,2024-04,web,9,completado,True,12917.12,1,1,1,12917.12
3490,1671,2026-07-03,2026,7,Julio,3,2026-07,app_movil,5,completado,True,0.0,0,0,0,0.0
1866,694,2024-02-15,2024,2,Febrero,1,2024-02,app_movil,1,completado,True,0.0,0,0,0,0.0
2600,1228,2025-02-22,2025,2,Febrero,1,2025-02,tienda_fisica,2,completado,True,0.0,0,0,0,0.0
2488,1379,2025-02-18,2025,2,Febrero,1,2025-02,app_movil,5,pendiente,False,13965.21,7,1,1,13965.21
1993,751,2024-06-26,2024,6,Junio,2,2024-06,web,1,cancelado,False,990.0,6,1,1,990.0
1272,302,2025-03-08,2025,3,Marzo,1,2025-03,tienda_fisica,3,completado,True,5844.87,5,1,1,5844.87
247,810,2024-10-03,2024,10,Octubre,4,2024-10,tienda_fisica,10,completado,True,93934.48,9,2,2,46967.24
1932,569,2026-05-24,2026,5,Mayo,2,2026-05,web,7,enviado,True,0.0,0,0,0,0.0
2059,383,2024-07-04,2024,7,Julio,3,2024-07,tienda_fisica,9,pendiente,False,4813.0,1,1,1,4813.0
2681,792,2025-07-03,2025,7,Julio,3,2025-07,web,9,enviado,True,0.0,0,0,0,0.0
1399,926,2025-12-13,2025,12,Diciembre,4,2025-12,tienda_fisica,12,cancelado,False,0.0,0,0,0,0.0
2833,1812,2026-07-30,2026,7,Julio,3,2026-07,web,7,pendiente,False,149160.0,8,1,1,149160.0
1115,1366,2024-11-19,2024,11,Noviembre,4,2024-11,tienda_fisica,4,cancelado,False,0.0,0,0,0,0.0
835,1870,2025-03-31,2025,3,Marzo,1,2025-03,tienda_fisica,8,completado,True,0.0,0,0,0,0.0
168,743,2026-02-04,2026,2,Febrero,1,2026-02,web,8,completado,True,0.0,0,0,0,0.0
2238,1796,2024-11-25,2024,11,Noviembre,4,2024-11,web,11,enviado,True,0.0,0,0,0,0.0
646,915,2024-07-15,2024,7,Julio,3,2024-07,web,8,completado,True,60232.0,8,1,1,60232.0
3269,1337,2025-10-17,2025,10,Octubre,4,2025-10,tienda_fisica,10,cancelado,False,102875.93,6,2,2,51437.96
2045,1875,2026-05-28,2026,5,Mayo,2,2026-05,web,4,pendiente,False,7891.12,4,1,1,7891.12
3474,192,2025-09-14,2025,9,Setiembre,3,2025-09,app_movil,3,completado,True,4243.54,6,1,1,4243.54
464,1107,2024-09-28,2024,9,Setiembre,3,2024-09,web,11,completado,True,137382.04,11,2,2,68691.02
455,1631,2026-05-15,2026,5,Mayo,2,2026-05,tienda_fisica,1,enviado,True,0.0,0,0,0,0.0
2903,1813,2024-08-19,2024,8,Agosto,3,2024-08,web,7,completado,True,353445.45,9,2,2,176722.72
1846,563,2025-12-16,2025,12,Diciembre,4,2025-12,app_movil,2,pendiente,False,7805.84,8,1,1,7805.84
2377,1095,2025-11-25,2025,11,Noviembre,4,2025-11,app_movil,4,completado,True,13180.68,9,2,2,6590.34
487,407,2025-10-23,2025,10,Octubre,4,2025-10,tienda_fisica,9,completado,True,66073.05,15,3,3,22024.35
2216,257,2026-07-19,2026,7,Julio,3,2026-07,web,2,completado,True,137958.94,20,3,3,45986.31
2606,1230,2026-01-04,2026,1,Enero,1,2026-01,tienda_fisica,2,enviado,True,0.0,0,0,0,0.0
3279,417,2024-09-15,2024,9,Setiembre,3,2024-09,web,4,completado,True,0.0,0,0,0,0.0
2998,1325,2024-03-16,2024,3,Marzo,1,2024-03,web,11,completado,True,2414.0,1,1,1,2414.0
249,778,2025-02-26,2025,2,Febrero,1,2025-02,tienda_fisica,3,completado,True,179700.32,7,1,1,179700.32
1666,648,2026-06-02,2026,6,Junio,2,2026-06,app_movil,4,pendiente,False,5185.69,6,2,2,2592.84
3319,298,2025-10-24,2025,10,Octubre,4,2025-10,app_movil,7,enviado,True,0.0,0,0,0,0.0
626,250,2024-07-30,2024,7,Julio,3,2024-07,tienda_fisica,6,completado,True,182378.92,21,4,4,45594.73
3073,839,2024-12-24,2024,12,Diciembre,4,2024-12,tienda_fisica,2,pendiente,False,153285.12,8,1,1,153285.12
2365,1607,2026-05-07,2026,5,Mayo,2,2026-05,web,10,pendiente,False,45698.37,2,2,2,22849.18
1458,1950,2024-09-26,2024,9,Setiembre,3,2024-09,app_movil,5,enviado,True,11538.0,4,2,2,5769.0
17,1078,2026-06-05,2026,6,Junio,2,2026-06,tienda_fisica,6,completado,True,132193.08,3,1,1,132193.08
1041,993,2025-08-02,2025,8,Agosto,3,2025-08,tienda_fisica,1,completado,True,0.0,0,0,0,0.0
1519,1714,2025-07-23,2025,7,Julio,3,2025-07,web,1,completado,True,0.0,0,0,0,0.0
3231,1938,2026-09-07,2026,9,Setiembre,3,2026-09,web,8,enviado,True,4289.28,3,1,1,4289.28
1558,1220,2024-12-22,2024,12,Diciembre,4,2024-12,web,10,enviado,True,19193.6,8,1,1,19193.6
2823,1592,2026-08-05,2026,8,Agosto,3,2026-08,app_movil,4,completado,True,233907.69,12,2,2,116953.84
2893,1894,2026-04-29,2026,4,Abril,2,2026-04,web,8,completado,True,0.0,0,0,0,0.0
2385,254,2025-08-22,2025,8,Agosto,3,2025-08,tienda_fisica,11,completado,True,15150.0,1,1,1,15150.0
1007,1220,2024-12-26,2024,12,Diciembre,4,2024-12,web,10,completado,True,33178.53,3,1,1,33178.53
3202,1444,2024-07-28,2024,7,Julio,3,2024-07,app_movil,10,completado,True,0.0,0,0,0,0.0
1078,271,2026-04-02,2026,4,Abril,2,2026-04,web,3,enviado,True,10144.3,4,2,2,5072.15
1372,830,2025-01-08,2025,1,Enero,1,2025-01,tienda_fisica,3,completado,True,0.0,0,0,0,0.0
1042,1448,2024-02-07,2024,2,Febrero,1,2024-02,tienda_fisica,3,enviado,True,55934.91,3,1,1,55934.91
1040,1348,2024-07-09,2024,7,Julio,3,2024-07,app_movil,1,pendiente,False,93436.05,10,2,2,46718.02
1105,1869,2025-09-17,2025,9,Setiembre,3,2025-09,app_movil,1,completado,True,155411.95,5,2,2,77705.98
1452,1724,2026-09-06,2026,9,Setiembre,3,2026-09,tienda_fisica,5,cancelado,False,0.0,0,0,0,0.0
3116,1869,2026-01-22,2026,1,Enero,1,2026-01,tienda_fisica,6,completado,True,159911.55,11,2,2,79955.77
1839,101,2024-11-30,2024,11,Noviembre,4,2024-11,web,9,completado,True,0.0,0,0,0,0.0
3209,1184,2025-07-20,2025,7,Julio,3,2025-07,web,6,pendiente,False,9337.54,3,1,1,9337.54
491,1583,2024-11-05,2024,11,Noviembre,4,2024-11,tienda_fisica,4,pendiente,False,52491.84,4,1,1,52491.84
831,667,2026-04-16,2026,4,Abril,2,2026-04,web,12,completado,True,0.0,0,0,0,0.0
1156,612,2026-12-09,2026,12,Diciembre,4,2026-12,web,12,completado,True,151385.68,22,3,3,50461.89
743,1354,2026-01-23,2026,1,Enero,1,2026-01,tienda_fisica,12,enviado,True,0.0,0,0,0,0.0
354,704,2024-03-17,2024,3,Marzo,1,2024-03,tienda_fisica,2,pendiente,False,0.0,0,0,0,0.0
1571,1183,2025-11-23,2025,11,Noviembre,4,2025-11,web,8,completado,True,24021.61,6,2,2,12010.8
3043,1350,2024-09-10,2024,9,Setiembre,3,2024-09,app_movil,10,cancelado,False,22781.01,8,2,2,11390.5
970,1832,2026-01-03,2026,1,Enero,1,2026-01,tienda_fisica,4,completado,True,19680.2,6,1,1,19680.2
2446,1560,2024-06-15,2024,6,Junio,2,2024-06,tienda_fisica,4,completado,True,79366.56,7,3,3,26455.52
1715,1350,2024-08-13,2024,8,Agosto,3,2024-08,tienda_fisica,12,enviado,True,22978.14,2,1,1,22978.14
3472,373,2025-12-11,2025,12,Diciembre,4,2025-12,app_movil,4,completado,True,0.0,0,0,0,0.0
2259,860,2024-05-17,2024,5,Mayo,2,2024-05,app_movil,10,pendiente,False,15431.18,1,1,1,15431.18
984,456,2024-07-13,2024,7,Julio,3,2024-07,tienda_fisica,9,completado,True,0.0,0,0,0,0.0
1676,350,2024-09-26,2024,9,Setiembre,3,2024-09,app_movil,9,completado,True,2651.35,1,1,1,2651.35
1655,1263,2026-09-02,2026,9,Setiembre,3,2026-09,tienda_fisica,9,enviado,True,7476.08,4,1,1,7476.08
425,289,2025-08-21,2025,8,Agosto,3,2025-08,web,4,completado,True,21237.42,6,1,1,21237.42
1126,54,2026-06-09,2026,6,Junio,2,2026-06,web,11,pendiente,False,0.0,0,0,0,0.0
2993,825,2025-06-29,2025,6,Junio,2,2025-06,app_movil,11,cancelado,False,0.0,0,0,0,0.0
2302,724,2024-12-05,2024,12,Diciembre,4,2024-12,tienda_fisica,5,cancelado,False,0.0,0,0,0,0.0
2255,1382,2026-07-21,2026,7,Julio,3,2026-07,tienda_fisica,3,enviado,True,52256.94,9,2,2,26128.47
967,1484,2026-01-06,2026,1,Enero,1,2026-01,app_movil,5,enviado,True,4900.7,7,1,1,4900.7
3201,1862,2025-11-05,2025,11,Noviembre,4,2025-11,app_movil,9,cancelado,False,52139.32,2,1,1,52139.32
3218,889,2025-09-13,2025,9,Setiembre,3,2025-09,app_movil,10,cancelado,False,26511.25,14,3,3,8837.08
2850,1507,2026-04-15,2026,4,Abril,2,2026-04,tienda_fisica,12,completado,True,12115.95,11,2,2,6057.98
41,645,2025-06-01,2025,6,Junio,2,2025-06,app_movil,7,completado,True,1968.86,1,1,1,1968.86
1849,1346,2026-07-27,2026,7,Julio,3,2026-07,web,12,completado,True,257209.12,7,1,1,257209.12
711,801,2026-06-21,2026,6,Junio,2,2026-06,app_movil,2,pendiente,False,0.0,0,0,0,0.0
724,1308,2024-09-05,2024,9,Setiembre,3,2024-09,tienda_fisica,8,completado,True,9160.3,4,1,1,9160.3
791,886,2026-09-26,2026,9,Setiembre,3,2026-09,tienda_fisica,2,cancelado,False,2069.03,2,1,1,2069.03
1769,1802,2026-07-02,2026,7,Julio,3,2026-07,tienda_fisica,7,pendiente,False,1788.6,3,1,1,1788.6
544,999,2024-01-24,2024,1,Enero,1,2024-01,tienda_fisica,6,pendiente,False,0.0,0,0,0,0.0
812,115,2024-02-05,2024,2,Febrero,1,2024-02,app_movil,9,enviado,True,0.0,0,0,0,0.0
3402,1147,2024-02-21,2024,2,Febrero,1,2024-02,web,11,completado,True,45307.95,9,3,3,15102.65
1144,523,2024-09-05,2024,9,Setiembre,3,2024-09,tienda_fisica,3,completado,True,65292.71,8,3,3,21764.24
3339,552,2024-11-23,2024,11,Noviembre,4,2024-11,tienda_fisica,12,completado,True,99268.0,4,1,1,99268.0
3525,707,2026-05-20,2026,5,Mayo,2,2026-05,web,11,enviado,True,0.0,0,0,0,0.0
3036,322,2025-05-12,2025,5,Mayo,2,2025-05,app_movil,4,pendiente,False,59611.58,7,1,1,59611.58
1289,122,2026-08-23,2026,8,Agosto,3,2026-08,web,1,cancelado,False,20250.11,6,2,2,10125.06
3001,380,2024-02-11,2024,2,Febrero,1,2024-02,web,11,completado,True,0.0,0,0,0,0.0
3048,1216,2024-04-13,2024,4,Abril,2,2024-04,app_movil,3,enviado,True,21949.16,10,2,2,10974.58
3484,973,2024-03-11,2024,3,Marzo,1,2024-03,tienda_fisica,5,cancelado,False,12917.12,1,1,1,12917.12
1891,1655,2024-08-15,2024,8,Agosto,3,2024-08,tienda_fisica,5,pendiente,False,1104.59,1,1,1,1104.59
398,245,2026-06-29,2026,6,Junio,2,2026-06,web,11,cancelado,False,4805.06,1,1,1,4805.06
1038,260,2026-07-29,2026,7,Julio,3,2026-07,tienda_fisica,3,cancelado,False,30559.46,10,2,2,15279.73
1819,618,2025-11-13,2025,11,Noviembre,4,2025-11,app_movil,7,pendiente,False,4684.61,1,1,1,4684.61
1551,493,2024-06-12,2024,6,Junio,2,2024-06,tienda_fisica,6,cancelado,False,50466.31,3,2,2,25233.16
2281,865,2024-10-02,2024,10,Octubre,4,2024-10,tienda_fisica,7,completado,True,70890.63,14,2,2,35445.32
2329,1494,2026-08-22,2026,8,Agosto,3,2026-08,app_movil,3,enviado,True,0.0,0,0,0,0.0
107,655,2024-02-18,2024,2,Febrero,1,2024-02,web,5,cancelado,False,64446.62,10,2,2,32223.31
2890,1346,2024-12-12,2024,12,Diciembre,4,2024-12,web,1,completado,True,3735.48,6,1,1,3735.48
924,980,2025-10-28,2025,10,Octubre,4,2025-10,app_movil,7,cancelado,False,308.56,1,1,1,308.56
3254,858,2024-10-14,2024,10,Octubre,4,2024-10,app_movil,9,pendiente,False,14478.61,6,1,1,14478.61
245,1636,2026-02-07,2026,2,Febrero,1,2026-02,web,3,pendiente,False,24666.8,11,3,3,8222.27
3240,1569,2026-02-09,2026,2,Febrero,1,2026-02,web,9,enviado,True,0.0,0,0,0,0.0
1305,1148,2024-04-07,2024,4,Abril,2,2024-04,app_movil,3,cancelado,False,15111.72,4,2,2,7555.86
3068,1318,2026-04-27,2026,4,Abril,2,2026-04,tienda_fisica,2,completado,True,0.0,0,0,0,0.0
619,317,2025-10-26,2025,10,Octubre,4,2025-10,tienda_fisica,11,enviado,True,38438.66,8,1,1,38438.66
33,313,2026-09-17,2026,9,Setiembre,3,2026-09,web,12,completado,True,0.0,0,0,0,0.0
1359,615,2025-05-30,2025,5,Mayo,2,2025-05,tienda_fisica,10,completado,True,35316.39,9,2,1,17658.2
3164,1715,2026-08-12,2026,8,Agosto,3,2026-08,tienda_fisica,7,completado,True,128047.05,8,1,1,128047.05
949,1268,2024-05-08,2024,5,Mayo,2,2024-05,app_movil,2,pendiente,False,337312.65,24,3,3,112437.55
959,1679,2026-03-23,2026,3,Marzo,1,2026-03,web,10,pendiente,False,52980.95,8,2,2,26490.48
2324,75,2024-10-02,2024,10,Octubre,4,2024-10,web,1,pendiente,False,13403.48,4,2,2,6701.74
3084,183,2024-11-02,2024,11,Noviembre,4,2024-11,web,6,completado,True,147477.57,14,4,4,36869.39
429,1980,2026-02-09,2026,2,Febrero,1,2026-02,web,11,pendiente,False,7148.8,5,1,1,7148.8
3146,1545,2024-06-30,2024,6,Junio,2,2024-06,app_movil,4,cancelado,False,7710.53,7,2,2,3855.26
2078,933,2026-09-23,2026,9,Setiembre,3,2026-09,web,9,enviado,True,338009.16,10,2,2,169004.58
2136,1228,2025-01-17,2025,1,Enero,1,2025-01,tienda_fisica,11,pendiente,False,3666.56,2,1,1,3666.56
1552,1244,2024-08-21,2024,8,Agosto,3,2024-08,web,9,completado,True,0.0,0,0,0,0.0
808,95,2025-08-30,2025,8,Agosto,3,2025-08,tienda_fisica,10,cancelado,False,0.0,0,0,0,0.0
2366,35,2024-07-08,2024,7,Julio,3,2024-07,app_movil,1,completado,True,7971.12,3,1,1,7971.12
704,1076,2025-06-11,2025,6,Junio,2,2025-06,tienda_fisica,6,completado,True,0.0,0,0,0,0.0
1503,336,2026-03-30,2026,3,Marzo,1,2026-03,app_movil,12,completado,True,85146.77,4,2,2,42573.38
1910,1150,2025-04-14,2025,4,Abril,2,2025-04,web,6,completado,True,0.0,0,0,0,0.0
367,1734,2024-07-21,2024,7,Julio,3,2024-07,web,7,pendiente,False,0.0,0,0,0,0.0
2121,139,2026-04-28,2026,4,Abril,2,2026-04,web,1,enviado,True,68760.76,4,1,1,68760.76
3323,894,2026-04-29,2026,4,Abril,2,2026-04,tienda_fisica,8,completado,True,414592.99,16,3,3,138197.66
842,515,2025-08-26,2025,8,Agosto,3,2025-08,web,7,completado,True,0.0,0,0,0,0.0
2057,653,2024-07-24,2024,7,Julio,3,2024-07,web,11,pendiente,False,0.0,0,0,0,0.0
2310,1205,2026-05-21,2026,5,Mayo,2,2026-05,app_movil,12,completado,True,32072.81,3,2,2,16036.4
1465,1794,2026-07-14,2026,7,Julio,3,2026-07,web,9,enviado,True,31389.21,11,2,2,15694.6
2117,1788,2024-08-02,2024,8,Agosto,3,2024-08,web,1,pendiente,False,299443.68,6,1,1,299443.68
746,474,2025-06-14,2025,6,Junio,2,2025-06,app_movil,10,pendiente,False,0.0,0,0,0,0.0
1645,1687,2025-10-17,2025,10,Octubre,4,2025-10,web,9,completado,True,387809.79,9,2,2,193904.9
2350,222,2024-10-01,2024,10,Octubre,4,2024-10,app_movil,1,completado,True,66844.1,12,2,2,33422.05
3373,1051,2024-11-20,2024,11,Noviembre,4,2024-11,web,9,completado,True,12203.12,4,2,2,6101.56
3021,355,2024-10-10,2024,10,Octubre,4,2024-10,web,3,pendiente,False,58634.27,8,1,1,58634.27
1445,884,2026-09-01,2026,9,Setiembre,3,2026-09,app_movil,9,pendiente,False,5465.0,1,1,1,5465.0
599,1344,2026-09-18,2026,9,Setiembre,3,2026-09,app_movil,9,pendiente,False,0.0,0,0,0,0.0
522,1412,2024-01-17,2024,1,Enero,1,2024-01,web,12,completado,True,0.0,0,0,0,0.0
3426,988,2026-02-17,2026,2,Febrero,1,2026-02,tienda_fisica,10,completado,True,41776.29,10,2,2,20888.14
1522,1482,2026-09-23,2026,9,Setiembre,3,2026-09,web,5,completado,True,49344.72,8,2,2,24672.36
1521,65,2026-06-08,2026,6,Junio,2,2026-06,tienda_fisica,7,completado,True,29236.48,8,1,1,29236.48
240,531,2025-10-15,2025,10,Octubre,4,2025-10,web,3,enviado,True,4927.68,2,1,1,4927.68
2509,294,2026-03-04,2026,3,Marzo,1,2026-03,web,3,completado,True,101690.34,5,1,1,101690.34
2732,1794,2025-10-15,2025,10,Octubre,4,2025-10,app_movil,4,completado,True,180340.4,5,1,1,180340.4
2441,1091,2025-03-18,2025,3,Marzo,1,2025-03,tienda_fisica,1,enviado,True,0.0,0,0,0,0.0
2209,254,2025-04-12,2025,4,Abril,2,2025-04,app_movil,11,completado,True,12443.21,1,1,1,12443.21
32,1364,2026-01-31,2026,1,Enero,1,2026-01,web,3,enviado,True,26088.56,1,1,1,26088.56
3220,1013,2026-02-23,2026,2,Febrero,1,2026-02,web,7,completado,True,140856.78,8,2,2,70428.39
453,383,2024-01-11,2024,1,Enero,1,2024-01,tienda_fisica,11,pendiente,False,111224.95,16,4,4,27806.24
2611,604,2026-07-02,2026,7,Julio,3,2026-07,app_movil,10,completado,True,43519.71,7,2,2,21759.86
2761,152,2024-08-10,2024,8,Agosto,3,2024-08,tienda_fisica,10,cancelado,False,9165.0,5,1,1,9165.0
3171,1827,2026-06-07,2026,6,Junio,2,2026-06,app_movil,5,enviado,True,0.0,0,0,0,0.0
2236,1866,2025-04-03,2025,4,Abril,2,2025-04,web,3,pendiente,False,77939.13,7,2,2,38969.56
3072,136,2024-03-22,2024,3,Marzo,1,2024-03,app_movil,2,pendiente,False,31077.25,15,5,5,6215.45
3502,328,2024-09-07,2024,9,Setiembre,3,2024-09,tienda_fisica,5,cancelado,False,61359.54,4,2,2,30679.77
891,482,2025-09-18,2025,9,Setiembre,3,2025-09,app_movil,2,completado,True,0.0,0,0,0,0.0
778,470,2024-04-20,2024,4,Abril,2,2024-04,tienda_fisica,4,completado,True,5849.79,2,1,1,5849.79
637,1710,2024-05-06,2024,5,Mayo,2,2024-05,app_movil,2,completado,True,0.0,0,0,0,0.0
2812,1598,2025-10-07,2025,10,Octubre,4,2025-10,web,11,completado,True,101835.24,6,1,1,101835.24
1368,425,2026-06-23,2026,6,Junio,2,2026-06,web,4,pendiente,False,0.0,0,0,0,0.0
804,485,2024-02-17,2024,2,Febrero,1,2024-02,web,7,cancelado,False,71870.57,3,1,1,71870.57
3360,617,2024-10-28,2024,10,Octubre,4,2024-10,tienda_fisica,10,completado,True,86940.0,6,1,1,86940.0
2569,1016,2024-04-05,2024,4,Abril,2,2024-04,web,9,completado,True,0.0,0,0,0,0.0
2880,463,2026-02-09,2026,2,Febrero,1,2026-02,web,6,completado,True,0.0,0,0,0,0.0
3305,215,2024-12-04,2024,12,Diciembre,4,2024-12,app_movil,3,completado,True,4931.8,4,2,2,2465.9
671,813,2024-12-10,2024,12,Diciembre,4,2024-12,tienda_fisica,7,enviado,True,0.0,0,0,0,0.0
3246,783,2024-12-21,2024,12,Diciembre,4,2024-12,web,5,pendiente,False,42507.44,6,1,1,42507.44
3520,801,2025-12-21,2025,12,Diciembre,4,2025-12,web,8,pendiente,False,38292.56,8,1,1,38292.56
1851,13,2025-12-04,2025,12,Diciembre,4,2025-12,web,4,completado,True,26992.95,2,2,2,13496.48
3396,795,2025-08-08,2025,8,Agosto,3,2025-08,app_movil,1,pendiente,False,1097.8,1,1,1,1097.8
2156,1180,2024-03-01,2024,3,Marzo,1,2024-03,tienda_fisica,3,completado,True,2688.58,2,1,1,2688.58
454,951,2024-04-24,2024,4,Abril,2,2024-04,web,4,completado,True,17992.48,8,1,1,17992.48
1189,1240,2025-10-22,2025,10,Octubre,4,2025-10,app_movil,10,completado,True,119510.13,8,2,2,59755.06
2079,936,2024-10-12,2024,10,Octubre,4,2024-10,web,1,completado,True,13103.97,3,1,1,13103.97
3509,121,2026-07-11,2026,7,Julio,3,2026-07,tienda_fisica,3,pendiente,False,0.0,0,0,0,0.0
1758,452,2024-08-24,2024,8,Agosto,3,2024-08,web,5,pendiente,False,57629.53,7,1,1,57629.53
2537,797,2026-05-27,2026,5,Mayo,2,2026-05,web,2,cancelado,False,4432.0,8,1,1,4432.0
124,1222,2024-12-25,2024,12,Diciembre,4,2024-12,app_movil,1,enviado,True,44064.36,1,1,1,44064.36
756,122,2024-05-09,2024,5,Mayo,2,2024-05,app_movil,7,completado,True,0.0,0,0,0,0.0
357,1060,2026-01-29,2026,1,Enero,1,2026-01,app_movil,3,completado,True,189388.19,20,4,4,47347.05
1798,1465,2026-05-29,2026,5,Mayo,2,2026-05,app_movil,9,cancelado,False,24542.68,12,3,3,8180.89
3587,1938,2025-02-20,2025,2,Febrero,1,2025-02,tienda_fisica,9,pendiente,False,0.0,0,0,0,0.0
242,1015,2026-03-24,2026,3,Marzo,1,2026-03,tienda_fisica,2,pendiente,False,0.0,0,0,0,0.0
3162,1543,2025-03-17,2025,3,Marzo,1,2025-03,tienda_fisica,6,completado,True,18035.16,10,2,2,9017.58
2381,297,2025-09-14,2025,9,Setiembre,3,2025-09,web,7,enviado,True,281113.35,5,1,1,281113.35
2780,1816,2024-08-09,2024,8,Agosto,3,2024-08,app_movil,9,cancelado,False,0.0,0,0,0,0.0
2801,890,2026-08-29,2026,8,Agosto,3,2026-08,tienda_fisica,4,completado,True,69691.96,4,1,1,69691.96
2938,1137,2025-08-09,2025,8,Agosto,3,2025-08,web,9,completado,True,23450.39,3,1,1,23450.39
3051,292,2026-04-13,2026,4,Abril,2,2026-04,web,11,pendiente,False,20744.97,2,1,1,20744.97
1081,576,2025-03-11,2025,3,Marzo,1,2025-03,app_movil,9,completado,True,0.0,0,0,0,0.0
1882,1982,2026-01-01,2026,1,Enero,1,2026-01,web,8,completado,True,0.0,0,0,0,0.0
3123,107,2025-06-30,2025,6,Junio,2,2025-06,app_movil,6,cancelado,False,116624.3,13,3,3,38874.77
3524,1201,2025-05-05,2025,5,Mayo,2,2025-05,web,11,completado,True,15287.9,9,2,2,7643.95
131,1891,2024-10-05,2024,10,Octubre,4,2024-10,web,1,completado,True,105364.49,7,1,1,105364.49
1426,1753,2025-01-12,2025,1,Enero,1,2025-01,app_movil,6,pendiente,False,0.0,0,0,0,0.0
54,407,2024-12-19,2024,12,Diciembre,4,2024-12,tienda_fisica,8,cancelado,False,19432.37,5,1,1,19432.37
1300,319,2024-08-06,2024,8,Agosto,3,2024-08,web,1,completado,True,0.0,0,0,0,0.0
3163,267,2026-02-11,2026,2,Febrero,1,2026-02,web,10,cancelado,False,48113.37,18,3,3,16037.79
1448,1148,2025-06-09,2025,6,Junio,2,2025-06,tienda_fisica,9,completado,True,3991.61,2,1,1,3991.61
668,1300,2025-04-24,2025,4,Abril,2,2025-04,app_movil,7,pendiente,False,530821.25,16,3,3,176940.42
546,1526,2025-04-24,2025,4,Abril,2,2025-04,app_movil,6,cancelado,False,20091.07,4,1,1,20091.07
94,1603,2025-10-29,2025,10,Octubre,4,2025-10,web,12,enviado,True,173785.28,31,6,6,28964.21
438,300,2024-09-03,2024,9,Setiembre,3,2024-09,web,12,completado,True,125890.72,8,1,1,125890.72
3020,1643,2024-12-22,2024,12,Diciembre,4,2024-12,web,1,pendiente,False,0.0,0,0,0,0.0
3443,1578,2026-03-13,2026,3,Marzo,1,2026-03,web,3,enviado,True,134125.26,9,2,2,67062.63
2744,120,2025-04-19,2025,4,Abril,2,2025-04,web,4,completado,True,0.0,0,0,0,0.0
2256,427,2025-10-27,2025,10,Octubre,4,2025-10,app_movil,12,enviado,True,0.0,0,0,0,0.0
1574,174,2025-07-06,2025,7,Julio,3,2025-07,app_movil,5,completado,True,95845.92,3,1,1,95845.92
279,378,2025-02-11,2025,2,Febrero,1,2025-02,web,8,enviado,True,316214.66,20,4,4,79053.66
3566,983,2024-02-25,2024,2,Febrero,1,2024-02,app_movil,2,completado,True,42138.34,9,2,2,21069.17
1432,1012,2024-02-20,2024,2,Febrero,1,2024-02,tienda_fisica,10,completado,True,0.0,0,0,0,0.0
480,1590,2026-08-06,2026,8,Agosto,3,2026-08,web,12,completado,True,14657.52,6,1,1,14657.52
18,1665,2024-10-04,2024,10,Octubre,4,2024-10,web,2,completado,True,365788.21,15,3,3,121929.4
192,920,2026-02-13,2026,2,Febrero,1,2026-02,app_movil,4,enviado,True,28539.05,5,1,1,28539.05
548,891,2025-03-30,2025,3,Marzo,1,2025-03,web,7,cancelado,False,102354.25,9,2,2,51177.12
40,249,2024-01-12,2024,1,Enero,1,2024-01,web,1,completado,True,0.0,0,0,0,0.0
1935,1507,2025-04-24,2025,4,Abril,2,2025-04,app_movil,10,cancelado,False,22448.39,7,1,1,22448.39
3278,1757,2026-02-20,2026,2,Febrero,1,2026-02,web,11,pendiente,False,21858.72,4,1,1,21858.72
1919,335,2026-07-05,2026,7,Julio,3,2026-07,web,5,cancelado,False,34940.5,2,1,1,34940.5
1138,1109,2025-02-23,2025,2,Febrero,1,2025-02,app_movil,12,pendiente,False,169261.56,7,1,1,169261.56
3359,232,2024-12-14,2024,12,Diciembre,4,2024-12,tienda_fisica,11,cancelado,False,94210.12,10,2,2,47105.06
410,1800,2024-08-17,2024,8,Agosto,3,2024-08,app_movil,10,enviado,True,170229.31,11,2,2,85114.66
2227,1909,2026-09-18,2026,9,Setiembre,3,2026-09,web,1,cancelado,False,0.0,0,0,0,0.0
1353,776,2025-03-10,2025,3,Marzo,1,2025-03,app_movil,2,completado,True,291064.73,19,4,4,72766.18
1333,231,2025-05-04,2025,5,Mayo,2,2025-05,tienda_fisica,2,enviado,True,186678.97,11,3,3,62226.32
2180,961,2025-04-20,2025,4,Abril,2,2025-04,tienda_fisica,5,pendiente,False,0.0,0,0,0,0.0
2793,944,2025-04-28,2025,4,Abril,2,2025-04,web,4,pendiente,False,0.0,0,0,0,0.0
1151,652,2024-05-17,2024,5,Mayo,2,2024-05,web,10,cancelado,False,274175.8,10,3,3,91391.93
352,1712,2025-12-13,2025,12,Diciembre,4,2025-12,app_movil,5,completado,True,107077.75,6,2,2,53538.88
2705,1504,2026-03-24,2026,3,Marzo,1,2026-03,tienda_fisica,12,completado,True,0.0,0,0,0,0.0
3003,1171,2024-08-11,2024,8,Agosto,3,2024-08,web,5,enviado,True,340014.63,13,2,2,170007.32
2911,296,2026-06-13,2026,6,Junio,2,2026-06,web,3,enviado,True,0.0,0,0,0,0.0
1071,1308,2025-06-22,2025,6,Junio,2,2025-06,app_movil,2,completado,True,2840.35,1,1,1,2840.35
2643,843,2024-08-19,2024,8,Agosto,3,2024-08,web,4,pendiente,False,74722.71,6,2,2,37361.36
3006,1090,2024-12-07,2024,12,Diciembre,4,2024-12,web,3,completado,True,0.0,0,0,0,0.0
1453,5,2026-09-15,2026,9,Setiembre,3,2026-09,web,12,completado,True,10652.72,4,1,1,10652.72
2962,517,2024-01-05,2024,1,Enero,1,2024-01,web,10,completado,True,0.0,0,0,0,0.0
172,420,2024-09-13,2024,9,Setiembre,3,2024-09,web,6,cancelado,False,84314.4,9,2,2,42157.2
2772,901,2024-08-21,2024,8,Agosto,3,2024-08,tienda_fisica,2,completado,True,89624.0,9,3,3,29874.67
620,341,2026-04-07,2026,4,Abril,2,2026-04,tienda_fisica,5,enviado,True,77845.18,22,6,6,12974.2
1682,999,2026-06-12,2026,6,Junio,2,2026-06,web,4,cancelado,False,69902.88,8,1,1,69902.88
3032,981,2025-09-30,2025,9,Setiembre,3,2025-09,web,8,completado,True,0.0,0,0,0,0.0
627,1296,2026-08-12,2026,8,Agosto,3,2026-08,web,9,completado,True,25550.0,5,1,1,25550.0
2980,763,2026-05-21,2026,5,Mayo,2,2026-05,tienda_fisica,8,completado,True,109444.84,2,1,1,109444.84
2197,1034,2025-08-30,2025,8,Agosto,3,2025-08,app_movil,9,enviado,True,24059.28,2,1,1,24059.28
2151,828,2024-08-26,2024,8,Agosto,3,2024-08,app_movil,9,completado,True,188953.87,7,1,1,188953.87
1583,1601,2025-11-21,2025,11,Noviembre,4,2025-11,app_movil,1,completado,True,126063.19,15,3,3,42021.06
2720,1064,2026-01-28,2026,1,Enero,1,2026-01,app_movil,7,pendiente,False,0.0,0,0,0,0.0
1852,533,2025-01-03,2025,1,Enero,1,2025-01,web,5,completado,True,1716.28,2,1,1,1716.28
2001,1703,2025-01-02,2025,1,Enero,1,2025-01,web,11,cancelado,False,12863.77,8,1,1,12863.77
2090,280,2026-01-02,2026,1,Enero,1,2026-01,tienda_fisica,5,enviado,True,2266.45,6,1,1,2266.45
855,1376,2026-07-02,2026,7,Julio,3,2026-07,app_movil,8,enviado,True,26404.97,6,1,1,26404.97
2881,459,2024-06-28,2024,6,Junio,2,2024-06,tienda_fisica,6,completado,True,87554.22,21,4,4,21888.56
1297,1928,2024-06-27,2024,6,Junio,2,2024-06,app_movil,10,completado,True,0.0,0,0,0,0.0
1867,352,2025-09-04,2025,9,Setiembre,3,2025-09,app_movil,2,completado,True,0.0,0,0,0,0.0
3576,1715,2024-08-25,2024,8,Agosto,3,2024-08,web,7,completado,True,209807.23,11,3,3,69935.74
2367,242,2025-06-10,2025,6,Junio,2,2025-06,web,4,pendiente,False,17732.99,8,1,1,17732.99
1618,210,2024-09-28,2024,9,Setiembre,3,2024-09,tienda_fisica,2,enviado,True,142023.82,3,1,1,142023.82
2566,1572,2025-10-10,2025,10,Octubre,4,2025-10,app_movil,8,completado,True,10551.57,2,2,2,5275.78
13,37,2025-01-12,2025,1,Enero,1,2025-01,web,7,pendiente,False,0.0,0,0,0,0.0
1722,292,2025-04-09,2025,4,Abril,2,2025-04,app_movil,5,pendiente,False,0.0,0,0,0,0.0
803,742,2024-11-22,2024,11,Noviembre,4,2024-11,tienda_fisica,4,enviado,True,0.0,0,0,0,0.0
1087,1259,2024-11-12,2024,11,Noviembre,4,2024-11,tienda_fisica,12,pendiente,False,14515.04,3,1,1,14515.04
2511,273,2025-08-31,2025,8,Agosto,3,2025-08,app_movil,7,enviado,True,3150.67,5,1,1,3150.67
2127,761,2025-06-22,2025,6,Junio,2,2025-06,tienda_fisica,3,completado,True,27116.71,10,2,2,13558.36
960,317,2026-07-11,2026,7,Julio,3,2026-07,tienda_fisica,8,pendiente,False,6124.58,7,1,1,6124.58
3109,713,2024-10-18,2024,10,Octubre,4,2024-10,app_movil,7,pendiente,False,15470.49,7,1,1,15470.49
1900,1905,2025-03-11,2025,3,Marzo,1,2025-03,web,4,pendiente,False,255831.92,9,2,2,127915.96
576,1551,2025-03-16,2025,3,Marzo,1,2025-03,web,2,cancelado,False,0.0,0,0,0,0.0
2290,421,2026-01-26,2026,1,Enero,1,2026-01,tienda_fisica,3,enviado,True,0.0,0,0,0,0.0
2389,1217,2024-08-10,2024,8,Agosto,3,2024-08,tienda_fisica,7,completado,True,329426.22,31,6,6,54904.37
3350,493,2026-01-12,2026,1,Enero,1,2026-01,tienda_fisica,9,pendiente,False,0.0,0,0,0,0.0
2843,1058,2025-05-02,2025,5,Mayo,2,2025-05,web,7,pendiente,False,0.0,0,0,0,0.0
570,549,2025-01-14,2025,1,Enero,1,2025-01,app_movil,10,completado,True,51643.73,3,1,1,51643.73
799,315,2024-08-26,2024,8,Agosto,3,2024-08,tienda_fisica,3,completado,True,8720.08,6,1,1,8720.08
2763,1387,2024-10-26,2024,10,Octubre,4,2024-10,app_movil,1,completado,True,94726.73,7,3,3,31575.58
1756,1534,2024-07-13,2024,7,Julio,3,2024-07,web,1,completado,True,17342.98,2,1,1,17342.98
518,1471,2026-07-20,2026,7,Julio,3,2026-07,app_movil,6,completado,True,173716.97,7,1,1,173716.97
1148,1985,2024-05-20,2024,5,Mayo,2,2024-05,web,3,completado,True,14643.61,7,3,3,4881.2
269,1763,2025-12-21,2025,12,Diciembre,4,2025-12,app_movil,7,completado,True,0.0,0,0,0,0.0
301,1444,2025-10-30,2025,10,Octubre,4,2025-10,tienda_fisica,12,completado,True,233946.41,11,2,2,116973.2
966,1962,2024-10-06,2024,10,Octubre,4,2024-10,app_movil,7,cancelado,False,138515.25,9,2,2,69257.62
229,1469,2025-12-29,2025,12,Diciembre,4,2025-12,app_movil,5,pendiente,False,142448.43,10,2,2,71224.22
85,1741,2026-01-21,2026,1,Enero,1,2026-01,app_movil,1,pendiente,False,111449.89,4,1,1,111449.89
328,52,2025-11-06,2025,11,Noviembre,4,2025-11,tienda_fisica,10,completado,True,3276.28,7,1,1,3276.28
1082,1127,2025-07-03,2025,7,Julio,3,2025-07,tienda_fisica,3,pendiente,False,0.0,0,0,0,0.0
2436,1354,2026-01-02,2026,1,Enero,1,2026-01,app_movil,12,completado,True,35556.36,10,2,2,17778.18
470,24,2025-02-05,2025,2,Febrero,1,2025-02,app_movil,11,completado,True,654014.55,19,3,3,218004.85
2344,1571,2026-07-10,2026,7,Julio,3,2026-07,tienda_fisica,10,enviado,True,50857.88,10,2,2,25428.94
198,955,2026-03-12,2026,3,Marzo,1,2026-03,app_movil,1,completado,True,0.0,0,0,0,0.0
1963,501,2024-11-04,2024,11,Noviembre,4,2024-11,tienda_fisica,3,completado,True,86213.97,5,1,1,86213.97
298,340,2026-04-11,2026,4,Abril,2,2026-04,app_movil,1,enviado,True,1403.52,2,1,1,1403.52
3598,1922,2024-12-25,2024,12,Diciembre,4,2024-12,tienda_fisica,8,completado,True,0.0,0,0,0,0.0
2307,1850,2026-05-03,2026,5,Mayo,2,2026-05,tienda_fisica,9,completado,True,0.0,0,0,0,0.0
1945,53,2025-07-16,2025,7,Julio,3,2025-07,web,5,cancelado,False,23980.02,6,1,1,23980.02
2882,423,2026-07-30,2026,7,Julio,3,2026-07,web,7,completado,True,0.0,0,0,0,0.0
2342,1060,2024-09-17,2024,9,Setiembre,3,2024-09,tienda_fisica,11,enviado,True,113191.57,4,2,2,56595.78
2554,1752,2025-12-05,2025,12,Diciembre,4,2025-12,tienda_fisica,4,pendiente,False,0.0,0,0,0,0.0
2276,1655,2026-08-13,2026,8,Agosto,3,2026-08,tienda_fisica,9,completado,True,174927.0,5,1,1,174927.0
1612,832,2025-02-21,2025,2,Febrero,1,2025-02,tienda_fisica,8,completado,True,6872.8,5,1,1,6872.8
921,1300,2025-10-24,2025,10,Octubre,4,2025-10,web,7,completado,True,6545.52,3,1,1,6545.52
1429,1060,2025-03-14,2025,3,Marzo,1,2025-03,app_movil,12,enviado,True,0.0,0,0,0,0.0
1530,1670,2024-10-25,2024,10,Octubre,4,2024-10,tienda_fisica,3,completado,True,0.0,0,0,0,0.0
2317,1670,2025-12-04,2025,12,Diciembre,4,2025-12,app_movil,4,pendiente,False,139171.62,8,1,1,139171.62
1885,870,2024-02-20,2024,2,Febrero,1,2024-02,app_movil,5,completado,True,13590.36,4,1,1,13590.36
607,1560,2025-02-23,2025,2,Febrero,1,2025-02,tienda_fisica,2,pendiente,False,55252.0,11,2,2,27626.0
1630,402,2024-11-04,2024,11,Noviembre,4,2024-11,web,5,completado,True,4489.8,2,1,1,4489.8
2336,1765,2026-06-26,2026,6,Junio,2,2026-06,app_movil,9,enviado,True,52163.72,7,2,2,26081.86
2234,831,2026-09-26,2026,9,Setiembre,3,2026-09,app_movil,5,enviado,True,611763.79,19,3,3,203921.26
1634,1393,2025-12-26,2025,12,Diciembre,4,2025-12,web,7,pendiente,False,1867.74,3,1,1,1867.74
138,1601,2025-05-04,2025,5,Mayo,2,2025-05,web,12,pendiente,False,72095.5,7,2,2,36047.75
3244,843,2024-09-02,2024,9,Setiembre,3,2024-09,web,7,pendiente,False,42402.88,1,1,1,42402.88
1662,470,2024-06-20,2024,6,Junio,2,2024-06,app_movil,1,completado,True,0.0,0,0,0,0.0
3326,1294,2025-03-29,2025,3,Marzo,1,2025-03,app_movil,10,completado,True,36680.0,8,1,1,36680.0
3331,1906,2026-06-15,2026,6,Junio,2,2026-06,web,2,enviado,True,0.0,0,0,0,0.0
1638,1755,2025-12-23,2025,12,Diciembre,4,2025-12,tienda_fisica,1,completado,True,147754.57,11,3,2,49251.52
1024,511,2026-09-25,2026,9,Setiembre,3,2026-09,tienda_fisica,10,completado,True,0.0,0,0,0,0.0
1045,1607,2026-05-03,2026,5,Mayo,2,2026-05,app_movil,3,cancelado,False,0.0,0,0,0,0.0
1050,1798,2026-01-12,2026,1,Enero,1,2026-01,app_movil,12,completado,True,19659.03,6,1,1,19659.03
3586,763,2024-10-27,2024,10,Octubre,4,2024-10,tienda_fisica,4,pendiente,False,0.0,0,0,0,0.0
1039,830,2025-01-08,2025,1,Enero,1,2025-01,web,10,completado,True,65584.16,13,3,3,21861.39
1644,295,2026-05-30,2026,5,Mayo,2,2026-05,app_movil,7,enviado,True,62257.9,20,3,3,20752.63
3427,281,2024-11-07,2024,11,Noviembre,4,2024-11,tienda_fisica,9,cancelado,False,1104.0,3,1,1,1104.0
3180,407,2024-01-27,2024,1,Enero,1,2024-01,web,9,completado,True,183662.86,6,2,2,91831.43
879,1261,2026-09-05,2026,9,Setiembre,3,2026-09,web,5,completado,True,185.9,1,1,1,185.9
2371,1789,2026-06-02,2026,6,Junio,2,2026-06,web,3,enviado,True,0.0,0,0,0,0.0
76,180,2026-03-22,2026,3,Marzo,1,2026-03,web,4,cancelado,False,2586.41,1,1,1,2586.41
697,243,2024-08-02,2024,8,Agosto,3,2024-08,tienda_fisica,11,completado,True,75022.19,3,1,1,75022.19
1307,1327,2025-05-04,2025,5,Mayo,2,2025-05,app_movil,5,completado,True,2239.12,2,1,1,2239.12
2271,1835,2025-11-16,2025,11,Noviembre,4,2025-11,web,2,completado,True,0.0,0,0,0,0.0
3395,1264,2026-08-19,2026,8,Agosto,3,2026-08,tienda_fisica,11,cancelado,False,455849.84,12,2,2,227924.92
2036,1654,2025-05-12,2025,5,Mayo,2,2025-05,tienda_fisica,6,enviado,True,0.0,0,0,0,0.0
2340,1710,2026-09-02,2026,9,Setiembre,3,2026-09,tienda_fisica,5,completado,True,128125.46,10,2,2,64062.73
3294,501,2024-08-14,2024,8,Agosto,3,2024-08,tienda_fisica,4,completado,True,330805.92,19,4,4,82701.48
3100,1041,2024-08-17,2024,8,Agosto,3,2024-08,app_movil,3,enviado,True,27809.88,7,1,1,27809.88
2783,466,2026-03-23,2026,3,Marzo,1,2026-03,tienda_fisica,7,completado,True,20031.9,1,1,1,20031.9
950,231,2025-10-12,2025,10,Octubre,4,2025-10,tienda_fisica,6,pendiente,False,219013.98,16,3,2,73004.66
840,250,2026-04-13,2026,4,Abril,2,2026-04,web,7,completado,True,137629.73,16,4,4,34407.43
3106,909,2024-09-02,2024,9,Setiembre,3,2024-09,web,7,pendiente,False,10433.75,3,1,1,10433.75
1094,1230,2024-01-17,2024,1,Enero,1,2024-01,app_movil,8,cancelado,False,6872.8,5,1,1,6872.8
2551,722,2026-01-28,2026,1,Enero,1,2026-01,app_movil,3,pendiente,False,8341.02,2,2,2,4170.51
2157,935,2026-01-31,2026,1,Enero,1,2026-01,tienda_fisica,7,completado,True,0.0,0,0,0,0.0
3328,937,2025-09-07,2025,9,Setiembre,3,2025-09,tienda_fisica,2,pendiente,False,0.0,0,0,0,0.0
1706,927,2025-10-18,2025,10,Octubre,4,2025-10,app_movil,4,cancelado,False,38786.23,3,1,1,38786.23
2654,497,2025-06-17,2025,6,Junio,2,2025-06,web,3,cancelado,False,21995.65,10,2,2,10997.82
2659,1421,2024-11-27,2024,11,Noviembre,4,2024-11,tienda_fisica,7,enviado,True,14102.35,12,2,2,7051.18
451,1472,2026-06-16,2026,6,Junio,2,2026-06,tienda_fisica,6,completado,True,306245.83,25,4,4,76561.46
2961,951,2025-06-15,2025,6,Junio,2,2025-06,tienda_fisica,6,completado,True,0.0,0,0,0,0.0
693,886,2024-02-11,2024,2,Febrero,1,2024-02,app_movil,10,completado,True,228316.8,4,1,1,228316.8
2923,168,2024-06-24,2024,6,Junio,2,2024-06,app_movil,4,pendiente,False,93489.58,6,2,2,46744.79
954,1086,2026-08-23,2026,8,Agosto,3,2026-08,tienda_fisica,9,completado,True,315914.94,12,2,2,157957.47
389,1821,2026-08-29,2026,8,Agosto,3,2026-08,web,4,completado,True,5854.25,1,1,1,5854.25
1557,1044,2025-06-18,2025,6,Junio,2,2025-06,tienda_fisica,7,enviado,True,0.0,0,0,0,0.0
887,1625,2026-05-29,2026,5,Mayo,2,2026-05,web,3,completado,True,367676.76,14,2,2,183838.38
3204,787,2024-07-31,2024,7,Julio,3,2024-07,app_movil,6,completado,True,17456.44,2,1,1,17456.44
3207,41,2026-07-03,2026,7,Julio,3,2026-07,tienda_fisica,3,completado,True,13316.2,4,1,1,13316.2
2912,643,2024-06-16,2024,6,Junio,2,2024-06,app_movil,7,completado,True,0.0,0,0,0,0.0
541,356,2025-07-04,2025,7,Julio,3,2025-07,app_movil,8,completado,True,0.0,0,0,0,0.0
3367,1367,2026-06-08,2026,6,Junio,2,2026-06,web,7,completado,True,194884.47,16,4,4,48721.12
1515,1579,2024-07-25,2024,7,Julio,3,2024-07,app_movil,2,completado,True,23581.04,7,1,1,23581.04
1159,163,2024-12-11,2024,12,Diciembre,4,2024-12,web,1,enviado,True,0.0,0,0,0,0.0
1593,485,2025-09-14,2025,9,Setiembre,3,2025-09,tienda_fisica,6,completado,True,19955.2,8,1,1,19955.2
3404,63,2025-06-28,2025,6,Junio,2,2025-06,tienda_fisica,1,completado,True,0.0,0,0,0,0.0
3308,1925,2026-03-11,2026,3,Marzo,1,2026-03,web,1,completado,True,273072.7,24,4,4,68268.18
1116,597,2026-08-06,2026,8,Agosto,3,2026-08,web,9,cancelado,False,53943.01,5,2,2,26971.5
3504,418,2024-11-15,2024,11,Noviembre,4,2024-11,app_movil,8,completado,True,0.0,0,0,0,0.0
1832,1312,2026-06-30,2026,6,Junio,2,2026-06,web,12,completado,True,3970.47,4,2,2,1985.24
2871,1674,2025-02-06,2025,2,Febrero,1,2025-02,tienda_fisica,9,completado,True,17124.0,3,1,1,17124.0
3188,1351,2025-03-02,2025,3,Marzo,1,2025-03,tienda_fisica,1,cancelado,False,7722.97,4,1,1,7722.97
1610,233,2025-12-21,2025,12,Diciembre,4,2025-12,web,11,enviado,True,120416.56,8,1,1,120416.56
2487,105,2026-05-29,2026,5,Mayo,2,2026-05,app_movil,2,enviado,True,0.0,0,0,0,0.0
2065,222,2025-09-22,2025,9,Setiembre,3,2025-09,app_movil,10,completado,True,7743.41,9,2,2,3871.7
819,522,2025-07-03,2025,7,Julio,3,2025-07,tienda_fisica,12,cancelado,False,82409.88,12,3,3,27469.96
199,648,2026-06-21,2026,6,Junio,2,2026-06,tienda_fisica,2,completado,True,117117.71,14,3,3,39039.24
1660,25,2024-03-05,2024,3,Marzo,1,2024-03,app_movil,8,completado,True,0.0,0,0,0,0.0
2575,702,2025-09-19,2025,9,Setiembre,3,2025-09,tienda_fisica,5,completado,True,73635.16,9,2,2,36817.58
91,1659,2025-04-02,2025,4,Abril,2,2025-04,web,2,completado,True,132675.36,4,1,1,132675.36
569,786,2024-12-18,2024,12,Diciembre,4,2024-12,web,1,completado,True,0.0,0,0,0,0.0
1143,1359,2025-11-20,2025,11,Noviembre,4,2025-11,tienda_fisica,1,completado,True,0.0,0,0,0,0.0
1813,154,2026-07-15,2026,7,Julio,3,2026-07,app_movil,8,completado,True,5232.0,2,1,1,5232.0
3445,714,2024-02-27,2024,2,Febrero,1,2024-02,web,3,cancelado,False,0.0,0,0,0,0.0
856,803,2026-01-13,2026,1,Enero,1,2026-01,app_movil,11,completado,True,5615.66,5,1,1,5615.66
1104,1255,2025-02-24,2025,2,Febrero,1,2025-02,tienda_fisica,2,completado,True,75260.35,5,1,1,75260.35
1487,1613,2025-05-19,2025,5,Mayo,2,2025-05,tienda_fisica,4,pendiente,False,0.0,0,0,0,0.0
2922,93,2026-07-22,2026,7,Julio,3,2026-07,app_movil,2,completado,True,16873.25,9,2,2,8436.62
2725,1075,2025-05-13,2025,5,Mayo,2,2025-05,app_movil,5,completado,True,0.0,0,0,0,0.0
1259,564,2025-08-14,2025,8,Agosto,3,2025-08,tienda_fisica,7,completado,True,0.0,0,0,0,0.0
1234,930,2025-01-15,2025,1,Enero,1,2025-01,app_movil,2,cancelado,False,96404.48,14,3,3,32134.83
1253,205,2024-06-25,2024,6,Junio,2,2024-06,web,9,completado,True,67228.99,11,2,2,33614.5
1600,670,2026-07-13,2026,7,Julio,3,2026-07,tienda_fisica,12,completado,True,338458.0,14,3,3,112819.33
208,1313,2025-01-02,2025,1,Enero,1,2025-01,web,4,completado,True,0.0,0,0,0,0.0
679,399,2026-03-28,2026,3,Marzo,1,2026-03,tienda_fisica,7,completado,True,0.0,0,0,0,0.0
2002,1615,2024-04-07,2024,4,Abril,2,2024-04,app_movil,5,cancelado,False,3364.2,4,1,1,3364.2
2533,368,2024-11-08,2024,11,Noviembre,4,2024-11,tienda_fisica,10,cancelado,False,4795.63,1,1,1,4795.63
2141,294,2025-11-23,2025,11,Noviembre,4,2025-11,tienda_fisica,7,cancelado,False,25751.51,9,2,2,12875.76
2095,1783,2024-05-18,2024,5,Mayo,2,2024-05,web,1,completado,True,97270.67,7,1,1,97270.67
220,1624,2025-10-08,2025,10,Octubre,4,2025-10,app_movil,4,enviado,True,149129.04,8,2,2,74564.52
2455,227,2025-09-08,2025,9,Setiembre,3,2025-09,web,3,completado,True,0.0,0,0,0,0.0
630,1730,2024-12-28,2024,12,Diciembre,4,2024-12,tienda_fisica,7,completado,True,0.0,0,0,0,0.0
2661,636,2025-10-20,2025,10,Octubre,4,2025-10,web,3,pendiente,False,16645.25,5,1,1,16645.25
1402,980,2026-05-14,2026,5,Mayo,2,2026-05,web,8,completado,True,215086.84,11,2,2,107543.42
624,1252,2025-10-20,2025,10,Octubre,4,2025-10,tienda_fisica,12,completado,True,41030.3,4,3,3,13676.77
1482,712,2025-02-20,2025,2,Febrero,1,2025-02,app_movil,1,completado,True,68542.45,5,1,1,68542.45
3391,16,2026-01-26,2026,1,Enero,1,2026-01,web,7,completado,True,188164.83,14,2,2,94082.42
1632,1367,2024-02-18,2024,2,Febrero,1,2024-02,web,4,completado,True,64831.19,14,2,2,32415.6
2427,573,2024-09-27,2024,9,Setiembre,3,2024-09,web,2,completado,True,66303.06,9,2,2,33151.53
3385,698,2024-10-30,2024,10,Octubre,4,2024-10,tienda_fisica,12,enviado,True,2105.28,3,1,1,2105.28
1952,1387,2024-12-30,2024,12,Diciembre,4,2024-12,tienda_fisica,2,completado,True,23597.82,3,1,1,23597.82
484,1598,2025-06-17,2025,6,Junio,2,2025-06,tienda_fisica,2,cancelado,False,31059.76,2,1,1,31059.76
1874,1759,2025-12-17,2025,12,Diciembre,4,2025-12,web,3,completado,True,1964.0,4,1,1,1964.0
802,1076,2025-10-18,2025,10,Octubre,4,2025-10,tienda_fisica,6,enviado,True,0.0,0,0,0,0.0
2928,1670,2024-03-12,2024,3,Marzo,1,2024-03,tienda_fisica,2,cancelado,False,4715.7,1,1,1,4715.7
2178,1595,2025-07-22,2025,7,Julio,3,2025-07,app_movil,8,cancelado,False,0.0,0,0,0,0.0
3040,360,2025-12-10,2025,12,Diciembre,4,2025-12,web,2,enviado,True,2807.04,4,1,1,2807.04
2313,1214,2025-05-12,2025,5,Mayo,2,2025-05,app_movil,8,pendiente,False,25834.24,2,1,1,25834.24
305,608,2025-04-27,2025,4,Abril,2,2025-04,web,6,completado,True,6536.04,4,1,1,6536.04
490,114,2025-09-15,2025,9,Setiembre,3,2025-09,tienda_fisica,11,enviado,True,21558.66,6,1,1,21558.66
2222,1096,2025-11-03,2025,11,Noviembre,4,2025-11,tienda_fisica,1,completado,True,0.0,0,0,0,0.0
3414,303,2024-10-11,2024,10,Octubre,4,2024-10,app_movil,2,completado,True,1141.0,1,1,1,1141.0
3446,694,2024-11-04,2024,11,Noviembre,4,2024-11,tienda_fisica,9,enviado,True,1682.1,2,1,1,1682.1
3257,672,2026-09-27,2026,9,Setiembre,3,2026-09,app_movil,7,enviado,True,98460.2,2,1,1,98460.2
1012,1125,2026-03-03,2026,3,Marzo,1,2026-03,app_movil,12,completado,True,0.0,0,0,0,0.0
2897,449,2024-09-14,2024,9,Setiembre,3,2024-09,web,11,pendiente,False,39211.2,3,1,1,39211.2
165,729,2024-06-13,2024,6,Junio,2,2024-06,web,7,completado,True,130424.36,10,2,2,65212.18
2538,1859,2025-10-15,2025,10,Octubre,4,2025-10,tienda_fisica,2,completado,True,17851.04,10,2,2,8925.52
1195,1997,2025-09-13,2025,9,Setiembre,3,2025-09,tienda_fisica,4,cancelado,False,2054.38,3,1,1,2054.38
781,262,2026-03-19,2026,3,Marzo,1,2026-03,web,7,completado,True,0.0,0,0,0,0.0
904,1444,2024-06-07,2024,6,Junio,2,2024-06,tienda_fisica,1,cancelado,False,0.0,0,0,0,0.0
2584,906,2024-07-14,2024,7,Julio,3,2024-07,app_movil,4,pendiente,False,4500.4,1,1,1,4500.4
2701,1220,2026-07-03,2026,7,Julio,3,2026-07,app_movil,1,completado,True,107988.48,15,3,3,35996.16
2448,1691,2025-11-09,2025,11,Noviembre,4,2025-11,tienda_fisica,3,enviado,True,0.0,0,0,0,0.0
1811,1790,2026-08-28,2026,8,Agosto,3,2026-08,web,1,pendiente,False,0.0,0,0,0,0.0
1654,1023,2026-04-14,2026,4,Abril,2,2026-04,app_movil,6,completado,True,11333.31,5,1,1,11333.31
1977,1192,2025-03-14,2025,3,Marzo,1,2025-03,tienda_fisica,4,pendiente,False,42843.97,11,3,3,14281.32
214,1306,2025-05-02,2025,5,Mayo,2,2025-05,app_movil,7,completado,True,1374.56,1,1,1,1374.56
2672,478,2024-12-27,2024,12,Diciembre,4,2024-12,app_movil,11,completado,True,0.0,0,0,0,0.0
755,198,2026-08-14,2026,8,Agosto,3,2026-08,tienda_fisica,10,cancelado,False,36263.0,1,1,1,36263.0
1865,132,2026-07-18,2026,7,Julio,3,2026-07,app_movil,1,cancelado,False,140643.36,5,2,2,70321.68
1325,1925,2024-07-18,2024,7,Julio,3,2024-07,web,8,cancelado,False,83331.14,2,1,1,83331.14
2552,1182,2024-09-05,2024,9,Setiembre,3,2024-09,web,8,enviado,True,130348.3,5,1,1,130348.3
1745,849,2024-07-08,2024,7,Julio,3,2024-07,app_movil,10,pendiente,False,322341.82,21,4,4,80585.46
2873,319,2024-11-05,2024,11,Noviembre,4,2024-11,web,11,completado,True,2721.95,6,2,2,1360.98
1499,1910,2025-10-22,2025,10,Octubre,4,2025-10,tienda_fisica,11,completado,True,0.0,0,0,0,0.0
3575,494,2024-10-23,2024,10,Octubre,4,2024-10,web,6,completado,True,847.82,3,1,1,847.82
3288,937,2025-04-25,2025,4,Abril,2,2025-04,app_movil,12,pendiente,False,0.0,0,0,0,0.0
1404,1008,2024-12-16,2024,12,Diciembre,4,2024-12,app_movil,8,cancelado,False,39081.25,5,1,1,39081.25
2284,707,2024-12-22,2024,12,Diciembre,4,2024-12,app_movil,5,completado,True,95399.58,9,2,2,47699.79
3127,1936,2025-12-30,2025,12,Diciembre,4,2025-12,web,2,cancelado,False,16987.0,1,1,1,16987.0
21,1277,2024-10-07,2024,10,Octubre,4,2024-10,web,9,enviado,True,78473.21,6,2,2,39236.61
1340,632,2024-10-14,2024,10,Octubre,4,2024-10,app_movil,4,cancelado,False,104879.06,4,1,1,104879.06
3275,531,2025-01-08,2025,1,Enero,1,2025-01,tienda_fisica,7,completado,True,0.0,0,0,0,0.0
3070,720,2025-06-28,2025,6,Junio,2,2025-06,app_movil,12,enviado,True,43429.68,13,4,4,10857.42
400,1816,2024-06-19,2024,6,Junio,2,2024-06,app_movil,11,cancelado,False,0.0,0,0,0,0.0
3451,1446,2026-03-27,2026,3,Marzo,1,2026-03,app_movil,11,enviado,True,220321.8,5,1,1,220321.8
2029,260,2025-05-22,2025,5,Mayo,2,2025-05,app_movil,11,cancelado,False,0.0,0,0,0,0.0
2192,1605,2024-11-27,2024,11,Noviembre,4,2024-11,tienda_fisica,7,completado,True,3383.6,2,2,2,1691.8
1243,678,2024-05-10,2024,5,Mayo,2,2024-05,tienda_fisica,2,enviado,True,0.0,0,0,0,0.0
3018,429,2025-08-13,2025,8,Agosto,3,2025-08,tienda_fisica,12,completado,True,2502.58,1,1,1,2502.58
3005,1177,2024-02-11,2024,2,Febrero,1,2024-02,app_movil,2,pendiente,False,22569.49,8,2,2,11284.74
2794,1316,2025-03-08,2025,3,Marzo,1,2025-03,web,11,completado,True,72496.49,12,2,2,36248.25
1256,1371,2026-08-01,2026,8,Agosto,3,2026-08,tienda_fisica,9,completado,True,0.0,0,0,0,0.0
2004,1152,2026-05-19,2026,5,Mayo,2,2026-05,tienda_fisica,9,enviado,True,65733.13,7,2,2,32866.56
108,257,2026-09-16,2026,9,Setiembre,3,2026-09,web,10,cancelado,False,29282.83,1,1,1,29282.83
2503,1168,2024-03-10,2024,3,Marzo,1,2024-03,app_movil,5,cancelado,False,0.0,0,0,0,0.0
45,485,2024-08-16,2024,8,Agosto,3,2024-08,app_movil,11,cancelado,False,0.0,0,0,0,0.0
1627,703,2025-08-14,2025,8,Agosto,3,2025-08,app_movil,11,enviado,True,37790.55,9,3,3,12596.85
1734,1519,2026-03-14,2026,3,Marzo,1,2026-03,web,2,completado,True,14520.45,6,1,1,14520.45
1219,322,2024-08-09,2024,8,Agosto,3,2024-08,web,9,completado,True,0.0,0,0,0,0.0
251,94,2026-03-09,2026,3,Marzo,1,2026-03,app_movil,3,completado,True,0.0,0,0,0,0.0
2627,166,2024-10-23,2024,10,Octubre,4,2024-10,web,2,enviado,True,148921.2,8,2,2,74460.6
556,1520,2025-03-15,2025,3,Marzo,1,2025-03,web,1,cancelado,False,292042.33,6,2,2,146021.16
1909,1393,2026-03-13,2026,3,Marzo,1,2026-03,app_movil,8,completado,True,9345.1,5,1,1,9345.1
3118,970,2026-03-26,2026,3,Marzo,1,2026-03,app_movil,4,completado,True,6336.06,3,1,1,6336.06
418,265,2026-06-07,2026,6,Junio,2,2026-06,tienda_fisica,7,completado,True,0.0,0,0,0,0.0
284,204,2025-11-01,2025,11,Noviembre,4,2025-11,tienda_fisica,12,completado,True,21927.36,6,1,1,21927.36
684,1001,2025-10-24,2025,10,Octubre,4,2025-10,tienda_fisica,9,cancelado,False,0.0,0,0,0,0.0
2896,248,2024-08-18,2024,8,Agosto,3,2024-08,tienda_fisica,3,enviado,True,7446.03,13,2,2,3723.02
1135,271,2026-03-06,2026,3,Marzo,1,2026-03,tienda_fisica,1,completado,True,15179.15,6,1,1,15179.15
1213,1146,2026-05-02,2026,5,Mayo,2,2026-05,web,12,pendiente,False,0.0,0,0,0,0.0
1713,1438,2026-03-26,2026,3,Marzo,1,2026-03,web,2,cancelado,False,0.0,0,0,0,0.0
2754,139,2025-08-15,2025,8,Agosto,3,2025-08,web,12,cancelado,False,0.0,0,0,0,0.0
3056,12,2024-02-21,2024,2,Febrero,1,2024-02,web,5,completado,True,40213.16,8,2,2,20106.58
488,501,2024-10-20,2024,10,Octubre,4,2024-10,web,8,cancelado,False,0.0,0,0,0,0.0
1326,1723,2026-05-21,2026,5,Mayo,2,2026-05,tienda_fisica,11,completado,True,218268.88,10,2,2,109134.44
3085,1465,2024-08-16,2024,8,Agosto,3,2024-08,tienda_fisica,7,completado,True,0.0,0,0,0,0.0
2114,683,2025-01-24,2025,1,Enero,1,2025-01,app_movil,7,completado,True,0.0,0,0,0,0.0
2113,1754,2026-03-13,2026,3,Marzo,1,2026-03,tienda_fisica,10,completado,True,8145.36,4,1,1,8145.36
1527,832,2024-12-16,2024,12,Diciembre,4,2024-12,tienda_fisica,9,cancelado,False,193933.99,9,2,2,96967.0
852,565,2024-01-27,2024,1,Enero,1,2024-01,web,11,cancelado,False,0.0,0,0,0,0.0
317,1893,2026-08-02,2026,8,Agosto,3,2026-08,app_movil,7,enviado,True,396577.0,11,2,2,198288.5
1877,1869,2026-02-18,2026,2,Febrero,1,2026-02,tienda_fisica,5,cancelado,False,0.0,0,0,0,0.0
257,1145,2026-02-25,2026,2,Febrero,1,2026-02,web,3,cancelado,False,226487.68,9,2,2,113243.84
1643,1693,2024-03-25,2024,3,Marzo,1,2024-03,tienda_fisica,9,enviado,True,108445.58,13,5,5,21689.12
701,1226,2026-05-07,2026,5,Mayo,2,2026-05,web,7,enviado,True,0.0,0,0,0,0.0
1074,1425,2025-05-11,2025,5,Mayo,2,2025-05,tienda_fisica,4,pendiente,False,32253.36,7,1,1,32253.36
2960,1816,2026-04-20,2026,4,Abril,2,2026-04,web,5,completado,True,19375.14,1,1,1,19375.14
1955,1772,2025-02-06,2025,2,Febrero,1,2025-02,tienda_fisica,6,pendiente,False,34382.15,9,2,2,17191.08
2232,1818,2025-01-15,2025,1,Enero,1,2025-01,web,12,completado,True,0.0,0,0,0,0.0
2979,1528,2024-06-15,2024,6,Junio,2,2024-06,tienda_fisica,8,completado,True,349350.96,7,1,1,349350.96
2837,345,2024-06-22,2024,6,Junio,2,2024-06,app_movil,2,enviado,True,7805.84,8,1,1,7805.84
1257,1366,2026-03-05,2026,3,Marzo,1,2026-03,app_movil,4,completado,True,61308.22,9,2,2,30654.11
3160,1778,2026-09-17,2026,9,Setiembre,3,2026-09,app_movil,6,completado,True,0.0,0,0,0,0.0
3211,267,2025-10-16,2025,10,Octubre,4,2025-10,app_movil,9,completado,True,193681.44,4,1,1,193681.44
958,1063,2025-05-26,2025,5,Mayo,2,2025-05,app_movil,7,completado,True,4585.28,1,1,1,4585.28
1418,1736,2025-05-18,2025,5,Mayo,2,2025-05,web,10,completado,True,22935.09,15,3,2,7645.03
